build / build-image (linux/amd64, ubuntu-latest, false)	UNKNOWN STEP	﻿2026-10-09T09:54:07.7410750Z Current runner version: '2.337.0'
build / build-image (linux/amd64, ubuntu-latest, false)	UNKNOWN STEP	2026-10-09T09:54:07.7450431Z ##[group]Runner Image Provisioner
build / build-image (linux/amd64, ubuntu-latest, false)	UNKNOWN STEP	2026-10-09T09:54:07.7452351Z Hosted Compute Agent
build / build-image (linux/amd64, ubuntu-latest, false)	UNKNOWN STEP	2026-10-09T09:54:07.7453967Z Version: 20261002.596
build / build-image (linux/amd64, ubuntu-latest, false)	UNKNOWN STEP	2026-10-09T09:54:07.7455946Z Commit: c3d12f3313a95f25162a1503be624f3b0617f8c0
build / build-image (linux/amd64, ubuntu-latest, false)	UNKNOWN STEP	2026-10-09T09:54:07.7457578Z Build Date: 2026-10-02T22:28:27Z
build / build-image (linux/amd64, ubuntu-latest, false)	UNKNOWN STEP	2026-10-09T09:54:07.7459496Z Worker ID: ***a45aef27-b78b-49c1-bbca-ac5da597908a***
build / build-image (linux/amd64, ubuntu-latest, false)	UNKNOWN STEP	2026-10-09T09:54:07.7461264Z Region: northcentralus
build / build-image (linux/amd64, ubuntu-latest, false)	UNKNOWN STEP	2026-10-09T09:54:07.7462772Z Cloud: Azure
build / build-image (linux/amd64, ubuntu-latest, false)	UNKNOWN STEP	2026-10-09T09:54:07.7464087Z ##[endgroup]
build / build-image (linux/amd64, ubuntu-latest, false)	UNKNOWN STEP	2026-10-09T09:54:07.7467624Z ##[group]Operating System
build / build-image (linux/amd64, ubuntu-latest, false)	UNKNOWN STEP	2026-10-09T09:54:07.7469211Z Ubuntu
build / build-image (linux/amd64, ubuntu-latest, false)	UNKNOWN STEP	2026-10-09T09:54:07.7470529Z 24.04.5
build / build-image (linux/amd64, ubuntu-latest, false)	UNKNOWN STEP	2026-10-09T09:54:07.7471885Z LTS
build / build-image (linux/amd64, ubuntu-latest, false)	UNKNOWN STEP	2026-10-09T09:54:07.7473195Z ##[endgroup]
build / build-image (linux/amd64, ubuntu-latest, false)	UNKNOWN STEP	2026-10-09T09:54:07.7475031Z ##[group]Runner Image
build / build-image (linux/amd64, ubuntu-latest, false)	UNKNOWN STEP	2026-10-09T09:54:07.7477162Z Image: ubuntu-24.04
build / build-image (linux/amd64, ubuntu-latest, false)	UNKNOWN STEP	2026-10-09T09:54:07.7478615Z Version: 20261004.327.1
build / build-image (linux/amd64, ubuntu-latest, false)	UNKNOWN STEP	2026-10-09T09:54:07.7481370Z Included Software: https://github.com/actions/runner-images/blob/ubuntu24/20261004.327/images/ubuntu/Ubuntu2404-Readme.md
build / build-image (linux/amd64, ubuntu-latest, false)	UNKNOWN STEP	2026-10-09T09:54:07.7485191Z Image Release: https://github.com/actions/runner-images/releases/tag/ubuntu24%2F20261004.327
build / build-image (linux/amd64, ubuntu-latest, false)	UNKNOWN STEP	2026-10-09T09:54:07.7487530Z ##[endgroup]
build / build-image (linux/amd64, ubuntu-latest, false)	UNKNOWN STEP	2026-10-09T09:54:07.7490604Z ##[group]GITHUB_TOKEN Permissions
build / build-image (linux/amd64, ubuntu-latest, false)	UNKNOWN STEP	2026-10-09T09:54:07.7494055Z Actions: read
build / build-image (linux/amd64, ubuntu-latest, false)	UNKNOWN STEP	2026-10-09T09:54:07.7495800Z Contents: read
build / build-image (linux/amd64, ubuntu-latest, false)	UNKNOWN STEP	2026-10-09T09:54:07.7497115Z Metadata: read
build / build-image (linux/amd64, ubuntu-latest, false)	UNKNOWN STEP	2026-10-09T09:54:07.7498681Z SecurityEvents: write
build / build-image (linux/amd64, ubuntu-latest, false)	UNKNOWN STEP	2026-10-09T09:54:07.7500226Z ##[endgroup]
build / build-image (linux/amd64, ubuntu-latest, false)	UNKNOWN STEP	2026-10-09T09:54:07.7503750Z Secret source: Actions
build / build-image (linux/amd64, ubuntu-latest, false)	UNKNOWN STEP	2026-10-09T09:54:07.7506473Z Cache mode: write
build / build-image (linux/amd64, ubuntu-latest, false)	UNKNOWN STEP	2026-10-09T09:54:07.7508485Z Prepare workflow directory
build / build-image (linux/amd64, ubuntu-latest, false)	UNKNOWN STEP	2026-10-09T09:54:07.8046292Z Prepare all required actions
build / build-image (linux/amd64, ubuntu-latest, false)	UNKNOWN STEP	2026-10-09T09:54:07.8126050Z Getting action download info
build / build-image (linux/amd64, ubuntu-latest, false)	UNKNOWN STEP	2026-10-09T09:54:08.2205866Z Download action repository 'consensys-vertical-apps/shared-services-workflows@ee5456cf63f32f96987af955f66bd6b1b8b5cbd8' (SHA:ee5456cf63f32f96987af955f66bd6b1b8b5cbd8)
build / build-image (linux/amd64, ubuntu-latest, false)	UNKNOWN STEP	2026-10-09T09:54:08.6091724Z Download action repository 'jfrog/setup-jfrog-cli@deda456d982fc5e9a7a020b63eb0d2968aedd33e' (SHA:deda456d982fc5e9a7a020b63eb0d2968aedd33e)
build / build-image (linux/amd64, ubuntu-latest, false)	UNKNOWN STEP	2026-10-09T09:54:09.3592200Z Download action repository 'consensys-vertical-apps/shared-services-workflows@12e9fcee43ceeee884f51d3e7817380a409fd20f' (SHA:12e9fcee43ceeee884f51d3e7817380a409fd20f)
build / build-image (linux/amd64, ubuntu-latest, false)	UNKNOWN STEP	2026-10-09T09:54:09.7759534Z Download action repository 'consensys-vertical-apps/shared-services-workflows@0ad0566241bddeb4f6b3b5f310b368a89283e7df' (SHA:0ad0566241bddeb4f6b3b5f310b368a89283e7df)
build / build-image (linux/amd64, ubuntu-latest, false)	UNKNOWN STEP	2026-10-09T09:54:10.1572625Z Getting action download info
build / build-image (linux/amd64, ubuntu-latest, false)	UNKNOWN STEP	2026-10-09T09:54:10.2799846Z Download action repository 'wiz-sec-public/wiz-sensor-github-action@2f72488477988739561233bbc10ceff0c53273fd' (SHA:2f72488477988739561233bbc10ceff0c53273fd)
build / build-image (linux/amd64, ubuntu-latest, false)	UNKNOWN STEP	2026-10-09T09:54:10.6129017Z Getting action download info
build / build-image (linux/amd64, ubuntu-latest, false)	UNKNOWN STEP	2026-10-09T09:54:10.7718344Z Download action repository 'actions/checkout@df4cb1c069e1874edd31b4311f1884172cec0e10' (SHA:df4cb1c069e1874edd31b4311f1884172cec0e10)
build / build-image (linux/amd64, ubuntu-latest, false)	UNKNOWN STEP	2026-10-09T09:54:10.8118504Z Download action repository 'docker/setup-qemu-action@96fe6ef7f33517b61c61be40b68a1882f3264fb8' (SHA:96fe6ef7f33517b61c61be40b68a1882f3264fb8)
build / build-image (linux/amd64, ubuntu-latest, false)	UNKNOWN STEP	2026-10-09T09:54:11.2243301Z Download action repository 'docker/setup-buildx-action@bb05f3f5519dd87d3ba754cc423b652a5edd6d2c' (SHA:bb05f3f5519dd87d3ba754cc423b652a5edd6d2c)
build / build-image (linux/amd64, ubuntu-latest, false)	UNKNOWN STEP	2026-10-09T09:54:11.7091852Z Download action repository 'aws-actions/configure-aws-credentials@e7f100cf4c008499ea8adda475de1042d6975c7b' (SHA:e7f100cf4c008499ea8adda475de1042d6975c7b)
build / build-image (linux/amd64, ubuntu-latest, false)	UNKNOWN STEP	2026-10-09T09:54:12.0780700Z Download action repository 'aws-actions/amazon-ecr-login@d539f0932e70871a027e9d5a9d8fc38589180a64' (SHA:d539f0932e70871a027e9d5a9d8fc38589180a64)
build / build-image (linux/amd64, ubuntu-latest, false)	UNKNOWN STEP	2026-10-09T09:54:12.4749774Z Download action repository 'docker/build-push-action@53b7df96c91f9c12dcc8a07bcb9ccacbed38856a' (SHA:53b7df96c91f9c12dcc8a07bcb9ccacbed38856a)
build / build-image (linux/amd64, ubuntu-latest, false)	UNKNOWN STEP	2026-10-09T09:54:13.0236394Z Download action repository 'actions/upload-artifact@043fb46d1a93c77aae656e7c1c64a875d1fc6a0a' (SHA:043fb46d1a93c77aae656e7c1c64a875d1fc6a0a)
build / build-image (linux/amd64, ubuntu-latest, false)	UNKNOWN STEP	2026-10-09T09:54:13.1857443Z Uses: consensys-vertical-apps/shared-services-workflows/.github/workflows/docker-build-and-validate.yml@refs/tags/v1.19.1 (ee5456cf63f32f96987af955f66bd6b1b8b5cbd8)
build / build-image (linux/amd64, ubuntu-latest, false)	UNKNOWN STEP	2026-10-09T09:54:13.1861970Z ##[group] Inputs
build / build-image (linux/amd64, ubuntu-latest, false)	UNKNOWN STEP	2026-10-09T09:54:13.1862689Z   trivy_enabled: true
build / build-image (linux/amd64, ubuntu-latest, false)	UNKNOWN STEP	2026-10-09T09:54:13.1863042Z   trivy_ignore_failure: true
build / build-image (linux/amd64, ubuntu-latest, false)	UNKNOWN STEP	2026-10-09T09:54:13.1863370Z   trivy_severity: CRITICAL
build / build-image (linux/amd64, ubuntu-latest, false)	UNKNOWN STEP	2026-10-09T09:54:13.1863673Z   trivy_skip_db_updates: false
build / build-image (linux/amd64, ubuntu-latest, false)	UNKNOWN STEP	2026-10-09T09:54:13.1864006Z   trivy_skip_java_db_updates: false
build / build-image (linux/amd64, ubuntu-latest, false)	UNKNOWN STEP	2026-10-09T09:54:13.1864359Z   kics_enabled: true
build / build-image (linux/amd64, ubuntu-latest, false)	UNKNOWN STEP	2026-10-09T09:54:13.1864874Z   kics_fails_on: critical,high
build / build-image (linux/amd64, ubuntu-latest, false)	UNKNOWN STEP	2026-10-09T09:54:13.1865211Z   kics_ignore_failure: false
build / build-image (linux/amd64, ubuntu-latest, false)	UNKNOWN STEP	2026-10-09T09:54:13.1865615Z   checkout_repository: consensys-vertical-apps/va-mmcx-terminal
build / build-image (linux/amd64, ubuntu-latest, false)	UNKNOWN STEP	2026-10-09T09:54:13.1866049Z   checkout_ref: 
build / build-image (linux/amd64, ubuntu-latest, false)	UNKNOWN STEP	2026-10-09T09:54:13.1866331Z   docker_build_context: .
build / build-image (linux/amd64, ubuntu-latest, false)	UNKNOWN STEP	2026-10-09T09:54:13.1866629Z   file: 
build / build-image (linux/amd64, ubuntu-latest, false)	UNKNOWN STEP	2026-10-09T09:54:13.1866890Z   artifact_path: build.tar
build / build-image (linux/amd64, ubuntu-latest, false)	UNKNOWN STEP	2026-10-09T09:54:13.1867195Z   artifact_name: build
build / build-image (linux/amd64, ubuntu-latest, false)	UNKNOWN STEP	2026-10-09T09:54:13.1867497Z   artifact_suffix: 
build / build-image (linux/amd64, ubuntu-latest, false)	UNKNOWN STEP	2026-10-09T09:54:13.1867814Z   github_advanced_security_enabled: true
build / build-image (linux/amd64, ubuntu-latest, false)	UNKNOWN STEP	2026-10-09T09:54:13.1868298Z   aws_role: arn:aws:iam::471636589850:role/ecr-github-public-cache-pull
build / build-image (linux/amd64, ubuntu-latest, false)	UNKNOWN STEP	2026-10-09T09:54:13.1868743Z   aws_region: us-east-2
build / build-image (linux/amd64, ubuntu-latest, false)	UNKNOWN STEP	2026-10-09T09:54:13.1869026Z   aws_registries: 
build / build-image (linux/amd64, ubuntu-latest, false)	UNKNOWN STEP	2026-10-09T09:54:13.1869296Z   version: 
build / build-image (linux/amd64, ubuntu-latest, false)	UNKNOWN STEP	2026-10-09T09:54:13.1869557Z   jfrog_auth_enabled: true
build / build-image (linux/amd64, ubuntu-latest, false)	UNKNOWN STEP	2026-10-09T09:54:13.1869884Z   jfrog_url: https://consensys.jfrog.io
build / build-image (linux/amd64, ubuntu-latest, false)	UNKNOWN STEP	2026-10-09T09:54:13.1870245Z   jfrog_oidc_provider_name: github
build / build-image (linux/amd64, ubuntu-latest, false)	UNKNOWN STEP	2026-10-09T09:54:13.1870581Z   jfrog_audience: consensys.jfrog.io
build / build-image (linux/amd64, ubuntu-latest, false)	UNKNOWN STEP	2026-10-09T09:54:13.1870920Z   git_submodules: false
build / build-image (linux/amd64, ubuntu-latest, false)	UNKNOWN STEP	2026-10-09T09:54:13.1871210Z   platforms: linux/amd64
build / build-image (linux/amd64, ubuntu-latest, false)	UNKNOWN STEP	2026-10-09T09:54:13.1871502Z   native_build: false
build / build-image (linux/amd64, ubuntu-latest, false)	UNKNOWN STEP	2026-10-09T09:54:13.1871785Z   token_exchange_url: 
build / build-image (linux/amd64, ubuntu-latest, false)	UNKNOWN STEP	2026-10-09T09:54:13.1872065Z   target_repos: 
build / build-image (linux/amd64, ubuntu-latest, false)	UNKNOWN STEP	2026-10-09T09:54:13.1872348Z ##[endgroup]
build / build-image (linux/amd64, ubuntu-latest, false)	UNKNOWN STEP	2026-10-09T09:54:13.1872848Z Complete job name: build / build-image (linux/amd64, ubuntu-latest, false)
build / build-image (linux/amd64, ubuntu-latest, false)	UNKNOWN STEP	2026-10-09T09:54:13.2603171Z ##[group]Run consensys-vertical-apps/shared-services-workflows/.github/actions/wiz-sensor@ee5456cf63f32f96987af955f66bd6b1b8b5cbd8
build / build-image (linux/amd64, ubuntu-latest, false)	UNKNOWN STEP	2026-10-09T09:54:13.2604218Z with:
build / build-image (linux/amd64, ubuntu-latest, false)	UNKNOWN STEP	2026-10-09T09:54:13.2604500Z   enabled: false
build / build-image (linux/amd64, ubuntu-latest, false)	UNKNOWN STEP	2026-10-09T09:54:13.2606403Z   token: ***
build / build-image (linux/amd64, ubuntu-latest, false)	UNKNOWN STEP	2026-10-09T09:54:13.2606924Z ##[endgroup]
build / build-image (linux/amd64, ubuntu-latest, false)	UNKNOWN STEP	2026-10-09T09:54:13.2679247Z ##[start-action display=Skip Wiz sensor;id=__self.__run]
build / build-image (linux/amd64, ubuntu-latest, false)	UNKNOWN STEP	2026-10-09T09:54:13.2793660Z ##[group]Run if [ "$WIZ_RUNNER_OS" != "Linux" ]; then
build / build-image (linux/amd64, ubuntu-latest, false)	UNKNOWN STEP	2026-10-09T09:54:13.2794168Z ^[[36;1mif [ "$WIZ_RUNNER_OS" != "Linux" ]; then^[[0m
build / build-image (linux/amd64, ubuntu-latest, false)	UNKNOWN STEP	2026-10-09T09:54:13.2795239Z ^[[36;1m  echo "::notice title=Wiz sensor::Skipped because the runner OS is $***WIZ_RUNNER_OS***."^[[0m
build / build-image (linux/amd64, ubuntu-latest, false)	UNKNOWN STEP	2026-10-09T09:54:13.2795859Z ^[[36;1melif [ "$WIZ_SENSOR_ENABLED" != "true" ]; then^[[0m
build / build-image (linux/amd64, ubuntu-latest, false)	UNKNOWN STEP	2026-10-09T09:54:13.2796411Z ^[[36;1m  echo "::notice title=Wiz sensor::Skipped because WIZ_SENSOR_ENABLED is not true."^[[0m
build / build-image (linux/amd64, ubuntu-latest, false)	UNKNOWN STEP	2026-10-09T09:54:13.2796918Z ^[[36;1melse^[[0m
build / build-image (linux/amd64, ubuntu-latest, false)	UNKNOWN STEP	2026-10-09T09:54:13.2797374Z ^[[36;1m  echo "::notice title=Wiz sensor::Skipped because WIZ_SENSOR_TOKEN is not set."^[[0m
build / build-image (linux/amd64, ubuntu-latest, false)	UNKNOWN STEP	2026-10-09T09:54:13.2797873Z ^[[36;1mfi^[[0m
build / build-image (linux/amd64, ubuntu-latest, false)	UNKNOWN STEP	2026-10-09T09:54:13.3077752Z shell: /usr/bin/bash --noprofile --norc -e -o pipefail ***0***
build / build-image (linux/amd64, ubuntu-latest, false)	UNKNOWN STEP	2026-10-09T09:54:13.3078230Z env:
build / build-image (linux/amd64, ubuntu-latest, false)	UNKNOWN STEP	2026-10-09T09:54:13.3078502Z   WIZ_SENSOR_ENABLED: false
build / build-image (linux/amd64, ubuntu-latest, false)	UNKNOWN STEP	2026-10-09T09:54:13.3078828Z   WIZ_SENSOR_TOKEN_SET: true
build / build-image (linux/amd64, ubuntu-latest, false)	UNKNOWN STEP	2026-10-09T09:54:13.3110205Z   WIZ_RUNNER_OS: Linux
build / build-image (linux/amd64, ubuntu-latest, false)	UNKNOWN STEP	2026-10-09T09:54:13.3110549Z ##[endgroup]
build / build-image (linux/amd64, ubuntu-latest, false)	UNKNOWN STEP	2026-10-09T09:54:13.3311864Z ##[notice]Skipped because WIZ_SENSOR_ENABLED is not true.
build / build-image (linux/amd64, ubuntu-latest, false)	UNKNOWN STEP	2026-10-09T09:54:13.3372811Z ##[end-action id=__self.__run;outcome=success;conclusion=success;duration_ms=69]
build / build-image (linux/amd64, ubuntu-latest, false)	UNKNOWN STEP	2026-10-09T09:54:13.3377426Z ##[start-action display=Mask Wiz sensor token fields;id=__self.mask-wiz-sensor-token]
build / build-image (linux/amd64, ubuntu-latest, false)	UNKNOWN STEP	2026-10-09T09:54:13.3389689Z ##[end-action id=__self.mask-wiz-sensor-token;outcome=skipped;conclusion=skipped;duration_ms=0]
build / build-image (linux/amd64, ubuntu-latest, false)	UNKNOWN STEP	2026-10-09T09:54:13.3393412Z ##[start-action display=Start Wiz sensor;id=__self.__wiz-sec-public_wiz-sensor-github-action]
build / build-image (linux/amd64, ubuntu-latest, false)	UNKNOWN STEP	2026-10-09T09:54:13.3401187Z ##[end-action id=__self.__wiz-sec-public_wiz-sensor-github-action;outcome=skipped;conclusion=skipped;duration_ms=0]
build / build-image (linux/amd64, ubuntu-latest, false)	UNKNOWN STEP	2026-10-09T09:54:13.3497348Z ##[group]Run SUFFIX=""
build / build-image (linux/amd64, ubuntu-latest, false)	UNKNOWN STEP	2026-10-09T09:54:13.3497714Z ^[[36;1mSUFFIX=""^[[0m
build / build-image (linux/amd64, ubuntu-latest, false)	UNKNOWN STEP	2026-10-09T09:54:13.3498004Z ^[[36;1mNATIVE='false'^[[0m
build / build-image (linux/amd64, ubuntu-latest, false)	UNKNOWN STEP	2026-10-09T09:54:13.3498310Z ^[[36;1mif [ -n "" ]; then^[[0m
build / build-image (linux/amd64, ubuntu-latest, false)	UNKNOWN STEP	2026-10-09T09:54:13.3498737Z ^[[36;1m  [ -n "$SUFFIX" ] && SUFFIX="$***SUFFIX***-" || SUFFIX=""^[[0m
build / build-image (linux/amd64, ubuntu-latest, false)	UNKNOWN STEP	2026-10-09T09:54:13.3499171Z ^[[36;1mfi^[[0m
build / build-image (linux/amd64, ubuntu-latest, false)	UNKNOWN STEP	2026-10-09T09:54:13.3499448Z ^[[36;1mif [ -n "$SUFFIX" ]; then^[[0m
build / build-image (linux/amd64, ubuntu-latest, false)	UNKNOWN STEP	2026-10-09T09:54:13.3499896Z ^[[36;1m  echo "artifact_name=build-$***SUFFIX***" >> $GITHUB_OUTPUT^[[0m
build / build-image (linux/amd64, ubuntu-latest, false)	UNKNOWN STEP	2026-10-09T09:54:13.3500357Z ^[[36;1m  ARTIFACT_PATH="build.tar"^[[0m
build / build-image (linux/amd64, ubuntu-latest, false)	UNKNOWN STEP	2026-10-09T09:54:13.3500731Z ^[[36;1m  if [[ "$ARTIFACT_PATH" == *.tar ]]; then^[[0m
build / build-image (linux/amd64, ubuntu-latest, false)	UNKNOWN STEP	2026-10-09T09:54:13.3501277Z ^[[36;1m    echo "artifact_path=$***ARTIFACT_PATH%.tar***-$***SUFFIX***.tar" >> $GITHUB_OUTPUT^[[0m
build / build-image (linux/amd64, ubuntu-latest, false)	UNKNOWN STEP	2026-10-09T09:54:13.3501785Z ^[[36;1m  else^[[0m
build / build-image (linux/amd64, ubuntu-latest, false)	UNKNOWN STEP	2026-10-09T09:54:13.3502193Z ^[[36;1m    echo "artifact_path=$***ARTIFACT_PATH***-$***SUFFIX***" >> $GITHUB_OUTPUT^[[0m
build / build-image (linux/amd64, ubuntu-latest, false)	UNKNOWN STEP	2026-10-09T09:54:13.3502683Z ^[[36;1m  fi^[[0m
build / build-image (linux/amd64, ubuntu-latest, false)	UNKNOWN STEP	2026-10-09T09:54:13.3502981Z ^[[36;1melse^[[0m
build / build-image (linux/amd64, ubuntu-latest, false)	UNKNOWN STEP	2026-10-09T09:54:13.3503299Z ^[[36;1m  echo "artifact_name=build" >> $GITHUB_OUTPUT^[[0m
build / build-image (linux/amd64, ubuntu-latest, false)	UNKNOWN STEP	2026-10-09T09:54:13.3503743Z ^[[36;1m  echo "artifact_path=build.tar" >> $GITHUB_OUTPUT^[[0m
build / build-image (linux/amd64, ubuntu-latest, false)	UNKNOWN STEP	2026-10-09T09:54:13.3504134Z ^[[36;1mfi^[[0m
build / build-image (linux/amd64, ubuntu-latest, false)	UNKNOWN STEP	2026-10-09T09:54:13.3504545Z ^[[36;1m# Emulated: upload as -raw to avoid 409 conflict with merge-artifacts upload^[[0m
build / build-image (linux/amd64, ubuntu-latest, false)	UNKNOWN STEP	2026-10-09T09:54:13.3505243Z ^[[36;1mif [ "$NATIVE" != "true" ]; then^[[0m
build / build-image (linux/amd64, ubuntu-latest, false)	UNKNOWN STEP	2026-10-09T09:54:13.3505642Z ^[[36;1m  echo "upload_name=build-raw" >> $GITHUB_OUTPUT^[[0m
build / build-image (linux/amd64, ubuntu-latest, false)	UNKNOWN STEP	2026-10-09T09:54:13.3506037Z ^[[36;1melse^[[0m
build / build-image (linux/amd64, ubuntu-latest, false)	UNKNOWN STEP	2026-10-09T09:54:13.3506619Z ^[[36;1m  [ -n "$SUFFIX" ] && echo "upload_name=build-$***SUFFIX***" >> $GITHUB_OUTPUT || echo "upload_name=build" >> $GITHUB_OUTPUT^[[0m
build / build-image (linux/amd64, ubuntu-latest, false)	UNKNOWN STEP	2026-10-09T09:54:13.3507224Z ^[[36;1mfi^[[0m
build / build-image (linux/amd64, ubuntu-latest, false)	UNKNOWN STEP	2026-10-09T09:54:13.3566222Z shell: /usr/bin/bash --noprofile --norc -e -o pipefail ***0***
build / build-image (linux/amd64, ubuntu-latest, false)	UNKNOWN STEP	2026-10-09T09:54:13.3566679Z ##[endgroup]
build / build-image (linux/amd64, ubuntu-latest, false)	UNKNOWN STEP	2026-10-09T09:54:13.3775214Z ##[group]Run jfrog/setup-jfrog-cli@deda456d982fc5e9a7a020b63eb0d2968aedd33e
build / build-image (linux/amd64, ubuntu-latest, false)	UNKNOWN STEP	2026-10-09T09:54:13.3775755Z with:
build / build-image (linux/amd64, ubuntu-latest, false)	UNKNOWN STEP	2026-10-09T09:54:13.3776047Z   oidc-provider-name: github
build / build-image (linux/amd64, ubuntu-latest, false)	UNKNOWN STEP	2026-10-09T09:54:13.3776403Z   oidc-audience: consensys.jfrog.io
build / build-image (linux/amd64, ubuntu-latest, false)	UNKNOWN STEP	2026-10-09T09:54:13.3776792Z   version: 2.91.0
build / build-image (linux/amd64, ubuntu-latest, false)	UNKNOWN STEP	2026-10-09T09:54:13.3777083Z   disable-job-summary: false
build / build-image (linux/amd64, ubuntu-latest, false)	UNKNOWN STEP	2026-10-09T09:54:13.3777408Z   disable-auto-build-publish: false
build / build-image (linux/amd64, ubuntu-latest, false)	UNKNOWN STEP	2026-10-09T09:54:13.3777777Z   disable-auto-evidence-collection: false
build / build-image (linux/amd64, ubuntu-latest, false)	UNKNOWN STEP	2026-10-09T09:54:13.3778155Z   enable-package-alias: false
build / build-image (linux/amd64, ubuntu-latest, false)	UNKNOWN STEP	2026-10-09T09:54:13.3778462Z env:
build / build-image (linux/amd64, ubuntu-latest, false)	UNKNOWN STEP	2026-10-09T09:54:13.3778740Z   JF_URL: https://consensys.jfrog.io
build / build-image (linux/amd64, ubuntu-latest, false)	UNKNOWN STEP	2026-10-09T09:54:13.3779080Z ##[endgroup]
build / build-image (linux/amd64, ubuntu-latest, false)	UNKNOWN STEP	2026-10-09T09:54:13.5300645Z ##[group]Setup JFrog CLI
build / build-image (linux/amd64, ubuntu-latest, false)	UNKNOWN STEP	2026-10-09T09:54:13.5334198Z Downloading JFrog CLI from https://releases.jfrog.io/artifactory/jfrog-cli/v2/2.91.0/jfrog-cli-linux-amd64/jfrog
build / build-image (linux/amd64, ubuntu-latest, false)	UNKNOWN STEP	2026-10-09T09:54:14.6575815Z [command]/opt/hostedtoolcache/jf/2.91.0/x64/jf config add setup-jfrog-cli-server --url https://consensys.jfrog.io --interactive=false --overwrite=true --access-token ***
build / build-image (linux/amd64, ubuntu-latest, false)	UNKNOWN STEP	2026-10-09T09:54:14.6875824Z ##[endgroup]
build / build-image (linux/amd64, ubuntu-latest, false)	UNKNOWN STEP	2026-10-09T09:54:14.7072047Z ##[group]Run if [ -n "" ]; then
build / build-image (linux/amd64, ubuntu-latest, false)	UNKNOWN STEP	2026-10-09T09:54:14.7072454Z ^[[36;1mif [ -n "" ]; then^[[0m
build / build-image (linux/amd64, ubuntu-latest, false)	UNKNOWN STEP	2026-10-09T09:54:14.7072788Z ^[[36;1m  echo "FILE=" >> $GITHUB_ENV^[[0m
build / build-image (linux/amd64, ubuntu-latest, false)	UNKNOWN STEP	2026-10-09T09:54:14.7073137Z ^[[36;1melse^[[0m
build / build-image (linux/amd64, ubuntu-latest, false)	UNKNOWN STEP	2026-10-09T09:54:14.7088587Z ^[[36;1m  echo "FILE=./Dockerfile" >> $GITHUB_ENV^[[0m
build / build-image (linux/amd64, ubuntu-latest, false)	UNKNOWN STEP	2026-10-09T09:54:14.7089271Z ^[[36;1mfi^[[0m
build / build-image (linux/amd64, ubuntu-latest, false)	UNKNOWN STEP	2026-10-09T09:54:14.7157092Z shell: /usr/bin/bash -e ***0***
build / build-image (linux/amd64, ubuntu-latest, false)	UNKNOWN STEP	2026-10-09T09:54:14.7157470Z env:
build / build-image (linux/amd64, ubuntu-latest, false)	UNKNOWN STEP	2026-10-09T09:54:14.7158067Z   JFROG_CLI_ENV_EXCLUDE: *password*;*secret*;*key*;*token*;*auth*;JF_ARTIFACTORY_*;JF_ENV_*;JF_URL;JF_USER;JF_PASSWORD;JF_ACCESS_TOKEN
build / build-image (linux/amd64, ubuntu-latest, false)	UNKNOWN STEP	2026-10-09T09:54:14.7158738Z   JFROG_CLI_OFFER_CONFIG: false
build / build-image (linux/amd64, ubuntu-latest, false)	UNKNOWN STEP	2026-10-09T09:54:14.7159110Z   JFROG_CLI_AVOID_NEW_VERSION_WARNING: true
build / build-image (linux/amd64, ubuntu-latest, false)	UNKNOWN STEP	2026-10-09T09:54:14.7159626Z   JFROG_CLI_SOURCECODE_REPOSITORY: consensys-vertical-apps/va-mmcx-terminal
build / build-image (linux/amd64, ubuntu-latest, false)	UNKNOWN STEP	2026-10-09T09:54:14.7160154Z   JFROG_CLI_CI_JOB_ID: Validate PR
build / build-image (linux/amd64, ubuntu-latest, false)	UNKNOWN STEP	2026-10-09T09:54:14.7160701Z   JFROG_CLI_CI_RUN_ID: 37912764186
build / build-image (linux/amd64, ubuntu-latest, false)	UNKNOWN STEP	2026-10-09T09:54:14.7161084Z   JFROG_CLI_GITHUB_TOKEN: 
build / build-image (linux/amd64, ubuntu-latest, false)	UNKNOWN STEP	2026-10-09T09:54:14.7161513Z   JFROG_CLI_CI_VCS_REVISION: 312a2ed959fdac148e88be397994c69f9ac14970
build / build-image (linux/amd64, ubuntu-latest, false)	UNKNOWN STEP	2026-10-09T09:54:14.7161977Z   JFROG_CLI_CI_BRANCH: 180/merge
build / build-image (linux/amd64, ubuntu-latest, false)	UNKNOWN STEP	2026-10-09T09:54:14.7162492Z   JFROG_CLI_CI_VCS_URL: https://github.com/consensys-vertical-apps/va-mmcx-terminal
build / build-image (linux/amd64, ubuntu-latest, false)	UNKNOWN STEP	2026-10-09T09:54:14.7163039Z   JFROG_CLI_BUILD_NAME: Validate PR
build / build-image (linux/amd64, ubuntu-latest, false)	UNKNOWN STEP	2026-10-09T09:54:14.7163390Z   JFROG_CLI_BUILD_NUMBER: 813
build / build-image (linux/amd64, ubuntu-latest, false)	UNKNOWN STEP	2026-10-09T09:54:14.7163963Z   JFROG_CLI_BUILD_URL: https://github.com/consensys-vertical-apps/va-mmcx-terminal/actions/runs/37912764186
build / build-image (linux/amd64, ubuntu-latest, false)	UNKNOWN STEP	2026-10-09T09:54:14.7164802Z   JFROG_CLI_USER_AGENT: setup-jfrog-cli-github-action/5.1.0
build / build-image (linux/amd64, ubuntu-latest, false)	UNKNOWN STEP	2026-10-09T09:54:14.7165348Z   JFROG_CLI_COMMAND_SUMMARY_OUTPUT_DIR: /home/runner/work/_temp
build / build-image (linux/amd64, ubuntu-latest, false)	UNKNOWN STEP	2026-10-09T09:54:14.7165864Z   JFROG_CLI_USAGE_GH_TOKEN_FOR_CODE_SCANNING_ALERTS_PROVIDED: 
build / build-image (linux/amd64, ubuntu-latest, false)	UNKNOWN STEP	2026-10-09T09:54:14.7166349Z   SETUP_JFROG_CLI_SERVER_IDS: setup-jfrog-cli-server
build / build-image (linux/amd64, ubuntu-latest, false)	UNKNOWN STEP	2026-10-09T09:54:14.7166762Z ##[endgroup]
build / build-image (linux/amd64, ubuntu-latest, false)	UNKNOWN STEP	2026-10-09T09:54:14.7372873Z ##[group]Run consensys-vertical-apps/shared-services-workflows/.github/actions/docker-build@0ad0566241bddeb4f6b3b5f310b368a89283e7df
build / build-image (linux/amd64, ubuntu-latest, false)	UNKNOWN STEP	2026-10-09T09:54:14.7373666Z with:
build / build-image (linux/amd64, ubuntu-latest, false)	UNKNOWN STEP	2026-10-09T09:54:14.7374079Z   checkout_repository: consensys-vertical-apps/va-mmcx-terminal
build / build-image (linux/amd64, ubuntu-latest, false)	UNKNOWN STEP	2026-10-09T09:54:14.7374541Z   docker_build_context: .
build / build-image (linux/amd64, ubuntu-latest, false)	UNKNOWN STEP	2026-10-09T09:54:14.7375201Z   file: ./Dockerfile
build / build-image (linux/amd64, ubuntu-latest, false)	UNKNOWN STEP	2026-10-09T09:54:14.7387889Z   docker_build_args: ***
build / build-image (linux/amd64, ubuntu-latest, false)	UNKNOWN STEP	
build / build-image (linux/amd64, ubuntu-latest, false)	UNKNOWN STEP	JFROG_ACCESS_TOKEN=***
build / build-image (linux/amd64, ubuntu-latest, false)	UNKNOWN STEP	GITHUB_ACCESS_TOKEN=
build / build-image (linux/amd64, ubuntu-latest, false)	UNKNOWN STEP	
build / build-image (linux/amd64, ubuntu-latest, false)	UNKNOWN STEP	2026-10-09T09:54:14.7388390Z   artifact_path: build.tar
build / build-image (linux/amd64, ubuntu-latest, false)	UNKNOWN STEP	2026-10-09T09:54:14.7388708Z   artifact_name: build-raw
build / build-image (linux/amd64, ubuntu-latest, false)	UNKNOWN STEP	2026-10-09T09:54:14.7389129Z   aws_role: arn:aws:iam::471636589850:role/ecr-github-public-cache-pull
build / build-image (linux/amd64, ubuntu-latest, false)	UNKNOWN STEP	2026-10-09T09:54:14.7389602Z   aws_region: us-east-2
build / build-image (linux/amd64, ubuntu-latest, false)	UNKNOWN STEP	2026-10-09T09:54:14.7389913Z   git_submodules: false
build / build-image (linux/amd64, ubuntu-latest, false)	UNKNOWN STEP	2026-10-09T09:54:14.7390218Z   platforms: linux/amd64
build / build-image (linux/amd64, ubuntu-latest, false)	UNKNOWN STEP	2026-10-09T09:54:14.7390523Z   native_build: false
build / build-image (linux/amd64, ubuntu-latest, false)	UNKNOWN STEP	2026-10-09T09:54:14.7390810Z env:
build / build-image (linux/amd64, ubuntu-latest, false)	UNKNOWN STEP	2026-10-09T09:54:14.7391412Z   JFROG_CLI_ENV_EXCLUDE: *password*;*secret*;*key*;*token*;*auth*;JF_ARTIFACTORY_*;JF_ENV_*;JF_URL;JF_USER;JF_PASSWORD;JF_ACCESS_TOKEN
build / build-image (linux/amd64, ubuntu-latest, false)	UNKNOWN STEP	2026-10-09T09:54:14.7392119Z   JFROG_CLI_OFFER_CONFIG: false
build / build-image (linux/amd64, ubuntu-latest, false)	UNKNOWN STEP	2026-10-09T09:54:14.7392473Z   JFROG_CLI_AVOID_NEW_VERSION_WARNING: true
build / build-image (linux/amd64, ubuntu-latest, false)	UNKNOWN STEP	2026-10-09T09:54:14.7392968Z   JFROG_CLI_SOURCECODE_REPOSITORY: consensys-vertical-apps/va-mmcx-terminal
build / build-image (linux/amd64, ubuntu-latest, false)	UNKNOWN STEP	2026-10-09T09:54:14.7393467Z   JFROG_CLI_CI_JOB_ID: Validate PR
build / build-image (linux/amd64, ubuntu-latest, false)	UNKNOWN STEP	2026-10-09T09:54:14.7393811Z   JFROG_CLI_CI_RUN_ID: 37912764186
build / build-image (linux/amd64, ubuntu-latest, false)	UNKNOWN STEP	2026-10-09T09:54:14.7394146Z   JFROG_CLI_GITHUB_TOKEN: 
build / build-image (linux/amd64, ubuntu-latest, false)	UNKNOWN STEP	2026-10-09T09:54:14.7394780Z   JFROG_CLI_CI_VCS_REVISION: 312a2ed959fdac148e88be397994c69f9ac14970
build / build-image (linux/amd64, ubuntu-latest, false)	UNKNOWN STEP	2026-10-09T09:54:14.7395380Z   JFROG_CLI_CI_BRANCH: 180/merge
build / build-image (linux/amd64, ubuntu-latest, false)	UNKNOWN STEP	2026-10-09T09:54:14.7395878Z   JFROG_CLI_CI_VCS_URL: https://github.com/consensys-vertical-apps/va-mmcx-terminal
build / build-image (linux/amd64, ubuntu-latest, false)	UNKNOWN STEP	2026-10-09T09:54:14.7396408Z   JFROG_CLI_BUILD_NAME: Validate PR
build / build-image (linux/amd64, ubuntu-latest, false)	UNKNOWN STEP	2026-10-09T09:54:14.7396759Z   JFROG_CLI_BUILD_NUMBER: 813
build / build-image (linux/amd64, ubuntu-latest, false)	UNKNOWN STEP	2026-10-09T09:54:14.7397342Z   JFROG_CLI_BUILD_URL: https://github.com/consensys-vertical-apps/va-mmcx-terminal/actions/runs/37912764186
build / build-image (linux/amd64, ubuntu-latest, false)	UNKNOWN STEP	2026-10-09T09:54:14.7398022Z   JFROG_CLI_USER_AGENT: setup-jfrog-cli-github-action/5.1.0
build / build-image (linux/amd64, ubuntu-latest, false)	UNKNOWN STEP	2026-10-09T09:54:14.7398530Z   JFROG_CLI_COMMAND_SUMMARY_OUTPUT_DIR: /home/runner/work/_temp
build / build-image (linux/amd64, ubuntu-latest, false)	UNKNOWN STEP	2026-10-09T09:54:14.7399036Z   JFROG_CLI_USAGE_GH_TOKEN_FOR_CODE_SCANNING_ALERTS_PROVIDED: 
build / build-image (linux/amd64, ubuntu-latest, false)	UNKNOWN STEP	2026-10-09T09:54:14.7399508Z   SETUP_JFROG_CLI_SERVER_IDS: setup-jfrog-cli-server
build / build-image (linux/amd64, ubuntu-latest, false)	UNKNOWN STEP	2026-10-09T09:54:14.7399900Z   FILE: ./Dockerfile
build / build-image (linux/amd64, ubuntu-latest, false)	UNKNOWN STEP	2026-10-09T09:54:14.7400186Z ##[endgroup]
build / build-image (linux/amd64, ubuntu-latest, false)	UNKNOWN STEP	2026-10-09T09:54:14.7408472Z ##[start-action display=Checkout;id=__consensys-vertical-apps_shared-services-workflows.__actions_checkout]
build / build-image (linux/amd64, ubuntu-latest, false)	UNKNOWN STEP	2026-10-09T09:54:14.7475986Z ##[group]Run actions/checkout@df4cb1c069e1874edd31b4311f1884172cec0e10
build / build-image (linux/amd64, ubuntu-latest, false)	UNKNOWN STEP	2026-10-09T09:54:14.7476453Z with:
build / build-image (linux/amd64, ubuntu-latest, false)	UNKNOWN STEP	2026-10-09T09:54:14.7476794Z   repository: consensys-vertical-apps/va-mmcx-terminal
build / build-image (linux/amd64, ubuntu-latest, false)	UNKNOWN STEP	2026-10-09T09:54:14.7477200Z   submodules: false
build / build-image (linux/amd64, ubuntu-latest, false)	UNKNOWN STEP	2026-10-09T09:54:14.7479777Z   token: ***
build / build-image (linux/amd64, ubuntu-latest, false)	UNKNOWN STEP	2026-10-09T09:54:14.7480057Z   ssh-strict: true
build / build-image (linux/amd64, ubuntu-latest, false)	UNKNOWN STEP	2026-10-09T09:54:14.7480340Z   ssh-user: git
build / build-image (linux/amd64, ubuntu-latest, false)	UNKNOWN STEP	2026-10-09T09:54:14.7480838Z   persist-credentials: true
build / build-image (linux/amd64, ubuntu-latest, false)	UNKNOWN STEP	2026-10-09T09:54:14.7481161Z   clean: true
build / build-image (linux/amd64, ubuntu-latest, false)	UNKNOWN STEP	2026-10-09T09:54:14.7481458Z   sparse-checkout-cone-mode: true
build / build-image (linux/amd64, ubuntu-latest, false)	UNKNOWN STEP	2026-10-09T09:54:14.7481796Z   fetch-depth: 1
build / build-image (linux/amd64, ubuntu-latest, false)	UNKNOWN STEP	2026-10-09T09:54:14.7482077Z   fetch-tags: false
build / build-image (linux/amd64, ubuntu-latest, false)	UNKNOWN STEP	2026-10-09T09:54:14.7482370Z   show-progress: true
build / build-image (linux/amd64, ubuntu-latest, false)	UNKNOWN STEP	2026-10-09T09:54:14.7482657Z   lfs: false
build / build-image (linux/amd64, ubuntu-latest, false)	UNKNOWN STEP	2026-10-09T09:54:14.7482938Z   set-safe-directory: true
build / build-image (linux/amd64, ubuntu-latest, false)	UNKNOWN STEP	2026-10-09T09:54:14.7483243Z env:
build / build-image (linux/amd64, ubuntu-latest, false)	UNKNOWN STEP	2026-10-09T09:54:14.7483818Z   JFROG_CLI_ENV_EXCLUDE: *password*;*secret*;*key*;*token*;*auth*;JF_ARTIFACTORY_*;JF_ENV_*;JF_URL;JF_USER;JF_PASSWORD;JF_ACCESS_TOKEN
build / build-image (linux/amd64, ubuntu-latest, false)	UNKNOWN STEP	2026-10-09T09:54:14.7484474Z   JFROG_CLI_OFFER_CONFIG: false
build / build-image (linux/amd64, ubuntu-latest, false)	UNKNOWN STEP	2026-10-09T09:54:14.7485296Z   JFROG_CLI_AVOID_NEW_VERSION_WARNING: true
build / build-image (linux/amd64, ubuntu-latest, false)	UNKNOWN STEP	2026-10-09T09:54:14.7485833Z   JFROG_CLI_SOURCECODE_REPOSITORY: consensys-vertical-apps/va-mmcx-terminal
build / build-image (linux/amd64, ubuntu-latest, false)	UNKNOWN STEP	2026-10-09T09:54:14.7486342Z   JFROG_CLI_CI_JOB_ID: Validate PR
build / build-image (linux/amd64, ubuntu-latest, false)	UNKNOWN STEP	2026-10-09T09:54:14.7486702Z   JFROG_CLI_CI_RUN_ID: 37912764186
build / build-image (linux/amd64, ubuntu-latest, false)	UNKNOWN STEP	2026-10-09T09:54:14.7487047Z   JFROG_CLI_GITHUB_TOKEN: 
build / build-image (linux/amd64, ubuntu-latest, false)	UNKNOWN STEP	2026-10-09T09:54:14.7487651Z   JFROG_CLI_CI_VCS_REVISION: 312a2ed959fdac148e88be397994c69f9ac14970
build / build-image (linux/amd64, ubuntu-latest, false)	UNKNOWN STEP	2026-10-09T09:54:14.7488130Z   JFROG_CLI_CI_BRANCH: 180/merge
build / build-image (linux/amd64, ubuntu-latest, false)	UNKNOWN STEP	2026-10-09T09:54:14.7488624Z   JFROG_CLI_CI_VCS_URL: https://github.com/consensys-vertical-apps/va-mmcx-terminal
build / build-image (linux/amd64, ubuntu-latest, false)	UNKNOWN STEP	2026-10-09T09:54:14.7489175Z   JFROG_CLI_BUILD_NAME: Validate PR
build / build-image (linux/amd64, ubuntu-latest, false)	UNKNOWN STEP	2026-10-09T09:54:14.7489524Z   JFROG_CLI_BUILD_NUMBER: 813
build / build-image (linux/amd64, ubuntu-latest, false)	UNKNOWN STEP	2026-10-09T09:54:14.7490094Z   JFROG_CLI_BUILD_URL: https://github.com/consensys-vertical-apps/va-mmcx-terminal/actions/runs/37912764186
build / build-image (linux/amd64, ubuntu-latest, false)	UNKNOWN STEP	2026-10-09T09:54:14.7490764Z   JFROG_CLI_USER_AGENT: setup-jfrog-cli-github-action/5.1.0
build / build-image (linux/amd64, ubuntu-latest, false)	UNKNOWN STEP	2026-10-09T09:54:14.7491272Z   JFROG_CLI_COMMAND_SUMMARY_OUTPUT_DIR: /home/runner/work/_temp
build / build-image (linux/amd64, ubuntu-latest, false)	UNKNOWN STEP	2026-10-09T09:54:14.7491887Z   JFROG_CLI_USAGE_GH_TOKEN_FOR_CODE_SCANNING_ALERTS_PROVIDED: 
build / build-image (linux/amd64, ubuntu-latest, false)	UNKNOWN STEP	2026-10-09T09:54:14.7492402Z   SETUP_JFROG_CLI_SERVER_IDS: setup-jfrog-cli-server
build / build-image (linux/amd64, ubuntu-latest, false)	UNKNOWN STEP	2026-10-09T09:54:14.7492806Z   FILE: ./Dockerfile
build / build-image (linux/amd64, ubuntu-latest, false)	UNKNOWN STEP	2026-10-09T09:54:14.7493096Z ##[endgroup]
build / build-image (linux/amd64, ubuntu-latest, false)	UNKNOWN STEP	2026-10-09T09:54:14.8490264Z Syncing repository: consensys-vertical-apps/va-mmcx-terminal
build / build-image (linux/amd64, ubuntu-latest, false)	UNKNOWN STEP	2026-10-09T09:54:14.8491668Z ##[group]Getting Git version info
build / build-image (linux/amd64, ubuntu-latest, false)	UNKNOWN STEP	2026-10-09T09:54:14.8495771Z Working directory is '/home/runner/work/va-mmcx-terminal/va-mmcx-terminal'
build / build-image (linux/amd64, ubuntu-latest, false)	UNKNOWN STEP	2026-10-09T09:54:14.8497641Z [command]/usr/bin/git version
build / build-image (linux/amd64, ubuntu-latest, false)	UNKNOWN STEP	2026-10-09T09:54:14.8602998Z git version 2.55.0
build / build-image (linux/amd64, ubuntu-latest, false)	UNKNOWN STEP	2026-10-09T09:54:14.8630397Z ##[endgroup]
build / build-image (linux/amd64, ubuntu-latest, false)	UNKNOWN STEP	2026-10-09T09:54:14.8645625Z Temporarily overriding HOME='/home/runner/work/_temp/b826fdd4-32a7-44bf-934c-335247f56a56' before making global git config changes
build / build-image (linux/amd64, ubuntu-latest, false)	UNKNOWN STEP	2026-10-09T09:54:14.8647652Z Adding repository directory to the temporary git global config as a safe directory
build / build-image (linux/amd64, ubuntu-latest, false)	UNKNOWN STEP	2026-10-09T09:54:14.8655057Z [command]/usr/bin/git config --global --add safe.directory /home/runner/work/va-mmcx-terminal/va-mmcx-terminal
build / build-image (linux/amd64, ubuntu-latest, false)	UNKNOWN STEP	2026-10-09T09:54:14.8715326Z Deleting the contents of '/home/runner/work/va-mmcx-terminal/va-mmcx-terminal'
build / build-image (linux/amd64, ubuntu-latest, false)	UNKNOWN STEP	2026-10-09T09:54:14.8717396Z ##[group]Determining repository object format
build / build-image (linux/amd64, ubuntu-latest, false)	UNKNOWN STEP	2026-10-09T09:54:14.8719452Z ##[endgroup]
build / build-image (linux/amd64, ubuntu-latest, false)	UNKNOWN STEP	2026-10-09T09:54:14.8720817Z ##[group]Initializing the repository
build / build-image (linux/amd64, ubuntu-latest, false)	UNKNOWN STEP	2026-10-09T09:54:14.8724950Z [command]/usr/bin/git init /home/runner/work/va-mmcx-terminal/va-mmcx-terminal
build / build-image (linux/amd64, ubuntu-latest, false)	UNKNOWN STEP	2026-10-09T09:54:14.8868510Z hint: Using 'master' as the name for the initial branch. This default branch name
build / build-image (linux/amd64, ubuntu-latest, false)	UNKNOWN STEP	2026-10-09T09:54:14.8869853Z hint: will change to "main" in Git 3.0. To configure the initial branch name
build / build-image (linux/amd64, ubuntu-latest, false)	UNKNOWN STEP	2026-10-09T09:54:14.8871769Z hint: to use in all of your new repositories, which will suppress this warning,
build / build-image (linux/amd64, ubuntu-latest, false)	UNKNOWN STEP	2026-10-09T09:54:14.8873175Z hint: call:
build / build-image (linux/amd64, ubuntu-latest, false)	UNKNOWN STEP	2026-10-09T09:54:14.8874322Z hint:
build / build-image (linux/amd64, ubuntu-latest, false)	UNKNOWN STEP	2026-10-09T09:54:14.8875646Z hint: 	git config --global init.defaultBranch <name>
build / build-image (linux/amd64, ubuntu-latest, false)	UNKNOWN STEP	2026-10-09T09:54:14.8878540Z hint:
build / build-image (linux/amd64, ubuntu-latest, false)	UNKNOWN STEP	2026-10-09T09:54:14.8879811Z hint: Names commonly chosen instead of 'master' are 'main', 'trunk' and
build / build-image (linux/amd64, ubuntu-latest, false)	UNKNOWN STEP	2026-10-09T09:54:14.8881755Z hint: 'development'. The just-created branch can be renamed via this command:
build / build-image (linux/amd64, ubuntu-latest, false)	UNKNOWN STEP	2026-10-09T09:54:14.8883229Z hint:
build / build-image (linux/amd64, ubuntu-latest, false)	UNKNOWN STEP	2026-10-09T09:54:14.8884416Z hint: 	git branch -m <name>
build / build-image (linux/amd64, ubuntu-latest, false)	UNKNOWN STEP	2026-10-09T09:54:14.8885797Z hint:
build / build-image (linux/amd64, ubuntu-latest, false)	UNKNOWN STEP	2026-10-09T09:54:14.8887595Z hint: Disable this message with "git config set advice.defaultBranchName false"
build / build-image (linux/amd64, ubuntu-latest, false)	UNKNOWN STEP	2026-10-09T09:54:14.8889460Z Initialized empty Git repository in /home/runner/work/va-mmcx-terminal/va-mmcx-terminal/.git/
build / build-image (linux/amd64, ubuntu-latest, false)	UNKNOWN STEP	2026-10-09T09:54:14.8893883Z [command]/usr/bin/git remote add origin https://github.com/consensys-vertical-apps/va-mmcx-terminal
build / build-image (linux/amd64, ubuntu-latest, false)	UNKNOWN STEP	2026-10-09T09:54:14.8950139Z ##[endgroup]
build / build-image (linux/amd64, ubuntu-latest, false)	UNKNOWN STEP	2026-10-09T09:54:14.8951511Z ##[group]Disabling automatic garbage collection
build / build-image (linux/amd64, ubuntu-latest, false)	UNKNOWN STEP	2026-10-09T09:54:14.8955293Z [command]/usr/bin/git config --local gc.auto 0
build / build-image (linux/amd64, ubuntu-latest, false)	UNKNOWN STEP	2026-10-09T09:54:14.8989764Z ##[endgroup]
build / build-image (linux/amd64, ubuntu-latest, false)	UNKNOWN STEP	2026-10-09T09:54:14.8991297Z ##[group]Setting up auth
build / build-image (linux/amd64, ubuntu-latest, false)	UNKNOWN STEP	2026-10-09T09:54:14.8992799Z Removing SSH command configuration
build / build-image (linux/amd64, ubuntu-latest, false)	UNKNOWN STEP	2026-10-09T09:54:14.8998826Z [command]/usr/bin/git config --local --name-only --get-regexp core\.sshCommand
build / build-image (linux/amd64, ubuntu-latest, false)	UNKNOWN STEP	2026-10-09T09:54:14.9035599Z [command]/usr/bin/git submodule foreach --recursive sh -c "git config --local --name-only --get-regexp 'core\.sshCommand' && git config --local --unset-all 'core.sshCommand' || :"
build / build-image (linux/amd64, ubuntu-latest, false)	UNKNOWN STEP	2026-10-09T09:54:14.9446558Z Removing HTTP extra header
build / build-image (linux/amd64, ubuntu-latest, false)	UNKNOWN STEP	2026-10-09T09:54:14.9448335Z [command]/usr/bin/git config --local --name-only --get-regexp http\.https\:\/\/github\.com\/\.extraheader
build / build-image (linux/amd64, ubuntu-latest, false)	UNKNOWN STEP	2026-10-09T09:54:14.9465232Z [command]/usr/bin/git submodule foreach --recursive sh -c "git config --local --name-only --get-regexp 'http\.https\:\/\/github\.com\/\.extraheader' && git config --local --unset-all 'http.https://github.com/.extraheader' || :"
build / build-image (linux/amd64, ubuntu-latest, false)	UNKNOWN STEP	2026-10-09T09:54:14.9699723Z Removing includeIf entries pointing to credentials config files
build / build-image (linux/amd64, ubuntu-latest, false)	UNKNOWN STEP	2026-10-09T09:54:14.9705493Z [command]/usr/bin/git config --local --name-only --get-regexp ^includeIf\.gitdir:
build / build-image (linux/amd64, ubuntu-latest, false)	UNKNOWN STEP	2026-10-09T09:54:14.9743890Z [command]/usr/bin/git submodule foreach --recursive git config --local --show-origin --name-only --get-regexp remote.origin.url
build / build-image (linux/amd64, ubuntu-latest, false)	UNKNOWN STEP	2026-10-09T09:54:14.9983370Z [command]/usr/bin/git config --file /home/runner/work/_temp/git-credentials-ae35ad84-79dc-4536-8bef-15953974c242.config http.https://github.com/.extraheader AUTHORIZATION: basic ***
build / build-image (linux/amd64, ubuntu-latest, false)	UNKNOWN STEP	2026-10-09T09:54:15.0118280Z [command]/usr/bin/git config --local includeIf.gitdir:/home/runner/work/va-mmcx-terminal/va-mmcx-terminal/.git.path /home/runner/work/_temp/git-credentials-ae35ad84-79dc-4536-8bef-15953974c242.config
build / build-image (linux/amd64, ubuntu-latest, false)	UNKNOWN STEP	2026-10-09T09:54:15.0209666Z [command]/usr/bin/git config --local includeIf.gitdir:/home/runner/work/va-mmcx-terminal/va-mmcx-terminal/.git/worktrees/*.path /home/runner/work/_temp/git-credentials-ae35ad84-79dc-4536-8bef-15953974c242.config
build / build-image (linux/amd64, ubuntu-latest, false)	UNKNOWN STEP	2026-10-09T09:54:15.0267598Z [command]/usr/bin/git config --local includeIf.gitdir:/github/workspace/.git.path /github/runner_temp/git-credentials-ae35ad84-79dc-4536-8bef-15953974c242.config
build / build-image (linux/amd64, ubuntu-latest, false)	UNKNOWN STEP	2026-10-09T09:54:15.0272525Z [command]/usr/bin/git config --local includeIf.gitdir:/github/workspace/.git/worktrees/*.path /github/runner_temp/git-credentials-ae35ad84-79dc-4536-8bef-15953974c242.config
build / build-image (linux/amd64, ubuntu-latest, false)	UNKNOWN STEP	2026-10-09T09:54:15.0295216Z ##[endgroup]
build / build-image (linux/amd64, ubuntu-latest, false)	UNKNOWN STEP	2026-10-09T09:54:15.0296652Z ##[group]Fetching the repository
build / build-image (linux/amd64, ubuntu-latest, false)	UNKNOWN STEP	2026-10-09T09:54:15.0302170Z [command]/usr/bin/git -c protocol.version=2 fetch --no-tags --prune --no-recurse-submodules --depth=1 origin +312a2ed959fdac148e88be397994c69f9ac14970:refs/remotes/pull/180/merge
build / build-image (linux/amd64, ubuntu-latest, false)	UNKNOWN STEP	2026-10-09T09:54:15.9102310Z From https://github.com/consensys-vertical-apps/va-mmcx-terminal
build / build-image (linux/amd64, ubuntu-latest, false)	UNKNOWN STEP	2026-10-09T09:54:15.9103768Z  * [new ref]         312a2ed959fdac148e88be397994c69f9ac14970 -> pull/180/merge
build / build-image (linux/amd64, ubuntu-latest, false)	UNKNOWN STEP	2026-10-09T09:54:15.9108203Z ##[endgroup]
build / build-image (linux/amd64, ubuntu-latest, false)	UNKNOWN STEP	2026-10-09T09:54:15.9109305Z ##[group]Determining the checkout info
build / build-image (linux/amd64, ubuntu-latest, false)	UNKNOWN STEP	2026-10-09T09:54:15.9110233Z ##[endgroup]
build / build-image (linux/amd64, ubuntu-latest, false)	UNKNOWN STEP	2026-10-09T09:54:15.9111496Z [command]/usr/bin/git sparse-checkout disable
build / build-image (linux/amd64, ubuntu-latest, false)	UNKNOWN STEP	2026-10-09T09:54:15.9179976Z [command]/usr/bin/git config --local --unset-all extensions.worktreeConfig
build / build-image (linux/amd64, ubuntu-latest, false)	UNKNOWN STEP	2026-10-09T09:54:15.9202437Z ##[group]Checking out the ref
build / build-image (linux/amd64, ubuntu-latest, false)	UNKNOWN STEP	2026-10-09T09:54:15.9207617Z [command]/usr/bin/git checkout --progress --force refs/remotes/pull/180/merge
build / build-image (linux/amd64, ubuntu-latest, false)	UNKNOWN STEP	2026-10-09T09:54:16.0740030Z Note: switching to 'refs/remotes/pull/180/merge'.
build / build-image (linux/amd64, ubuntu-latest, false)	UNKNOWN STEP	2026-10-09T09:54:16.0740795Z 
build / build-image (linux/amd64, ubuntu-latest, false)	UNKNOWN STEP	2026-10-09T09:54:16.0743141Z You are in 'detached HEAD' state. You can look around, make experimental
build / build-image (linux/amd64, ubuntu-latest, false)	UNKNOWN STEP	2026-10-09T09:54:16.0744492Z changes and commit them, and you can discard any commits you make in this
build / build-image (linux/amd64, ubuntu-latest, false)	UNKNOWN STEP	2026-10-09T09:54:16.0746006Z state without impacting any branches by switching back to a branch.
build / build-image (linux/amd64, ubuntu-latest, false)	UNKNOWN STEP	2026-10-09T09:54:16.0746617Z 
build / build-image (linux/amd64, ubuntu-latest, false)	UNKNOWN STEP	2026-10-09T09:54:16.0747046Z If you want to create a new branch to retain commits you create, you may
build / build-image (linux/amd64, ubuntu-latest, false)	UNKNOWN STEP	2026-10-09T09:54:16.0748038Z do so (now or later) by using -c with the switch command. Example:
build / build-image (linux/amd64, ubuntu-latest, false)	UNKNOWN STEP	2026-10-09T09:54:16.0748603Z 
build / build-image (linux/amd64, ubuntu-latest, false)	UNKNOWN STEP	2026-10-09T09:54:16.0748863Z   git switch -c <new-branch-name>
build / build-image (linux/amd64, ubuntu-latest, false)	UNKNOWN STEP	2026-10-09T09:54:16.0749342Z 
build / build-image (linux/amd64, ubuntu-latest, false)	UNKNOWN STEP	2026-10-09T09:54:16.0749575Z Or undo this operation with:
build / build-image (linux/amd64, ubuntu-latest, false)	UNKNOWN STEP	2026-10-09T09:54:16.0749935Z 
build / build-image (linux/amd64, ubuntu-latest, false)	UNKNOWN STEP	2026-10-09T09:54:16.0750151Z   git switch -
build / build-image (linux/amd64, ubuntu-latest, false)	UNKNOWN STEP	2026-10-09T09:54:16.0750476Z 
build / build-image (linux/amd64, ubuntu-latest, false)	UNKNOWN STEP	2026-10-09T09:54:16.0750942Z Turn off this advice by setting config variable advice.detachedHead to false
build / build-image (linux/amd64, ubuntu-latest, false)	UNKNOWN STEP	2026-10-09T09:54:16.0751588Z 
build / build-image (linux/amd64, ubuntu-latest, false)	UNKNOWN STEP	2026-10-09T09:54:16.0752239Z HEAD is now at 312a2ed Merge 19b75633c2a62823a4db80520a3ffc078128bb4a into a75930a11972e2310f74768e1303c93054cd1cca
build / build-image (linux/amd64, ubuntu-latest, false)	UNKNOWN STEP	2026-10-09T09:54:16.0754520Z ##[endgroup]
build / build-image (linux/amd64, ubuntu-latest, false)	UNKNOWN STEP	2026-10-09T09:54:16.0778430Z [command]/usr/bin/git log -1 --format=%H
build / build-image (linux/amd64, ubuntu-latest, false)	UNKNOWN STEP	2026-10-09T09:54:16.0805022Z 312a2ed959fdac148e88be397994c69f9ac14970
build / build-image (linux/amd64, ubuntu-latest, false)	UNKNOWN STEP	2026-10-09T09:54:16.0923188Z ##[end-action id=__consensys-vertical-apps_shared-services-workflows.__actions_checkout;outcome=success;conclusion=success;duration_ms=1351]
build / build-image (linux/amd64, ubuntu-latest, false)	UNKNOWN STEP	2026-10-09T09:54:16.0927445Z ##[start-action display=Set up QEMU;id=__consensys-vertical-apps_shared-services-workflows.__docker_setup-qemu-action]
build / build-image (linux/amd64, ubuntu-latest, false)	UNKNOWN STEP	2026-10-09T09:54:16.0986745Z ##[group]Run docker/setup-qemu-action@96fe6ef7f33517b61c61be40b68a1882f3264fb8
build / build-image (linux/amd64, ubuntu-latest, false)	UNKNOWN STEP	2026-10-09T09:54:16.0987241Z with:
build / build-image (linux/amd64, ubuntu-latest, false)	UNKNOWN STEP	2026-10-09T09:54:16.0987538Z   image: docker.io/tonistiigi/binfmt:latest
build / build-image (linux/amd64, ubuntu-latest, false)	UNKNOWN STEP	2026-10-09T09:54:16.0987911Z   platforms: all
build / build-image (linux/amd64, ubuntu-latest, false)	UNKNOWN STEP	2026-10-09T09:54:16.0988189Z   reset: false
build / build-image (linux/amd64, ubuntu-latest, false)	UNKNOWN STEP	2026-10-09T09:54:16.0988460Z   cache-image: true
build / build-image (linux/amd64, ubuntu-latest, false)	UNKNOWN STEP	2026-10-09T09:54:16.0988736Z env:
build / build-image (linux/amd64, ubuntu-latest, false)	UNKNOWN STEP	2026-10-09T09:54:16.0989315Z   JFROG_CLI_ENV_EXCLUDE: *password*;*secret*;*key*;*token*;*auth*;JF_ARTIFACTORY_*;JF_ENV_*;JF_URL;JF_USER;JF_PASSWORD;JF_ACCESS_TOKEN
build / build-image (linux/amd64, ubuntu-latest, false)	UNKNOWN STEP	2026-10-09T09:54:16.0989976Z   JFROG_CLI_OFFER_CONFIG: false
build / build-image (linux/amd64, ubuntu-latest, false)	UNKNOWN STEP	2026-10-09T09:54:16.0990318Z   JFROG_CLI_AVOID_NEW_VERSION_WARNING: true
build / build-image (linux/amd64, ubuntu-latest, false)	UNKNOWN STEP	2026-10-09T09:54:16.0990803Z   JFROG_CLI_SOURCECODE_REPOSITORY: consensys-vertical-apps/va-mmcx-terminal
build / build-image (linux/amd64, ubuntu-latest, false)	UNKNOWN STEP	2026-10-09T09:54:16.0991305Z   JFROG_CLI_CI_JOB_ID: Validate PR
build / build-image (linux/amd64, ubuntu-latest, false)	UNKNOWN STEP	2026-10-09T09:54:16.0991651Z   JFROG_CLI_CI_RUN_ID: 37912764186
build / build-image (linux/amd64, ubuntu-latest, false)	UNKNOWN STEP	2026-10-09T09:54:16.0991983Z   JFROG_CLI_GITHUB_TOKEN: 
build / build-image (linux/amd64, ubuntu-latest, false)	UNKNOWN STEP	2026-10-09T09:54:16.0992393Z   JFROG_CLI_CI_VCS_REVISION: 312a2ed959fdac148e88be397994c69f9ac14970
build / build-image (linux/amd64, ubuntu-latest, false)	UNKNOWN STEP	2026-10-09T09:54:16.0992848Z   JFROG_CLI_CI_BRANCH: 180/merge
build / build-image (linux/amd64, ubuntu-latest, false)	UNKNOWN STEP	2026-10-09T09:54:16.0993338Z   JFROG_CLI_CI_VCS_URL: https://github.com/consensys-vertical-apps/va-mmcx-terminal
build / build-image (linux/amd64, ubuntu-latest, false)	UNKNOWN STEP	2026-10-09T09:54:16.0993863Z   JFROG_CLI_BUILD_NAME: Validate PR
build / build-image (linux/amd64, ubuntu-latest, false)	UNKNOWN STEP	2026-10-09T09:54:16.0994206Z   JFROG_CLI_BUILD_NUMBER: 813
build / build-image (linux/amd64, ubuntu-latest, false)	UNKNOWN STEP	2026-10-09T09:54:16.0994928Z   JFROG_CLI_BUILD_URL: https://github.com/consensys-vertical-apps/va-mmcx-terminal/actions/runs/37912764186
build / build-image (linux/amd64, ubuntu-latest, false)	UNKNOWN STEP	2026-10-09T09:54:16.0995612Z   JFROG_CLI_USER_AGENT: setup-jfrog-cli-github-action/5.1.0
build / build-image (linux/amd64, ubuntu-latest, false)	UNKNOWN STEP	2026-10-09T09:54:16.0996109Z   JFROG_CLI_COMMAND_SUMMARY_OUTPUT_DIR: /home/runner/work/_temp
build / build-image (linux/amd64, ubuntu-latest, false)	UNKNOWN STEP	2026-10-09T09:54:16.0996625Z   JFROG_CLI_USAGE_GH_TOKEN_FOR_CODE_SCANNING_ALERTS_PROVIDED: 
build / build-image (linux/amd64, ubuntu-latest, false)	UNKNOWN STEP	2026-10-09T09:54:16.0997114Z   SETUP_JFROG_CLI_SERVER_IDS: setup-jfrog-cli-server
build / build-image (linux/amd64, ubuntu-latest, false)	UNKNOWN STEP	2026-10-09T09:54:16.0997510Z   FILE: ./Dockerfile
build / build-image (linux/amd64, ubuntu-latest, false)	UNKNOWN STEP	2026-10-09T09:54:16.0997790Z ##[endgroup]
build / build-image (linux/amd64, ubuntu-latest, false)	UNKNOWN STEP	2026-10-09T09:54:16.2442441Z ##[group]Docker info
build / build-image (linux/amd64, ubuntu-latest, false)	UNKNOWN STEP	2026-10-09T09:54:16.2486607Z [command]/usr/bin/docker version
build / build-image (linux/amd64, ubuntu-latest, false)	UNKNOWN STEP	2026-10-09T09:54:16.3657475Z Client: Docker Engine - Community
build / build-image (linux/amd64, ubuntu-latest, false)	UNKNOWN STEP	2026-10-09T09:54:16.3658461Z  Version:           28.0.4
build / build-image (linux/amd64, ubuntu-latest, false)	UNKNOWN STEP	2026-10-09T09:54:16.3666051Z  API version:       1.48
build / build-image (linux/amd64, ubuntu-latest, false)	UNKNOWN STEP	2026-10-09T09:54:16.3685830Z  Go version:        go1.23.7
build / build-image (linux/amd64, ubuntu-latest, false)	UNKNOWN STEP	2026-10-09T09:54:16.3699912Z  Git commit:        b8034c0
build / build-image (linux/amd64, ubuntu-latest, false)	UNKNOWN STEP	2026-10-09T09:54:16.3706484Z  Built:             Tue Mar 25 15:07:16 2025
build / build-image (linux/amd64, ubuntu-latest, false)	UNKNOWN STEP	2026-10-09T09:54:16.3733635Z  OS/Arch:           linux/amd64
build / build-image (linux/amd64, ubuntu-latest, false)	UNKNOWN STEP	2026-10-09T09:54:16.3734499Z  Context:           default
build / build-image (linux/amd64, ubuntu-latest, false)	UNKNOWN STEP	2026-10-09T09:54:16.3735667Z 
build / build-image (linux/amd64, ubuntu-latest, false)	UNKNOWN STEP	2026-10-09T09:54:16.3736092Z Server: Docker Engine - Community
build / build-image (linux/amd64, ubuntu-latest, false)	UNKNOWN STEP	2026-10-09T09:54:16.3736865Z  Engine:
build / build-image (linux/amd64, ubuntu-latest, false)	UNKNOWN STEP	2026-10-09T09:54:16.3737466Z   Version:          28.0.4
build / build-image (linux/amd64, ubuntu-latest, false)	UNKNOWN STEP	2026-10-09T09:54:16.3738199Z   API version:      1.48 (minimum version 1.24)
build / build-image (linux/amd64, ubuntu-latest, false)	UNKNOWN STEP	2026-10-09T09:54:16.3739005Z   Go version:       go1.23.7
build / build-image (linux/amd64, ubuntu-latest, false)	UNKNOWN STEP	2026-10-09T09:54:16.3739704Z   Git commit:       6430e49
build / build-image (linux/amd64, ubuntu-latest, false)	UNKNOWN STEP	2026-10-09T09:54:16.3740429Z   Built:            Tue Mar 25 15:07:16 2025
build / build-image (linux/amd64, ubuntu-latest, false)	UNKNOWN STEP	2026-10-09T09:54:16.3741240Z   OS/Arch:          linux/amd64
build / build-image (linux/amd64, ubuntu-latest, false)	UNKNOWN STEP	2026-10-09T09:54:16.3742003Z   Experimental:     false
build / build-image (linux/amd64, ubuntu-latest, false)	UNKNOWN STEP	2026-10-09T09:54:16.3748299Z  containerd:
build / build-image (linux/amd64, ubuntu-latest, false)	UNKNOWN STEP	2026-10-09T09:54:16.3749056Z   Version:          v2.3.6
build / build-image (linux/amd64, ubuntu-latest, false)	UNKNOWN STEP	2026-10-09T09:54:16.3749993Z   GitCommit:        ee2735368117d2eb259779949d5e75cdafec9761
build / build-image (linux/amd64, ubuntu-latest, false)	UNKNOWN STEP	2026-10-09T09:54:16.3750980Z  runc:
build / build-image (linux/amd64, ubuntu-latest, false)	UNKNOWN STEP	2026-10-09T09:54:16.3752124Z   Version:          1.5.1
build / build-image (linux/amd64, ubuntu-latest, false)	UNKNOWN STEP	2026-10-09T09:54:16.3753311Z   GitCommit:        v1.5.1-0-g8f2685a4
build / build-image (linux/amd64, ubuntu-latest, false)	UNKNOWN STEP	2026-10-09T09:54:16.3754503Z  docker-init:
build / build-image (linux/amd64, ubuntu-latest, false)	UNKNOWN STEP	2026-10-09T09:54:16.3755815Z   Version:          0.19.0
build / build-image (linux/amd64, ubuntu-latest, false)	UNKNOWN STEP	2026-10-09T09:54:16.3757151Z   GitCommit:        de40ad0
build / build-image (linux/amd64, ubuntu-latest, false)	UNKNOWN STEP	2026-10-09T09:54:16.3759863Z [command]/usr/bin/docker info
build / build-image (linux/amd64, ubuntu-latest, false)	UNKNOWN STEP	2026-10-09T09:54:16.6820718Z Client: Docker Engine - Community
build / build-image (linux/amd64, ubuntu-latest, false)	UNKNOWN STEP	2026-10-09T09:54:16.6825731Z  Version:    28.0.4
build / build-image (linux/amd64, ubuntu-latest, false)	UNKNOWN STEP	2026-10-09T09:54:16.6826376Z  Context:    default
build / build-image (linux/amd64, ubuntu-latest, false)	UNKNOWN STEP	2026-10-09T09:54:16.6827072Z  Debug Mode: false
build / build-image (linux/amd64, ubuntu-latest, false)	UNKNOWN STEP	2026-10-09T09:54:16.6827755Z  Plugins:
build / build-image (linux/amd64, ubuntu-latest, false)	UNKNOWN STEP	2026-10-09T09:54:16.6828402Z   buildx: Docker Buildx (Docker Inc.)
build / build-image (linux/amd64, ubuntu-latest, false)	UNKNOWN STEP	2026-10-09T09:54:16.6829163Z     Version:  v0.37.2
build / build-image (linux/amd64, ubuntu-latest, false)	UNKNOWN STEP	2026-10-09T09:54:16.6829936Z     Path:     /usr/libexec/docker/cli-plugins/docker-buildx
build / build-image (linux/amd64, ubuntu-latest, false)	UNKNOWN STEP	2026-10-09T09:54:16.6830857Z   compose: Docker Compose (Docker Inc.)
build / build-image (linux/amd64, ubuntu-latest, false)	UNKNOWN STEP	2026-10-09T09:54:16.6831680Z     Version:  v2.38.2
build / build-image (linux/amd64, ubuntu-latest, false)	UNKNOWN STEP	2026-10-09T09:54:16.6832499Z     Path:     /usr/libexec/docker/cli-plugins/docker-compose
build / build-image (linux/amd64, ubuntu-latest, false)	UNKNOWN STEP	2026-10-09T09:54:16.6833195Z 
build / build-image (linux/amd64, ubuntu-latest, false)	UNKNOWN STEP	2026-10-09T09:54:16.6833567Z Server:
build / build-image (linux/amd64, ubuntu-latest, false)	UNKNOWN STEP	2026-10-09T09:54:16.6834186Z  Containers: 0
build / build-image (linux/amd64, ubuntu-latest, false)	UNKNOWN STEP	2026-10-09T09:54:16.6835039Z   Running: 0
build / build-image (linux/amd64, ubuntu-latest, false)	UNKNOWN STEP	2026-10-09T09:54:16.6835743Z   Paused: 0
build / build-image (linux/amd64, ubuntu-latest, false)	UNKNOWN STEP	2026-10-09T09:54:16.6836408Z   Stopped: 0
build / build-image (linux/amd64, ubuntu-latest, false)	UNKNOWN STEP	2026-10-09T09:54:16.6837082Z  Images: 6
build / build-image (linux/amd64, ubuntu-latest, false)	UNKNOWN STEP	2026-10-09T09:54:16.6837765Z  Server Version: 28.0.4
build / build-image (linux/amd64, ubuntu-latest, false)	UNKNOWN STEP	2026-10-09T09:54:16.6838609Z  Storage Driver: overlay2
build / build-image (linux/amd64, ubuntu-latest, false)	UNKNOWN STEP	2026-10-09T09:54:16.6839803Z   Backing Filesystem: extfs
build / build-image (linux/amd64, ubuntu-latest, false)	UNKNOWN STEP	2026-10-09T09:54:16.6840949Z   Supports d_type: true
build / build-image (linux/amd64, ubuntu-latest, false)	UNKNOWN STEP	2026-10-09T09:54:16.6841784Z   Using metacopy: false
build / build-image (linux/amd64, ubuntu-latest, false)	UNKNOWN STEP	2026-10-09T09:54:16.6842612Z   Native Overlay Diff: false
build / build-image (linux/amd64, ubuntu-latest, false)	UNKNOWN STEP	2026-10-09T09:54:16.6843426Z   userxattr: false
build / build-image (linux/amd64, ubuntu-latest, false)	UNKNOWN STEP	2026-10-09T09:54:16.6844169Z  Logging Driver: json-file
build / build-image (linux/amd64, ubuntu-latest, false)	UNKNOWN STEP	2026-10-09T09:54:16.6845347Z  Cgroup Driver: systemd
build / build-image (linux/amd64, ubuntu-latest, false)	UNKNOWN STEP	2026-10-09T09:54:16.6846117Z  Cgroup Version: 2
build / build-image (linux/amd64, ubuntu-latest, false)	UNKNOWN STEP	2026-10-09T09:54:16.6846844Z  Plugins:
build / build-image (linux/amd64, ubuntu-latest, false)	UNKNOWN STEP	2026-10-09T09:54:16.6847577Z   Volume: local
build / build-image (linux/amd64, ubuntu-latest, false)	UNKNOWN STEP	2026-10-09T09:54:16.6848350Z   Network: bridge host ipvlan macvlan null overlay
build / build-image (linux/amd64, ubuntu-latest, false)	UNKNOWN STEP	2026-10-09T09:54:16.6849437Z   Log: awslogs fluentd gcplogs gelf journald json-file local splunk syslog
build / build-image (linux/amd64, ubuntu-latest, false)	UNKNOWN STEP	2026-10-09T09:54:16.6850514Z  Swarm: inactive
build / build-image (linux/amd64, ubuntu-latest, false)	UNKNOWN STEP	2026-10-09T09:54:16.6851307Z  Runtimes: runc io.containerd.runc.v2
build / build-image (linux/amd64, ubuntu-latest, false)	UNKNOWN STEP	2026-10-09T09:54:16.6852180Z  Default Runtime: runc
build / build-image (linux/amd64, ubuntu-latest, false)	UNKNOWN STEP	2026-10-09T09:54:16.6852977Z  Init Binary: docker-init
build / build-image (linux/amd64, ubuntu-latest, false)	UNKNOWN STEP	2026-10-09T09:54:16.6853935Z  containerd version: ee2735368117d2eb259779949d5e75cdafec9761
build / build-image (linux/amd64, ubuntu-latest, false)	UNKNOWN STEP	2026-10-09T09:54:16.6855259Z  runc version: v1.5.1-0-g8f2685a4
build / build-image (linux/amd64, ubuntu-latest, false)	UNKNOWN STEP	2026-10-09T09:54:16.6856049Z  init version: de40ad0
build / build-image (linux/amd64, ubuntu-latest, false)	UNKNOWN STEP	2026-10-09T09:54:16.6856860Z  Security Options:
build / build-image (linux/amd64, ubuntu-latest, false)	UNKNOWN STEP	2026-10-09T09:54:16.6857571Z   apparmor
build / build-image (linux/amd64, ubuntu-latest, false)	UNKNOWN STEP	2026-10-09T09:54:16.6858268Z   seccomp
build / build-image (linux/amd64, ubuntu-latest, false)	UNKNOWN STEP	2026-10-09T09:54:16.6858961Z    Profile: builtin
build / build-image (linux/amd64, ubuntu-latest, false)	UNKNOWN STEP	2026-10-09T09:54:16.6859828Z   cgroupns
build / build-image (linux/amd64, ubuntu-latest, false)	UNKNOWN STEP	2026-10-09T09:54:16.6860569Z  Kernel Version: 6.17.0-1022-azure
build / build-image (linux/amd64, ubuntu-latest, false)	UNKNOWN STEP	2026-10-09T09:54:16.6861460Z  Operating System: Ubuntu 24.04.5 LTS
build / build-image (linux/amd64, ubuntu-latest, false)	UNKNOWN STEP	2026-10-09T09:54:16.6862345Z  OSType: linux
build / build-image (linux/amd64, ubuntu-latest, false)	UNKNOWN STEP	2026-10-09T09:54:16.6863127Z  Architecture: x86_64
build / build-image (linux/amd64, ubuntu-latest, false)	UNKNOWN STEP	2026-10-09T09:54:16.6863931Z  CPUs: 2
build / build-image (linux/amd64, ubuntu-latest, false)	UNKNOWN STEP	2026-10-09T09:54:16.6865329Z  Total Memory: 7.752GiB
build / build-image (linux/amd64, ubuntu-latest, false)	UNKNOWN STEP	2026-10-09T09:54:16.6866201Z  Name: runnervmmprz5
build / build-image (linux/amd64, ubuntu-latest, false)	UNKNOWN STEP	2026-10-09T09:54:16.6867033Z  ID: 07f0e779-c305-4162-b8ec-c48c30f52fbe
build / build-image (linux/amd64, ubuntu-latest, false)	UNKNOWN STEP	2026-10-09T09:54:16.6867965Z  Docker Root Dir: /var/lib/docker
build / build-image (linux/amd64, ubuntu-latest, false)	UNKNOWN STEP	2026-10-09T09:54:16.6868760Z  Debug Mode: false
build / build-image (linux/amd64, ubuntu-latest, false)	UNKNOWN STEP	2026-10-09T09:54:16.6869545Z  Username: githubactions
build / build-image (linux/amd64, ubuntu-latest, false)	UNKNOWN STEP	2026-10-09T09:54:16.6870777Z  Experimental: false
build / build-image (linux/amd64, ubuntu-latest, false)	UNKNOWN STEP	2026-10-09T09:54:16.6871627Z  Insecure Registries:
build / build-image (linux/amd64, ubuntu-latest, false)	UNKNOWN STEP	2026-10-09T09:54:16.6878126Z   ::1/128
build / build-image (linux/amd64, ubuntu-latest, false)	UNKNOWN STEP	2026-10-09T09:54:16.6880174Z   127.0.0.0/8
build / build-image (linux/amd64, ubuntu-latest, false)	UNKNOWN STEP	2026-10-09T09:54:16.6880850Z  Live Restore Enabled: false
build / build-image (linux/amd64, ubuntu-latest, false)	UNKNOWN STEP	2026-10-09T09:54:16.6881386Z 
build / build-image (linux/amd64, ubuntu-latest, false)	UNKNOWN STEP	2026-10-09T09:54:16.6882406Z ##[endgroup]
build / build-image (linux/amd64, ubuntu-latest, false)	UNKNOWN STEP	2026-10-09T09:54:16.6883650Z ##[group]Pulling binfmt Docker image
build / build-image (linux/amd64, ubuntu-latest, false)	UNKNOWN STEP	2026-10-09T09:54:16.8076487Z [command]/usr/bin/docker pull docker.io/tonistiigi/binfmt:latest
build / build-image (linux/amd64, ubuntu-latest, false)	UNKNOWN STEP	2026-10-09T09:54:17.2452269Z latest: Pulling from tonistiigi/binfmt
build / build-image (linux/amd64, ubuntu-latest, false)	UNKNOWN STEP	2026-10-09T09:54:17.3806260Z 56685a25fbf3: Pulling fs layer
build / build-image (linux/amd64, ubuntu-latest, false)	UNKNOWN STEP	2026-10-09T09:54:17.3810097Z 0c46aa6e9c41: Pulling fs layer
build / build-image (linux/amd64, ubuntu-latest, false)	UNKNOWN STEP	2026-10-09T09:54:17.4765197Z 0c46aa6e9c41: Verifying Checksum
build / build-image (linux/amd64, ubuntu-latest, false)	UNKNOWN STEP	2026-10-09T09:54:17.4766014Z 0c46aa6e9c41: Download complete
build / build-image (linux/amd64, ubuntu-latest, false)	UNKNOWN STEP	2026-10-09T09:54:17.5786453Z 56685a25fbf3: Verifying Checksum
build / build-image (linux/amd64, ubuntu-latest, false)	UNKNOWN STEP	2026-10-09T09:54:17.5787034Z 56685a25fbf3: Download complete
build / build-image (linux/amd64, ubuntu-latest, false)	UNKNOWN STEP	2026-10-09T09:54:18.0587516Z 56685a25fbf3: Pull complete
build / build-image (linux/amd64, ubuntu-latest, false)	UNKNOWN STEP	2026-10-09T09:54:18.7149233Z 0c46aa6e9c41: Pull complete
build / build-image (linux/amd64, ubuntu-latest, false)	UNKNOWN STEP	2026-10-09T09:54:18.7195611Z Digest: sha256:400a4873b838d1b89194d982c45e5fb3cda4593fbfd7e08a02e76b03b21166f0
build / build-image (linux/amd64, ubuntu-latest, false)	UNKNOWN STEP	2026-10-09T09:54:18.7214260Z Status: Downloaded newer image for tonistiigi/binfmt:latest
build / build-image (linux/amd64, ubuntu-latest, false)	UNKNOWN STEP	2026-10-09T09:54:18.7225883Z docker.io/tonistiigi/binfmt:latest
build / build-image (linux/amd64, ubuntu-latest, false)	UNKNOWN STEP	2026-10-09T09:54:18.7267269Z [command]/usr/bin/docker save -o /home/runner/work/_temp/docker-actions-toolkit-XTLJmZ/749e64100d3fa0c09bdbc8a02e4fb9cb3ee64266f7f661c98371040689abacb3.tar docker.io/tonistiigi/binfmt:latest
build / build-image (linux/amd64, ubuntu-latest, false)	UNKNOWN STEP	2026-10-09T09:54:19.2269138Z Copying /home/runner/work/_temp/docker-actions-toolkit-XTLJmZ/749e64100d3fa0c09bdbc8a02e4fb9cb3ee64266f7f661c98371040689abacb3.tar to /home/runner/.docker/.cache/images/docker.io--tonistiigi--binfmt/latest/linux-x64/image.tar
build / build-image (linux/amd64, ubuntu-latest, false)	UNKNOWN STEP	2026-10-09T09:54:19.2897854Z Image cached to /home/runner/.docker/.cache/images/docker.io--tonistiigi--binfmt/latest/linux-x64/image.tar
build / build-image (linux/amd64, ubuntu-latest, false)	UNKNOWN STEP	2026-10-09T09:54:19.2900262Z ##[endgroup]
build / build-image (linux/amd64, ubuntu-latest, false)	UNKNOWN STEP	2026-10-09T09:54:19.2901340Z ##[group]Image info
build / build-image (linux/amd64, ubuntu-latest, false)	UNKNOWN STEP	2026-10-09T09:54:19.2920321Z [command]/usr/bin/docker image inspect docker.io/tonistiigi/binfmt:latest
build / build-image (linux/amd64, ubuntu-latest, false)	UNKNOWN STEP	2026-10-09T09:54:19.9519317Z [
build / build-image (linux/amd64, ubuntu-latest, false)	UNKNOWN STEP	2026-10-09T09:54:19.9519988Z     ***
build / build-image (linux/amd64, ubuntu-latest, false)	UNKNOWN STEP	2026-10-09T09:54:19.9520909Z         "Id": "sha256:15935d0512bf0a8e5afa1df990d971cf97a619ede08fa60f2d5966a62de6d6b7",
build / build-image (linux/amd64, ubuntu-latest, false)	UNKNOWN STEP	2026-10-09T09:54:19.9521696Z         "RepoTags": [
build / build-image (linux/amd64, ubuntu-latest, false)	UNKNOWN STEP	2026-10-09T09:54:19.9525475Z             "tonistiigi/binfmt:latest"
build / build-image (linux/amd64, ubuntu-latest, false)	UNKNOWN STEP	2026-10-09T09:54:19.9526358Z         ],
build / build-image (linux/amd64, ubuntu-latest, false)	UNKNOWN STEP	2026-10-09T09:54:19.9529108Z         "RepoDigests": [
build / build-image (linux/amd64, ubuntu-latest, false)	UNKNOWN STEP	2026-10-09T09:54:19.9530034Z             "tonistiigi/binfmt@sha256:400a4873b838d1b89194d982c45e5fb3cda4593fbfd7e08a02e76b03b21166f0"
build / build-image (linux/amd64, ubuntu-latest, false)	UNKNOWN STEP	2026-10-09T09:54:19.9531003Z         ],
build / build-image (linux/amd64, ubuntu-latest, false)	UNKNOWN STEP	2026-10-09T09:54:19.9531457Z         "Parent": "",
build / build-image (linux/amd64, ubuntu-latest, false)	UNKNOWN STEP	2026-10-09T09:54:19.9532008Z         "Comment": "buildkit.dockerfile.v0",
build / build-image (linux/amd64, ubuntu-latest, false)	UNKNOWN STEP	2026-10-09T09:54:19.9532679Z         "Created": "2026-06-05T19:12:02.167333037Z",
build / build-image (linux/amd64, ubuntu-latest, false)	UNKNOWN STEP	2026-10-09T09:54:19.9533326Z         "DockerVersion": "",
build / build-image (linux/amd64, ubuntu-latest, false)	UNKNOWN STEP	2026-10-09T09:54:19.9533865Z         "Author": "",
build / build-image (linux/amd64, ubuntu-latest, false)	UNKNOWN STEP	2026-10-09T09:54:19.9534865Z         "Config": ***
build / build-image (linux/amd64, ubuntu-latest, false)	UNKNOWN STEP	2026-10-09T09:54:19.9535462Z             "Hostname": "",
build / build-image (linux/amd64, ubuntu-latest, false)	UNKNOWN STEP	2026-10-09T09:54:19.9536013Z             "Domainname": "",
build / build-image (linux/amd64, ubuntu-latest, false)	UNKNOWN STEP	2026-10-09T09:54:19.9536531Z             "User": "",
build / build-image (linux/amd64, ubuntu-latest, false)	UNKNOWN STEP	2026-10-09T09:54:19.9537073Z             "AttachStdin": false,
build / build-image (linux/amd64, ubuntu-latest, false)	UNKNOWN STEP	2026-10-09T09:54:19.9537635Z             "AttachStdout": false,
build / build-image (linux/amd64, ubuntu-latest, false)	UNKNOWN STEP	2026-10-09T09:54:19.9538233Z             "AttachStderr": false,
build / build-image (linux/amd64, ubuntu-latest, false)	UNKNOWN STEP	2026-10-09T09:54:19.9538787Z             "Tty": false,
build / build-image (linux/amd64, ubuntu-latest, false)	UNKNOWN STEP	2026-10-09T09:54:19.9539565Z             "OpenStdin": false,
build / build-image (linux/amd64, ubuntu-latest, false)	UNKNOWN STEP	2026-10-09T09:54:19.9540095Z             "StdinOnce": false,
build / build-image (linux/amd64, ubuntu-latest, false)	UNKNOWN STEP	2026-10-09T09:54:19.9540612Z             "Env": [
build / build-image (linux/amd64, ubuntu-latest, false)	UNKNOWN STEP	2026-10-09T09:54:19.9541309Z                 "PATH=/usr/local/sbin:/usr/local/bin:/usr/sbin:/usr/bin:/sbin:/bin",
build / build-image (linux/amd64, ubuntu-latest, false)	UNKNOWN STEP	2026-10-09T09:54:19.9542157Z                 "QEMU_PRESERVE_ARGV0=1"
build / build-image (linux/amd64, ubuntu-latest, false)	UNKNOWN STEP	2026-10-09T09:54:19.9542750Z             ],
build / build-image (linux/amd64, ubuntu-latest, false)	UNKNOWN STEP	2026-10-09T09:54:19.9543199Z             "Cmd": null,
build / build-image (linux/amd64, ubuntu-latest, false)	UNKNOWN STEP	2026-10-09T09:54:19.9543694Z             "Image": "",
build / build-image (linux/amd64, ubuntu-latest, false)	UNKNOWN STEP	2026-10-09T09:54:19.9544215Z             "Volumes": ***
build / build-image (linux/amd64, ubuntu-latest, false)	UNKNOWN STEP	2026-10-09T09:54:19.9545251Z                 "/tmp": ***
build / build-image (linux/amd64, ubuntu-latest, false)	UNKNOWN STEP	2026-10-09T09:54:19.9546207Z             ***,
build / build-image (linux/amd64, ubuntu-latest, false)	UNKNOWN STEP	2026-10-09T09:54:19.9546694Z             "WorkingDir": "/",
build / build-image (linux/amd64, ubuntu-latest, false)	UNKNOWN STEP	2026-10-09T09:54:19.9547251Z             "Entrypoint": [
build / build-image (linux/amd64, ubuntu-latest, false)	UNKNOWN STEP	2026-10-09T09:54:19.9547781Z                 "/usr/bin/binfmt"
build / build-image (linux/amd64, ubuntu-latest, false)	UNKNOWN STEP	2026-10-09T09:54:19.9548328Z             ],
build / build-image (linux/amd64, ubuntu-latest, false)	UNKNOWN STEP	2026-10-09T09:54:19.9548777Z             "OnBuild": null,
build / build-image (linux/amd64, ubuntu-latest, false)	UNKNOWN STEP	2026-10-09T09:54:19.9549317Z             "Labels": null
build / build-image (linux/amd64, ubuntu-latest, false)	UNKNOWN STEP	2026-10-09T09:54:19.9549813Z         ***,
build / build-image (linux/amd64, ubuntu-latest, false)	UNKNOWN STEP	2026-10-09T09:54:19.9550274Z         "Architecture": "amd64",
build / build-image (linux/amd64, ubuntu-latest, false)	UNKNOWN STEP	2026-10-09T09:54:19.9550792Z         "Os": "linux",
build / build-image (linux/amd64, ubuntu-latest, false)	UNKNOWN STEP	2026-10-09T09:54:19.9551273Z         "Size": 85304497,
build / build-image (linux/amd64, ubuntu-latest, false)	UNKNOWN STEP	2026-10-09T09:54:19.9551825Z         "GraphDriver": ***
build / build-image (linux/amd64, ubuntu-latest, false)	UNKNOWN STEP	2026-10-09T09:54:19.9552377Z             "Data": ***
build / build-image (linux/amd64, ubuntu-latest, false)	UNKNOWN STEP	2026-10-09T09:54:19.9553440Z                 "LowerDir": "/var/lib/docker/overlay2/4e3f020fa3b9fd091e61347e853cbe490f7d213b298eb18c2c4f69d0ac233abe/diff",
build / build-image (linux/amd64, ubuntu-latest, false)	UNKNOWN STEP	2026-10-09T09:54:19.9555444Z                 "MergedDir": "/var/lib/docker/overlay2/7c96fcfb38c28ea83298486374aa5e15474874f228038b8bd8475cebaca586cd/merged",
build / build-image (linux/amd64, ubuntu-latest, false)	UNKNOWN STEP	2026-10-09T09:54:19.9557524Z                 "UpperDir": "/var/lib/docker/overlay2/7c96fcfb38c28ea83298486374aa5e15474874f228038b8bd8475cebaca586cd/diff",
build / build-image (linux/amd64, ubuntu-latest, false)	UNKNOWN STEP	2026-10-09T09:54:19.9559255Z                 "WorkDir": "/var/lib/docker/overlay2/7c96fcfb38c28ea83298486374aa5e15474874f228038b8bd8475cebaca586cd/work"
build / build-image (linux/amd64, ubuntu-latest, false)	UNKNOWN STEP	2026-10-09T09:54:19.9560530Z             ***,
build / build-image (linux/amd64, ubuntu-latest, false)	UNKNOWN STEP	2026-10-09T09:54:19.9561060Z             "Name": "overlay2"
build / build-image (linux/amd64, ubuntu-latest, false)	UNKNOWN STEP	2026-10-09T09:54:19.9561635Z         ***,
build / build-image (linux/amd64, ubuntu-latest, false)	UNKNOWN STEP	2026-10-09T09:54:19.9562144Z         "RootFS": ***
build / build-image (linux/amd64, ubuntu-latest, false)	UNKNOWN STEP	2026-10-09T09:54:19.9562695Z             "Type": "layers",
build / build-image (linux/amd64, ubuntu-latest, false)	UNKNOWN STEP	2026-10-09T09:54:19.9563275Z             "Layers": [
build / build-image (linux/amd64, ubuntu-latest, false)	UNKNOWN STEP	2026-10-09T09:54:19.9564104Z                 "sha256:c747b796d990a647df062f87e24f1ef5e4a90a312cd9c4ae8b7d09667d57befb",
build / build-image (linux/amd64, ubuntu-latest, false)	UNKNOWN STEP	2026-10-09T09:54:19.9565744Z                 "sha256:6d831b0f477d9df7afe18e5a65c97e8084fef8fe10c2930b65f728ab68d0bb5b"
build / build-image (linux/amd64, ubuntu-latest, false)	UNKNOWN STEP	2026-10-09T09:54:19.9566670Z             ]
build / build-image (linux/amd64, ubuntu-latest, false)	UNKNOWN STEP	2026-10-09T09:54:19.9567181Z         ***,
build / build-image (linux/amd64, ubuntu-latest, false)	UNKNOWN STEP	2026-10-09T09:54:19.9568039Z         "Metadata": ***
build / build-image (linux/amd64, ubuntu-latest, false)	UNKNOWN STEP	2026-10-09T09:54:19.9568942Z             "LastTagTime": "0001-01-01T00:00:00Z"
build / build-image (linux/amd64, ubuntu-latest, false)	UNKNOWN STEP	2026-10-09T09:54:19.9570147Z         ***
build / build-image (linux/amd64, ubuntu-latest, false)	UNKNOWN STEP	2026-10-09T09:54:19.9570974Z     ***
build / build-image (linux/amd64, ubuntu-latest, false)	UNKNOWN STEP	2026-10-09T09:54:19.9571704Z ]
build / build-image (linux/amd64, ubuntu-latest, false)	UNKNOWN STEP	2026-10-09T09:54:19.9573014Z ##[endgroup]
build / build-image (linux/amd64, ubuntu-latest, false)	UNKNOWN STEP	2026-10-09T09:54:19.9574286Z ##[group]Binfmt version
build / build-image (linux/amd64, ubuntu-latest, false)	UNKNOWN STEP	2026-10-09T09:54:19.9584299Z [command]/usr/bin/docker run --rm --privileged docker.io/tonistiigi/binfmt:latest --version
build / build-image (linux/amd64, ubuntu-latest, false)	UNKNOWN STEP	2026-10-09T09:54:20.5549933Z binfmt/e29e7d7 qemu/v10.2.3 go/1.26.4
build / build-image (linux/amd64, ubuntu-latest, false)	UNKNOWN STEP	2026-10-09T09:54:20.6516404Z ##[endgroup]
build / build-image (linux/amd64, ubuntu-latest, false)	UNKNOWN STEP	2026-10-09T09:54:20.6517755Z ##[group]Installing QEMU static binaries
build / build-image (linux/amd64, ubuntu-latest, false)	UNKNOWN STEP	2026-10-09T09:54:20.6526797Z [command]/usr/bin/docker run --rm --privileged docker.io/tonistiigi/binfmt:latest --install all
build / build-image (linux/amd64, ubuntu-latest, false)	UNKNOWN STEP	2026-10-09T09:54:20.8004264Z installing: arm64 OK
build / build-image (linux/amd64, ubuntu-latest, false)	UNKNOWN STEP	2026-10-09T09:54:20.8005674Z installing: arm OK
build / build-image (linux/amd64, ubuntu-latest, false)	UNKNOWN STEP	2026-10-09T09:54:20.8006998Z installing: riscv64 OK
build / build-image (linux/amd64, ubuntu-latest, false)	UNKNOWN STEP	2026-10-09T09:54:20.8007942Z installing: s390x OK
build / build-image (linux/amd64, ubuntu-latest, false)	UNKNOWN STEP	2026-10-09T09:54:20.8013776Z installing: ppc64le OK
build / build-image (linux/amd64, ubuntu-latest, false)	UNKNOWN STEP	2026-10-09T09:54:20.8014688Z installing: mips64le OK
build / build-image (linux/amd64, ubuntu-latest, false)	UNKNOWN STEP	2026-10-09T09:54:20.8016161Z installing: mips64 OK
build / build-image (linux/amd64, ubuntu-latest, false)	UNKNOWN STEP	2026-10-09T09:54:20.8016876Z installing: loong64 OK
build / build-image (linux/amd64, ubuntu-latest, false)	UNKNOWN STEP	2026-10-09T09:54:20.8222493Z ***
build / build-image (linux/amd64, ubuntu-latest, false)	UNKNOWN STEP	2026-10-09T09:54:20.8223223Z   "supported": [
build / build-image (linux/amd64, ubuntu-latest, false)	UNKNOWN STEP	2026-10-09T09:54:20.8224355Z     "linux/amd64",
build / build-image (linux/amd64, ubuntu-latest, false)	UNKNOWN STEP	2026-10-09T09:54:20.8225900Z     "linux/amd64/v2",
build / build-image (linux/amd64, ubuntu-latest, false)	UNKNOWN STEP	2026-10-09T09:54:20.8235875Z     "linux/amd64/v3",
build / build-image (linux/amd64, ubuntu-latest, false)	UNKNOWN STEP	2026-10-09T09:54:20.8236923Z     "linux/arm64",
build / build-image (linux/amd64, ubuntu-latest, false)	UNKNOWN STEP	2026-10-09T09:54:20.8237936Z     "linux/riscv64",
build / build-image (linux/amd64, ubuntu-latest, false)	UNKNOWN STEP	2026-10-09T09:54:20.8238638Z     "linux/ppc64le",
build / build-image (linux/amd64, ubuntu-latest, false)	UNKNOWN STEP	2026-10-09T09:54:20.8239668Z     "linux/s390x",
build / build-image (linux/amd64, ubuntu-latest, false)	UNKNOWN STEP	2026-10-09T09:54:20.8240553Z     "linux/386",
build / build-image (linux/amd64, ubuntu-latest, false)	UNKNOWN STEP	2026-10-09T09:54:20.8241635Z     "linux/mips64le",
build / build-image (linux/amd64, ubuntu-latest, false)	UNKNOWN STEP	2026-10-09T09:54:20.8242392Z     "linux/mips64",
build / build-image (linux/amd64, ubuntu-latest, false)	UNKNOWN STEP	2026-10-09T09:54:20.8243495Z     "linux/loong64",
build / build-image (linux/amd64, ubuntu-latest, false)	UNKNOWN STEP	2026-10-09T09:54:20.8244314Z     "linux/arm/v7",
build / build-image (linux/amd64, ubuntu-latest, false)	UNKNOWN STEP	2026-10-09T09:54:20.8246374Z     "linux/arm/v6"
build / build-image (linux/amd64, ubuntu-latest, false)	UNKNOWN STEP	2026-10-09T09:54:20.8247178Z   ],
build / build-image (linux/amd64, ubuntu-latest, false)	UNKNOWN STEP	2026-10-09T09:54:20.8248224Z   "emulators": [
build / build-image (linux/amd64, ubuntu-latest, false)	UNKNOWN STEP	2026-10-09T09:54:20.8249121Z     "llvm-16-runtime.binfmt",
build / build-image (linux/amd64, ubuntu-latest, false)	UNKNOWN STEP	2026-10-09T09:54:20.8250355Z     "llvm-17-runtime.binfmt",
build / build-image (linux/amd64, ubuntu-latest, false)	UNKNOWN STEP	2026-10-09T09:54:20.8251274Z     "llvm-18-runtime.binfmt",
build / build-image (linux/amd64, ubuntu-latest, false)	UNKNOWN STEP	2026-10-09T09:54:20.8253029Z     "python3.12",
build / build-image (linux/amd64, ubuntu-latest, false)	UNKNOWN STEP	2026-10-09T09:54:20.8253951Z     "qemu-aarch64",
build / build-image (linux/amd64, ubuntu-latest, false)	UNKNOWN STEP	2026-10-09T09:54:20.8259561Z     "qemu-arm",
build / build-image (linux/amd64, ubuntu-latest, false)	UNKNOWN STEP	2026-10-09T09:54:20.8260405Z     "qemu-loongarch64",
build / build-image (linux/amd64, ubuntu-latest, false)	UNKNOWN STEP	2026-10-09T09:54:20.8261507Z     "qemu-mips64",
build / build-image (linux/amd64, ubuntu-latest, false)	UNKNOWN STEP	2026-10-09T09:54:20.8262385Z     "qemu-mips64el",
build / build-image (linux/amd64, ubuntu-latest, false)	UNKNOWN STEP	2026-10-09T09:54:20.8263966Z     "qemu-ppc64le",
build / build-image (linux/amd64, ubuntu-latest, false)	UNKNOWN STEP	2026-10-09T09:54:20.8264619Z     "qemu-riscv64",
build / build-image (linux/amd64, ubuntu-latest, false)	UNKNOWN STEP	2026-10-09T09:54:20.8265661Z     "qemu-s390x"
build / build-image (linux/amd64, ubuntu-latest, false)	UNKNOWN STEP	2026-10-09T09:54:20.8266710Z   ]
build / build-image (linux/amd64, ubuntu-latest, false)	UNKNOWN STEP	2026-10-09T09:54:20.8267482Z ***
build / build-image (linux/amd64, ubuntu-latest, false)	UNKNOWN STEP	2026-10-09T09:54:20.8998910Z ##[endgroup]
build / build-image (linux/amd64, ubuntu-latest, false)	UNKNOWN STEP	2026-10-09T09:54:20.9000025Z ##[group]Extracting available platforms
build / build-image (linux/amd64, ubuntu-latest, false)	UNKNOWN STEP	2026-10-09T09:54:21.1457850Z linux/amd64,linux/amd64/v2,linux/amd64/v3,linux/arm64,linux/riscv64,linux/ppc64le,linux/s390x,linux/386,linux/mips64le,linux/mips64,linux/loong64,linux/arm/v7,linux/arm/v6
build / build-image (linux/amd64, ubuntu-latest, false)	UNKNOWN STEP	2026-10-09T09:54:21.1478678Z ##[endgroup]
build / build-image (linux/amd64, ubuntu-latest, false)	UNKNOWN STEP	2026-10-09T09:54:21.1601788Z ##[end-action id=__consensys-vertical-apps_shared-services-workflows.__docker_setup-qemu-action;outcome=success;conclusion=success;duration_ms=5067]
build / build-image (linux/amd64, ubuntu-latest, false)	UNKNOWN STEP	2026-10-09T09:54:21.1608701Z ##[start-action display=Set up Docker Buildx;id=__consensys-vertical-apps_shared-services-workflows.__docker_setup-buildx-action]
build / build-image (linux/amd64, ubuntu-latest, false)	UNKNOWN STEP	2026-10-09T09:54:21.1692886Z ##[group]Run docker/setup-buildx-action@bb05f3f5519dd87d3ba754cc423b652a5edd6d2c
build / build-image (linux/amd64, ubuntu-latest, false)	UNKNOWN STEP	2026-10-09T09:54:21.1693825Z with:
build / build-image (linux/amd64, ubuntu-latest, false)	UNKNOWN STEP	2026-10-09T09:54:21.1694334Z   driver: docker-container
build / build-image (linux/amd64, ubuntu-latest, false)	UNKNOWN STEP	2026-10-09T09:54:21.1695330Z   use: true
build / build-image (linux/amd64, ubuntu-latest, false)	UNKNOWN STEP	2026-10-09T09:54:21.1695826Z   keep-state: false
build / build-image (linux/amd64, ubuntu-latest, false)	UNKNOWN STEP	2026-10-09T09:54:21.1696364Z   cache-binary: true
build / build-image (linux/amd64, ubuntu-latest, false)	UNKNOWN STEP	2026-10-09T09:54:21.1696933Z   cleanup: true
build / build-image (linux/amd64, ubuntu-latest, false)	UNKNOWN STEP	2026-10-09T09:54:21.1697458Z env:
build / build-image (linux/amd64, ubuntu-latest, false)	UNKNOWN STEP	2026-10-09T09:54:21.1698499Z   JFROG_CLI_ENV_EXCLUDE: *password*;*secret*;*key*;*token*;*auth*;JF_ARTIFACTORY_*;JF_ENV_*;JF_URL;JF_USER;JF_PASSWORD;JF_ACCESS_TOKEN
build / build-image (linux/amd64, ubuntu-latest, false)	UNKNOWN STEP	2026-10-09T09:54:21.1699706Z   JFROG_CLI_OFFER_CONFIG: false
build / build-image (linux/amd64, ubuntu-latest, false)	UNKNOWN STEP	2026-10-09T09:54:21.1700350Z   JFROG_CLI_AVOID_NEW_VERSION_WARNING: true
build / build-image (linux/amd64, ubuntu-latest, false)	UNKNOWN STEP	2026-10-09T09:54:21.1701241Z   JFROG_CLI_SOURCECODE_REPOSITORY: consensys-vertical-apps/va-mmcx-terminal
build / build-image (linux/amd64, ubuntu-latest, false)	UNKNOWN STEP	2026-10-09T09:54:21.1702154Z   JFROG_CLI_CI_JOB_ID: Validate PR
build / build-image (linux/amd64, ubuntu-latest, false)	UNKNOWN STEP	2026-10-09T09:54:21.1702771Z   JFROG_CLI_CI_RUN_ID: 37912764186
build / build-image (linux/amd64, ubuntu-latest, false)	UNKNOWN STEP	2026-10-09T09:54:21.1703409Z   JFROG_CLI_GITHUB_TOKEN: 
build / build-image (linux/amd64, ubuntu-latest, false)	UNKNOWN STEP	2026-10-09T09:54:21.1704129Z   JFROG_CLI_CI_VCS_REVISION: 312a2ed959fdac148e88be397994c69f9ac14970
build / build-image (linux/amd64, ubuntu-latest, false)	UNKNOWN STEP	2026-10-09T09:54:21.1705257Z   JFROG_CLI_CI_BRANCH: 180/merge
build / build-image (linux/amd64, ubuntu-latest, false)	UNKNOWN STEP	2026-10-09T09:54:21.1706163Z   JFROG_CLI_CI_VCS_URL: https://github.com/consensys-vertical-apps/va-mmcx-terminal
build / build-image (linux/amd64, ubuntu-latest, false)	UNKNOWN STEP	2026-10-09T09:54:21.1707110Z   JFROG_CLI_BUILD_NAME: Validate PR
build / build-image (linux/amd64, ubuntu-latest, false)	UNKNOWN STEP	2026-10-09T09:54:21.1707754Z   JFROG_CLI_BUILD_NUMBER: 813
build / build-image (linux/amd64, ubuntu-latest, false)	UNKNOWN STEP	2026-10-09T09:54:21.1708812Z   JFROG_CLI_BUILD_URL: https://github.com/consensys-vertical-apps/va-mmcx-terminal/actions/runs/37912764186
build / build-image (linux/amd64, ubuntu-latest, false)	UNKNOWN STEP	2026-10-09T09:54:21.1710064Z   JFROG_CLI_USER_AGENT: setup-jfrog-cli-github-action/5.1.0
build / build-image (linux/amd64, ubuntu-latest, false)	UNKNOWN STEP	2026-10-09T09:54:21.1710947Z   JFROG_CLI_COMMAND_SUMMARY_OUTPUT_DIR: /home/runner/work/_temp
build / build-image (linux/amd64, ubuntu-latest, false)	UNKNOWN STEP	2026-10-09T09:54:21.1711815Z   JFROG_CLI_USAGE_GH_TOKEN_FOR_CODE_SCANNING_ALERTS_PROVIDED: 
build / build-image (linux/amd64, ubuntu-latest, false)	UNKNOWN STEP	2026-10-09T09:54:21.1712639Z   SETUP_JFROG_CLI_SERVER_IDS: setup-jfrog-cli-server
build / build-image (linux/amd64, ubuntu-latest, false)	UNKNOWN STEP	2026-10-09T09:54:21.1713363Z   FILE: ./Dockerfile
build / build-image (linux/amd64, ubuntu-latest, false)	UNKNOWN STEP	2026-10-09T09:54:21.1713853Z ##[endgroup]
build / build-image (linux/amd64, ubuntu-latest, false)	UNKNOWN STEP	2026-10-09T09:54:21.3796880Z ##[group]Docker info
build / build-image (linux/amd64, ubuntu-latest, false)	UNKNOWN STEP	2026-10-09T09:54:21.3835589Z [command]/usr/bin/docker version
build / build-image (linux/amd64, ubuntu-latest, false)	UNKNOWN STEP	2026-10-09T09:54:21.4060690Z Client: Docker Engine - Community
build / build-image (linux/amd64, ubuntu-latest, false)	UNKNOWN STEP	2026-10-09T09:54:21.4061683Z  Version:           28.0.4
build / build-image (linux/amd64, ubuntu-latest, false)	UNKNOWN STEP	2026-10-09T09:54:21.4062792Z  API version:       1.48
build / build-image (linux/amd64, ubuntu-latest, false)	UNKNOWN STEP	2026-10-09T09:54:21.4063640Z  Go version:        go1.23.7
build / build-image (linux/amd64, ubuntu-latest, false)	UNKNOWN STEP	2026-10-09T09:54:21.4064500Z  Git commit:        b8034c0
build / build-image (linux/amd64, ubuntu-latest, false)	UNKNOWN STEP	2026-10-09T09:54:21.4065746Z  Built:             Tue Mar 25 15:07:16 2025
build / build-image (linux/amd64, ubuntu-latest, false)	UNKNOWN STEP	2026-10-09T09:54:21.4066684Z  OS/Arch:           linux/amd64
build / build-image (linux/amd64, ubuntu-latest, false)	UNKNOWN STEP	2026-10-09T09:54:21.4067517Z  Context:           default
build / build-image (linux/amd64, ubuntu-latest, false)	UNKNOWN STEP	2026-10-09T09:54:21.4068091Z 
build / build-image (linux/amd64, ubuntu-latest, false)	UNKNOWN STEP	2026-10-09T09:54:21.4068573Z Server: Docker Engine - Community
build / build-image (linux/amd64, ubuntu-latest, false)	UNKNOWN STEP	2026-10-09T09:54:21.4069433Z  Engine:
build / build-image (linux/amd64, ubuntu-latest, false)	UNKNOWN STEP	2026-10-09T09:54:21.4070165Z   Version:          28.0.4
build / build-image (linux/amd64, ubuntu-latest, false)	UNKNOWN STEP	2026-10-09T09:54:21.4070989Z   API version:      1.48 (minimum version 1.24)
build / build-image (linux/amd64, ubuntu-latest, false)	UNKNOWN STEP	2026-10-09T09:54:21.4071863Z   Go version:       go1.23.7
build / build-image (linux/amd64, ubuntu-latest, false)	UNKNOWN STEP	2026-10-09T09:54:21.4073033Z   Git commit:       6430e49
build / build-image (linux/amd64, ubuntu-latest, false)	UNKNOWN STEP	2026-10-09T09:54:21.4073832Z   Built:            Tue Mar 25 15:07:16 2025
build / build-image (linux/amd64, ubuntu-latest, false)	UNKNOWN STEP	2026-10-09T09:54:21.4075223Z   OS/Arch:          linux/amd64
build / build-image (linux/amd64, ubuntu-latest, false)	UNKNOWN STEP	2026-10-09T09:54:21.4076014Z   Experimental:     false
build / build-image (linux/amd64, ubuntu-latest, false)	UNKNOWN STEP	2026-10-09T09:54:21.4076676Z  containerd:
build / build-image (linux/amd64, ubuntu-latest, false)	UNKNOWN STEP	2026-10-09T09:54:21.4077274Z   Version:          v2.3.6
build / build-image (linux/amd64, ubuntu-latest, false)	UNKNOWN STEP	2026-10-09T09:54:21.4078043Z   GitCommit:        ee2735368117d2eb259779949d5e75cdafec9761
build / build-image (linux/amd64, ubuntu-latest, false)	UNKNOWN STEP	2026-10-09T09:54:21.4078868Z  runc:
build / build-image (linux/amd64, ubuntu-latest, false)	UNKNOWN STEP	2026-10-09T09:54:21.4079458Z   Version:          1.5.1
build / build-image (linux/amd64, ubuntu-latest, false)	UNKNOWN STEP	2026-10-09T09:54:21.4080123Z   GitCommit:        v1.5.1-0-g8f2685a4
build / build-image (linux/amd64, ubuntu-latest, false)	UNKNOWN STEP	2026-10-09T09:54:21.4080840Z  docker-init:
build / build-image (linux/amd64, ubuntu-latest, false)	UNKNOWN STEP	2026-10-09T09:54:21.4081455Z   Version:          0.19.0
build / build-image (linux/amd64, ubuntu-latest, false)	UNKNOWN STEP	2026-10-09T09:54:21.4082131Z   GitCommit:        de40ad0
build / build-image (linux/amd64, ubuntu-latest, false)	UNKNOWN STEP	2026-10-09T09:54:21.4184008Z [command]/usr/bin/docker info
build / build-image (linux/amd64, ubuntu-latest, false)	UNKNOWN STEP	2026-10-09T09:54:21.4798722Z Client: Docker Engine - Community
build / build-image (linux/amd64, ubuntu-latest, false)	UNKNOWN STEP	2026-10-09T09:54:21.4799782Z  Version:    28.0.4
build / build-image (linux/amd64, ubuntu-latest, false)	UNKNOWN STEP	2026-10-09T09:54:21.4800455Z  Context:    default
build / build-image (linux/amd64, ubuntu-latest, false)	UNKNOWN STEP	2026-10-09T09:54:21.4801083Z  Debug Mode: false
build / build-image (linux/amd64, ubuntu-latest, false)	UNKNOWN STEP	2026-10-09T09:54:21.4802083Z  Plugins:
build / build-image (linux/amd64, ubuntu-latest, false)	UNKNOWN STEP	2026-10-09T09:54:21.4802719Z   buildx: Docker Buildx (Docker Inc.)
build / build-image (linux/amd64, ubuntu-latest, false)	UNKNOWN STEP	2026-10-09T09:54:21.4803436Z     Version:  v0.37.2
build / build-image (linux/amd64, ubuntu-latest, false)	UNKNOWN STEP	2026-10-09T09:54:21.4804165Z     Path:     /usr/libexec/docker/cli-plugins/docker-buildx
build / build-image (linux/amd64, ubuntu-latest, false)	UNKNOWN STEP	2026-10-09T09:54:21.4805379Z   compose: Docker Compose (Docker Inc.)
build / build-image (linux/amd64, ubuntu-latest, false)	UNKNOWN STEP	2026-10-09T09:54:21.4806125Z     Version:  v2.38.2
build / build-image (linux/amd64, ubuntu-latest, false)	UNKNOWN STEP	2026-10-09T09:54:21.4806873Z     Path:     /usr/libexec/docker/cli-plugins/docker-compose
build / build-image (linux/amd64, ubuntu-latest, false)	UNKNOWN STEP	2026-10-09T09:54:21.4807649Z 
build / build-image (linux/amd64, ubuntu-latest, false)	UNKNOWN STEP	2026-10-09T09:54:21.4807999Z Server:
build / build-image (linux/amd64, ubuntu-latest, false)	UNKNOWN STEP	2026-10-09T09:54:21.4808599Z  Containers: 0
build / build-image (linux/amd64, ubuntu-latest, false)	UNKNOWN STEP	2026-10-09T09:54:21.4809207Z   Running: 0
build / build-image (linux/amd64, ubuntu-latest, false)	UNKNOWN STEP	2026-10-09T09:54:21.4809801Z   Paused: 0
build / build-image (linux/amd64, ubuntu-latest, false)	UNKNOWN STEP	2026-10-09T09:54:21.4810383Z   Stopped: 0
build / build-image (linux/amd64, ubuntu-latest, false)	UNKNOWN STEP	2026-10-09T09:54:21.4811206Z  Images: 7
build / build-image (linux/amd64, ubuntu-latest, false)	UNKNOWN STEP	2026-10-09T09:54:21.4811718Z  Server Version: 28.0.4
build / build-image (linux/amd64, ubuntu-latest, false)	UNKNOWN STEP	2026-10-09T09:54:21.4812589Z  Storage Driver: overlay2
build / build-image (linux/amd64, ubuntu-latest, false)	UNKNOWN STEP	2026-10-09T09:54:21.4813160Z   Backing Filesystem: extfs
build / build-image (linux/amd64, ubuntu-latest, false)	UNKNOWN STEP	2026-10-09T09:54:21.4813724Z   Supports d_type: true
build / build-image (linux/amd64, ubuntu-latest, false)	UNKNOWN STEP	2026-10-09T09:54:21.4814257Z   Using metacopy: false
build / build-image (linux/amd64, ubuntu-latest, false)	UNKNOWN STEP	2026-10-09T09:54:21.4815280Z   Native Overlay Diff: false
build / build-image (linux/amd64, ubuntu-latest, false)	UNKNOWN STEP	2026-10-09T09:54:21.4815843Z   userxattr: false
build / build-image (linux/amd64, ubuntu-latest, false)	UNKNOWN STEP	2026-10-09T09:54:21.4816334Z  Logging Driver: json-file
build / build-image (linux/amd64, ubuntu-latest, false)	UNKNOWN STEP	2026-10-09T09:54:21.4816863Z  Cgroup Driver: systemd
build / build-image (linux/amd64, ubuntu-latest, false)	UNKNOWN STEP	2026-10-09T09:54:21.4817360Z  Cgroup Version: 2
build / build-image (linux/amd64, ubuntu-latest, false)	UNKNOWN STEP	2026-10-09T09:54:21.4817823Z  Plugins:
build / build-image (linux/amd64, ubuntu-latest, false)	UNKNOWN STEP	2026-10-09T09:54:21.4818262Z   Volume: local
build / build-image (linux/amd64, ubuntu-latest, false)	UNKNOWN STEP	2026-10-09T09:54:21.4818797Z   Network: bridge host ipvlan macvlan null overlay
build / build-image (linux/amd64, ubuntu-latest, false)	UNKNOWN STEP	2026-10-09T09:54:21.4819657Z   Log: awslogs fluentd gcplogs gelf journald json-file local splunk syslog
build / build-image (linux/amd64, ubuntu-latest, false)	UNKNOWN STEP	2026-10-09T09:54:21.4820440Z  Swarm: inactive
build / build-image (linux/amd64, ubuntu-latest, false)	UNKNOWN STEP	2026-10-09T09:54:21.4820939Z  Runtimes: io.containerd.runc.v2 runc
build / build-image (linux/amd64, ubuntu-latest, false)	UNKNOWN STEP	2026-10-09T09:54:21.4821525Z  Default Runtime: runc
build / build-image (linux/amd64, ubuntu-latest, false)	UNKNOWN STEP	2026-10-09T09:54:21.4822025Z  Init Binary: docker-init
build / build-image (linux/amd64, ubuntu-latest, false)	UNKNOWN STEP	2026-10-09T09:54:21.4822559Z  containerd version: ee2735368117d2eb259779949d5e75cdafec9761
build / build-image (linux/amd64, ubuntu-latest, false)	UNKNOWN STEP	2026-10-09T09:54:21.4823019Z  runc version: v1.5.1-0-g8f2685a4
build / build-image (linux/amd64, ubuntu-latest, false)	UNKNOWN STEP	2026-10-09T09:54:21.4823358Z  init version: de40ad0
build / build-image (linux/amd64, ubuntu-latest, false)	UNKNOWN STEP	2026-10-09T09:54:21.4823650Z  Security Options:
build / build-image (linux/amd64, ubuntu-latest, false)	UNKNOWN STEP	2026-10-09T09:54:21.4823929Z   apparmor
build / build-image (linux/amd64, ubuntu-latest, false)	UNKNOWN STEP	2026-10-09T09:54:21.4824199Z   seccomp
build / build-image (linux/amd64, ubuntu-latest, false)	UNKNOWN STEP	2026-10-09T09:54:21.4824463Z    Profile: builtin
build / build-image (linux/amd64, ubuntu-latest, false)	UNKNOWN STEP	2026-10-09T09:54:21.4825145Z   cgroupns
build / build-image (linux/amd64, ubuntu-latest, false)	UNKNOWN STEP	2026-10-09T09:54:21.4825510Z  Kernel Version: 6.17.0-1022-azure
build / build-image (linux/amd64, ubuntu-latest, false)	UNKNOWN STEP	2026-10-09T09:54:21.4825869Z  Operating System: Ubuntu 24.04.5 LTS
build / build-image (linux/amd64, ubuntu-latest, false)	UNKNOWN STEP	2026-10-09T09:54:21.4826216Z  OSType: linux
build / build-image (linux/amd64, ubuntu-latest, false)	UNKNOWN STEP	2026-10-09T09:54:21.4826495Z  Architecture: x86_64
build / build-image (linux/amd64, ubuntu-latest, false)	UNKNOWN STEP	2026-10-09T09:54:21.4826783Z  CPUs: 2
build / build-image (linux/amd64, ubuntu-latest, false)	UNKNOWN STEP	2026-10-09T09:54:21.4827044Z  Total Memory: 7.752GiB
build / build-image (linux/amd64, ubuntu-latest, false)	UNKNOWN STEP	2026-10-09T09:54:21.4827354Z  Name: runnervmmprz5
build / build-image (linux/amd64, ubuntu-latest, false)	UNKNOWN STEP	2026-10-09T09:54:21.4827673Z  ID: 07f0e779-c305-4162-b8ec-c48c30f52fbe
build / build-image (linux/amd64, ubuntu-latest, false)	UNKNOWN STEP	2026-10-09T09:54:21.4828044Z  Docker Root Dir: /var/lib/docker
build / build-image (linux/amd64, ubuntu-latest, false)	UNKNOWN STEP	2026-10-09T09:54:21.4828368Z  Debug Mode: false
build / build-image (linux/amd64, ubuntu-latest, false)	UNKNOWN STEP	2026-10-09T09:54:21.4828655Z  Username: githubactions
build / build-image (linux/amd64, ubuntu-latest, false)	UNKNOWN STEP	2026-10-09T09:54:21.4828961Z  Experimental: false
build / build-image (linux/amd64, ubuntu-latest, false)	UNKNOWN STEP	2026-10-09T09:54:21.4829252Z  Insecure Registries:
build / build-image (linux/amd64, ubuntu-latest, false)	UNKNOWN STEP	2026-10-09T09:54:21.4829562Z   ::1/128
build / build-image (linux/amd64, ubuntu-latest, false)	UNKNOWN STEP	2026-10-09T09:54:21.4829806Z   127.0.0.0/8
build / build-image (linux/amd64, ubuntu-latest, false)	UNKNOWN STEP	2026-10-09T09:54:21.4830080Z  Live Restore Enabled: false
build / build-image (linux/amd64, ubuntu-latest, false)	UNKNOWN STEP	2026-10-09T09:54:21.4830269Z 
build / build-image (linux/amd64, ubuntu-latest, false)	UNKNOWN STEP	2026-10-09T09:54:21.4837040Z ##[endgroup]
build / build-image (linux/amd64, ubuntu-latest, false)	UNKNOWN STEP	2026-10-09T09:54:21.5643751Z ##[group]Buildx version
build / build-image (linux/amd64, ubuntu-latest, false)	UNKNOWN STEP	2026-10-09T09:54:21.5679795Z [command]/usr/bin/docker buildx version
build / build-image (linux/amd64, ubuntu-latest, false)	UNKNOWN STEP	2026-10-09T09:54:21.6236961Z github.com/docker/buildx v0.37.2 2d379c0c3f22da0d2759d132a0ec81ca949098f0
build / build-image (linux/amd64, ubuntu-latest, false)	UNKNOWN STEP	2026-10-09T09:54:21.6268177Z ##[endgroup]
build / build-image (linux/amd64, ubuntu-latest, false)	UNKNOWN STEP	2026-10-09T09:54:21.6427115Z ##[group]Inspecting default docker context
build / build-image (linux/amd64, ubuntu-latest, false)	UNKNOWN STEP	2026-10-09T09:54:21.6587163Z [
build / build-image (linux/amd64, ubuntu-latest, false)	UNKNOWN STEP	2026-10-09T09:54:21.6587887Z   ***
build / build-image (linux/amd64, ubuntu-latest, false)	UNKNOWN STEP	2026-10-09T09:54:21.6588756Z     "Name": "default",
build / build-image (linux/amd64, ubuntu-latest, false)	UNKNOWN STEP	2026-10-09T09:54:21.6589573Z     "Metadata": ***,
build / build-image (linux/amd64, ubuntu-latest, false)	UNKNOWN STEP	2026-10-09T09:54:21.6590365Z     "Endpoints": ***
build / build-image (linux/amd64, ubuntu-latest, false)	UNKNOWN STEP	2026-10-09T09:54:21.6591129Z       "docker": ***
build / build-image (linux/amd64, ubuntu-latest, false)	UNKNOWN STEP	2026-10-09T09:54:21.6591933Z         "Host": "unix:///var/run/docker.sock",
build / build-image (linux/amd64, ubuntu-latest, false)	UNKNOWN STEP	2026-10-09T09:54:21.6592889Z         "SkipTLSVerify": false
build / build-image (linux/amd64, ubuntu-latest, false)	UNKNOWN STEP	2026-10-09T09:54:21.6593745Z       ***
build / build-image (linux/amd64, ubuntu-latest, false)	UNKNOWN STEP	2026-10-09T09:54:21.6594470Z     ***,
build / build-image (linux/amd64, ubuntu-latest, false)	UNKNOWN STEP	2026-10-09T09:54:21.6595522Z     "TLSMaterial": ***,
build / build-image (linux/amd64, ubuntu-latest, false)	UNKNOWN STEP	2026-10-09T09:54:21.6596331Z     "Storage": ***
build / build-image (linux/amd64, ubuntu-latest, false)	UNKNOWN STEP	2026-10-09T09:54:21.6597100Z       "MetadataPath": "<IN MEMORY>",
build / build-image (linux/amd64, ubuntu-latest, false)	UNKNOWN STEP	2026-10-09T09:54:21.6598362Z       "TLSPath": "<IN MEMORY>"
build / build-image (linux/amd64, ubuntu-latest, false)	UNKNOWN STEP	2026-10-09T09:54:21.6599259Z     ***
build / build-image (linux/amd64, ubuntu-latest, false)	UNKNOWN STEP	2026-10-09T09:54:21.6599923Z   ***
build / build-image (linux/amd64, ubuntu-latest, false)	UNKNOWN STEP	2026-10-09T09:54:21.6600615Z ]
build / build-image (linux/amd64, ubuntu-latest, false)	UNKNOWN STEP	2026-10-09T09:54:21.6601761Z ##[endgroup]
build / build-image (linux/amd64, ubuntu-latest, false)	UNKNOWN STEP	2026-10-09T09:54:21.6602925Z ##[group]Creating a new builder instance
build / build-image (linux/amd64, ubuntu-latest, false)	UNKNOWN STEP	2026-10-09T09:54:21.7961965Z [command]/usr/bin/docker buildx create --name builder-12d75ace-f8c7-4c53-8f59-a6df78e093cc --driver docker-container --buildkitd-flags --allow-insecure-entitlement security.insecure --allow-insecure-entitlement network.host --use
build / build-image (linux/amd64, ubuntu-latest, false)	UNKNOWN STEP	2026-10-09T09:54:21.8722904Z builder-12d75ace-f8c7-4c53-8f59-a6df78e093cc
build / build-image (linux/amd64, ubuntu-latest, false)	UNKNOWN STEP	2026-10-09T09:54:21.8758743Z ##[endgroup]
build / build-image (linux/amd64, ubuntu-latest, false)	UNKNOWN STEP	2026-10-09T09:54:21.8759845Z ##[group]Booting builder
build / build-image (linux/amd64, ubuntu-latest, false)	UNKNOWN STEP	2026-10-09T09:54:21.8802824Z [command]/usr/bin/docker buildx inspect --bootstrap --builder builder-12d75ace-f8c7-4c53-8f59-a6df78e093cc
build / build-image (linux/amd64, ubuntu-latest, false)	UNKNOWN STEP	2026-10-09T09:54:21.9554843Z #1 [internal] booting buildkit
build / build-image (linux/amd64, ubuntu-latest, false)	UNKNOWN STEP	2026-10-09T09:54:22.1061724Z #1 pulling image moby/buildkit:buildx-stable-1
build / build-image (linux/amd64, ubuntu-latest, false)	UNKNOWN STEP	2026-10-09T09:54:25.5835679Z #1 pulling image moby/buildkit:buildx-stable-1 3.6s done
build / build-image (linux/amd64, ubuntu-latest, false)	UNKNOWN STEP	2026-10-09T09:54:25.7375295Z #1 creating container buildx_buildkit_builder-12d75ace-f8c7-4c53-8f59-a6df78e093cc0
build / build-image (linux/amd64, ubuntu-latest, false)	UNKNOWN STEP	2026-10-09T09:54:25.9741289Z #1 creating container buildx_buildkit_builder-12d75ace-f8c7-4c53-8f59-a6df78e093cc0 0.4s done
build / build-image (linux/amd64, ubuntu-latest, false)	UNKNOWN STEP	2026-10-09T09:54:26.0086944Z #1 DONE 4.0s
build / build-image (linux/amd64, ubuntu-latest, false)	UNKNOWN STEP	2026-10-09T09:54:26.0470483Z Name:          builder-12d75ace-f8c7-4c53-8f59-a6df78e093cc
build / build-image (linux/amd64, ubuntu-latest, false)	UNKNOWN STEP	2026-10-09T09:54:26.0475851Z Driver:        docker-container
build / build-image (linux/amd64, ubuntu-latest, false)	UNKNOWN STEP	2026-10-09T09:54:26.0476621Z Last Activity: 2026-10-09 09:54:21 +0000 UTC
build / build-image (linux/amd64, ubuntu-latest, false)	UNKNOWN STEP	2026-10-09T09:54:26.0477189Z 
build / build-image (linux/amd64, ubuntu-latest, false)	UNKNOWN STEP	2026-10-09T09:54:26.0477469Z Nodes:
build / build-image (linux/amd64, ubuntu-latest, false)	UNKNOWN STEP	2026-10-09T09:54:26.0478130Z Name:                  builder-12d75ace-f8c7-4c53-8f59-a6df78e093cc0
build / build-image (linux/amd64, ubuntu-latest, false)	UNKNOWN STEP	2026-10-09T09:54:26.0479046Z Endpoint:              unix:///var/run/docker.sock
build / build-image (linux/amd64, ubuntu-latest, false)	UNKNOWN STEP	2026-10-09T09:54:26.0479788Z Status:                running
build / build-image (linux/amd64, ubuntu-latest, false)	UNKNOWN STEP	2026-10-09T09:54:26.0480956Z BuildKit daemon flags: --allow-insecure-entitlement security.insecure --allow-insecure-entitlement network.host
build / build-image (linux/amd64, ubuntu-latest, false)	UNKNOWN STEP	2026-10-09T09:54:26.0482152Z BuildKit version:      v0.33.1
build / build-image (linux/amd64, ubuntu-latest, false)	UNKNOWN STEP	2026-10-09T09:54:26.0483795Z Platforms:             linux/amd64, linux/amd64/v2, linux/amd64/v3, linux/arm64, linux/riscv64, linux/ppc64le, linux/s390x, linux/386, linux/mips64le, linux/mips64, linux/loong64, linux/arm/v7, linux/arm/v6
build / build-image (linux/amd64, ubuntu-latest, false)	UNKNOWN STEP	2026-10-09T09:54:26.0485579Z Labels:
build / build-image (linux/amd64, ubuntu-latest, false)	UNKNOWN STEP	2026-10-09T09:54:26.0486258Z  org.mobyproject.buildkit.worker.executor:         oci
build / build-image (linux/amd64, ubuntu-latest, false)	UNKNOWN STEP	2026-10-09T09:54:26.0487234Z  org.mobyproject.buildkit.worker.hostname:         fc17f03262ce
build / build-image (linux/amd64, ubuntu-latest, false)	UNKNOWN STEP	2026-10-09T09:54:26.0488317Z  org.mobyproject.buildkit.worker.network:          host
build / build-image (linux/amd64, ubuntu-latest, false)	UNKNOWN STEP	2026-10-09T09:54:26.0489367Z  org.mobyproject.buildkit.worker.oci.process-mode: sandbox
build / build-image (linux/amd64, ubuntu-latest, false)	UNKNOWN STEP	2026-10-09T09:54:26.0490397Z  org.mobyproject.buildkit.worker.selinux.enabled:  false
build / build-image (linux/amd64, ubuntu-latest, false)	UNKNOWN STEP	2026-10-09T09:54:26.0491405Z  org.mobyproject.buildkit.worker.snapshotter:      overlayfs
build / build-image (linux/amd64, ubuntu-latest, false)	UNKNOWN STEP	2026-10-09T09:54:26.0493060Z GC Policy rule#0:
build / build-image (linux/amd64, ubuntu-latest, false)	UNKNOWN STEP	2026-10-09T09:54:26.0494331Z  All:            false
build / build-image (linux/amd64, ubuntu-latest, false)	UNKNOWN STEP	2026-10-09T09:54:26.0495542Z  Filters:        type==source.local type==exec.cachemount type==source.git.checkout
build / build-image (linux/amd64, ubuntu-latest, false)	UNKNOWN STEP	2026-10-09T09:54:26.0505401Z  Keep Duration:  48h0m0s
build / build-image (linux/amd64, ubuntu-latest, false)	UNKNOWN STEP	2026-10-09T09:54:26.0506260Z  Max Used Space: 488.3MiB
build / build-image (linux/amd64, ubuntu-latest, false)	UNKNOWN STEP	2026-10-09T09:54:26.0507119Z GC Policy rule#1:
build / build-image (linux/amd64, ubuntu-latest, false)	UNKNOWN STEP	2026-10-09T09:54:26.0508077Z  All:            false
build / build-image (linux/amd64, ubuntu-latest, false)	UNKNOWN STEP	2026-10-09T09:54:26.0508931Z  Keep Duration:  1440h0m0s
build / build-image (linux/amd64, ubuntu-latest, false)	UNKNOWN STEP	2026-10-09T09:54:26.0510040Z  Reserved Space: 7.451GiB
build / build-image (linux/amd64, ubuntu-latest, false)	UNKNOWN STEP	2026-10-09T09:54:26.0511221Z  Max Used Space: 54.02GiB
build / build-image (linux/amd64, ubuntu-latest, false)	UNKNOWN STEP	2026-10-09T09:54:26.0512244Z  Min Free Space: 13.97GiB
build / build-image (linux/amd64, ubuntu-latest, false)	UNKNOWN STEP	2026-10-09T09:54:26.0513218Z GC Policy rule#2:
build / build-image (linux/amd64, ubuntu-latest, false)	UNKNOWN STEP	2026-10-09T09:54:26.0514432Z  All:            false
build / build-image (linux/amd64, ubuntu-latest, false)	UNKNOWN STEP	2026-10-09T09:54:26.0515967Z  Reserved Space: 7.451GiB
build / build-image (linux/amd64, ubuntu-latest, false)	UNKNOWN STEP	2026-10-09T09:54:26.0517969Z  Max Used Space: 54.02GiB
build / build-image (linux/amd64, ubuntu-latest, false)	UNKNOWN STEP	2026-10-09T09:54:26.0519013Z  Min Free Space: 13.97GiB
build / build-image (linux/amd64, ubuntu-latest, false)	UNKNOWN STEP	2026-10-09T09:54:26.0520458Z GC Policy rule#3:
build / build-image (linux/amd64, ubuntu-latest, false)	UNKNOWN STEP	2026-10-09T09:54:26.0521718Z  All:            true
build / build-image (linux/amd64, ubuntu-latest, false)	UNKNOWN STEP	2026-10-09T09:54:26.0522863Z  Reserved Space: 7.451GiB
build / build-image (linux/amd64, ubuntu-latest, false)	UNKNOWN STEP	2026-10-09T09:54:26.0523462Z  Max Used Space: 54.02GiB
build / build-image (linux/amd64, ubuntu-latest, false)	UNKNOWN STEP	2026-10-09T09:54:26.0525355Z  Min Free Space: 13.97GiB
build / build-image (linux/amd64, ubuntu-latest, false)	UNKNOWN STEP	2026-10-09T09:54:26.0571264Z ##[endgroup]
build / build-image (linux/amd64, ubuntu-latest, false)	UNKNOWN STEP	2026-10-09T09:54:26.1605103Z ##[group]Inspect builder
build / build-image (linux/amd64, ubuntu-latest, false)	UNKNOWN STEP	2026-10-09T09:54:26.1606499Z ***
build / build-image (linux/amd64, ubuntu-latest, false)	UNKNOWN STEP	2026-10-09T09:54:26.1607169Z   "nodes": [
build / build-image (linux/amd64, ubuntu-latest, false)	UNKNOWN STEP	2026-10-09T09:54:26.1607771Z     ***
build / build-image (linux/amd64, ubuntu-latest, false)	UNKNOWN STEP	2026-10-09T09:54:26.1608614Z       "name": "builder-12d75ace-f8c7-4c53-8f59-a6df78e093cc0",
build / build-image (linux/amd64, ubuntu-latest, false)	UNKNOWN STEP	2026-10-09T09:54:26.1609608Z       "endpoint": "unix:///var/run/docker.sock",
build / build-image (linux/amd64, ubuntu-latest, false)	UNKNOWN STEP	2026-10-09T09:54:26.1610471Z       "status": "running",
build / build-image (linux/amd64, ubuntu-latest, false)	UNKNOWN STEP	2026-10-09T09:54:26.1611663Z       "buildkitd-flags": "--allow-insecure-entitlement security.insecure --allow-insecure-entitlement network.host",
build / build-image (linux/amd64, ubuntu-latest, false)	UNKNOWN STEP	2026-10-09T09:54:26.1612924Z       "buildkit": "v0.33.1",
build / build-image (linux/amd64, ubuntu-latest, false)	UNKNOWN STEP	2026-10-09T09:54:26.1614907Z       "platforms": "linux/amd64,linux/amd64/v2,linux/amd64/v3,linux/arm64,linux/riscv64,linux/ppc64le,linux/s390x,linux/386,linux/mips64le,linux/mips64,linux/loong64,linux/arm/v7,linux/arm/v6",
build / build-image (linux/amd64, ubuntu-latest, false)	UNKNOWN STEP	2026-10-09T09:54:26.1616803Z       "features": ***
build / build-image (linux/amd64, ubuntu-latest, false)	UNKNOWN STEP	2026-10-09T09:54:26.1617819Z         "Automatically load images to the Docker Engine image store": true,
build / build-image (linux/amd64, ubuntu-latest, false)	UNKNOWN STEP	2026-10-09T09:54:26.1618899Z         "Cache export": true,
build / build-image (linux/amd64, ubuntu-latest, false)	UNKNOWN STEP	2026-10-09T09:54:26.1619639Z         "Direct push": true,
build / build-image (linux/amd64, ubuntu-latest, false)	UNKNOWN STEP	2026-10-09T09:54:26.1620447Z         "Docker exporter": true,
build / build-image (linux/amd64, ubuntu-latest, false)	UNKNOWN STEP	2026-10-09T09:54:26.1621295Z         "Multi-platform build": true,
build / build-image (linux/amd64, ubuntu-latest, false)	UNKNOWN STEP	2026-10-09T09:54:26.1622104Z         "OCI exporter": true
build / build-image (linux/amd64, ubuntu-latest, false)	UNKNOWN STEP	2026-10-09T09:54:26.1622837Z       ***,
build / build-image (linux/amd64, ubuntu-latest, false)	UNKNOWN STEP	2026-10-09T09:54:26.1623499Z       "labels": ***
build / build-image (linux/amd64, ubuntu-latest, false)	UNKNOWN STEP	2026-10-09T09:54:26.1642953Z         "org.mobyproject.buildkit.worker.executor": "oci",
build / build-image (linux/amd64, ubuntu-latest, false)	UNKNOWN STEP	2026-10-09T09:54:26.1644178Z         "org.mobyproject.buildkit.worker.hostname": "fc17f03262ce",
build / build-image (linux/amd64, ubuntu-latest, false)	UNKNOWN STEP	2026-10-09T09:54:26.1645633Z         "org.mobyproject.buildkit.worker.network": "host",
build / build-image (linux/amd64, ubuntu-latest, false)	UNKNOWN STEP	2026-10-09T09:54:26.1646811Z         "org.mobyproject.buildkit.worker.oci.process-mode": "sandbox",
build / build-image (linux/amd64, ubuntu-latest, false)	UNKNOWN STEP	2026-10-09T09:54:26.1648331Z         "org.mobyproject.buildkit.worker.selinux.enabled": "false",
build / build-image (linux/amd64, ubuntu-latest, false)	UNKNOWN STEP	2026-10-09T09:54:26.1649564Z         "org.mobyproject.buildkit.worker.snapshotter": "overlayfs"
build / build-image (linux/amd64, ubuntu-latest, false)	UNKNOWN STEP	2026-10-09T09:54:26.1650605Z       ***,
build / build-image (linux/amd64, ubuntu-latest, false)	UNKNOWN STEP	2026-10-09T09:54:26.1651302Z       "gcPolicy": [
build / build-image (linux/amd64, ubuntu-latest, false)	UNKNOWN STEP	2026-10-09T09:54:26.1652037Z         ***
build / build-image (linux/amd64, ubuntu-latest, false)	UNKNOWN STEP	2026-10-09T09:54:26.1652751Z           "all": false,
build / build-image (linux/amd64, ubuntu-latest, false)	UNKNOWN STEP	2026-10-09T09:54:26.1653539Z           "filter": [
build / build-image (linux/amd64, ubuntu-latest, false)	UNKNOWN STEP	2026-10-09T09:54:26.1654516Z             "type==source.local type==exec.cachemount type==source.git.checkout"
build / build-image (linux/amd64, ubuntu-latest, false)	UNKNOWN STEP	2026-10-09T09:54:26.1655885Z           ],
build / build-image (linux/amd64, ubuntu-latest, false)	UNKNOWN STEP	2026-10-09T09:54:26.1656717Z           "keepDuration": "48h0m0s",
build / build-image (linux/amd64, ubuntu-latest, false)	UNKNOWN STEP	2026-10-09T09:54:26.1657553Z           "maxUsedSpace": "488.3MiB"
build / build-image (linux/amd64, ubuntu-latest, false)	UNKNOWN STEP	2026-10-09T09:54:26.1658493Z         ***,
build / build-image (linux/amd64, ubuntu-latest, false)	UNKNOWN STEP	2026-10-09T09:54:26.1659168Z         ***
build / build-image (linux/amd64, ubuntu-latest, false)	UNKNOWN STEP	2026-10-09T09:54:26.1659856Z           "all": false,
build / build-image (linux/amd64, ubuntu-latest, false)	UNKNOWN STEP	2026-10-09T09:54:26.1660577Z           "keepDuration": "1440h0m0s",
build / build-image (linux/amd64, ubuntu-latest, false)	UNKNOWN STEP	2026-10-09T09:54:26.1661406Z           "reservedSpace": "7.451GiB",
build / build-image (linux/amd64, ubuntu-latest, false)	UNKNOWN STEP	2026-10-09T09:54:26.1662142Z           "maxUsedSpace": "54.02GiB",
build / build-image (linux/amd64, ubuntu-latest, false)	UNKNOWN STEP	2026-10-09T09:54:26.1662943Z           "minFreeSpace": "13.97GiB"
build / build-image (linux/amd64, ubuntu-latest, false)	UNKNOWN STEP	2026-10-09T09:54:26.1663726Z         ***,
build / build-image (linux/amd64, ubuntu-latest, false)	UNKNOWN STEP	2026-10-09T09:54:26.1665681Z         ***
build / build-image (linux/amd64, ubuntu-latest, false)	UNKNOWN STEP	2026-10-09T09:54:26.1666588Z           "all": false,
build / build-image (linux/amd64, ubuntu-latest, false)	UNKNOWN STEP	2026-10-09T09:54:26.1667612Z           "reservedSpace": "7.451GiB",
build / build-image (linux/amd64, ubuntu-latest, false)	UNKNOWN STEP	2026-10-09T09:54:26.1668375Z           "maxUsedSpace": "54.02GiB",
build / build-image (linux/amd64, ubuntu-latest, false)	UNKNOWN STEP	2026-10-09T09:54:26.1669406Z           "minFreeSpace": "13.97GiB"
build / build-image (linux/amd64, ubuntu-latest, false)	UNKNOWN STEP	2026-10-09T09:54:26.1670111Z         ***,
build / build-image (linux/amd64, ubuntu-latest, false)	UNKNOWN STEP	2026-10-09T09:54:26.1670707Z         ***
build / build-image (linux/amd64, ubuntu-latest, false)	UNKNOWN STEP	2026-10-09T09:54:26.1671278Z           "all": true,
build / build-image (linux/amd64, ubuntu-latest, false)	UNKNOWN STEP	2026-10-09T09:54:26.1671922Z           "reservedSpace": "7.451GiB",
build / build-image (linux/amd64, ubuntu-latest, false)	UNKNOWN STEP	2026-10-09T09:54:26.1672632Z           "maxUsedSpace": "54.02GiB",
build / build-image (linux/amd64, ubuntu-latest, false)	UNKNOWN STEP	2026-10-09T09:54:26.1673335Z           "minFreeSpace": "13.97GiB"
build / build-image (linux/amd64, ubuntu-latest, false)	UNKNOWN STEP	2026-10-09T09:54:26.1674025Z         ***
build / build-image (linux/amd64, ubuntu-latest, false)	UNKNOWN STEP	2026-10-09T09:54:26.1674858Z       ]
build / build-image (linux/amd64, ubuntu-latest, false)	UNKNOWN STEP	2026-10-09T09:54:26.1675473Z     ***
build / build-image (linux/amd64, ubuntu-latest, false)	UNKNOWN STEP	2026-10-09T09:54:26.1676035Z   ],
build / build-image (linux/amd64, ubuntu-latest, false)	UNKNOWN STEP	2026-10-09T09:54:26.1676716Z   "name": "builder-12d75ace-f8c7-4c53-8f59-a6df78e093cc",
build / build-image (linux/amd64, ubuntu-latest, false)	UNKNOWN STEP	2026-10-09T09:54:26.1677559Z   "driver": "docker-container",
build / build-image (linux/amd64, ubuntu-latest, false)	UNKNOWN STEP	2026-10-09T09:54:26.1678320Z   "lastActivity": "2026-10-09T09:54:21.000Z"
build / build-image (linux/amd64, ubuntu-latest, false)	UNKNOWN STEP	2026-10-09T09:54:26.1679122Z ***
build / build-image (linux/amd64, ubuntu-latest, false)	UNKNOWN STEP	2026-10-09T09:54:26.1680041Z ##[endgroup]
build / build-image (linux/amd64, ubuntu-latest, false)	UNKNOWN STEP	2026-10-09T09:54:26.1680939Z ##[group]BuildKit version
build / build-image (linux/amd64, ubuntu-latest, false)	UNKNOWN STEP	2026-10-09T09:54:26.1681679Z builder-12d75ace-f8c7-4c53-8f59-a6df78e093cc0: v0.33.1
build / build-image (linux/amd64, ubuntu-latest, false)	UNKNOWN STEP	2026-10-09T09:54:26.1682797Z ##[endgroup]
build / build-image (linux/amd64, ubuntu-latest, false)	UNKNOWN STEP	2026-10-09T09:54:26.1735923Z ##[end-action id=__consensys-vertical-apps_shared-services-workflows.__docker_setup-buildx-action;outcome=success;conclusion=success;duration_ms=5012]
build / build-image (linux/amd64, ubuntu-latest, false)	UNKNOWN STEP	2026-10-09T09:54:26.1741445Z ##[start-action display=Configure AWS credentials;id=__consensys-vertical-apps_shared-services-workflows.configure-aws-credentials]
build / build-image (linux/amd64, ubuntu-latest, false)	UNKNOWN STEP	2026-10-09T09:54:26.1822644Z ##[group]Run aws-actions/configure-aws-credentials@e7f100cf4c008499ea8adda475de1042d6975c7b
build / build-image (linux/amd64, ubuntu-latest, false)	UNKNOWN STEP	2026-10-09T09:54:26.1823192Z with:
build / build-image (linux/amd64, ubuntu-latest, false)	UNKNOWN STEP	2026-10-09T09:54:26.1823596Z   role-to-assume: arn:aws:iam::471636589850:role/ecr-github-public-cache-pull
build / build-image (linux/amd64, ubuntu-latest, false)	UNKNOWN STEP	2026-10-09T09:54:26.1824084Z   aws-region: us-east-2
build / build-image (linux/amd64, ubuntu-latest, false)	UNKNOWN STEP	2026-10-09T09:54:26.1824398Z   mask-aws-account-id: true
build / build-image (linux/amd64, ubuntu-latest, false)	UNKNOWN STEP	2026-10-09T09:54:26.1824905Z   audience: sts.amazonaws.com
build / build-image (linux/amd64, ubuntu-latest, false)	UNKNOWN STEP	2026-10-09T09:54:26.1825232Z env:
build / build-image (linux/amd64, ubuntu-latest, false)	UNKNOWN STEP	2026-10-09T09:54:26.1825801Z   JFROG_CLI_ENV_EXCLUDE: *password*;*secret*;*key*;*token*;*auth*;JF_ARTIFACTORY_*;JF_ENV_*;JF_URL;JF_USER;JF_PASSWORD;JF_ACCESS_TOKEN
build / build-image (linux/amd64, ubuntu-latest, false)	UNKNOWN STEP	2026-10-09T09:54:26.1826456Z   JFROG_CLI_OFFER_CONFIG: false
build / build-image (linux/amd64, ubuntu-latest, false)	UNKNOWN STEP	2026-10-09T09:54:26.1826820Z   JFROG_CLI_AVOID_NEW_VERSION_WARNING: true
build / build-image (linux/amd64, ubuntu-latest, false)	UNKNOWN STEP	2026-10-09T09:54:26.1827315Z   JFROG_CLI_SOURCECODE_REPOSITORY: consensys-vertical-apps/va-mmcx-terminal
build / build-image (linux/amd64, ubuntu-latest, false)	UNKNOWN STEP	2026-10-09T09:54:26.1827819Z   JFROG_CLI_CI_JOB_ID: Validate PR
build / build-image (linux/amd64, ubuntu-latest, false)	UNKNOWN STEP	2026-10-09T09:54:26.1828167Z   JFROG_CLI_CI_RUN_ID: 37912764186
build / build-image (linux/amd64, ubuntu-latest, false)	UNKNOWN STEP	2026-10-09T09:54:26.1828505Z   JFROG_CLI_GITHUB_TOKEN: 
build / build-image (linux/amd64, ubuntu-latest, false)	UNKNOWN STEP	2026-10-09T09:54:26.1828915Z   JFROG_CLI_CI_VCS_REVISION: 312a2ed959fdac148e88be397994c69f9ac14970
build / build-image (linux/amd64, ubuntu-latest, false)	UNKNOWN STEP	2026-10-09T09:54:26.1829375Z   JFROG_CLI_CI_BRANCH: 180/merge
build / build-image (linux/amd64, ubuntu-latest, false)	UNKNOWN STEP	2026-10-09T09:54:26.1829870Z   JFROG_CLI_CI_VCS_URL: https://github.com/consensys-vertical-apps/va-mmcx-terminal
build / build-image (linux/amd64, ubuntu-latest, false)	UNKNOWN STEP	2026-10-09T09:54:26.1830400Z   JFROG_CLI_BUILD_NAME: Validate PR
build / build-image (linux/amd64, ubuntu-latest, false)	UNKNOWN STEP	2026-10-09T09:54:26.1830767Z   JFROG_CLI_BUILD_NUMBER: 813
build / build-image (linux/amd64, ubuntu-latest, false)	UNKNOWN STEP	2026-10-09T09:54:26.1831366Z   JFROG_CLI_BUILD_URL: https://github.com/consensys-vertical-apps/va-mmcx-terminal/actions/runs/37912764186
build / build-image (linux/amd64, ubuntu-latest, false)	UNKNOWN STEP	2026-10-09T09:54:26.1832035Z   JFROG_CLI_USER_AGENT: setup-jfrog-cli-github-action/5.1.0
build / build-image (linux/amd64, ubuntu-latest, false)	UNKNOWN STEP	2026-10-09T09:54:26.1832555Z   JFROG_CLI_COMMAND_SUMMARY_OUTPUT_DIR: /home/runner/work/_temp
build / build-image (linux/amd64, ubuntu-latest, false)	UNKNOWN STEP	2026-10-09T09:54:26.1833055Z   JFROG_CLI_USAGE_GH_TOKEN_FOR_CODE_SCANNING_ALERTS_PROVIDED: 
build / build-image (linux/amd64, ubuntu-latest, false)	UNKNOWN STEP	2026-10-09T09:54:26.1833526Z   SETUP_JFROG_CLI_SERVER_IDS: setup-jfrog-cli-server
build / build-image (linux/amd64, ubuntu-latest, false)	UNKNOWN STEP	2026-10-09T09:54:26.1833916Z   FILE: ./Dockerfile
build / build-image (linux/amd64, ubuntu-latest, false)	UNKNOWN STEP	2026-10-09T09:54:26.1834204Z ##[endgroup]
build / build-image (linux/amd64, ubuntu-latest, false)	UNKNOWN STEP	2026-10-09T09:54:26.4729003Z Assuming role with OIDC
build / build-image (linux/amd64, ubuntu-latest, false)	UNKNOWN STEP	2026-10-09T09:54:26.5716051Z Authenticated as assumedRoleId AROAW3T53HUNHCUKTKI6Q:GitHubActions
build / build-image (linux/amd64, ubuntu-latest, false)	UNKNOWN STEP	2026-10-09T09:54:26.6101302Z ##[end-action id=__consensys-vertical-apps_shared-services-workflows.configure-aws-credentials;outcome=success;conclusion=success;duration_ms=435]
build / build-image (linux/amd64, ubuntu-latest, false)	UNKNOWN STEP	2026-10-09T09:54:26.6107851Z ##[start-action display=Login to Amazon ECR;id=__consensys-vertical-apps_shared-services-workflows.ecr]
build / build-image (linux/amd64, ubuntu-latest, false)	UNKNOWN STEP	2026-10-09T09:54:26.6182857Z ##[group]Run aws-actions/amazon-ecr-login@d539f0932e70871a027e9d5a9d8fc38589180a64
build / build-image (linux/amd64, ubuntu-latest, false)	UNKNOWN STEP	2026-10-09T09:54:26.6183783Z with:
build / build-image (linux/amd64, ubuntu-latest, false)	UNKNOWN STEP	2026-10-09T09:54:26.6184328Z   mask-password: true
build / build-image (linux/amd64, ubuntu-latest, false)	UNKNOWN STEP	2026-10-09T09:54:26.6185596Z   registry-type: private
build / build-image (linux/amd64, ubuntu-latest, false)	UNKNOWN STEP	2026-10-09T09:54:26.6186200Z   skip-logout: false
build / build-image (linux/amd64, ubuntu-latest, false)	UNKNOWN STEP	2026-10-09T09:54:26.6186750Z env:
build / build-image (linux/amd64, ubuntu-latest, false)	UNKNOWN STEP	2026-10-09T09:54:26.6187804Z   JFROG_CLI_ENV_EXCLUDE: *password*;*secret*;*key*;*token*;*auth*;JF_ARTIFACTORY_*;JF_ENV_*;JF_URL;JF_USER;JF_PASSWORD;JF_ACCESS_TOKEN
build / build-image (linux/amd64, ubuntu-latest, false)	UNKNOWN STEP	2026-10-09T09:54:26.6189072Z   JFROG_CLI_OFFER_CONFIG: false
build / build-image (linux/amd64, ubuntu-latest, false)	UNKNOWN STEP	2026-10-09T09:54:26.6189728Z   JFROG_CLI_AVOID_NEW_VERSION_WARNING: true
build / build-image (linux/amd64, ubuntu-latest, false)	UNKNOWN STEP	2026-10-09T09:54:26.6190661Z   JFROG_CLI_SOURCECODE_REPOSITORY: consensys-vertical-apps/va-mmcx-terminal
build / build-image (linux/amd64, ubuntu-latest, false)	UNKNOWN STEP	2026-10-09T09:54:26.6191597Z   JFROG_CLI_CI_JOB_ID: Validate PR
build / build-image (linux/amd64, ubuntu-latest, false)	UNKNOWN STEP	2026-10-09T09:54:26.6192267Z   JFROG_CLI_CI_RUN_ID: 37912764186
build / build-image (linux/amd64, ubuntu-latest, false)	UNKNOWN STEP	2026-10-09T09:54:26.6192891Z   JFROG_CLI_GITHUB_TOKEN: 
build / build-image (linux/amd64, ubuntu-latest, false)	UNKNOWN STEP	2026-10-09T09:54:26.6193654Z   JFROG_CLI_CI_VCS_REVISION: 312a2ed959fdac148e88be397994c69f9ac14970
build / build-image (linux/amd64, ubuntu-latest, false)	UNKNOWN STEP	2026-10-09T09:54:26.6194911Z   JFROG_CLI_CI_BRANCH: 180/merge
build / build-image (linux/amd64, ubuntu-latest, false)	UNKNOWN STEP	2026-10-09T09:54:26.6195981Z   JFROG_CLI_CI_VCS_URL: https://github.com/consensys-vertical-apps/va-mmcx-terminal
build / build-image (linux/amd64, ubuntu-latest, false)	UNKNOWN STEP	2026-10-09T09:54:26.6197046Z   JFROG_CLI_BUILD_NAME: Validate PR
build / build-image (linux/amd64, ubuntu-latest, false)	UNKNOWN STEP	2026-10-09T09:54:26.6198005Z   JFROG_CLI_BUILD_NUMBER: 813
build / build-image (linux/amd64, ubuntu-latest, false)	UNKNOWN STEP	2026-10-09T09:54:26.6199126Z   JFROG_CLI_BUILD_URL: https://github.com/consensys-vertical-apps/va-mmcx-terminal/actions/runs/37912764186
build / build-image (linux/amd64, ubuntu-latest, false)	UNKNOWN STEP	2026-10-09T09:54:26.6200442Z   JFROG_CLI_USER_AGENT: setup-jfrog-cli-github-action/5.1.0
build / build-image (linux/amd64, ubuntu-latest, false)	UNKNOWN STEP	2026-10-09T09:54:26.6201399Z   JFROG_CLI_COMMAND_SUMMARY_OUTPUT_DIR: /home/runner/work/_temp
build / build-image (linux/amd64, ubuntu-latest, false)	UNKNOWN STEP	2026-10-09T09:54:26.6202323Z   JFROG_CLI_USAGE_GH_TOKEN_FOR_CODE_SCANNING_ALERTS_PROVIDED: 
build / build-image (linux/amd64, ubuntu-latest, false)	UNKNOWN STEP	2026-10-09T09:54:26.6203214Z   SETUP_JFROG_CLI_SERVER_IDS: setup-jfrog-cli-server
build / build-image (linux/amd64, ubuntu-latest, false)	UNKNOWN STEP	2026-10-09T09:54:26.6203991Z   FILE: ./Dockerfile
build / build-image (linux/amd64, ubuntu-latest, false)	UNKNOWN STEP	2026-10-09T09:54:26.6205029Z   AWS_DEFAULT_REGION: us-east-2
build / build-image (linux/amd64, ubuntu-latest, false)	UNKNOWN STEP	2026-10-09T09:54:26.6205716Z   AWS_REGION: us-east-2
build / build-image (linux/amd64, ubuntu-latest, false)	UNKNOWN STEP	2026-10-09T09:54:26.6206398Z   AWS_ACCESS_KEY_ID: ***
build / build-image (linux/amd64, ubuntu-latest, false)	UNKNOWN STEP	2026-10-09T09:54:26.6207179Z   AWS_SECRET_ACCESS_KEY: ***
build / build-image (linux/amd64, ubuntu-latest, false)	UNKNOWN STEP	2026-10-09T09:54:26.6217456Z   AWS_SESSION_TOKEN: ***
build / build-image (linux/amd64, ubuntu-latest, false)	UNKNOWN STEP	2026-10-09T09:54:26.6218069Z ##[endgroup]
build / build-image (linux/amd64, ubuntu-latest, false)	UNKNOWN STEP	2026-10-09T09:54:26.7379964Z Using environment variable credentials.
build / build-image (linux/amd64, ubuntu-latest, false)	UNKNOWN STEP	2026-10-09T09:54:26.8885784Z Logging into registry ***.dkr.ecr.us-east-2.amazonaws.com
build / build-image (linux/amd64, ubuntu-latest, false)	UNKNOWN STEP	2026-10-09T09:54:27.0632672Z ##[end-action id=__consensys-vertical-apps_shared-services-workflows.ecr;outcome=success;conclusion=success;duration_ms=452]
build / build-image (linux/amd64, ubuntu-latest, false)	UNKNOWN STEP	2026-10-09T09:54:27.0638547Z ##[start-action display=Build and export;id=__consensys-vertical-apps_shared-services-workflows.__docker_build-push-action]
build / build-image (linux/amd64, ubuntu-latest, false)	UNKNOWN STEP	2026-10-09T09:54:27.0777775Z ##[group]Run docker/build-push-action@53b7df96c91f9c12dcc8a07bcb9ccacbed38856a
build / build-image (linux/amd64, ubuntu-latest, false)	UNKNOWN STEP	2026-10-09T09:54:27.0778695Z with:
build / build-image (linux/amd64, ubuntu-latest, false)	UNKNOWN STEP	2026-10-09T09:54:27.0779212Z   context: .
build / build-image (linux/amd64, ubuntu-latest, false)	UNKNOWN STEP	2026-10-09T09:54:27.0779731Z   cache-from: type=gha
build / build-image (linux/amd64, ubuntu-latest, false)	UNKNOWN STEP	2026-10-09T09:54:27.0780333Z   cache-to: type=gha,mode=min
build / build-image (linux/amd64, ubuntu-latest, false)	UNKNOWN STEP	2026-10-09T09:54:27.0805117Z   build-args: ***
build / build-image (linux/amd64, ubuntu-latest, false)	UNKNOWN STEP	
build / build-image (linux/amd64, ubuntu-latest, false)	UNKNOWN STEP	JFROG_ACCESS_TOKEN=***
build / build-image (linux/amd64, ubuntu-latest, false)	UNKNOWN STEP	GITHUB_ACCESS_TOKEN=
build / build-image (linux/amd64, ubuntu-latest, false)	UNKNOWN STEP	
build / build-image (linux/amd64, ubuntu-latest, false)	UNKNOWN STEP	2026-10-09T09:54:27.0806023Z   platforms: linux/amd64
build / build-image (linux/amd64, ubuntu-latest, false)	UNKNOWN STEP	2026-10-09T09:54:27.0806642Z   tags: app:latest
build / build-image (linux/amd64, ubuntu-latest, false)	UNKNOWN STEP	2026-10-09T09:54:27.0807263Z   file: ./Dockerfile
build / build-image (linux/amd64, ubuntu-latest, false)	UNKNOWN STEP	2026-10-09T09:54:27.0807880Z   outputs: type=oci,dest=build.tar
build / build-image (linux/amd64, ubuntu-latest, false)	UNKNOWN STEP	2026-10-09T09:54:27.0808501Z   load: false
build / build-image (linux/amd64, ubuntu-latest, false)	UNKNOWN STEP	2026-10-09T09:54:27.0809056Z   no-cache: false
build / build-image (linux/amd64, ubuntu-latest, false)	UNKNOWN STEP	2026-10-09T09:54:27.0809576Z   pull: false
build / build-image (linux/amd64, ubuntu-latest, false)	UNKNOWN STEP	2026-10-09T09:54:27.0810096Z   push: false
build / build-image (linux/amd64, ubuntu-latest, false)	UNKNOWN STEP	2026-10-09T09:54:27.0815462Z   github-token: ***
build / build-image (linux/amd64, ubuntu-latest, false)	UNKNOWN STEP	2026-10-09T09:54:27.0816013Z env:
build / build-image (linux/amd64, ubuntu-latest, false)	UNKNOWN STEP	2026-10-09T09:54:27.0817042Z   JFROG_CLI_ENV_EXCLUDE: *password*;*secret*;*key*;*token*;*auth*;JF_ARTIFACTORY_*;JF_ENV_*;JF_URL;JF_USER;JF_PASSWORD;JF_ACCESS_TOKEN
build / build-image (linux/amd64, ubuntu-latest, false)	UNKNOWN STEP	2026-10-09T09:54:27.0818280Z   JFROG_CLI_OFFER_CONFIG: false
build / build-image (linux/amd64, ubuntu-latest, false)	UNKNOWN STEP	2026-10-09T09:54:27.0818942Z   JFROG_CLI_AVOID_NEW_VERSION_WARNING: true
build / build-image (linux/amd64, ubuntu-latest, false)	UNKNOWN STEP	2026-10-09T09:54:27.0819889Z   JFROG_CLI_SOURCECODE_REPOSITORY: consensys-vertical-apps/va-mmcx-terminal
build / build-image (linux/amd64, ubuntu-latest, false)	UNKNOWN STEP	2026-10-09T09:54:27.0820862Z   JFROG_CLI_CI_JOB_ID: Validate PR
build / build-image (linux/amd64, ubuntu-latest, false)	UNKNOWN STEP	2026-10-09T09:54:27.0821521Z   JFROG_CLI_CI_RUN_ID: 37912764186
build / build-image (linux/amd64, ubuntu-latest, false)	UNKNOWN STEP	2026-10-09T09:54:27.0822146Z   JFROG_CLI_GITHUB_TOKEN: 
build / build-image (linux/amd64, ubuntu-latest, false)	UNKNOWN STEP	2026-10-09T09:54:27.0822868Z   JFROG_CLI_CI_VCS_REVISION: 312a2ed959fdac148e88be397994c69f9ac14970
build / build-image (linux/amd64, ubuntu-latest, false)	UNKNOWN STEP	2026-10-09T09:54:27.0823682Z   JFROG_CLI_CI_BRANCH: 180/merge
build / build-image (linux/amd64, ubuntu-latest, false)	UNKNOWN STEP	2026-10-09T09:54:27.0824838Z   JFROG_CLI_CI_VCS_URL: https://github.com/consensys-vertical-apps/va-mmcx-terminal
build / build-image (linux/amd64, ubuntu-latest, false)	UNKNOWN STEP	2026-10-09T09:54:27.0826085Z   JFROG_CLI_BUILD_NAME: Validate PR
build / build-image (linux/amd64, ubuntu-latest, false)	UNKNOWN STEP	2026-10-09T09:54:27.0826737Z   JFROG_CLI_BUILD_NUMBER: 813
build / build-image (linux/amd64, ubuntu-latest, false)	UNKNOWN STEP	2026-10-09T09:54:27.0827881Z   JFROG_CLI_BUILD_URL: https://github.com/consensys-vertical-apps/va-mmcx-terminal/actions/runs/37912764186
build / build-image (linux/amd64, ubuntu-latest, false)	UNKNOWN STEP	2026-10-09T09:54:27.0829148Z   JFROG_CLI_USER_AGENT: setup-jfrog-cli-github-action/5.1.0
build / build-image (linux/amd64, ubuntu-latest, false)	UNKNOWN STEP	2026-10-09T09:54:27.0830097Z   JFROG_CLI_COMMAND_SUMMARY_OUTPUT_DIR: /home/runner/work/_temp
build / build-image (linux/amd64, ubuntu-latest, false)	UNKNOWN STEP	2026-10-09T09:54:27.0831102Z   JFROG_CLI_USAGE_GH_TOKEN_FOR_CODE_SCANNING_ALERTS_PROVIDED: 
build / build-image (linux/amd64, ubuntu-latest, false)	UNKNOWN STEP	2026-10-09T09:54:27.0832010Z   SETUP_JFROG_CLI_SERVER_IDS: setup-jfrog-cli-server
build / build-image (linux/amd64, ubuntu-latest, false)	UNKNOWN STEP	2026-10-09T09:54:27.0832760Z   FILE: ./Dockerfile
build / build-image (linux/amd64, ubuntu-latest, false)	UNKNOWN STEP	2026-10-09T09:54:27.0833342Z   AWS_DEFAULT_REGION: us-east-2
build / build-image (linux/amd64, ubuntu-latest, false)	UNKNOWN STEP	2026-10-09T09:54:27.0833961Z   AWS_REGION: us-east-2
build / build-image (linux/amd64, ubuntu-latest, false)	UNKNOWN STEP	2026-10-09T09:54:27.0835098Z   AWS_ACCESS_KEY_ID: ***
build / build-image (linux/amd64, ubuntu-latest, false)	UNKNOWN STEP	2026-10-09T09:54:27.0835984Z   AWS_SECRET_ACCESS_KEY: ***
build / build-image (linux/amd64, ubuntu-latest, false)	UNKNOWN STEP	2026-10-09T09:54:27.0846353Z   AWS_SESSION_TOKEN: ***
build / build-image (linux/amd64, ubuntu-latest, false)	UNKNOWN STEP	2026-10-09T09:54:27.0846988Z ##[endgroup]
build / build-image (linux/amd64, ubuntu-latest, false)	UNKNOWN STEP	2026-10-09T09:54:27.3509965Z ##[group]GitHub Actions runtime token ACs
build / build-image (linux/amd64, ubuntu-latest, false)	UNKNOWN STEP	2026-10-09T09:54:27.3525802Z refs/pull/180/merge: read/write
build / build-image (linux/amd64, ubuntu-latest, false)	UNKNOWN STEP	2026-10-09T09:54:27.3527004Z refs/heads/main: read
build / build-image (linux/amd64, ubuntu-latest, false)	UNKNOWN STEP	2026-10-09T09:54:27.3528159Z ##[endgroup]
build / build-image (linux/amd64, ubuntu-latest, false)	UNKNOWN STEP	2026-10-09T09:54:27.3529216Z ##[group]Docker info
build / build-image (linux/amd64, ubuntu-latest, false)	UNKNOWN STEP	2026-10-09T09:54:27.3597520Z [command]/usr/bin/docker version
build / build-image (linux/amd64, ubuntu-latest, false)	UNKNOWN STEP	2026-10-09T09:54:27.3818782Z Client: Docker Engine - Community
build / build-image (linux/amd64, ubuntu-latest, false)	UNKNOWN STEP	2026-10-09T09:54:27.3822727Z  Version:           28.0.4
build / build-image (linux/amd64, ubuntu-latest, false)	UNKNOWN STEP	2026-10-09T09:54:27.3824899Z  API version:       1.48
build / build-image (linux/amd64, ubuntu-latest, false)	UNKNOWN STEP	2026-10-09T09:54:27.3825743Z  Go version:        go1.23.7
build / build-image (linux/amd64, ubuntu-latest, false)	UNKNOWN STEP	2026-10-09T09:54:27.3826502Z  Git commit:        b8034c0
build / build-image (linux/amd64, ubuntu-latest, false)	UNKNOWN STEP	2026-10-09T09:54:27.3827263Z  Built:             Tue Mar 25 15:07:16 2025
build / build-image (linux/amd64, ubuntu-latest, false)	UNKNOWN STEP	2026-10-09T09:54:27.3828072Z  OS/Arch:           linux/amd64
build / build-image (linux/amd64, ubuntu-latest, false)	UNKNOWN STEP	2026-10-09T09:54:27.3828815Z  Context:           default
build / build-image (linux/amd64, ubuntu-latest, false)	UNKNOWN STEP	2026-10-09T09:54:27.3829317Z 
build / build-image (linux/amd64, ubuntu-latest, false)	UNKNOWN STEP	2026-10-09T09:54:27.3829724Z Server: Docker Engine - Community
build / build-image (linux/amd64, ubuntu-latest, false)	UNKNOWN STEP	2026-10-09T09:54:27.3830461Z  Engine:
build / build-image (linux/amd64, ubuntu-latest, false)	UNKNOWN STEP	2026-10-09T09:54:27.3831100Z   Version:          28.0.4
build / build-image (linux/amd64, ubuntu-latest, false)	UNKNOWN STEP	2026-10-09T09:54:27.3831904Z   API version:      1.48 (minimum version 1.24)
build / build-image (linux/amd64, ubuntu-latest, false)	UNKNOWN STEP	2026-10-09T09:54:27.3832776Z   Go version:       go1.23.7
build / build-image (linux/amd64, ubuntu-latest, false)	UNKNOWN STEP	2026-10-09T09:54:27.3833537Z   Git commit:       6430e49
build / build-image (linux/amd64, ubuntu-latest, false)	UNKNOWN STEP	2026-10-09T09:54:27.3834390Z   Built:            Tue Mar 25 15:07:16 2025
build / build-image (linux/amd64, ubuntu-latest, false)	UNKNOWN STEP	2026-10-09T09:54:27.3835608Z   OS/Arch:          linux/amd64
build / build-image (linux/amd64, ubuntu-latest, false)	UNKNOWN STEP	2026-10-09T09:54:27.3836397Z   Experimental:     false
build / build-image (linux/amd64, ubuntu-latest, false)	UNKNOWN STEP	2026-10-09T09:54:27.3837131Z  containerd:
build / build-image (linux/amd64, ubuntu-latest, false)	UNKNOWN STEP	2026-10-09T09:54:27.3838231Z   Version:          v2.3.6
build / build-image (linux/amd64, ubuntu-latest, false)	UNKNOWN STEP	2026-10-09T09:54:27.3839440Z   GitCommit:        ee2735368117d2eb259779949d5e75cdafec9761
build / build-image (linux/amd64, ubuntu-latest, false)	UNKNOWN STEP	2026-10-09T09:54:27.3840828Z  runc:
build / build-image (linux/amd64, ubuntu-latest, false)	UNKNOWN STEP	2026-10-09T09:54:27.3841635Z   Version:          1.5.1
build / build-image (linux/amd64, ubuntu-latest, false)	UNKNOWN STEP	2026-10-09T09:54:27.3842489Z   GitCommit:        v1.5.1-0-g8f2685a4
build / build-image (linux/amd64, ubuntu-latest, false)	UNKNOWN STEP	2026-10-09T09:54:27.3843396Z  docker-init:
build / build-image (linux/amd64, ubuntu-latest, false)	UNKNOWN STEP	2026-10-09T09:54:27.3844195Z   Version:          0.19.0
build / build-image (linux/amd64, ubuntu-latest, false)	UNKNOWN STEP	2026-10-09T09:54:27.3845346Z   GitCommit:        de40ad0
build / build-image (linux/amd64, ubuntu-latest, false)	UNKNOWN STEP	2026-10-09T09:54:27.3882313Z [command]/usr/bin/docker info
build / build-image (linux/amd64, ubuntu-latest, false)	UNKNOWN STEP	2026-10-09T09:54:27.4439778Z Client: Docker Engine - Community
build / build-image (linux/amd64, ubuntu-latest, false)	UNKNOWN STEP	2026-10-09T09:54:27.4445555Z  Version:    28.0.4
build / build-image (linux/amd64, ubuntu-latest, false)	UNKNOWN STEP	2026-10-09T09:54:27.4446244Z  Context:    default
build / build-image (linux/amd64, ubuntu-latest, false)	UNKNOWN STEP	2026-10-09T09:54:27.4447041Z  Debug Mode: false
build / build-image (linux/amd64, ubuntu-latest, false)	UNKNOWN STEP	2026-10-09T09:54:27.4447708Z  Plugins:
build / build-image (linux/amd64, ubuntu-latest, false)	UNKNOWN STEP	2026-10-09T09:54:27.4448375Z   buildx: Docker Buildx (Docker Inc.)
build / build-image (linux/amd64, ubuntu-latest, false)	UNKNOWN STEP	2026-10-09T09:54:27.4449220Z     Version:  v0.37.2
build / build-image (linux/amd64, ubuntu-latest, false)	UNKNOWN STEP	2026-10-09T09:54:27.4450039Z     Path:     /usr/libexec/docker/cli-plugins/docker-buildx
build / build-image (linux/amd64, ubuntu-latest, false)	UNKNOWN STEP	2026-10-09T09:54:27.4450968Z   compose: Docker Compose (Docker Inc.)
build / build-image (linux/amd64, ubuntu-latest, false)	UNKNOWN STEP	2026-10-09T09:54:27.4451751Z     Version:  v2.38.2
build / build-image (linux/amd64, ubuntu-latest, false)	UNKNOWN STEP	2026-10-09T09:54:27.4453112Z     Path:     /usr/libexec/docker/cli-plugins/docker-compose
build / build-image (linux/amd64, ubuntu-latest, false)	UNKNOWN STEP	2026-10-09T09:54:27.4453927Z 
build / build-image (linux/amd64, ubuntu-latest, false)	UNKNOWN STEP	2026-10-09T09:54:27.4454323Z Server:
build / build-image (linux/amd64, ubuntu-latest, false)	UNKNOWN STEP	2026-10-09T09:54:27.4455426Z  Containers: 1
build / build-image (linux/amd64, ubuntu-latest, false)	UNKNOWN STEP	2026-10-09T09:54:27.4456180Z   Running: 1
build / build-image (linux/amd64, ubuntu-latest, false)	UNKNOWN STEP	2026-10-09T09:54:27.4456984Z   Paused: 0
build / build-image (linux/amd64, ubuntu-latest, false)	UNKNOWN STEP	2026-10-09T09:54:27.4457690Z   Stopped: 0
build / build-image (linux/amd64, ubuntu-latest, false)	UNKNOWN STEP	2026-10-09T09:54:27.4458428Z  Images: 8
build / build-image (linux/amd64, ubuntu-latest, false)	UNKNOWN STEP	2026-10-09T09:54:27.4459133Z  Server Version: 28.0.4
build / build-image (linux/amd64, ubuntu-latest, false)	UNKNOWN STEP	2026-10-09T09:54:27.4459906Z  Storage Driver: overlay2
build / build-image (linux/amd64, ubuntu-latest, false)	UNKNOWN STEP	2026-10-09T09:54:27.4460677Z   Backing Filesystem: extfs
build / build-image (linux/amd64, ubuntu-latest, false)	UNKNOWN STEP	2026-10-09T09:54:27.4461954Z   Supports d_type: true
build / build-image (linux/amd64, ubuntu-latest, false)	UNKNOWN STEP	2026-10-09T09:54:27.4462790Z   Using metacopy: false
build / build-image (linux/amd64, ubuntu-latest, false)	UNKNOWN STEP	2026-10-09T09:54:27.4463604Z   Native Overlay Diff: false
build / build-image (linux/amd64, ubuntu-latest, false)	UNKNOWN STEP	2026-10-09T09:54:27.4464501Z   userxattr: false
build / build-image (linux/amd64, ubuntu-latest, false)	UNKNOWN STEP	2026-10-09T09:54:27.4465670Z  Logging Driver: json-file
build / build-image (linux/amd64, ubuntu-latest, false)	UNKNOWN STEP	2026-10-09T09:54:27.4466537Z  Cgroup Driver: systemd
build / build-image (linux/amd64, ubuntu-latest, false)	UNKNOWN STEP	2026-10-09T09:54:27.4467307Z  Cgroup Version: 2
build / build-image (linux/amd64, ubuntu-latest, false)	UNKNOWN STEP	2026-10-09T09:54:27.4468045Z  Plugins:
build / build-image (linux/amd64, ubuntu-latest, false)	UNKNOWN STEP	2026-10-09T09:54:27.4468706Z   Volume: local
build / build-image (linux/amd64, ubuntu-latest, false)	UNKNOWN STEP	2026-10-09T09:54:27.4469520Z   Network: bridge host ipvlan macvlan null overlay
build / build-image (linux/amd64, ubuntu-latest, false)	UNKNOWN STEP	2026-10-09T09:54:27.4470771Z   Log: awslogs fluentd gcplogs gelf journald json-file local splunk syslog
build / build-image (linux/amd64, ubuntu-latest, false)	UNKNOWN STEP	2026-10-09T09:54:27.4471957Z  Swarm: inactive
build / build-image (linux/amd64, ubuntu-latest, false)	UNKNOWN STEP	2026-10-09T09:54:27.4472857Z  Runtimes: io.containerd.runc.v2 runc
build / build-image (linux/amd64, ubuntu-latest, false)	UNKNOWN STEP	2026-10-09T09:54:27.4473819Z  Default Runtime: runc
build / build-image (linux/amd64, ubuntu-latest, false)	UNKNOWN STEP	2026-10-09T09:54:27.4475243Z  Init Binary: docker-init
build / build-image (linux/amd64, ubuntu-latest, false)	UNKNOWN STEP	2026-10-09T09:54:27.4476325Z  containerd version: ee2735368117d2eb259779949d5e75cdafec9761
build / build-image (linux/amd64, ubuntu-latest, false)	UNKNOWN STEP	2026-10-09T09:54:27.4477412Z  runc version: v1.5.1-0-g8f2685a4
build / build-image (linux/amd64, ubuntu-latest, false)	UNKNOWN STEP	2026-10-09T09:54:27.4478653Z  init version: de40ad0
build / build-image (linux/amd64, ubuntu-latest, false)	UNKNOWN STEP	2026-10-09T09:54:27.4479502Z  Security Options:
build / build-image (linux/amd64, ubuntu-latest, false)	UNKNOWN STEP	2026-10-09T09:54:27.4480338Z   apparmor
build / build-image (linux/amd64, ubuntu-latest, false)	UNKNOWN STEP	2026-10-09T09:54:27.4481085Z   seccomp
build / build-image (linux/amd64, ubuntu-latest, false)	UNKNOWN STEP	2026-10-09T09:54:27.4481885Z    Profile: builtin
build / build-image (linux/amd64, ubuntu-latest, false)	UNKNOWN STEP	2026-10-09T09:54:27.4482680Z   cgroupns
build / build-image (linux/amd64, ubuntu-latest, false)	UNKNOWN STEP	2026-10-09T09:54:27.4483510Z  Kernel Version: 6.17.0-1022-azure
build / build-image (linux/amd64, ubuntu-latest, false)	UNKNOWN STEP	2026-10-09T09:54:27.4484432Z  Operating System: Ubuntu 24.04.5 LTS
build / build-image (linux/amd64, ubuntu-latest, false)	UNKNOWN STEP	2026-10-09T09:54:27.4485783Z  OSType: linux
build / build-image (linux/amd64, ubuntu-latest, false)	UNKNOWN STEP	2026-10-09T09:54:27.4486572Z  Architecture: x86_64
build / build-image (linux/amd64, ubuntu-latest, false)	UNKNOWN STEP	2026-10-09T09:54:27.4487397Z  CPUs: 2
build / build-image (linux/amd64, ubuntu-latest, false)	UNKNOWN STEP	2026-10-09T09:54:27.4488226Z  Total Memory: 7.752GiB
build / build-image (linux/amd64, ubuntu-latest, false)	UNKNOWN STEP	2026-10-09T09:54:27.4489043Z  Name: runnervmmprz5
build / build-image (linux/amd64, ubuntu-latest, false)	UNKNOWN STEP	2026-10-09T09:54:27.4489923Z  ID: 07f0e779-c305-4162-b8ec-c48c30f52fbe
build / build-image (linux/amd64, ubuntu-latest, false)	UNKNOWN STEP	2026-10-09T09:54:27.4490879Z  Docker Root Dir: /var/lib/docker
build / build-image (linux/amd64, ubuntu-latest, false)	UNKNOWN STEP	2026-10-09T09:54:27.4491814Z  Debug Mode: false
build / build-image (linux/amd64, ubuntu-latest, false)	UNKNOWN STEP	2026-10-09T09:54:27.4492645Z  Username: githubactions
build / build-image (linux/amd64, ubuntu-latest, false)	UNKNOWN STEP	2026-10-09T09:54:27.4493495Z  Experimental: false
build / build-image (linux/amd64, ubuntu-latest, false)	UNKNOWN STEP	2026-10-09T09:54:27.4494390Z  Insecure Registries:
build / build-image (linux/amd64, ubuntu-latest, false)	UNKNOWN STEP	2026-10-09T09:54:27.4495567Z   ::1/128
build / build-image (linux/amd64, ubuntu-latest, false)	UNKNOWN STEP	2026-10-09T09:54:27.4496375Z   127.0.0.0/8
build / build-image (linux/amd64, ubuntu-latest, false)	UNKNOWN STEP	2026-10-09T09:54:27.4497289Z  Live Restore Enabled: false
build / build-image (linux/amd64, ubuntu-latest, false)	UNKNOWN STEP	2026-10-09T09:54:27.4497972Z 
build / build-image (linux/amd64, ubuntu-latest, false)	UNKNOWN STEP	2026-10-09T09:54:27.4498935Z ##[endgroup]
build / build-image (linux/amd64, ubuntu-latest, false)	UNKNOWN STEP	2026-10-09T09:54:27.4500133Z ##[group]Proxy configuration
build / build-image (linux/amd64, ubuntu-latest, false)	UNKNOWN STEP	2026-10-09T09:54:27.4501067Z No proxy configuration found
build / build-image (linux/amd64, ubuntu-latest, false)	UNKNOWN STEP	2026-10-09T09:54:27.4502261Z ##[endgroup]
build / build-image (linux/amd64, ubuntu-latest, false)	UNKNOWN STEP	2026-10-09T09:54:27.5067421Z ##[group]Buildx version
build / build-image (linux/amd64, ubuntu-latest, false)	UNKNOWN STEP	2026-10-09T09:54:27.5107655Z [command]/usr/bin/docker buildx version
build / build-image (linux/amd64, ubuntu-latest, false)	UNKNOWN STEP	2026-10-09T09:54:27.5655417Z github.com/docker/buildx v0.37.2 2d379c0c3f22da0d2759d132a0ec81ca949098f0
build / build-image (linux/amd64, ubuntu-latest, false)	UNKNOWN STEP	2026-10-09T09:54:27.5688538Z ##[endgroup]
build / build-image (linux/amd64, ubuntu-latest, false)	UNKNOWN STEP	2026-10-09T09:54:27.5689673Z ##[group]Builder info
build / build-image (linux/amd64, ubuntu-latest, false)	UNKNOWN STEP	2026-10-09T09:54:27.6723468Z ***
build / build-image (linux/amd64, ubuntu-latest, false)	UNKNOWN STEP	2026-10-09T09:54:27.6724189Z   "nodes": [
build / build-image (linux/amd64, ubuntu-latest, false)	UNKNOWN STEP	2026-10-09T09:54:27.6725407Z     ***
build / build-image (linux/amd64, ubuntu-latest, false)	UNKNOWN STEP	2026-10-09T09:54:27.6726266Z       "name": "builder-12d75ace-f8c7-4c53-8f59-a6df78e093cc0",
build / build-image (linux/amd64, ubuntu-latest, false)	UNKNOWN STEP	2026-10-09T09:54:27.6727325Z       "endpoint": "unix:///var/run/docker.sock",
build / build-image (linux/amd64, ubuntu-latest, false)	UNKNOWN STEP	2026-10-09T09:54:27.6728200Z       "status": "running",
build / build-image (linux/amd64, ubuntu-latest, false)	UNKNOWN STEP	2026-10-09T09:54:27.6729838Z       "buildkitd-flags": "--allow-insecure-entitlement security.insecure --allow-insecure-entitlement network.host",
build / build-image (linux/amd64, ubuntu-latest, false)	UNKNOWN STEP	2026-10-09T09:54:27.6731310Z       "buildkit": "v0.33.1",
build / build-image (linux/amd64, ubuntu-latest, false)	UNKNOWN STEP	2026-10-09T09:54:27.6733062Z       "platforms": "linux/amd64,linux/amd64/v2,linux/amd64/v3,linux/arm64,linux/riscv64,linux/ppc64le,linux/s390x,linux/386,linux/mips64le,linux/mips64,linux/loong64,linux/arm/v7,linux/arm/v6",
build / build-image (linux/amd64, ubuntu-latest, false)	UNKNOWN STEP	2026-10-09T09:54:27.6735234Z       "features": ***
build / build-image (linux/amd64, ubuntu-latest, false)	UNKNOWN STEP	2026-10-09T09:54:27.6736403Z         "Automatically load images to the Docker Engine image store": true,
build / build-image (linux/amd64, ubuntu-latest, false)	UNKNOWN STEP	2026-10-09T09:54:27.6737519Z         "Cache export": true,
build / build-image (linux/amd64, ubuntu-latest, false)	UNKNOWN STEP	2026-10-09T09:54:27.6738325Z         "Direct push": true,
build / build-image (linux/amd64, ubuntu-latest, false)	UNKNOWN STEP	2026-10-09T09:54:27.6739120Z         "Docker exporter": true,
build / build-image (linux/amd64, ubuntu-latest, false)	UNKNOWN STEP	2026-10-09T09:54:27.6740193Z         "Multi-platform build": true,
build / build-image (linux/amd64, ubuntu-latest, false)	UNKNOWN STEP	2026-10-09T09:54:27.6741063Z         "OCI exporter": true
build / build-image (linux/amd64, ubuntu-latest, false)	UNKNOWN STEP	2026-10-09T09:54:27.6741872Z       ***,
build / build-image (linux/amd64, ubuntu-latest, false)	UNKNOWN STEP	2026-10-09T09:54:27.6742588Z       "labels": ***
build / build-image (linux/amd64, ubuntu-latest, false)	UNKNOWN STEP	2026-10-09T09:54:27.6743476Z         "org.mobyproject.buildkit.worker.executor": "oci",
build / build-image (linux/amd64, ubuntu-latest, false)	UNKNOWN STEP	2026-10-09T09:54:27.6745363Z         "org.mobyproject.buildkit.worker.hostname": "fc17f03262ce",
build / build-image (linux/amd64, ubuntu-latest, false)	UNKNOWN STEP	2026-10-09T09:54:27.6746594Z         "org.mobyproject.buildkit.worker.network": "host",
build / build-image (linux/amd64, ubuntu-latest, false)	UNKNOWN STEP	2026-10-09T09:54:27.6747794Z         "org.mobyproject.buildkit.worker.oci.process-mode": "sandbox",
build / build-image (linux/amd64, ubuntu-latest, false)	UNKNOWN STEP	2026-10-09T09:54:27.6749294Z         "org.mobyproject.buildkit.worker.selinux.enabled": "false",
build / build-image (linux/amd64, ubuntu-latest, false)	UNKNOWN STEP	2026-10-09T09:54:27.6750552Z         "org.mobyproject.buildkit.worker.snapshotter": "overlayfs"
build / build-image (linux/amd64, ubuntu-latest, false)	UNKNOWN STEP	2026-10-09T09:54:27.6751602Z       ***,
build / build-image (linux/amd64, ubuntu-latest, false)	UNKNOWN STEP	2026-10-09T09:54:27.6752273Z       "gcPolicy": [
build / build-image (linux/amd64, ubuntu-latest, false)	UNKNOWN STEP	2026-10-09T09:54:27.6753040Z         ***
build / build-image (linux/amd64, ubuntu-latest, false)	UNKNOWN STEP	2026-10-09T09:54:27.6753744Z           "all": false,
build / build-image (linux/amd64, ubuntu-latest, false)	UNKNOWN STEP	2026-10-09T09:54:27.6754909Z           "filter": [
build / build-image (linux/amd64, ubuntu-latest, false)	UNKNOWN STEP	2026-10-09T09:54:27.6755925Z             "type==source.local type==exec.cachemount type==source.git.checkout"
build / build-image (linux/amd64, ubuntu-latest, false)	UNKNOWN STEP	2026-10-09T09:54:27.6757007Z           ],
build / build-image (linux/amd64, ubuntu-latest, false)	UNKNOWN STEP	2026-10-09T09:54:27.6757812Z           "keepDuration": "48h0m0s",
build / build-image (linux/amd64, ubuntu-latest, false)	UNKNOWN STEP	2026-10-09T09:54:27.6758906Z           "maxUsedSpace": "488.3MiB"
build / build-image (linux/amd64, ubuntu-latest, false)	UNKNOWN STEP	2026-10-09T09:54:27.6759754Z         ***,
build / build-image (linux/amd64, ubuntu-latest, false)	UNKNOWN STEP	2026-10-09T09:54:27.6760755Z         ***
build / build-image (linux/amd64, ubuntu-latest, false)	UNKNOWN STEP	2026-10-09T09:54:27.6761488Z           "all": false,
build / build-image (linux/amd64, ubuntu-latest, false)	UNKNOWN STEP	2026-10-09T09:54:27.6762512Z           "keepDuration": "1440h0m0s",
build / build-image (linux/amd64, ubuntu-latest, false)	UNKNOWN STEP	2026-10-09T09:54:27.6763378Z           "reservedSpace": "7.451GiB",
build / build-image (linux/amd64, ubuntu-latest, false)	UNKNOWN STEP	2026-10-09T09:54:27.6764252Z           "maxUsedSpace": "54.02GiB",
build / build-image (linux/amd64, ubuntu-latest, false)	UNKNOWN STEP	2026-10-09T09:54:27.6765472Z           "minFreeSpace": "13.97GiB"
build / build-image (linux/amd64, ubuntu-latest, false)	UNKNOWN STEP	2026-10-09T09:54:27.6766625Z         ***,
build / build-image (linux/amd64, ubuntu-latest, false)	UNKNOWN STEP	2026-10-09T09:54:27.6767325Z         ***
build / build-image (linux/amd64, ubuntu-latest, false)	UNKNOWN STEP	2026-10-09T09:54:27.6768031Z           "all": false,
build / build-image (linux/amd64, ubuntu-latest, false)	UNKNOWN STEP	2026-10-09T09:54:27.6768824Z           "reservedSpace": "7.451GiB",
build / build-image (linux/amd64, ubuntu-latest, false)	UNKNOWN STEP	2026-10-09T09:54:27.6769700Z           "maxUsedSpace": "54.02GiB",
build / build-image (linux/amd64, ubuntu-latest, false)	UNKNOWN STEP	2026-10-09T09:54:27.6770512Z           "minFreeSpace": "13.97GiB"
build / build-image (linux/amd64, ubuntu-latest, false)	UNKNOWN STEP	2026-10-09T09:54:27.6771284Z         ***,
build / build-image (linux/amd64, ubuntu-latest, false)	UNKNOWN STEP	2026-10-09T09:54:27.6771894Z         ***
build / build-image (linux/amd64, ubuntu-latest, false)	UNKNOWN STEP	2026-10-09T09:54:27.6772563Z           "all": true,
build / build-image (linux/amd64, ubuntu-latest, false)	UNKNOWN STEP	2026-10-09T09:54:27.6773290Z           "reservedSpace": "7.451GiB",
build / build-image (linux/amd64, ubuntu-latest, false)	UNKNOWN STEP	2026-10-09T09:54:27.6774044Z           "maxUsedSpace": "54.02GiB",
build / build-image (linux/amd64, ubuntu-latest, false)	UNKNOWN STEP	2026-10-09T09:54:27.6775021Z           "minFreeSpace": "13.97GiB"
build / build-image (linux/amd64, ubuntu-latest, false)	UNKNOWN STEP	2026-10-09T09:54:27.6775943Z         ***
build / build-image (linux/amd64, ubuntu-latest, false)	UNKNOWN STEP	2026-10-09T09:54:27.6776871Z       ]
build / build-image (linux/amd64, ubuntu-latest, false)	UNKNOWN STEP	2026-10-09T09:54:27.6777586Z     ***
build / build-image (linux/amd64, ubuntu-latest, false)	UNKNOWN STEP	2026-10-09T09:54:27.6778165Z   ],
build / build-image (linux/amd64, ubuntu-latest, false)	UNKNOWN STEP	2026-10-09T09:54:27.6778883Z   "name": "builder-12d75ace-f8c7-4c53-8f59-a6df78e093cc",
build / build-image (linux/amd64, ubuntu-latest, false)	UNKNOWN STEP	2026-10-09T09:54:27.6779823Z   "driver": "docker-container",
build / build-image (linux/amd64, ubuntu-latest, false)	UNKNOWN STEP	2026-10-09T09:54:27.6780598Z   "lastActivity": "2026-10-09T09:54:21.000Z"
build / build-image (linux/amd64, ubuntu-latest, false)	UNKNOWN STEP	2026-10-09T09:54:27.6781321Z ***
build / build-image (linux/amd64, ubuntu-latest, false)	UNKNOWN STEP	2026-10-09T09:54:27.6782291Z ##[endgroup]
build / build-image (linux/amd64, ubuntu-latest, false)	UNKNOWN STEP	2026-10-09T09:54:27.8462685Z [command]/usr/bin/docker buildx build --build-arg *** --build-arg *** --build-arg *** --build-arg *** --build-arg *** --build-arg *** --build-arg *** --build-arg *** --build-arg *** --build-arg *** --build-arg *** --build-arg JFROG_ACCESS_TOKEN=*** --build-arg GITHUB_ACCESS_TOKEN= --cache-from type=gha --cache-to type=gha,mode=min --file ./Dockerfile --iidfile /home/runner/work/_temp/docker-actions-toolkit-Evt3pE/build-iidfile-24f7f53380.txt --output type=oci,dest=build.tar --platform linux/amd64 --attest type=provenance,mode=min,inline-only=true,builder-id=https://github.com/consensys-vertical-apps/va-mmcx-terminal/actions/runs/37912764186/attempts/1 --tag app:latest --metadata-file /home/runner/work/_temp/docker-actions-toolkit-Evt3pE/build-metadata-94d0214a4c.json .
build / build-image (linux/amd64, ubuntu-latest, false)	UNKNOWN STEP	2026-10-09T09:54:28.1934505Z #0 building with "builder-12d75ace-f8c7-4c53-8f59-a6df78e093cc" instance using docker-container driver
build / build-image (linux/amd64, ubuntu-latest, false)	UNKNOWN STEP	2026-10-09T09:54:28.1936121Z 
build / build-image (linux/amd64, ubuntu-latest, false)	UNKNOWN STEP	2026-10-09T09:54:28.1949872Z #1 [internal] load build definition from Dockerfile
build / build-image (linux/amd64, ubuntu-latest, false)	UNKNOWN STEP	2026-10-09T09:54:28.1950941Z #1 transferring dockerfile: 2.25kB done
build / build-image (linux/amd64, ubuntu-latest, false)	UNKNOWN STEP	2026-10-09T09:54:28.1951672Z #1 DONE 0.0s
build / build-image (linux/amd64, ubuntu-latest, false)	UNKNOWN STEP	2026-10-09T09:54:28.1952048Z 
build / build-image (linux/amd64, ubuntu-latest, false)	UNKNOWN STEP	2026-10-09T09:54:28.1952671Z #2 [auth] sharing credentials for ***.dkr.ecr.us-east-2.amazonaws.com
build / build-image (linux/amd64, ubuntu-latest, false)	UNKNOWN STEP	2026-10-09T09:54:28.1953641Z #2 DONE 0.0s
build / build-image (linux/amd64, ubuntu-latest, false)	UNKNOWN STEP	2026-10-09T09:54:28.1954082Z 
build / build-image (linux/amd64, ubuntu-latest, false)	UNKNOWN STEP	2026-10-09T09:54:28.1954955Z #3 [internal] load metadata for ***.dkr.ecr.us-east-2.amazonaws.com/gcr-io-distroless:nodejs22-debian12
build / build-image (linux/amd64, ubuntu-latest, false)	UNKNOWN STEP	2026-10-09T09:54:28.4512866Z #3 DONE 0.5s
build / build-image (linux/amd64, ubuntu-latest, false)	UNKNOWN STEP	2026-10-09T09:54:28.4513469Z 
build / build-image (linux/amd64, ubuntu-latest, false)	UNKNOWN STEP	2026-10-09T09:54:28.4514934Z #4 [internal] load metadata for ***.dkr.ecr.us-east-2.amazonaws.com/docker-hub/library/node:22.20-alpine3.22
build / build-image (linux/amd64, ubuntu-latest, false)	UNKNOWN STEP	2026-10-09T09:54:28.6023004Z #4 DONE 0.5s
build / build-image (linux/amd64, ubuntu-latest, false)	UNKNOWN STEP	2026-10-09T09:54:28.6023498Z 
build / build-image (linux/amd64, ubuntu-latest, false)	UNKNOWN STEP	2026-10-09T09:54:28.6023882Z #5 [internal] load .dockerignore
build / build-image (linux/amd64, ubuntu-latest, false)	UNKNOWN STEP	2026-10-09T09:54:28.6024815Z #5 transferring context: 2B done
build / build-image (linux/amd64, ubuntu-latest, false)	UNKNOWN STEP	2026-10-09T09:54:28.6025491Z #5 DONE 0.0s
build / build-image (linux/amd64, ubuntu-latest, false)	UNKNOWN STEP	2026-10-09T09:54:28.6026608Z 
build / build-image (linux/amd64, ubuntu-latest, false)	UNKNOWN STEP	2026-10-09T09:54:28.6026906Z #6 [internal] load build context
build / build-image (linux/amd64, ubuntu-latest, false)	UNKNOWN STEP	2026-10-09T09:54:28.6027909Z #6 DONE 0.0s
build / build-image (linux/amd64, ubuntu-latest, false)	UNKNOWN STEP	2026-10-09T09:54:28.6028226Z 
build / build-image (linux/amd64, ubuntu-latest, false)	UNKNOWN STEP	2026-10-09T09:54:28.6029992Z #7 [builder 1/8] FROM ***.dkr.ecr.us-east-2.amazonaws.com/docker-hub/library/node:22.20-alpine3.22@sha256:dbcedd8aeab47fbc0f4dd4bffa55b7c3c729a707875968d467aaaea42d6225af
build / build-image (linux/amd64, ubuntu-latest, false)	UNKNOWN STEP	2026-10-09T09:54:28.6031610Z #7 resolve ***.dkr.ecr.us-east-2.amazonaws.com/docker-hub/library/node:22.20-alpine3.22@sha256:dbcedd8aeab47fbc0f4dd4bffa55b7c3c729a707875968d467aaaea42d6225af done
build / build-image (linux/amd64, ubuntu-latest, false)	UNKNOWN STEP	2026-10-09T09:54:28.6033122Z #7 DONE 0.0s
build / build-image (linux/amd64, ubuntu-latest, false)	UNKNOWN STEP	2026-10-09T09:54:28.6033466Z 
build / build-image (linux/amd64, ubuntu-latest, false)	UNKNOWN STEP	2026-10-09T09:54:28.6034458Z #8 [runner 1/4] FROM ***.dkr.ecr.us-east-2.amazonaws.com/gcr-io-distroless:nodejs22-debian12@sha256:fd90468f47e91d0d3c9bc055c8c09edbf0c225c3c795d0c266e2ca94b3ba17e3
build / build-image (linux/amd64, ubuntu-latest, false)	UNKNOWN STEP	2026-10-09T09:54:28.6037544Z #8 resolve ***.dkr.ecr.us-east-2.amazonaws.com/gcr-io-distroless:nodejs22-debian12@sha256:fd90468f47e91d0d3c9bc055c8c09edbf0c225c3c795d0c266e2ca94b3ba17e3 done
build / build-image (linux/amd64, ubuntu-latest, false)	UNKNOWN STEP	2026-10-09T09:54:28.6039092Z #8 DONE 0.0s
build / build-image (linux/amd64, ubuntu-latest, false)	UNKNOWN STEP	2026-10-09T09:54:28.6039380Z 
build / build-image (linux/amd64, ubuntu-latest, false)	UNKNOWN STEP	2026-10-09T09:54:28.6039597Z #9 importing cache manifest from gha:13558666122500270594
build / build-image (linux/amd64, ubuntu-latest, false)	UNKNOWN STEP	2026-10-09T09:54:28.6040353Z #9 DONE 0.1s
build / build-image (linux/amd64, ubuntu-latest, false)	UNKNOWN STEP	2026-10-09T09:54:28.7159231Z 
build / build-image (linux/amd64, ubuntu-latest, false)	UNKNOWN STEP	2026-10-09T09:54:28.7163269Z #6 [internal] load build context
build / build-image (linux/amd64, ubuntu-latest, false)	UNKNOWN STEP	2026-10-09T09:54:29.7568012Z #6 transferring context: 36.72MB 1.1s done
build / build-image (linux/amd64, ubuntu-latest, false)	UNKNOWN STEP	2026-10-09T09:54:29.7572996Z #6 DONE 1.2s
build / build-image (linux/amd64, ubuntu-latest, false)	UNKNOWN STEP	2026-10-09T09:54:29.7573571Z 
build / build-image (linux/amd64, ubuntu-latest, false)	UNKNOWN STEP	2026-10-09T09:54:29.7575332Z #8 [runner 1/4] FROM ***.dkr.ecr.us-east-2.amazonaws.com/gcr-io-distroless:nodejs22-debian12@sha256:fd90468f47e91d0d3c9bc055c8c09edbf0c225c3c795d0c266e2ca94b3ba17e3
build / build-image (linux/amd64, ubuntu-latest, false)	UNKNOWN STEP	2026-10-09T09:54:29.7578454Z #8 sha256:e432f938f66e1e6c6bb3e97d281a52b79122975cecd589c1ede790a06e015ecc 50.68MB / 50.68MB 0.9s
build / build-image (linux/amd64, ubuntu-latest, false)	UNKNOWN STEP	2026-10-09T09:54:29.7581625Z #8 sha256:da7816fa955ea24533c388143c78804c28682eef99b4ee3723b548c70148bba6 321B / 321B 0.1s done
build / build-image (linux/amd64, ubuntu-latest, false)	UNKNOWN STEP	2026-10-09T09:54:29.7584014Z #8 sha256:f45e0372ce60322aadbddd367c04e7f2bfc9e6e20523b97e8370b8444a260efe 65.12kB / 65.12kB 0.1s done
build / build-image (linux/amd64, ubuntu-latest, false)	UNKNOWN STEP	2026-10-09T09:54:29.7587952Z #8 sha256:33ce0b1d99fc4503f73b6b587dcb297f1c67cbade50429de5e0517d33e597583 911.81kB / 911.81kB 0.2s done
build / build-image (linux/amd64, ubuntu-latest, false)	UNKNOWN STEP	2026-10-09T09:54:29.7594294Z #8 sha256:5b14f6c9a813108be3fe5634dde0bafbd6e6b35a9929bc6fd2e737f2e618d167 150.81kB / 150.81kB 0.2s done
build / build-image (linux/amd64, ubuntu-latest, false)	UNKNOWN STEP	2026-10-09T09:54:29.7596755Z #8 sha256:7faf0cfa885ce8ddb26aab5406226d134baa65868d7c64f0480cdc08ee0bdcf8 44.98kB / 44.98kB 0.1s done
build / build-image (linux/amd64, ubuntu-latest, false)	UNKNOWN STEP	2026-10-09T09:54:29.7599956Z #8 sha256:c1e595f74d521a729b57807c995939aa172969a3d988f35ce309b8e1b3d09885 2.83MB / 2.83MB 0.2s done
build / build-image (linux/amd64, ubuntu-latest, false)	UNKNOWN STEP	2026-10-09T09:54:29.7601635Z #8 sha256:d00c3209d92970dad10c006c4d7120e5fd276349ce6e57dbad95a3a3f05411fc 5.83MB / 5.83MB 0.3s
build / build-image (linux/amd64, ubuntu-latest, false)	UNKNOWN STEP	2026-10-09T09:54:29.7607278Z #8 sha256:ddf74a63f7d8b7d157e5db1a45675a58e304b4c1d425b05c28c835b987623395 131.93kB / 131.93kB 0.2s
build / build-image (linux/amd64, ubuntu-latest, false)	UNKNOWN STEP	2026-10-09T09:54:29.7616031Z #8 sha256:4aa0ea1413d37a58615488592a0b827ea4b2e48fa5a77cf707d0e35f025e613f 385B / 385B 0.2s
build / build-image (linux/amd64, ubuntu-latest, false)	UNKNOWN STEP	2026-10-09T09:54:29.9172358Z #8 sha256:e432f938f66e1e6c6bb3e97d281a52b79122975cecd589c1ede790a06e015ecc 50.68MB / 50.68MB 1.0s done
build / build-image (linux/amd64, ubuntu-latest, false)	UNKNOWN STEP	2026-10-09T09:54:29.9177666Z #8 sha256:d00c3209d92970dad10c006c4d7120e5fd276349ce6e57dbad95a3a3f05411fc 5.83MB / 5.83MB 0.4s done
build / build-image (linux/amd64, ubuntu-latest, false)	UNKNOWN STEP	2026-10-09T09:54:29.9179200Z #8 sha256:ddf74a63f7d8b7d157e5db1a45675a58e304b4c1d425b05c28c835b987623395 131.93kB / 131.93kB 0.3s done
build / build-image (linux/amd64, ubuntu-latest, false)	UNKNOWN STEP	2026-10-09T09:54:29.9180411Z #8 sha256:4aa0ea1413d37a58615488592a0b827ea4b2e48fa5a77cf707d0e35f025e613f 385B / 385B 0.3s done
build / build-image (linux/amd64, ubuntu-latest, false)	UNKNOWN STEP	2026-10-09T09:54:29.9181694Z #8 sha256:0bab15eea81d0fe6ab56ebf5fba14e02c4c1775a7f7436fbddd3505add4e18fa 93B / 93B 0.1s done
build / build-image (linux/amd64, ubuntu-latest, false)	UNKNOWN STEP	2026-10-09T09:54:29.9183423Z #8 sha256:5664b15f108bf9436ce3312090a767300800edbbfd4511aa1a6d64357024d5dd 168B / 168B 0.1s done
build / build-image (linux/amd64, ubuntu-latest, false)	UNKNOWN STEP	2026-10-09T09:54:29.9185488Z #8 sha256:3214acf345c0cc6bbdb56b698a41ccdefc624a09d6beb0d38b5de0b2303ecaf4 123B / 123B 0.1s done
build / build-image (linux/amd64, ubuntu-latest, false)	UNKNOWN STEP	2026-10-09T09:54:29.9188111Z #8 sha256:7c12895b777bcaa8ccae0605b4de635b68fc32d60fa08f421dc3818bf55ee212 0B / 188B 0.2s
build / build-image (linux/amd64, ubuntu-latest, false)	UNKNOWN STEP	2026-10-09T09:54:30.0463709Z #8 sha256:7c12895b777bcaa8ccae0605b4de635b68fc32d60fa08f421dc3818bf55ee212 188B / 188B 0.2s done
build / build-image (linux/amd64, ubuntu-latest, false)	UNKNOWN STEP	2026-10-09T09:54:30.0467905Z #8 sha256:a62778643d563b511190663ef9a77c30d46d282facfdce4f3a7aecc03423c1f3 67B / 67B 0.1s done
build / build-image (linux/amd64, ubuntu-latest, false)	UNKNOWN STEP	2026-10-09T09:54:30.0469487Z #8 sha256:4eff9a62d888790350b2481ff4a4f38f9c94b3674d26b2f2c85ca39cdef43fd9 0B / 547.59kB 0.2s
build / build-image (linux/amd64, ubuntu-latest, false)	UNKNOWN STEP	2026-10-09T09:54:30.0471070Z #8 sha256:35d697fe273816c60d20a62a879f8643f79cd4ed85a8e80dba28a17350fc26b6 104.23kB / 104.23kB 0.2s done
build / build-image (linux/amd64, ubuntu-latest, false)	UNKNOWN STEP	2026-10-09T09:54:30.0472960Z #8 sha256:bfb59b82a9b65e47d485e53b3e815bca3b3e21a095bd0cb88ced9ac0b48062bf 13.36kB / 13.36kB 0.1s done
build / build-image (linux/amd64, ubuntu-latest, false)	UNKNOWN STEP	2026-10-09T09:54:30.2440364Z #8 sha256:4eff9a62d888790350b2481ff4a4f38f9c94b3674d26b2f2c85ca39cdef43fd9 547.59kB / 547.59kB 0.2s done
build / build-image (linux/amd64, ubuntu-latest, false)	UNKNOWN STEP	2026-10-09T09:54:30.2445774Z #8 extracting sha256:35d697fe273816c60d20a62a879f8643f79cd4ed85a8e80dba28a17350fc26b6 0.0s done
build / build-image (linux/amd64, ubuntu-latest, false)	UNKNOWN STEP	2026-10-09T09:54:30.2447546Z #8 extracting sha256:bfb59b82a9b65e47d485e53b3e815bca3b3e21a095bd0cb88ced9ac0b48062bf done
build / build-image (linux/amd64, ubuntu-latest, false)	UNKNOWN STEP	2026-10-09T09:54:30.2449041Z #8 extracting sha256:4eff9a62d888790350b2481ff4a4f38f9c94b3674d26b2f2c85ca39cdef43fd9
build / build-image (linux/amd64, ubuntu-latest, false)	UNKNOWN STEP	2026-10-09T09:54:30.3359127Z #8 extracting sha256:4eff9a62d888790350b2481ff4a4f38f9c94b3674d26b2f2c85ca39cdef43fd9 0.2s done
build / build-image (linux/amd64, ubuntu-latest, false)	UNKNOWN STEP	2026-10-09T09:54:30.3362324Z #8 extracting sha256:a62778643d563b511190663ef9a77c30d46d282facfdce4f3a7aecc03423c1f3
build / build-image (linux/amd64, ubuntu-latest, false)	UNKNOWN STEP	2026-10-09T09:54:30.5427407Z #8 extracting sha256:a62778643d563b511190663ef9a77c30d46d282facfdce4f3a7aecc03423c1f3 done
build / build-image (linux/amd64, ubuntu-latest, false)	UNKNOWN STEP	2026-10-09T09:54:30.5429260Z #8 extracting sha256:7c12895b777bcaa8ccae0605b4de635b68fc32d60fa08f421dc3818bf55ee212 done
build / build-image (linux/amd64, ubuntu-latest, false)	UNKNOWN STEP	2026-10-09T09:54:30.5431042Z #8 extracting sha256:3214acf345c0cc6bbdb56b698a41ccdefc624a09d6beb0d38b5de0b2303ecaf4 done
build / build-image (linux/amd64, ubuntu-latest, false)	UNKNOWN STEP	2026-10-09T09:54:30.5432641Z #8 extracting sha256:5664b15f108bf9436ce3312090a767300800edbbfd4511aa1a6d64357024d5dd done
build / build-image (linux/amd64, ubuntu-latest, false)	UNKNOWN STEP	2026-10-09T09:54:30.5434253Z #8 extracting sha256:0bab15eea81d0fe6ab56ebf5fba14e02c4c1775a7f7436fbddd3505add4e18fa done
build / build-image (linux/amd64, ubuntu-latest, false)	UNKNOWN STEP	2026-10-09T09:54:30.5436015Z #8 extracting sha256:4aa0ea1413d37a58615488592a0b827ea4b2e48fa5a77cf707d0e35f025e613f done
build / build-image (linux/amd64, ubuntu-latest, false)	UNKNOWN STEP	2026-10-09T09:54:30.5437553Z #8 extracting sha256:da7816fa955ea24533c388143c78804c28682eef99b4ee3723b548c70148bba6 done
build / build-image (linux/amd64, ubuntu-latest, false)	UNKNOWN STEP	2026-10-09T09:54:30.5439090Z #8 extracting sha256:ddf74a63f7d8b7d157e5db1a45675a58e304b4c1d425b05c28c835b987623395 done
build / build-image (linux/amd64, ubuntu-latest, false)	UNKNOWN STEP	2026-10-09T09:54:30.5440572Z #8 extracting sha256:d00c3209d92970dad10c006c4d7120e5fd276349ce6e57dbad95a3a3f05411fc
build / build-image (linux/amd64, ubuntu-latest, false)	UNKNOWN STEP	2026-10-09T09:54:30.5808261Z #8 extracting sha256:d00c3209d92970dad10c006c4d7120e5fd276349ce6e57dbad95a3a3f05411fc 0.2s done
build / build-image (linux/amd64, ubuntu-latest, false)	UNKNOWN STEP	2026-10-09T09:54:30.5812452Z #8 DONE 2.0s
build / build-image (linux/amd64, ubuntu-latest, false)	UNKNOWN STEP	2026-10-09T09:54:30.5813093Z 
build / build-image (linux/amd64, ubuntu-latest, false)	UNKNOWN STEP	2026-10-09T09:54:30.5814800Z #7 [builder 1/8] FROM ***.dkr.ecr.us-east-2.amazonaws.com/docker-hub/library/node:22.20-alpine3.22@sha256:dbcedd8aeab47fbc0f4dd4bffa55b7c3c729a707875968d467aaaea42d6225af
build / build-image (linux/amd64, ubuntu-latest, false)	UNKNOWN STEP	2026-10-09T09:54:30.5817792Z #7 sha256:44a43d49c5117bb6048f44499d8980962eb8c429b52ea12441d635c0c1c9a56b 447B / 447B 0.1s done
build / build-image (linux/amd64, ubuntu-latest, false)	UNKNOWN STEP	2026-10-09T09:54:30.5819584Z #7 sha256:b6cd7e47c1da3b1d6d5752f0fe515ebf93bef68421b4748c48302b6b6dddc0dc 1.26MB / 1.26MB 0.2s done
build / build-image (linux/amd64, ubuntu-latest, false)	UNKNOWN STEP	2026-10-09T09:54:30.5821467Z #7 sha256:2f385331c129e26191cd1be348031f074d5cef6ae65f0b4c575f5470aeeb5290 51.49MB / 51.49MB 0.8s done
build / build-image (linux/amd64, ubuntu-latest, false)	UNKNOWN STEP	2026-10-09T09:54:30.5823240Z #7 sha256:2d35ebdb57d9971fea0cac1582aa78935adf8058b2cc32db163c98822e5dfa1b 3.80MB / 3.80MB 0.3s done
build / build-image (linux/amd64, ubuntu-latest, false)	UNKNOWN STEP	2026-10-09T09:54:30.5825214Z #7 extracting sha256:2d35ebdb57d9971fea0cac1582aa78935adf8058b2cc32db163c98822e5dfa1b 0.5s done
build / build-image (linux/amd64, ubuntu-latest, false)	UNKNOWN STEP	2026-10-09T09:54:30.5826850Z #7 extracting sha256:2f385331c129e26191cd1be348031f074d5cef6ae65f0b4c575f5470aeeb5290
build / build-image (linux/amd64, ubuntu-latest, false)	UNKNOWN STEP	2026-10-09T09:54:31.5742537Z #7 extracting sha256:2f385331c129e26191cd1be348031f074d5cef6ae65f0b4c575f5470aeeb5290 2.0s done
build / build-image (linux/amd64, ubuntu-latest, false)	UNKNOWN STEP	2026-10-09T09:54:31.5744206Z #7 DONE 3.0s
build / build-image (linux/amd64, ubuntu-latest, false)	UNKNOWN STEP	2026-10-09T09:54:31.5744501Z 
build / build-image (linux/amd64, ubuntu-latest, false)	UNKNOWN STEP	2026-10-09T09:54:31.5745969Z #8 [runner 1/4] FROM ***.dkr.ecr.us-east-2.amazonaws.com/gcr-io-distroless:nodejs22-debian12@sha256:fd90468f47e91d0d3c9bc055c8c09edbf0c225c3c795d0c266e2ca94b3ba17e3
build / build-image (linux/amd64, ubuntu-latest, false)	UNKNOWN STEP	2026-10-09T09:54:31.5748167Z #8 extracting sha256:c1e595f74d521a729b57807c995939aa172969a3d988f35ce309b8e1b3d09885 0.1s done
build / build-image (linux/amd64, ubuntu-latest, false)	UNKNOWN STEP	2026-10-09T09:54:31.5749546Z #8 extracting sha256:7faf0cfa885ce8ddb26aab5406226d134baa65868d7c64f0480cdc08ee0bdcf8 done
build / build-image (linux/amd64, ubuntu-latest, false)	UNKNOWN STEP	2026-10-09T09:54:31.5751207Z #8 extracting sha256:5b14f6c9a813108be3fe5634dde0bafbd6e6b35a9929bc6fd2e737f2e618d167 0.0s done
build / build-image (linux/amd64, ubuntu-latest, false)	UNKNOWN STEP	2026-10-09T09:54:31.5752718Z #8 extracting sha256:33ce0b1d99fc4503f73b6b587dcb297f1c67cbade50429de5e0517d33e597583 0.0s done
build / build-image (linux/amd64, ubuntu-latest, false)	UNKNOWN STEP	2026-10-09T09:54:31.5754294Z #8 extracting sha256:f45e0372ce60322aadbddd367c04e7f2bfc9e6e20523b97e8370b8444a260efe done
build / build-image (linux/amd64, ubuntu-latest, false)	UNKNOWN STEP	2026-10-09T09:54:31.5755957Z #8 extracting sha256:e432f938f66e1e6c6bb3e97d281a52b79122975cecd589c1ede790a06e015ecc
build / build-image (linux/amd64, ubuntu-latest, false)	UNKNOWN STEP	2026-10-09T09:54:31.7175208Z #8 ...
build / build-image (linux/amd64, ubuntu-latest, false)	UNKNOWN STEP	2026-10-09T09:54:31.7176726Z 
build / build-image (linux/amd64, ubuntu-latest, false)	UNKNOWN STEP	2026-10-09T09:54:31.7178236Z #7 [builder 1/8] FROM ***.dkr.ecr.us-east-2.amazonaws.com/docker-hub/library/node:22.20-alpine3.22@sha256:dbcedd8aeab47fbc0f4dd4bffa55b7c3c729a707875968d467aaaea42d6225af
build / build-image (linux/amd64, ubuntu-latest, false)	UNKNOWN STEP	2026-10-09T09:54:31.7180360Z #7 extracting sha256:b6cd7e47c1da3b1d6d5752f0fe515ebf93bef68421b4748c48302b6b6dddc0dc 0.1s done
build / build-image (linux/amd64, ubuntu-latest, false)	UNKNOWN STEP	2026-10-09T09:54:31.7181728Z #7 extracting sha256:44a43d49c5117bb6048f44499d8980962eb8c429b52ea12441d635c0c1c9a56b done
build / build-image (linux/amd64, ubuntu-latest, false)	UNKNOWN STEP	2026-10-09T09:54:31.8360784Z #7 DONE 3.0s
build / build-image (linux/amd64, ubuntu-latest, false)	UNKNOWN STEP	2026-10-09T09:54:31.8361611Z 
build / build-image (linux/amd64, ubuntu-latest, false)	UNKNOWN STEP	2026-10-09T09:54:31.8364551Z #10 [builder 2/8] RUN apk add --no-cache   python3   make   g++   pkgconfig   libc6-compat
build / build-image (linux/amd64, ubuntu-latest, false)	UNKNOWN STEP	2026-10-09T09:54:31.8366428Z #10 0.075 fetch https://dl-cdn.alpinelinux.org/alpine/v3.22/main/x86_64/APKINDEX.tar.gz
build / build-image (linux/amd64, ubuntu-latest, false)	UNKNOWN STEP	2026-10-09T09:54:31.8367854Z #10 0.194 fetch https://dl-cdn.alpinelinux.org/alpine/v3.22/community/x86_64/APKINDEX.tar.gz
build / build-image (linux/amd64, ubuntu-latest, false)	UNKNOWN STEP	2026-10-09T09:54:31.9913755Z #10 ...
build / build-image (linux/amd64, ubuntu-latest, false)	UNKNOWN STEP	2026-10-09T09:54:31.9918053Z 
build / build-image (linux/amd64, ubuntu-latest, false)	UNKNOWN STEP	2026-10-09T09:54:31.9919776Z #8 [runner 1/4] FROM ***.dkr.ecr.us-east-2.amazonaws.com/gcr-io-distroless:nodejs22-debian12@sha256:fd90468f47e91d0d3c9bc055c8c09edbf0c225c3c795d0c266e2ca94b3ba17e3
build / build-image (linux/amd64, ubuntu-latest, false)	UNKNOWN STEP	2026-10-09T09:54:31.9922216Z #8 extracting sha256:e432f938f66e1e6c6bb3e97d281a52b79122975cecd589c1ede790a06e015ecc 1.1s done
build / build-image (linux/amd64, ubuntu-latest, false)	UNKNOWN STEP	2026-10-09T09:54:31.9923437Z #8 DONE 3.2s
build / build-image (linux/amd64, ubuntu-latest, false)	UNKNOWN STEP	2026-10-09T09:54:32.1414017Z 
build / build-image (linux/amd64, ubuntu-latest, false)	UNKNOWN STEP	2026-10-09T09:54:32.1415806Z #11 [runner 2/4] WORKDIR /usr/src/app
build / build-image (linux/amd64, ubuntu-latest, false)	UNKNOWN STEP	2026-10-09T09:54:33.3514701Z #11 DONE 1.5s
build / build-image (linux/amd64, ubuntu-latest, false)	UNKNOWN STEP	2026-10-09T09:54:33.3518349Z 
build / build-image (linux/amd64, ubuntu-latest, false)	UNKNOWN STEP	2026-10-09T09:54:33.3519473Z #10 [builder 2/8] RUN apk add --no-cache   python3   make   g++   pkgconfig   libc6-compat
build / build-image (linux/amd64, ubuntu-latest, false)	UNKNOWN STEP	2026-10-09T09:54:33.3520912Z #10 0.824 (1/34) Upgrading musl (1.2.5-r10 -> 1.2.5-r12)
build / build-image (linux/amd64, ubuntu-latest, false)	UNKNOWN STEP	2026-10-09T09:54:33.3522180Z #10 0.834 (2/34) Installing libstdc++-dev (14.2.0-r6)
build / build-image (linux/amd64, ubuntu-latest, false)	UNKNOWN STEP	2026-10-09T09:54:33.3523363Z #10 1.021 (3/34) Installing jansson (2.14.1-r0)
build / build-image (linux/amd64, ubuntu-latest, false)	UNKNOWN STEP	2026-10-09T09:54:33.3524454Z #10 1.025 (4/34) Installing zstd-libs (1.5.7-r0)
build / build-image (linux/amd64, ubuntu-latest, false)	UNKNOWN STEP	2026-10-09T09:54:33.3525945Z #10 1.033 (5/34) Installing binutils (2.44-r3)
build / build-image (linux/amd64, ubuntu-latest, false)	UNKNOWN STEP	2026-10-09T09:54:33.3527606Z #10 1.527 (6/34) Installing libgomp (14.2.0-r6)
build / build-image (linux/amd64, ubuntu-latest, false)	UNKNOWN STEP	2026-10-09T09:54:33.3529358Z #10 1.532 (7/34) Installing libatomic (14.2.0-r6)
build / build-image (linux/amd64, ubuntu-latest, false)	UNKNOWN STEP	2026-10-09T09:54:33.3531006Z #10 1.535 (8/34) Installing gmp (6.3.0-r3)
build / build-image (linux/amd64, ubuntu-latest, false)	UNKNOWN STEP	2026-10-09T09:54:33.3532392Z #10 1.541 (9/34) Installing isl26 (0.26-r1)
build / build-image (linux/amd64, ubuntu-latest, false)	UNKNOWN STEP	2026-10-09T09:54:33.3534150Z #10 1.560 (10/34) Installing mpfr4 (4.2.1_p1-r0)
build / build-image (linux/amd64, ubuntu-latest, false)	UNKNOWN STEP	2026-10-09T09:54:33.3535946Z #10 1.567 (11/34) Installing mpc1 (1.3.1-r1)
build / build-image (linux/amd64, ubuntu-latest, false)	UNKNOWN STEP	2026-10-09T09:54:33.3537142Z #10 1.571 (12/34) Installing gcc (14.2.0-r6)
build / build-image (linux/amd64, ubuntu-latest, false)	UNKNOWN STEP	2026-10-09T09:54:34.0514360Z #10 2.409 (13/34) Installing musl-dev (1.2.5-r12)
build / build-image (linux/amd64, ubuntu-latest, false)	UNKNOWN STEP	2026-10-09T09:54:34.2644212Z #10 2.472 (14/34) Installing g++ (14.2.0-r6)
build / build-image (linux/amd64, ubuntu-latest, false)	UNKNOWN STEP	2026-10-09T09:54:34.3498426Z #10 2.708 (15/34) Installing musl-obstack (1.2.3-r2)
build / build-image (linux/amd64, ubuntu-latest, false)	UNKNOWN STEP	2026-10-09T09:54:34.5712449Z #10 2.710 (16/34) Installing libucontext (1.3.2-r0)
build / build-image (linux/amd64, ubuntu-latest, false)	UNKNOWN STEP	2026-10-09T09:54:34.5713568Z #10 2.713 (17/34) Installing gcompat (1.1.0-r4)
build / build-image (linux/amd64, ubuntu-latest, false)	UNKNOWN STEP	2026-10-09T09:54:34.5715096Z #10 2.716 (18/34) Installing make (4.4.1-r3)
build / build-image (linux/amd64, ubuntu-latest, false)	UNKNOWN STEP	2026-10-09T09:54:34.5716073Z #10 2.721 (19/34) Installing pkgconf (2.4.3-r0)
build / build-image (linux/amd64, ubuntu-latest, false)	UNKNOWN STEP	2026-10-09T09:54:34.5717008Z #10 2.726 (20/34) Installing libexpat (2.8.5-r0)
build / build-image (linux/amd64, ubuntu-latest, false)	UNKNOWN STEP	2026-10-09T09:54:34.5717891Z #10 2.730 (21/34) Installing libbz2 (1.0.8-r6)
build / build-image (linux/amd64, ubuntu-latest, false)	UNKNOWN STEP	2026-10-09T09:54:34.5719096Z #10 2.733 (22/34) Installing libffi (3.4.8-r0)
build / build-image (linux/amd64, ubuntu-latest, false)	UNKNOWN STEP	2026-10-09T09:54:34.5719968Z #10 2.735 (23/34) Installing gdbm (1.24-r0)
build / build-image (linux/amd64, ubuntu-latest, false)	UNKNOWN STEP	2026-10-09T09:54:34.5720833Z #10 2.738 (24/34) Installing xz-libs (5.8.4-r0)
build / build-image (linux/amd64, ubuntu-latest, false)	UNKNOWN STEP	2026-10-09T09:54:34.5721920Z #10 2.743 (25/34) Installing mpdecimal (4.0.1-r0)
build / build-image (linux/amd64, ubuntu-latest, false)	UNKNOWN STEP	2026-10-09T09:54:34.5723075Z #10 2.747 (26/34) Installing ncurses-terminfo-base (6.5_p20250503-r0)
build / build-image (linux/amd64, ubuntu-latest, false)	UNKNOWN STEP	2026-10-09T09:54:34.5724311Z #10 2.753 (27/34) Installing libncursesw (6.5_p20250503-r0)
build / build-image (linux/amd64, ubuntu-latest, false)	UNKNOWN STEP	2026-10-09T09:54:34.5725611Z #10 2.759 (28/34) Installing libpanelw (6.5_p20250503-r0)
build / build-image (linux/amd64, ubuntu-latest, false)	UNKNOWN STEP	2026-10-09T09:54:34.5726561Z #10 2.761 (29/34) Installing readline (8.2.13-r1)
build / build-image (linux/amd64, ubuntu-latest, false)	UNKNOWN STEP	2026-10-09T09:54:34.5727557Z #10 2.766 (30/34) Installing sqlite-libs (3.49.2-r1)
build / build-image (linux/amd64, ubuntu-latest, false)	UNKNOWN STEP	2026-10-09T09:54:34.5728543Z #10 2.779 (31/34) Installing python3 (3.12.15-r0)
build / build-image (linux/amd64, ubuntu-latest, false)	UNKNOWN STEP	2026-10-09T09:54:34.6069148Z #10 2.965 (32/34) Installing python3-pycache-pyc0 (3.12.15-r0)
build / build-image (linux/amd64, ubuntu-latest, false)	UNKNOWN STEP	2026-10-09T09:54:34.7275057Z #10 3.083 (33/34) Installing pyc (3.12.15-r0)
build / build-image (linux/amd64, ubuntu-latest, false)	UNKNOWN STEP	2026-10-09T09:54:34.7276814Z #10 3.083 (34/34) Installing python3-pyc (3.12.15-r0)
build / build-image (linux/amd64, ubuntu-latest, false)	UNKNOWN STEP	2026-10-09T09:54:34.8870864Z #10 3.085 Executing busybox-1.37.0-r19.trigger
build / build-image (linux/amd64, ubuntu-latest, false)	UNKNOWN STEP	2026-10-09T09:54:34.8871692Z #10 3.094 OK: 271 MiB in 51 packages
build / build-image (linux/amd64, ubuntu-latest, false)	UNKNOWN STEP	2026-10-09T09:54:35.9101023Z #10 DONE 4.3s
build / build-image (linux/amd64, ubuntu-latest, false)	UNKNOWN STEP	2026-10-09T09:54:36.0625357Z 
build / build-image (linux/amd64, ubuntu-latest, false)	UNKNOWN STEP	2026-10-09T09:54:36.0666371Z #12 [builder 3/8] RUN if [ -n "https://consensys.jfrog.io/artifactory/api/npm/npm/" ]; then npm config set registry https://consensys.jfrog.io/artifactory/api/npm/npm/; fi   && if [ -n "https://consensys.jfrog.io/artifactory/api/npm/npm/" ] && [ -n "***" ]; then npm config set //consensys.jfrog.io/artifactory/api/npm/npm/:_authToken "***"; fi
build / build-image (linux/amd64, ubuntu-latest, false)	UNKNOWN STEP	2026-10-09T09:54:36.6093439Z #12 DONE 0.7s
build / build-image (linux/amd64, ubuntu-latest, false)	UNKNOWN STEP	2026-10-09T09:54:36.8001155Z 
build / build-image (linux/amd64, ubuntu-latest, false)	UNKNOWN STEP	2026-10-09T09:54:36.8003359Z #13 [builder 4/8] WORKDIR /usr/src/app
build / build-image (linux/amd64, ubuntu-latest, false)	UNKNOWN STEP	2026-10-09T09:54:36.8004145Z #13 DONE 0.0s
build / build-image (linux/amd64, ubuntu-latest, false)	UNKNOWN STEP	2026-10-09T09:54:36.8004467Z 
build / build-image (linux/amd64, ubuntu-latest, false)	UNKNOWN STEP	2026-10-09T09:54:36.8005095Z #14 [builder 5/8] COPY package.json package-lock.json* ./
build / build-image (linux/amd64, ubuntu-latest, false)	UNKNOWN STEP	2026-10-09T09:54:36.8005920Z #14 DONE 0.0s
build / build-image (linux/amd64, ubuntu-latest, false)	UNKNOWN STEP	2026-10-09T09:54:36.8006278Z 
build / build-image (linux/amd64, ubuntu-latest, false)	UNKNOWN STEP	2026-10-09T09:54:36.8006798Z #15 [builder 6/8] RUN npm ci
build / build-image (linux/amd64, ubuntu-latest, false)	UNKNOWN STEP	2026-10-09T09:54:39.8324855Z #15 3.182 npm error code ERESOLVE
build / build-image (linux/amd64, ubuntu-latest, false)	UNKNOWN STEP	2026-10-09T09:54:39.8325852Z #15 3.182 npm error ERESOLVE could not resolve
build / build-image (linux/amd64, ubuntu-latest, false)	UNKNOWN STEP	2026-10-09T09:54:39.8326536Z #15 3.182 npm error
build / build-image (linux/amd64, ubuntu-latest, false)	UNKNOWN STEP	2026-10-09T09:54:39.8327275Z #15 3.182 npm error While resolving: @metamask/design-system-react@0.38.1
build / build-image (linux/amd64, ubuntu-latest, false)	UNKNOWN STEP	2026-10-09T09:54:39.8328158Z #15 3.182 npm error Found: tailwindcss@4.1.14
build / build-image (linux/amd64, ubuntu-latest, false)	UNKNOWN STEP	2026-10-09T09:54:39.8328890Z #15 3.182 npm error node_modules/tailwindcss
build / build-image (linux/amd64, ubuntu-latest, false)	UNKNOWN STEP	2026-10-09T09:54:39.8329644Z #15 3.182 npm error   dev tailwindcss@"^4" from the root project
build / build-image (linux/amd64, ubuntu-latest, false)	UNKNOWN STEP	2026-10-09T09:54:39.8330589Z #15 3.182 npm error   tailwindcss@"4.1.14" from @tailwindcss/node@4.1.14
build / build-image (linux/amd64, ubuntu-latest, false)	UNKNOWN STEP	2026-10-09T09:54:39.8331460Z #15 3.182 npm error   node_modules/@tailwindcss/node
build / build-image (linux/amd64, ubuntu-latest, false)	UNKNOWN STEP	2026-10-09T09:54:39.8332381Z #15 3.182 npm error     @tailwindcss/node@"4.1.14" from @tailwindcss/postcss@4.1.14
build / build-image (linux/amd64, ubuntu-latest, false)	UNKNOWN STEP	2026-10-09T09:54:39.8333382Z #15 3.182 npm error     node_modules/@tailwindcss/postcss
build / build-image (linux/amd64, ubuntu-latest, false)	UNKNOWN STEP	2026-10-09T09:54:39.8334308Z #15 3.182 npm error       dev @tailwindcss/postcss@"^4" from the root project
build / build-image (linux/amd64, ubuntu-latest, false)	UNKNOWN STEP	2026-10-09T09:54:39.8439496Z #15 3.182 npm error   1 more (@tailwindcss/postcss)
build / build-image (linux/amd64, ubuntu-latest, false)	UNKNOWN STEP	2026-10-09T09:54:39.8444807Z #15 3.182 npm error
build / build-image (linux/amd64, ubuntu-latest, false)	UNKNOWN STEP	2026-10-09T09:54:39.8445774Z #15 3.182 npm error Could not resolve dependency:
build / build-image (linux/amd64, ubuntu-latest, false)	UNKNOWN STEP	2026-10-09T09:54:39.8447123Z #15 3.182 npm error peer @metamask/design-system-tailwind-preset@"^0.12.0" from @metamask/design-system-react@0.38.1
build / build-image (linux/amd64, ubuntu-latest, false)	UNKNOWN STEP	2026-10-09T09:54:39.8448440Z #15 3.182 npm error node_modules/@metamask/design-system-react
build / build-image (linux/amd64, ubuntu-latest, false)	UNKNOWN STEP	2026-10-09T09:54:39.8449482Z #15 3.182 npm error   @metamask/design-system-react@"^0.38.1" from the root project
build / build-image (linux/amd64, ubuntu-latest, false)	UNKNOWN STEP	2026-10-09T09:54:39.8450401Z #15 3.182 npm error
build / build-image (linux/amd64, ubuntu-latest, false)	UNKNOWN STEP	2026-10-09T09:54:39.8451114Z #15 3.182 npm error Conflicting peer dependency: tailwindcss@3.4.19
build / build-image (linux/amd64, ubuntu-latest, false)	UNKNOWN STEP	2026-10-09T09:54:39.8451966Z #15 3.182 npm error node_modules/tailwindcss
build / build-image (linux/amd64, ubuntu-latest, false)	UNKNOWN STEP	2026-10-09T09:54:39.8452986Z #15 3.182 npm error   peer tailwindcss@"^3.0.0" from @metamask/design-system-tailwind-preset@0.12.0
build / build-image (linux/amd64, ubuntu-latest, false)	UNKNOWN STEP	2026-10-09T09:54:39.8454208Z #15 3.182 npm error   node_modules/@metamask/design-system-tailwind-preset
build / build-image (linux/amd64, ubuntu-latest, false)	UNKNOWN STEP	2026-10-09T09:54:39.8456576Z #15 3.182 npm error     peer @metamask/design-system-tailwind-preset@"^0.12.0" from @metamask/design-system-react@0.38.1
build / build-image (linux/amd64, ubuntu-latest, false)	UNKNOWN STEP	2026-10-09T09:54:39.8457878Z #15 3.182 npm error     node_modules/@metamask/design-system-react
build / build-image (linux/amd64, ubuntu-latest, false)	UNKNOWN STEP	2026-10-09T09:54:39.8458917Z #15 3.182 npm error       @metamask/design-system-react@"^0.38.1" from the root project
build / build-image (linux/amd64, ubuntu-latest, false)	UNKNOWN STEP	2026-10-09T09:54:39.8459818Z #15 3.182 npm error
build / build-image (linux/amd64, ubuntu-latest, false)	UNKNOWN STEP	2026-10-09T09:54:39.8460488Z #15 3.182 npm error Fix the upstream dependency conflict, or retry
build / build-image (linux/amd64, ubuntu-latest, false)	UNKNOWN STEP	2026-10-09T09:54:39.8461453Z #15 3.182 npm error this command with --force or --legacy-peer-deps
build / build-image (linux/amd64, ubuntu-latest, false)	UNKNOWN STEP	2026-10-09T09:54:39.8462561Z #15 3.182 npm error to accept an incorrect (and potentially broken) dependency resolution.
build / build-image (linux/amd64, ubuntu-latest, false)	UNKNOWN STEP	2026-10-09T09:54:39.8463504Z #15 3.182 npm error
build / build-image (linux/amd64, ubuntu-latest, false)	UNKNOWN STEP	2026-10-09T09:54:39.8464025Z #15 3.182 npm error
build / build-image (linux/amd64, ubuntu-latest, false)	UNKNOWN STEP	2026-10-09T09:54:39.8464858Z #15 3.182 npm error For a full report see:
build / build-image (linux/amd64, ubuntu-latest, false)	UNKNOWN STEP	2026-10-09T09:54:39.8465986Z #15 3.182 npm error /root/.npm/_logs/2026-10-09T09_54_36_766Z-eresolve-report.txt
build / build-image (linux/amd64, ubuntu-latest, false)	UNKNOWN STEP	2026-10-09T09:54:39.9085696Z #15 3.189 npm error A complete log of this run can be found in: /root/.npm/_logs/2026-10-09T09_54_36_766Z-debug-0.log
build / build-image (linux/amd64, ubuntu-latest, false)	UNKNOWN STEP	2026-10-09T09:54:39.9087584Z #15 ERROR: process "/bin/sh -c npm ci" did not complete successfully: exit code: 1
build / build-image (linux/amd64, ubuntu-latest, false)	UNKNOWN STEP	2026-10-09T09:54:39.9088937Z ------
build / build-image (linux/amd64, ubuntu-latest, false)	UNKNOWN STEP	2026-10-09T09:54:39.9089981Z  > [builder 6/8] RUN npm ci:
build / build-image (linux/amd64, ubuntu-latest, false)	UNKNOWN STEP	2026-10-09T09:54:39.9091210Z 3.182 npm error       @metamask/design-system-react@"^0.38.1" from the root project
build / build-image (linux/amd64, ubuntu-latest, false)	UNKNOWN STEP	2026-10-09T09:54:39.9092422Z 3.182 npm error
build / build-image (linux/amd64, ubuntu-latest, false)	UNKNOWN STEP	2026-10-09T09:54:39.9093218Z 3.182 npm error Fix the upstream dependency conflict, or retry
build / build-image (linux/amd64, ubuntu-latest, false)	UNKNOWN STEP	2026-10-09T09:54:39.9094386Z 3.182 npm error this command with --force or --legacy-peer-deps
build / build-image (linux/amd64, ubuntu-latest, false)	UNKNOWN STEP	2026-10-09T09:54:39.9096106Z 3.182 npm error to accept an incorrect (and potentially broken) dependency resolution.
build / build-image (linux/amd64, ubuntu-latest, false)	UNKNOWN STEP	2026-10-09T09:54:39.9097034Z 3.182 npm error
build / build-image (linux/amd64, ubuntu-latest, false)	UNKNOWN STEP	2026-10-09T09:54:39.9097658Z 3.182 npm error
build / build-image (linux/amd64, ubuntu-latest, false)	UNKNOWN STEP	2026-10-09T09:54:39.9098263Z 3.182 npm error For a full report see:
build / build-image (linux/amd64, ubuntu-latest, false)	UNKNOWN STEP	2026-10-09T09:54:39.9099262Z 3.182 npm error /root/.npm/_logs/2026-10-09T09_54_36_766Z-eresolve-report.txt
build / build-image (linux/amd64, ubuntu-latest, false)	UNKNOWN STEP	2026-10-09T09:54:39.9100746Z 3.189 npm error A complete log of this run can be found in: /root/.npm/_logs/2026-10-09T09_54_36_766Z-debug-0.log
build / build-image (linux/amd64, ubuntu-latest, false)	UNKNOWN STEP	2026-10-09T09:54:39.9101887Z ------
build / build-image (linux/amd64, ubuntu-latest, false)	UNKNOWN STEP	2026-10-09T09:54:39.9103715Z 
build / build-image (linux/amd64, ubuntu-latest, false)	UNKNOWN STEP	2026-10-09T09:54:39.9104370Z  ^[[33m5 warnings found (use docker --debug to expand):
build / build-image (linux/amd64, ubuntu-latest, false)	UNKNOWN STEP	2026-10-09T09:54:39.9105593Z ^[[0m - SecretsUsedInArgOrEnv: Do not use ARG or ENV instructions for sensitive data (ARG "JFROG_ACCESS_TOKEN") (line 4)
build / build-image (linux/amd64, ubuntu-latest, false)	UNKNOWN STEP	2026-10-09T09:54:39.9106565Z  - SecretsUsedInArgOrEnv: Do not use ARG or ENV instructions for sensitive data (ARG "LAUNCHDARKLY_SDK_KEY") (line 8)
build / build-image (linux/amd64, ubuntu-latest, false)	UNKNOWN STEP	2026-10-09T09:54:39.9107804Z  - SecretsUsedInArgOrEnv: Do not use ARG or ENV instructions for sensitive data (ARG "LAUNCHDARKLY_SDK_KEY_LOCAL") (line 9)
build / build-image (linux/amd64, ubuntu-latest, false)	UNKNOWN STEP	2026-10-09T09:54:39.9108779Z  - SecretsUsedInArgOrEnv: Do not use ARG or ENV instructions for sensitive data (ENV "LAUNCHDARKLY_SDK_KEY") (line 17)
build / build-image (linux/amd64, ubuntu-latest, false)	UNKNOWN STEP	2026-10-09T09:54:39.9109739Z  - SecretsUsedInArgOrEnv: Do not use ARG or ENV instructions for sensitive data (ENV "LAUNCHDARKLY_SDK_KEY_LOCAL") (line 18)
build / build-image (linux/amd64, ubuntu-latest, false)	UNKNOWN STEP	2026-10-09T09:54:39.9142541Z Dockerfile:40
build / build-image (linux/amd64, ubuntu-latest, false)	UNKNOWN STEP	2026-10-09T09:54:39.9156890Z --------------------
build / build-image (linux/amd64, ubuntu-latest, false)	UNKNOWN STEP	2026-10-09T09:54:39.9170283Z   38 |     
build / build-image (linux/amd64, ubuntu-latest, false)	UNKNOWN STEP	2026-10-09T09:54:39.9173340Z   39 |     COPY package.json package-lock.json* ./
build / build-image (linux/amd64, ubuntu-latest, false)	UNKNOWN STEP	2026-10-09T09:54:39.9176822Z   40 | >>> RUN npm ci
build / build-image (linux/amd64, ubuntu-latest, false)	UNKNOWN STEP	2026-10-09T09:54:39.9178899Z   41 |     
build / build-image (linux/amd64, ubuntu-latest, false)	UNKNOWN STEP	2026-10-09T09:54:39.9181587Z   42 |     COPY . .
build / build-image (linux/amd64, ubuntu-latest, false)	UNKNOWN STEP	2026-10-09T09:54:39.9182481Z --------------------
build / build-image (linux/amd64, ubuntu-latest, false)	UNKNOWN STEP	2026-10-09T09:54:39.9183905Z ERROR: failed to build: failed to solve: process "/bin/sh -c npm ci" did not complete successfully: exit code: 1
build / build-image (linux/amd64, ubuntu-latest, false)	UNKNOWN STEP	2026-10-09T09:54:39.9398904Z ##[group]Reference
build / build-image (linux/amd64, ubuntu-latest, false)	UNKNOWN STEP	2026-10-09T09:54:40.0441330Z builder-12d75ace-f8c7-4c53-8f59-a6df78e093cc/builder-12d75ace-f8c7-4c53-8f59-a6df78e093cc0/jn349i943sk646idkhu8v34ae
build / build-image (linux/amd64, ubuntu-latest, false)	UNKNOWN STEP	2026-10-09T09:54:40.0443657Z ##[endgroup]
build / build-image (linux/amd64, ubuntu-latest, false)	UNKNOWN STEP	2026-10-09T09:54:40.0448830Z ##[group]Check build summary support
build / build-image (linux/amd64, ubuntu-latest, false)	UNKNOWN STEP	2026-10-09T09:54:40.0456328Z Build summary supported!
build / build-image (linux/amd64, ubuntu-latest, false)	UNKNOWN STEP	2026-10-09T09:54:40.0458171Z ##[endgroup]
build / build-image (linux/amd64, ubuntu-latest, false)	UNKNOWN STEP	2026-10-09T09:54:40.0462845Z ##[error]buildx failed with: ERROR: failed to build: failed to solve: process "/bin/sh -c npm ci" did not complete successfully: exit code: 1
build / build-image (linux/amd64, ubuntu-latest, false)	UNKNOWN STEP	2026-10-09T09:54:40.0580581Z ##[end-action id=__consensys-vertical-apps_shared-services-workflows.__docker_build-push-action;outcome=failure;conclusion=failure;duration_ms=12994]
build / build-image (linux/amd64, ubuntu-latest, false)	UNKNOWN STEP	2026-10-09T09:54:40.0585505Z ##[start-action display=Upload Docker artifact;id=__consensys-vertical-apps_shared-services-workflows.__actions_upload-artifact]
build / build-image (linux/amd64, ubuntu-latest, false)	UNKNOWN STEP	2026-10-09T09:54:40.0588859Z ##[end-action id=__consensys-vertical-apps_shared-services-workflows.__actions_upload-artifact;outcome=skipped;conclusion=skipped;duration_ms=0]
build / build-image (linux/amd64, ubuntu-latest, false)	UNKNOWN STEP	2026-10-09T09:54:40.0723531Z Post job cleanup.
build / build-image (linux/amd64, ubuntu-latest, false)	UNKNOWN STEP	2026-10-09T09:54:40.0731595Z ##[start-action display=Build and export;id=__1e3f4981-756c-4ccd-9794-5987a844e439.__docker_build-push-action]
build / build-image (linux/amd64, ubuntu-latest, false)	UNKNOWN STEP	2026-10-09T09:54:40.0815757Z Post job cleanup.
build / build-image (linux/amd64, ubuntu-latest, false)	UNKNOWN STEP	2026-10-09T09:54:40.3519100Z ##[group]Generating build summary
build / build-image (linux/amd64, ubuntu-latest, false)	UNKNOWN STEP	2026-10-09T09:54:40.4207054Z exporting build record to /home/runner/work/_temp/docker-actions-toolkit-U7OEh2/export
build / build-image (linux/amd64, ubuntu-latest, false)	UNKNOWN STEP	2026-10-09T09:54:40.5377010Z [command]/usr/bin/docker buildx history export --builder builder-12d75ace-f8c7-4c53-8f59-a6df78e093cc --output /home/runner/work/_temp/docker-actions-toolkit-U7OEh2/export/consensys-vertical-apps~va-mmcx-terminal~JN349I.dockerbuild jn349i943sk646idkhu8v34ae --finalize
build / build-image (linux/amd64, ubuntu-latest, false)	UNKNOWN STEP	2026-10-09T09:54:40.7829360Z Build record written to /home/runner/work/_temp/docker-actions-toolkit-U7OEh2/export/consensys-vertical-apps~va-mmcx-terminal~JN349I.dockerbuild (38.83 KB)
build / build-image (linux/amd64, ubuntu-latest, false)	UNKNOWN STEP	2026-10-09T09:54:40.7841656Z Uploading consensys-vertical-apps~va-mmcx-terminal~JN349I.dockerbuild as an artifact
build / build-image (linux/amd64, ubuntu-latest, false)	UNKNOWN STEP	2026-10-09T09:54:40.7845840Z Artifact name is valid!
build / build-image (linux/amd64, ubuntu-latest, false)	UNKNOWN STEP	2026-10-09T09:54:40.7846757Z Root directory input is valid!
build / build-image (linux/amd64, ubuntu-latest, false)	UNKNOWN STEP	2026-10-09T09:54:41.0055173Z Uploading artifact: consensys-vertical-apps~va-mmcx-terminal~JN349I.dockerbuild
build / build-image (linux/amd64, ubuntu-latest, false)	UNKNOWN STEP	2026-10-09T09:54:41.0107913Z Beginning upload of artifact content to blob storage
build / build-image (linux/amd64, ubuntu-latest, false)	UNKNOWN STEP	2026-10-09T09:54:41.1785469Z Uploaded bytes 39766
build / build-image (linux/amd64, ubuntu-latest, false)	UNKNOWN STEP	2026-10-09T09:54:41.2162251Z Finished uploading artifact content to blob storage!
build / build-image (linux/amd64, ubuntu-latest, false)	UNKNOWN STEP	2026-10-09T09:54:41.2164117Z SHA256 digest of uploaded artifact is dc020b0b6ed57bff1b00210a7f3e288f28ac4cbde834c87537777dca5efea7c1
build / build-image (linux/amd64, ubuntu-latest, false)	UNKNOWN STEP	2026-10-09T09:54:41.2168204Z Finalizing artifact upload
build / build-image (linux/amd64, ubuntu-latest, false)	UNKNOWN STEP	2026-10-09T09:54:41.4855675Z Artifact consensys-vertical-apps~va-mmcx-terminal~JN349I.dockerbuild successfully finalized. Artifact ID 11609420258
build / build-image (linux/amd64, ubuntu-latest, false)	UNKNOWN STEP	2026-10-09T09:54:41.4858102Z Artifact download URL: https://github.com/consensys-vertical-apps/va-mmcx-terminal/actions/runs/37912764186/artifacts/11609420258
build / build-image (linux/amd64, ubuntu-latest, false)	UNKNOWN STEP	2026-10-09T09:54:41.4908878Z Writing summary
build / build-image (linux/amd64, ubuntu-latest, false)	UNKNOWN STEP	2026-10-09T09:54:41.4925996Z ##[endgroup]
build / build-image (linux/amd64, ubuntu-latest, false)	UNKNOWN STEP	2026-10-09T09:54:41.4927525Z ##[group]Removing temp folder /home/runner/work/_temp/docker-actions-toolkit-Evt3pE
build / build-image (linux/amd64, ubuntu-latest, false)	UNKNOWN STEP	2026-10-09T09:54:41.4930735Z ##[endgroup]
build / build-image (linux/amd64, ubuntu-latest, false)	UNKNOWN STEP	2026-10-09T09:54:41.4931646Z ##[group]Post cache
build / build-image (linux/amd64, ubuntu-latest, false)	UNKNOWN STEP	2026-10-09T09:54:41.4932159Z State not set
build / build-image (linux/amd64, ubuntu-latest, false)	UNKNOWN STEP	2026-10-09T09:54:41.4932997Z ##[endgroup]
build / build-image (linux/amd64, ubuntu-latest, false)	UNKNOWN STEP	2026-10-09T09:54:41.5063628Z ##[end-action id=__1e3f4981-756c-4ccd-9794-5987a844e439.__docker_build-push-action;outcome=success;conclusion=success;duration_ms=1433]
build / build-image (linux/amd64, ubuntu-latest, false)	UNKNOWN STEP	2026-10-09T09:54:41.5067140Z ##[start-action display=Login to Amazon ECR;id=__1e3f4981-756c-4ccd-9794-5987a844e439.ecr]
build / build-image (linux/amd64, ubuntu-latest, false)	UNKNOWN STEP	2026-10-09T09:54:41.5105843Z Post job cleanup.
build / build-image (linux/amd64, ubuntu-latest, false)	UNKNOWN STEP	2026-10-09T09:54:41.5770707Z Logging out of registry ***.dkr.ecr.us-east-2.amazonaws.com
build / build-image (linux/amd64, ubuntu-latest, false)	UNKNOWN STEP	2026-10-09T09:54:41.6039171Z ##[end-action id=__1e3f4981-756c-4ccd-9794-5987a844e439.ecr;outcome=success;conclusion=success;duration_ms=97]
build / build-image (linux/amd64, ubuntu-latest, false)	UNKNOWN STEP	2026-10-09T09:54:41.6042383Z ##[start-action display=Configure AWS credentials;id=__1e3f4981-756c-4ccd-9794-5987a844e439.configure-aws-credentials]
build / build-image (linux/amd64, ubuntu-latest, false)	UNKNOWN STEP	2026-10-09T09:54:41.6129660Z Post job cleanup.
build / build-image (linux/amd64, ubuntu-latest, false)	UNKNOWN STEP	2026-10-09T09:54:41.6886258Z ##[end-action id=__1e3f4981-756c-4ccd-9794-5987a844e439.configure-aws-credentials;outcome=success;conclusion=success;duration_ms=84]
build / build-image (linux/amd64, ubuntu-latest, false)	UNKNOWN STEP	2026-10-09T09:54:41.6889600Z ##[start-action display=Set up Docker Buildx;id=__1e3f4981-756c-4ccd-9794-5987a844e439.__docker_setup-buildx-action]
build / build-image (linux/amd64, ubuntu-latest, false)	UNKNOWN STEP	2026-10-09T09:54:41.6940796Z Post job cleanup.
build / build-image (linux/amd64, ubuntu-latest, false)	UNKNOWN STEP	2026-10-09T09:54:41.8866750Z ##[group]Removing builder
build / build-image (linux/amd64, ubuntu-latest, false)	UNKNOWN STEP	2026-10-09T09:54:41.9937634Z [command]/usr/bin/docker buildx rm builder-12d75ace-f8c7-4c53-8f59-a6df78e093cc
build / build-image (linux/amd64, ubuntu-latest, false)	UNKNOWN STEP	2026-10-09T09:54:43.1144240Z builder-12d75ace-f8c7-4c53-8f59-a6df78e093cc removed
build / build-image (linux/amd64, ubuntu-latest, false)	UNKNOWN STEP	2026-10-09T09:54:43.1192720Z ##[endgroup]
build / build-image (linux/amd64, ubuntu-latest, false)	UNKNOWN STEP	2026-10-09T09:54:43.1200802Z ##[group]Cleaning up certificates
build / build-image (linux/amd64, ubuntu-latest, false)	UNKNOWN STEP	2026-10-09T09:54:43.1206154Z ##[endgroup]
build / build-image (linux/amd64, ubuntu-latest, false)	UNKNOWN STEP	2026-10-09T09:54:43.1211312Z ##[group]Post cache
build / build-image (linux/amd64, ubuntu-latest, false)	UNKNOWN STEP	2026-10-09T09:54:43.1212227Z State not set
build / build-image (linux/amd64, ubuntu-latest, false)	UNKNOWN STEP	2026-10-09T09:54:43.1213405Z ##[endgroup]
build / build-image (linux/amd64, ubuntu-latest, false)	UNKNOWN STEP	2026-10-09T09:54:43.1314945Z ##[end-action id=__1e3f4981-756c-4ccd-9794-5987a844e439.__docker_setup-buildx-action;outcome=success;conclusion=success;duration_ms=1442]
build / build-image (linux/amd64, ubuntu-latest, false)	UNKNOWN STEP	2026-10-09T09:54:43.1318648Z ##[start-action display=Set up QEMU;id=__1e3f4981-756c-4ccd-9794-5987a844e439.__docker_setup-qemu-action]
build / build-image (linux/amd64, ubuntu-latest, false)	UNKNOWN STEP	2026-10-09T09:54:43.1356708Z Post job cleanup.
build / build-image (linux/amd64, ubuntu-latest, false)	UNKNOWN STEP	2026-10-09T09:54:43.3094258Z ##[group]Post cache
build / build-image (linux/amd64, ubuntu-latest, false)	UNKNOWN STEP	2026-10-09T09:54:43.3096802Z Caching docker.io--tonistiigi--binfmt-latest-linux-x64 to GitHub Actions cache
build / build-image (linux/amd64, ubuntu-latest, false)	UNKNOWN STEP	2026-10-09T09:54:43.3307485Z [command]/usr/bin/tar --posix -cf cache.tzst --exclude cache.tzst -P -C /home/runner/work/va-mmcx-terminal/va-mmcx-terminal --files-from manifest.txt --use-compress-program zstdmt
build / build-image (linux/amd64, ubuntu-latest, false)	UNKNOWN STEP	2026-10-09T09:54:44.4803676Z Sent 32265037 of 32265037 (100.0%), 49.8 MBs/sec
build / build-image (linux/amd64, ubuntu-latest, false)	UNKNOWN STEP	2026-10-09T09:54:44.6415860Z ##[endgroup]
build / build-image (linux/amd64, ubuntu-latest, false)	UNKNOWN STEP	2026-10-09T09:54:44.6524386Z ##[end-action id=__1e3f4981-756c-4ccd-9794-5987a844e439.__docker_setup-qemu-action;outcome=success;conclusion=success;duration_ms=1520]
build / build-image (linux/amd64, ubuntu-latest, false)	UNKNOWN STEP	2026-10-09T09:54:44.6530045Z ##[start-action display=Checkout;id=__1e3f4981-756c-4ccd-9794-5987a844e439.__actions_checkout]
build / build-image (linux/amd64, ubuntu-latest, false)	UNKNOWN STEP	2026-10-09T09:54:44.6660745Z Post job cleanup.
build / build-image (linux/amd64, ubuntu-latest, false)	UNKNOWN STEP	2026-10-09T09:54:44.7660783Z [command]/usr/bin/git version
build / build-image (linux/amd64, ubuntu-latest, false)	UNKNOWN STEP	2026-10-09T09:54:44.7704258Z git version 2.55.0
build / build-image (linux/amd64, ubuntu-latest, false)	UNKNOWN STEP	2026-10-09T09:54:44.7782879Z Temporarily overriding HOME='/home/runner/work/_temp/58e4476f-ca01-4ff7-8f66-45f62703ebdf' before making global git config changes
build / build-image (linux/amd64, ubuntu-latest, false)	UNKNOWN STEP	2026-10-09T09:54:44.7787275Z Adding repository directory to the temporary git global config as a safe directory
build / build-image (linux/amd64, ubuntu-latest, false)	UNKNOWN STEP	2026-10-09T09:54:44.7791399Z [command]/usr/bin/git config --global --add safe.directory /home/runner/work/va-mmcx-terminal/va-mmcx-terminal
build / build-image (linux/amd64, ubuntu-latest, false)	UNKNOWN STEP	2026-10-09T09:54:44.7829097Z Removing SSH command configuration
build / build-image (linux/amd64, ubuntu-latest, false)	UNKNOWN STEP	2026-10-09T09:54:44.7838144Z [command]/usr/bin/git config --local --name-only --get-regexp core\.sshCommand
build / build-image (linux/amd64, ubuntu-latest, false)	UNKNOWN STEP	2026-10-09T09:54:44.7880369Z [command]/usr/bin/git submodule foreach --recursive sh -c "git config --local --name-only --get-regexp 'core\.sshCommand' && git config --local --unset-all 'core.sshCommand' || :"
build / build-image (linux/amd64, ubuntu-latest, false)	UNKNOWN STEP	2026-10-09T09:54:44.8124470Z Removing HTTP extra header
build / build-image (linux/amd64, ubuntu-latest, false)	UNKNOWN STEP	2026-10-09T09:54:44.8132014Z [command]/usr/bin/git config --local --name-only --get-regexp http\.https\:\/\/github\.com\/\.extraheader
build / build-image (linux/amd64, ubuntu-latest, false)	UNKNOWN STEP	2026-10-09T09:54:44.8174243Z [command]/usr/bin/git submodule foreach --recursive sh -c "git config --local --name-only --get-regexp 'http\.https\:\/\/github\.com\/\.extraheader' && git config --local --unset-all 'http.https://github.com/.extraheader' || :"
build / build-image (linux/amd64, ubuntu-latest, false)	UNKNOWN STEP	2026-10-09T09:54:44.8410911Z Removing includeIf entries pointing to credentials config files
build / build-image (linux/amd64, ubuntu-latest, false)	UNKNOWN STEP	2026-10-09T09:54:44.8420687Z [command]/usr/bin/git config --local --name-only --get-regexp ^includeIf\.gitdir:
build / build-image (linux/amd64, ubuntu-latest, false)	UNKNOWN STEP	2026-10-09T09:54:44.8450049Z includeif.gitdir:/home/runner/work/va-mmcx-terminal/va-mmcx-terminal/.git.path
build / build-image (linux/amd64, ubuntu-latest, false)	UNKNOWN STEP	2026-10-09T09:54:44.8452857Z includeif.gitdir:/home/runner/work/va-mmcx-terminal/va-mmcx-terminal/.git/worktrees/*.path
build / build-image (linux/amd64, ubuntu-latest, false)	UNKNOWN STEP	2026-10-09T09:54:44.8454406Z includeif.gitdir:/github/workspace/.git.path
build / build-image (linux/amd64, ubuntu-latest, false)	UNKNOWN STEP	2026-10-09T09:54:44.8455930Z includeif.gitdir:/github/workspace/.git/worktrees/*.path
build / build-image (linux/amd64, ubuntu-latest, false)	UNKNOWN STEP	2026-10-09T09:54:44.8464077Z [command]/usr/bin/git config --local --get-all includeif.gitdir:/home/runner/work/va-mmcx-terminal/va-mmcx-terminal/.git.path
build / build-image (linux/amd64, ubuntu-latest, false)	UNKNOWN STEP	2026-10-09T09:54:44.8488148Z /home/runner/work/_temp/git-credentials-ae35ad84-79dc-4536-8bef-15953974c242.config
build / build-image (linux/amd64, ubuntu-latest, false)	UNKNOWN STEP	2026-10-09T09:54:44.8503103Z [command]/usr/bin/git config --local --unset includeif.gitdir:/home/runner/work/va-mmcx-terminal/va-mmcx-terminal/.git.path /home/runner/work/_temp/git-credentials-ae35ad84-79dc-4536-8bef-15953974c242.config
build / build-image (linux/amd64, ubuntu-latest, false)	UNKNOWN STEP	2026-10-09T09:54:44.8547777Z [command]/usr/bin/git config --local --get-all includeif.gitdir:/home/runner/work/va-mmcx-terminal/va-mmcx-terminal/.git/worktrees/*.path
build / build-image (linux/amd64, ubuntu-latest, false)	UNKNOWN STEP	2026-10-09T09:54:44.8572668Z /home/runner/work/_temp/git-credentials-ae35ad84-79dc-4536-8bef-15953974c242.config
build / build-image (linux/amd64, ubuntu-latest, false)	UNKNOWN STEP	2026-10-09T09:54:44.8586487Z [command]/usr/bin/git config --local --unset includeif.gitdir:/home/runner/work/va-mmcx-terminal/va-mmcx-terminal/.git/worktrees/*.path /home/runner/work/_temp/git-credentials-ae35ad84-79dc-4536-8bef-15953974c242.config
build / build-image (linux/amd64, ubuntu-latest, false)	UNKNOWN STEP	2026-10-09T09:54:44.8628097Z [command]/usr/bin/git config --local --get-all includeif.gitdir:/github/workspace/.git.path
build / build-image (linux/amd64, ubuntu-latest, false)	UNKNOWN STEP	2026-10-09T09:54:44.8655847Z /github/runner_temp/git-credentials-ae35ad84-79dc-4536-8bef-15953974c242.config
build / build-image (linux/amd64, ubuntu-latest, false)	UNKNOWN STEP	2026-10-09T09:54:44.8660669Z [command]/usr/bin/git config --local --unset includeif.gitdir:/github/workspace/.git.path /github/runner_temp/git-credentials-ae35ad84-79dc-4536-8bef-15953974c242.config
build / build-image (linux/amd64, ubuntu-latest, false)	UNKNOWN STEP	2026-10-09T09:54:44.8702253Z [command]/usr/bin/git config --local --get-all includeif.gitdir:/github/workspace/.git/worktrees/*.path
build / build-image (linux/amd64, ubuntu-latest, false)	UNKNOWN STEP	2026-10-09T09:54:44.8725861Z /github/runner_temp/git-credentials-ae35ad84-79dc-4536-8bef-15953974c242.config
build / build-image (linux/amd64, ubuntu-latest, false)	UNKNOWN STEP	2026-10-09T09:54:44.8738352Z [command]/usr/bin/git config --local --unset includeif.gitdir:/github/workspace/.git/worktrees/*.path /github/runner_temp/git-credentials-ae35ad84-79dc-4536-8bef-15953974c242.config
build / build-image (linux/amd64, ubuntu-latest, false)	UNKNOWN STEP	2026-10-09T09:54:44.8777104Z [command]/usr/bin/git submodule foreach --recursive git config --local --show-origin --name-only --get-regexp remote.origin.url
build / build-image (linux/amd64, ubuntu-latest, false)	UNKNOWN STEP	2026-10-09T09:54:44.9017894Z Removing credentials config '/home/runner/work/_temp/git-credentials-ae35ad84-79dc-4536-8bef-15953974c242.config'
build / build-image (linux/amd64, ubuntu-latest, false)	UNKNOWN STEP	2026-10-09T09:54:44.9119999Z ##[end-action id=__1e3f4981-756c-4ccd-9794-5987a844e439.__actions_checkout;outcome=success;conclusion=success;duration_ms=258]
build / build-image (linux/amd64, ubuntu-latest, false)	UNKNOWN STEP	2026-10-09T09:54:44.9222281Z Post job cleanup.
build / build-image (linux/amd64, ubuntu-latest, false)	UNKNOWN STEP	2026-10-09T09:54:45.1099216Z ##[group]Checking connection to JFrog Artifactory
build / build-image (linux/amd64, ubuntu-latest, false)	UNKNOWN STEP	2026-10-09T09:54:45.1163373Z [command]/opt/hostedtoolcache/jf/2.91.0/x64/jf rt ping
build / build-image (linux/amd64, ubuntu-latest, false)	UNKNOWN STEP	2026-10-09T09:54:45.7867054Z OK
build / build-image (linux/amd64, ubuntu-latest, false)	UNKNOWN STEP	2026-10-09T09:54:45.7886709Z ##[endgroup]
build / build-image (linux/amd64, ubuntu-latest, false)	UNKNOWN STEP	2026-10-09T09:54:45.7889780Z ##[group]Check for unpublished modules
build / build-image (linux/amd64, ubuntu-latest, false)	UNKNOWN STEP	2026-10-09T09:54:45.7915438Z [command]/opt/hostedtoolcache/jf/2.91.0/x64/jf rt build-publish --dry-run
build / build-image (linux/amd64, ubuntu-latest, false)	UNKNOWN STEP	2026-10-09T09:54:45.8193614Z 09:54:45 [Info] [Dry run] Logging Build info preview...
build / build-image (linux/amd64, ubuntu-latest, false)	UNKNOWN STEP	2026-10-09T09:54:45.8195121Z ***
build / build-image (linux/amd64, ubuntu-latest, false)	UNKNOWN STEP	2026-10-09T09:54:45.8195770Z   "name": "Validate PR",
build / build-image (linux/amd64, ubuntu-latest, false)	UNKNOWN STEP	2026-10-09T09:54:45.8196452Z   "number": "813",
build / build-image (linux/amd64, ubuntu-latest, false)	UNKNOWN STEP	2026-10-09T09:54:45.8197119Z   "agent": ***
build / build-image (linux/amd64, ubuntu-latest, false)	UNKNOWN STEP	2026-10-09T09:54:45.8197825Z     "name": "setup-jfrog-cli-github-action",
build / build-image (linux/amd64, ubuntu-latest, false)	UNKNOWN STEP	2026-10-09T09:54:45.8198556Z     "version": "5.1.0"
build / build-image (linux/amd64, ubuntu-latest, false)	UNKNOWN STEP	2026-10-09T09:54:45.8199203Z   ***,
build / build-image (linux/amd64, ubuntu-latest, false)	UNKNOWN STEP	2026-10-09T09:54:45.8199853Z   "buildAgent": ***
build / build-image (linux/amd64, ubuntu-latest, false)	UNKNOWN STEP	2026-10-09T09:54:45.8200505Z     "name": "GENERIC",
build / build-image (linux/amd64, ubuntu-latest, false)	UNKNOWN STEP	2026-10-09T09:54:45.8201241Z     "version": "2.91.0"
build / build-image (linux/amd64, ubuntu-latest, false)	UNKNOWN STEP	2026-10-09T09:54:45.8201863Z   ***,
build / build-image (linux/amd64, ubuntu-latest, false)	UNKNOWN STEP	2026-10-09T09:54:45.8202523Z   "started": "2026-10-09T09:54:45.817+0000",
build / build-image (linux/amd64, ubuntu-latest, false)	UNKNOWN STEP	2026-10-09T09:54:45.8203462Z   "artifactoryPrincipal": "***",
build / build-image (linux/amd64, ubuntu-latest, false)	UNKNOWN STEP	2026-10-09T09:54:45.8204419Z   "url": "https://github.com/consensys-vertical-apps/va-mmcx-terminal/actions/runs/37912764186"
build / build-image (linux/amd64, ubuntu-latest, false)	UNKNOWN STEP	2026-10-09T09:54:45.8205448Z ***
build / build-image (linux/amd64, ubuntu-latest, false)	UNKNOWN STEP	2026-10-09T09:54:46.0787897Z ##[endgroup]
build / build-image (linux/amd64, ubuntu-latest, false)	UNKNOWN STEP	2026-10-09T09:54:46.0788890Z ##[group]Collecting evidence
build / build-image (linux/amd64, ubuntu-latest, false)	UNKNOWN STEP	2026-10-09T09:54:46.0790430Z No attestation paths file found. Skipping evidence creation. Searched for: /home/runner/work/_temp/created_attestation_paths.txt. Error: Error: ENOENT: no such file or directory, access '/home/runner/work/_temp/created_attestation_paths.txt'
build / build-image (linux/amd64, ubuntu-latest, false)	UNKNOWN STEP	2026-10-09T09:54:46.0792114Z ##[endgroup]
build / build-image (linux/amd64, ubuntu-latest, false)	UNKNOWN STEP	2026-10-09T09:54:46.0792911Z ##[group]Generating Job Summary
build / build-image (linux/amd64, ubuntu-latest, false)	UNKNOWN STEP	2026-10-09T09:54:46.0811090Z [command]/opt/hostedtoolcache/jf/2.91.0/x64/jf generate-summary-markdown
build / build-image (linux/amd64, ubuntu-latest, false)	UNKNOWN STEP	2026-10-09T09:54:46.5456002Z No code scanning sarif file was found.
build / build-image (linux/amd64, ubuntu-latest, false)	UNKNOWN STEP	2026-10-09T09:54:46.5470176Z ##[endgroup]
build / build-image (linux/amd64, ubuntu-latest, false)	UNKNOWN STEP	2026-10-09T09:54:46.5471746Z ##[group]Cleanup JFrog CLI servers configuration
build / build-image (linux/amd64, ubuntu-latest, false)	UNKNOWN STEP	2026-10-09T09:54:46.5473854Z The value of custom is: 'undefined'
build / build-image (linux/amd64, ubuntu-latest, false)	UNKNOWN STEP	2026-10-09T09:54:46.5489713Z [command]/opt/hostedtoolcache/jf/2.91.0/x64/jf c rm setup-jfrog-cli-server --quiet
build / build-image (linux/amd64, ubuntu-latest, false)	UNKNOWN STEP	2026-10-09T09:54:46.5670470Z ##[endgroup]
build / build-image (linux/amd64, ubuntu-latest, false)	UNKNOWN STEP	2026-10-09T09:54:46.5892475Z Post job cleanup.
build / build-image (linux/amd64, ubuntu-latest, false)	UNKNOWN STEP	2026-10-09T09:54:46.5950854Z Evaluate and set job outputs
build / build-image (linux/amd64, ubuntu-latest, false)	UNKNOWN STEP	2026-10-09T09:54:46.5955472Z Set output 'artifact_name'
build / build-image (linux/amd64, ubuntu-latest, false)	UNKNOWN STEP	2026-10-09T09:54:46.5957247Z Set output 'artifact_path'
build / build-image (linux/amd64, ubuntu-latest, false)	UNKNOWN STEP	2026-10-09T09:54:46.5958065Z Set output 'upload_name'
build / build-image (linux/amd64, ubuntu-latest, false)	UNKNOWN STEP	2026-10-09T09:54:46.5958914Z Set output 'native_build'
build / build-image (linux/amd64, ubuntu-latest, false)	UNKNOWN STEP	2026-10-09T09:54:46.5959935Z Cleaning up orphan processes
