validate-code / unit-tests (test:unit)	UNKNOWN STEP	﻿2026-10-09T07:25:09.3581323Z Current runner version: '2.337.0'
validate-code / unit-tests (test:unit)	UNKNOWN STEP	2026-10-09T07:25:09.3614864Z ##[group]Runner Image Provisioner
validate-code / unit-tests (test:unit)	UNKNOWN STEP	2026-10-09T07:25:09.3616228Z Hosted Compute Agent
validate-code / unit-tests (test:unit)	UNKNOWN STEP	2026-10-09T07:25:09.3617418Z Version: 20261002.596
validate-code / unit-tests (test:unit)	UNKNOWN STEP	2026-10-09T07:25:09.3618504Z Commit: c3d12f3313a95f25162a1503be624f3b0617f8c0
validate-code / unit-tests (test:unit)	UNKNOWN STEP	2026-10-09T07:25:09.3619677Z Build Date: 2026-10-02T22:28:27Z
validate-code / unit-tests (test:unit)	UNKNOWN STEP	2026-10-09T07:25:09.3620830Z Worker ID: ***844668d1-7652-4c61-b569-f20727c57545***
validate-code / unit-tests (test:unit)	UNKNOWN STEP	2026-10-09T07:25:09.3622117Z Region: eastus
validate-code / unit-tests (test:unit)	UNKNOWN STEP	2026-10-09T07:25:09.3623074Z Cloud: Azure
validate-code / unit-tests (test:unit)	UNKNOWN STEP	2026-10-09T07:25:09.3623937Z ##[endgroup]
validate-code / unit-tests (test:unit)	UNKNOWN STEP	2026-10-09T07:25:09.3625771Z ##[group]Operating System
validate-code / unit-tests (test:unit)	UNKNOWN STEP	2026-10-09T07:25:09.3626813Z Ubuntu
validate-code / unit-tests (test:unit)	UNKNOWN STEP	2026-10-09T07:25:09.3627939Z 24.04.5
validate-code / unit-tests (test:unit)	UNKNOWN STEP	2026-10-09T07:25:09.3628827Z LTS
validate-code / unit-tests (test:unit)	UNKNOWN STEP	2026-10-09T07:25:09.3629571Z ##[endgroup]
validate-code / unit-tests (test:unit)	UNKNOWN STEP	2026-10-09T07:25:09.3630568Z ##[group]Runner Image
validate-code / unit-tests (test:unit)	UNKNOWN STEP	2026-10-09T07:25:09.3631509Z Image: ubuntu-24.04
validate-code / unit-tests (test:unit)	UNKNOWN STEP	2026-10-09T07:25:09.3632616Z Version: 20261004.327.1
validate-code / unit-tests (test:unit)	UNKNOWN STEP	2026-10-09T07:25:09.3634615Z Included Software: https://github.com/actions/runner-images/blob/ubuntu24/20261004.327/images/ubuntu/Ubuntu2404-Readme.md
validate-code / unit-tests (test:unit)	UNKNOWN STEP	2026-10-09T07:25:09.3636713Z Image Release: https://github.com/actions/runner-images/releases/tag/ubuntu24%2F20261004.327
validate-code / unit-tests (test:unit)	UNKNOWN STEP	2026-10-09T07:25:09.3638482Z ##[endgroup]
validate-code / unit-tests (test:unit)	UNKNOWN STEP	2026-10-09T07:25:09.3640650Z ##[group]GITHUB_TOKEN Permissions
validate-code / unit-tests (test:unit)	UNKNOWN STEP	2026-10-09T07:25:09.3643391Z Actions: read
validate-code / unit-tests (test:unit)	UNKNOWN STEP	2026-10-09T07:25:09.3644388Z Checks: write
validate-code / unit-tests (test:unit)	UNKNOWN STEP	2026-10-09T07:25:09.3645245Z Contents: read
validate-code / unit-tests (test:unit)	UNKNOWN STEP	2026-10-09T07:25:09.3646179Z Metadata: read
validate-code / unit-tests (test:unit)	UNKNOWN STEP	2026-10-09T07:25:09.3647222Z ##[endgroup]
validate-code / unit-tests (test:unit)	UNKNOWN STEP	2026-10-09T07:25:09.3650330Z Secret source: Actions
validate-code / unit-tests (test:unit)	UNKNOWN STEP	2026-10-09T07:25:09.3651740Z Cache mode: write
validate-code / unit-tests (test:unit)	UNKNOWN STEP	2026-10-09T07:25:09.3653223Z Prepare workflow directory
validate-code / unit-tests (test:unit)	UNKNOWN STEP	2026-10-09T07:25:09.4173321Z Prepare all required actions
validate-code / unit-tests (test:unit)	UNKNOWN STEP	2026-10-09T07:25:09.4238348Z Getting action download info
validate-code / unit-tests (test:unit)	UNKNOWN STEP	2026-10-09T07:25:09.6725823Z Download action repository 'consensys-vertical-apps/shared-services-workflows@ee5456cf63f32f96987af955f66bd6b1b8b5cbd8' (SHA:ee5456cf63f32f96987af955f66bd6b1b8b5cbd8)
validate-code / unit-tests (test:unit)	UNKNOWN STEP	2026-10-09T07:25:10.0188208Z Download action repository 'actions/checkout@3d3c42e5aac5ba805825da76410c181273ba90b1' (SHA:3d3c42e5aac5ba805825da76410c181273ba90b1)
validate-code / unit-tests (test:unit)	UNKNOWN STEP	2026-10-09T07:25:10.0781416Z Download action repository 'consensys-vertical-apps/shared-services-workflows@0ad0566241bddeb4f6b3b5f310b368a89283e7df' (SHA:0ad0566241bddeb4f6b3b5f310b368a89283e7df)
validate-code / unit-tests (test:unit)	UNKNOWN STEP	2026-10-09T07:25:10.3199502Z Download action repository 'dorny/test-reporter@a43b3a5f7366b97d083190328d2c652e1a8b6aa2' (SHA:a43b3a5f7366b97d083190328d2c652e1a8b6aa2)
validate-code / unit-tests (test:unit)	UNKNOWN STEP	2026-10-09T07:25:10.6426251Z Download action repository 'actions/upload-artifact@043fb46d1a93c77aae656e7c1c64a875d1fc6a0a' (SHA:043fb46d1a93c77aae656e7c1c64a875d1fc6a0a)
validate-code / unit-tests (test:unit)	UNKNOWN STEP	2026-10-09T07:25:10.8828190Z Getting action download info
validate-code / unit-tests (test:unit)	UNKNOWN STEP	2026-10-09T07:25:10.9716182Z Download action repository 'wiz-sec-public/wiz-sensor-github-action@2f72488477988739561233bbc10ceff0c53273fd' (SHA:2f72488477988739561233bbc10ceff0c53273fd)
validate-code / unit-tests (test:unit)	UNKNOWN STEP	2026-10-09T07:25:11.1992220Z Getting action download info
validate-code / unit-tests (test:unit)	UNKNOWN STEP	2026-10-09T07:25:11.2972321Z Download action repository 'actions/checkout@df4cb1c069e1874edd31b4311f1884172cec0e10' (SHA:df4cb1c069e1874edd31b4311f1884172cec0e10)
validate-code / unit-tests (test:unit)	UNKNOWN STEP	2026-10-09T07:25:11.3989104Z Download action repository 'jfrog/setup-jfrog-cli@deda456d982fc5e9a7a020b63eb0d2968aedd33e' (SHA:deda456d982fc5e9a7a020b63eb0d2968aedd33e)
validate-code / unit-tests (test:unit)	UNKNOWN STEP	2026-10-09T07:25:12.0824742Z Download action repository 'pnpm/action-setup@fc06bc1257f339d1d5d8b3a19a8cae5388b55320' (SHA:fc06bc1257f339d1d5d8b3a19a8cae5388b55320)
validate-code / unit-tests (test:unit)	UNKNOWN STEP	2026-10-09T07:25:12.2986740Z Download action repository 'actions/setup-node@48b55a011bda9f5d6aeb4c2d9c7362e8dae4041e' (SHA:48b55a011bda9f5d6aeb4c2d9c7362e8dae4041e)
validate-code / unit-tests (test:unit)	UNKNOWN STEP	2026-10-09T07:25:12.5867876Z Uses: consensys-vertical-apps/shared-services-workflows/.github/workflows/js-validate-code.yml@refs/tags/v1.19.1 (ee5456cf63f32f96987af955f66bd6b1b8b5cbd8)
validate-code / unit-tests (test:unit)	UNKNOWN STEP	2026-10-09T07:25:12.5873956Z ##[group] Inputs
validate-code / unit-tests (test:unit)	UNKNOWN STEP	2026-10-09T07:25:12.5874965Z   run_on: ubuntu-latest
validate-code / unit-tests (test:unit)	UNKNOWN STEP	2026-10-09T07:25:12.5875929Z   node_version: 22
validate-code / unit-tests (test:unit)	UNKNOWN STEP	2026-10-09T07:25:12.5877053Z   security_audit_fail_level: critical
validate-code / unit-tests (test:unit)	UNKNOWN STEP	2026-10-09T07:25:12.5878897Z   security_audit_ignore_failure: false
validate-code / unit-tests (test:unit)	UNKNOWN STEP	2026-10-09T07:25:12.5880205Z   npm_client: npm
validate-code / unit-tests (test:unit)	UNKNOWN STEP	2026-10-09T07:25:12.5881255Z   npm_client_production_flag: --frozen-lockfile
validate-code / unit-tests (test:unit)	UNKNOWN STEP	2026-10-09T07:25:12.5882447Z   yarn_version: 1
validate-code / unit-tests (test:unit)	UNKNOWN STEP	2026-10-09T07:25:12.5883373Z   npm_registry_name: npm
validate-code / unit-tests (test:unit)	UNKNOWN STEP	2026-10-09T07:25:12.5884695Z   npm_registry_url: https://consensys.jfrog.io/artifactory/api/npm/npm/
validate-code / unit-tests (test:unit)	UNKNOWN STEP	2026-10-09T07:25:12.5886386Z   checkout_repository: consensys-vertical-apps/va-mmcx-terminal
validate-code / unit-tests (test:unit)	UNKNOWN STEP	2026-10-09T07:25:12.5887854Z   checkout_ref: 
validate-code / unit-tests (test:unit)	UNKNOWN STEP	2026-10-09T07:25:12.5888789Z   test_names: ['test:unit']
validate-code / unit-tests (test:unit)	UNKNOWN STEP	2026-10-09T07:25:12.5890416Z   test_timeout_minutes: 30
validate-code / unit-tests (test:unit)	UNKNOWN STEP	2026-10-09T07:25:12.5891443Z   eslint_enabled: false
validate-code / unit-tests (test:unit)	UNKNOWN STEP	2026-10-09T07:25:12.5892428Z   prettier_enabled: false
validate-code / unit-tests (test:unit)	UNKNOWN STEP	2026-10-09T07:25:12.5893446Z   tests_report_path: junit.xml
validate-code / unit-tests (test:unit)	UNKNOWN STEP	2026-10-09T07:25:12.5894501Z   tests_coverage_path: coverage/**/*
validate-code / unit-tests (test:unit)	UNKNOWN STEP	2026-10-09T07:25:12.5895619Z   typecheck_command: npm run typecheck
validate-code / unit-tests (test:unit)	UNKNOWN STEP	2026-10-09T07:25:12.5896751Z   typecheck_enabled: true
validate-code / unit-tests (test:unit)	UNKNOWN STEP	2026-10-09T07:25:12.5897879Z   pre_lint_command: 
validate-code / unit-tests (test:unit)	UNKNOWN STEP	2026-10-09T07:25:12.5898902Z   jfrog_oidc_provider_name: github
validate-code / unit-tests (test:unit)	UNKNOWN STEP	2026-10-09T07:25:12.5899982Z ##[endgroup]
validate-code / unit-tests (test:unit)	UNKNOWN STEP	2026-10-09T07:25:12.5901045Z Complete job name: validate-code / unit-tests (test:unit)
validate-code / unit-tests (test:unit)	UNKNOWN STEP	2026-10-09T07:25:12.6462116Z ##[group]Checking docker version
validate-code / unit-tests (test:unit)	UNKNOWN STEP	2026-10-09T07:25:12.6475680Z ##[command]/usr/bin/docker version --format '***.Server.APIVersion***'
validate-code / unit-tests (test:unit)	UNKNOWN STEP	2026-10-09T07:25:12.7171697Z '1.48'
validate-code / unit-tests (test:unit)	UNKNOWN STEP	2026-10-09T07:25:12.7184293Z Docker daemon API version: '1.48'
validate-code / unit-tests (test:unit)	UNKNOWN STEP	2026-10-09T07:25:12.7185957Z ##[command]/usr/bin/docker version --format '***.Client.APIVersion***'
validate-code / unit-tests (test:unit)	UNKNOWN STEP	2026-10-09T07:25:12.7382341Z '1.48'
validate-code / unit-tests (test:unit)	UNKNOWN STEP	2026-10-09T07:25:12.7388630Z Docker client API version: '1.48'
validate-code / unit-tests (test:unit)	UNKNOWN STEP	2026-10-09T07:25:12.7396152Z ##[endgroup]
validate-code / unit-tests (test:unit)	UNKNOWN STEP	2026-10-09T07:25:12.7400210Z ##[group]Clean up resources from previous jobs
validate-code / unit-tests (test:unit)	UNKNOWN STEP	2026-10-09T07:25:12.7406032Z ##[command]/usr/bin/docker ps --all --quiet --no-trunc --filter "label=1e8570"
validate-code / unit-tests (test:unit)	UNKNOWN STEP	2026-10-09T07:25:12.7581914Z ##[command]/usr/bin/docker network prune --force --filter "label=1e8570"
validate-code / unit-tests (test:unit)	UNKNOWN STEP	2026-10-09T07:25:12.7730731Z ##[endgroup]
validate-code / unit-tests (test:unit)	UNKNOWN STEP	2026-10-09T07:25:12.7732156Z ##[group]Create local container network
validate-code / unit-tests (test:unit)	UNKNOWN STEP	2026-10-09T07:25:12.7744910Z ##[command]/usr/bin/docker network create --label 1e8570 github_network_3ce2b2f8d8454c73a9591c90006debbe
validate-code / unit-tests (test:unit)	UNKNOWN STEP	2026-10-09T07:25:12.8766807Z e848c1923adf28f59c34051b86c5fab563493f206e85d90cf36d41ad85669fe5
validate-code / unit-tests (test:unit)	UNKNOWN STEP	2026-10-09T07:25:12.8811407Z ##[endgroup]
validate-code / unit-tests (test:unit)	UNKNOWN STEP	2026-10-09T07:25:12.8841821Z ##[group]Starting redis service container
validate-code / unit-tests (test:unit)	UNKNOWN STEP	2026-10-09T07:25:12.8866222Z ##[command]/usr/bin/docker pull redis
validate-code / unit-tests (test:unit)	UNKNOWN STEP	2026-10-09T07:25:12.8987021Z Using default tag: latest
validate-code / unit-tests (test:unit)	UNKNOWN STEP	2026-10-09T07:25:13.1323327Z latest: Pulling from library/redis
validate-code / unit-tests (test:unit)	UNKNOWN STEP	2026-10-09T07:25:13.2410907Z ecc510c1e359: Pulling fs layer
validate-code / unit-tests (test:unit)	UNKNOWN STEP	2026-10-09T07:25:13.2418111Z 4ac6ba6b019e: Pulling fs layer
validate-code / unit-tests (test:unit)	UNKNOWN STEP	2026-10-09T07:25:13.2419388Z f55e02ea8cde: Pulling fs layer
validate-code / unit-tests (test:unit)	UNKNOWN STEP	2026-10-09T07:25:13.2420651Z c30201c9cd3c: Pulling fs layer
validate-code / unit-tests (test:unit)	UNKNOWN STEP	2026-10-09T07:25:13.2421974Z dc611c1ed116: Pulling fs layer
validate-code / unit-tests (test:unit)	UNKNOWN STEP	2026-10-09T07:25:13.2423273Z 4f4fb700ef54: Pulling fs layer
validate-code / unit-tests (test:unit)	UNKNOWN STEP	2026-10-09T07:25:13.2424599Z 0a3621ec1dd4: Pulling fs layer
validate-code / unit-tests (test:unit)	UNKNOWN STEP	2026-10-09T07:25:13.2425718Z c30201c9cd3c: Waiting
validate-code / unit-tests (test:unit)	UNKNOWN STEP	2026-10-09T07:25:13.2426609Z dc611c1ed116: Waiting
validate-code / unit-tests (test:unit)	UNKNOWN STEP	2026-10-09T07:25:13.2427672Z 4f4fb700ef54: Waiting
validate-code / unit-tests (test:unit)	UNKNOWN STEP	2026-10-09T07:25:13.2428501Z 0a3621ec1dd4: Waiting
validate-code / unit-tests (test:unit)	UNKNOWN STEP	2026-10-09T07:25:13.2703398Z 4ac6ba6b019e: Verifying Checksum
validate-code / unit-tests (test:unit)	UNKNOWN STEP	2026-10-09T07:25:13.2706438Z 4ac6ba6b019e: Download complete
validate-code / unit-tests (test:unit)	UNKNOWN STEP	2026-10-09T07:25:13.2723532Z f55e02ea8cde: Download complete
validate-code / unit-tests (test:unit)	UNKNOWN STEP	2026-10-09T07:25:13.3087103Z dc611c1ed116: Verifying Checksum
validate-code / unit-tests (test:unit)	UNKNOWN STEP	2026-10-09T07:25:13.3090110Z dc611c1ed116: Download complete
validate-code / unit-tests (test:unit)	UNKNOWN STEP	2026-10-09T07:25:13.3709190Z 4f4fb700ef54: Verifying Checksum
validate-code / unit-tests (test:unit)	UNKNOWN STEP	2026-10-09T07:25:13.3729149Z 4f4fb700ef54: Download complete
validate-code / unit-tests (test:unit)	UNKNOWN STEP	2026-10-09T07:25:13.3998528Z c30201c9cd3c: Verifying Checksum
validate-code / unit-tests (test:unit)	UNKNOWN STEP	2026-10-09T07:25:13.4008103Z c30201c9cd3c: Download complete
validate-code / unit-tests (test:unit)	UNKNOWN STEP	2026-10-09T07:25:13.4085489Z ecc510c1e359: Verifying Checksum
validate-code / unit-tests (test:unit)	UNKNOWN STEP	2026-10-09T07:25:13.4086956Z ecc510c1e359: Download complete
validate-code / unit-tests (test:unit)	UNKNOWN STEP	2026-10-09T07:25:13.4148837Z 0a3621ec1dd4: Verifying Checksum
validate-code / unit-tests (test:unit)	UNKNOWN STEP	2026-10-09T07:25:13.4150545Z 0a3621ec1dd4: Download complete
validate-code / unit-tests (test:unit)	UNKNOWN STEP	2026-10-09T07:25:14.6691174Z ecc510c1e359: Pull complete
validate-code / unit-tests (test:unit)	UNKNOWN STEP	2026-10-09T07:25:16.2139115Z 4ac6ba6b019e: Pull complete
validate-code / unit-tests (test:unit)	UNKNOWN STEP	2026-10-09T07:25:16.2320602Z f55e02ea8cde: Pull complete
validate-code / unit-tests (test:unit)	UNKNOWN STEP	2026-10-09T07:25:17.2517075Z c30201c9cd3c: Pull complete
validate-code / unit-tests (test:unit)	UNKNOWN STEP	2026-10-09T07:25:17.2664703Z dc611c1ed116: Pull complete
validate-code / unit-tests (test:unit)	UNKNOWN STEP	2026-10-09T07:25:17.2905801Z 4f4fb700ef54: Pull complete
validate-code / unit-tests (test:unit)	UNKNOWN STEP	2026-10-09T07:25:17.3051467Z 0a3621ec1dd4: Pull complete
validate-code / unit-tests (test:unit)	UNKNOWN STEP	2026-10-09T07:25:17.3100469Z Digest: sha256:2c2dff791878316e3b083188be0d578423b24813cdda5de0e80ea4f7b3e6bfd6
validate-code / unit-tests (test:unit)	UNKNOWN STEP	2026-10-09T07:25:17.3113672Z Status: Downloaded newer image for redis:latest
validate-code / unit-tests (test:unit)	UNKNOWN STEP	2026-10-09T07:25:17.3123173Z docker.io/library/redis:latest
validate-code / unit-tests (test:unit)	UNKNOWN STEP	2026-10-09T07:25:17.3156284Z ##[command]/usr/bin/docker create --name fdb0c9f017284f19b62732e6dd94a208_redis_efd326 --label 1e8570 --network github_network_3ce2b2f8d8454c73a9591c90006debbe --network-alias redis -p 6379:6379  -e GITHUB_ACTIONS=true -e CI=true redis
validate-code / unit-tests (test:unit)	UNKNOWN STEP	2026-10-09T07:25:17.3469518Z af2c89fa75356a7a8ffac18fa63b0dfbb7d2c2fa09e267dc5a864bbff7c327ef
validate-code / unit-tests (test:unit)	UNKNOWN STEP	2026-10-09T07:25:17.3483747Z ##[command]/usr/bin/docker start af2c89fa75356a7a8ffac18fa63b0dfbb7d2c2fa09e267dc5a864bbff7c327ef
validate-code / unit-tests (test:unit)	UNKNOWN STEP	2026-10-09T07:25:17.5528987Z af2c89fa75356a7a8ffac18fa63b0dfbb7d2c2fa09e267dc5a864bbff7c327ef
validate-code / unit-tests (test:unit)	UNKNOWN STEP	2026-10-09T07:25:17.5587537Z ##[command]/usr/bin/docker ps --all --filter id=af2c89fa75356a7a8ffac18fa63b0dfbb7d2c2fa09e267dc5a864bbff7c327ef --filter status=running --no-trunc --format "***.ID*** ***.Status***"
validate-code / unit-tests (test:unit)	UNKNOWN STEP	2026-10-09T07:25:17.5793167Z af2c89fa75356a7a8ffac18fa63b0dfbb7d2c2fa09e267dc5a864bbff7c327ef Up Less than a second
validate-code / unit-tests (test:unit)	UNKNOWN STEP	2026-10-09T07:25:17.5823595Z ##[command]/usr/bin/docker port af2c89fa75356a7a8ffac18fa63b0dfbb7d2c2fa09e267dc5a864bbff7c327ef
validate-code / unit-tests (test:unit)	UNKNOWN STEP	2026-10-09T07:25:17.6033507Z 6379/tcp -> 0.0.0.0:6379
validate-code / unit-tests (test:unit)	UNKNOWN STEP	2026-10-09T07:25:17.6034387Z 6379/tcp -> [::]:6379
validate-code / unit-tests (test:unit)	UNKNOWN STEP	2026-10-09T07:25:17.6080340Z ##[endgroup]
validate-code / unit-tests (test:unit)	UNKNOWN STEP	2026-10-09T07:25:17.6089092Z ##[group]Waiting for all services to be ready
validate-code / unit-tests (test:unit)	UNKNOWN STEP	2026-10-09T07:25:17.6102380Z ##[command]/usr/bin/docker inspect --format="***if .Config.Healthcheck***print .State.Health.Status***end***" af2c89fa75356a7a8ffac18fa63b0dfbb7d2c2fa09e267dc5a864bbff7c327ef
validate-code / unit-tests (test:unit)	UNKNOWN STEP	2026-10-09T07:25:17.6263520Z redis service is healthy.
validate-code / unit-tests (test:unit)	UNKNOWN STEP	2026-10-09T07:25:17.6264130Z ##[endgroup]
validate-code / unit-tests (test:unit)	UNKNOWN STEP	2026-10-09T07:25:17.6550865Z ##[group]Run consensys-vertical-apps/shared-services-workflows/.github/actions/wiz-sensor@ee5456cf63f32f96987af955f66bd6b1b8b5cbd8
validate-code / unit-tests (test:unit)	UNKNOWN STEP	2026-10-09T07:25:17.6551769Z with:
validate-code / unit-tests (test:unit)	UNKNOWN STEP	2026-10-09T07:25:17.6552033Z   enabled: false
validate-code / unit-tests (test:unit)	UNKNOWN STEP	2026-10-09T07:25:17.6553581Z   token: ***
validate-code / unit-tests (test:unit)	UNKNOWN STEP	2026-10-09T07:25:17.6553958Z ##[endgroup]
validate-code / unit-tests (test:unit)	UNKNOWN STEP	2026-10-09T07:25:17.6637703Z ##[start-action display=Skip Wiz sensor;id=__self.__run]
validate-code / unit-tests (test:unit)	UNKNOWN STEP	2026-10-09T07:25:17.6700077Z ##[group]Run if [ "$WIZ_RUNNER_OS" != "Linux" ]; then
validate-code / unit-tests (test:unit)	UNKNOWN STEP	2026-10-09T07:25:17.6700597Z ^[[36;1mif [ "$WIZ_RUNNER_OS" != "Linux" ]; then^[[0m
validate-code / unit-tests (test:unit)	UNKNOWN STEP	2026-10-09T07:25:17.6701175Z ^[[36;1m  echo "::notice title=Wiz sensor::Skipped because the runner OS is $***WIZ_RUNNER_OS***."^[[0m
validate-code / unit-tests (test:unit)	UNKNOWN STEP	2026-10-09T07:25:17.6701725Z ^[[36;1melif [ "$WIZ_SENSOR_ENABLED" != "true" ]; then^[[0m
validate-code / unit-tests (test:unit)	UNKNOWN STEP	2026-10-09T07:25:17.6702221Z ^[[36;1m  echo "::notice title=Wiz sensor::Skipped because WIZ_SENSOR_ENABLED is not true."^[[0m
validate-code / unit-tests (test:unit)	UNKNOWN STEP	2026-10-09T07:25:17.6702690Z ^[[36;1melse^[[0m
validate-code / unit-tests (test:unit)	UNKNOWN STEP	2026-10-09T07:25:17.6703108Z ^[[36;1m  echo "::notice title=Wiz sensor::Skipped because WIZ_SENSOR_TOKEN is not set."^[[0m
validate-code / unit-tests (test:unit)	UNKNOWN STEP	2026-10-09T07:25:17.6703549Z ^[[36;1mfi^[[0m
validate-code / unit-tests (test:unit)	UNKNOWN STEP	2026-10-09T07:25:17.6896180Z shell: /usr/bin/bash --noprofile --norc -e -o pipefail ***0***
validate-code / unit-tests (test:unit)	UNKNOWN STEP	2026-10-09T07:25:17.6896632Z env:
validate-code / unit-tests (test:unit)	UNKNOWN STEP	2026-10-09T07:25:17.6897164Z   WIZ_SENSOR_ENABLED: false
validate-code / unit-tests (test:unit)	UNKNOWN STEP	2026-10-09T07:25:17.6897500Z   WIZ_SENSOR_TOKEN_SET: true
validate-code / unit-tests (test:unit)	UNKNOWN STEP	2026-10-09T07:25:17.6897795Z   WIZ_RUNNER_OS: Linux
validate-code / unit-tests (test:unit)	UNKNOWN STEP	2026-10-09T07:25:17.6898072Z ##[endgroup]
validate-code / unit-tests (test:unit)	UNKNOWN STEP	2026-10-09T07:25:17.7095526Z ##[notice]Skipped because WIZ_SENSOR_ENABLED is not true.
validate-code / unit-tests (test:unit)	UNKNOWN STEP	2026-10-09T07:25:17.7154512Z ##[end-action id=__self.__run;outcome=success;conclusion=success;duration_ms=51]
validate-code / unit-tests (test:unit)	UNKNOWN STEP	2026-10-09T07:25:17.7159419Z ##[start-action display=Mask Wiz sensor token fields;id=__self.mask-wiz-sensor-token]
validate-code / unit-tests (test:unit)	UNKNOWN STEP	2026-10-09T07:25:17.7168579Z ##[end-action id=__self.mask-wiz-sensor-token;outcome=skipped;conclusion=skipped;duration_ms=0]
validate-code / unit-tests (test:unit)	UNKNOWN STEP	2026-10-09T07:25:17.7170988Z ##[start-action display=Start Wiz sensor;id=__self.__wiz-sec-public_wiz-sensor-github-action]
validate-code / unit-tests (test:unit)	UNKNOWN STEP	2026-10-09T07:25:17.7177709Z ##[end-action id=__self.__wiz-sec-public_wiz-sensor-github-action;outcome=skipped;conclusion=skipped;duration_ms=0]
validate-code / unit-tests (test:unit)	UNKNOWN STEP	2026-10-09T07:25:17.7312838Z ##[group]Run actions/checkout@3d3c42e5aac5ba805825da76410c181273ba90b1
validate-code / unit-tests (test:unit)	UNKNOWN STEP	2026-10-09T07:25:17.7313290Z with:
validate-code / unit-tests (test:unit)	UNKNOWN STEP	2026-10-09T07:25:17.7313599Z   repository: consensys-vertical-apps/va-mmcx-terminal
validate-code / unit-tests (test:unit)	UNKNOWN STEP	2026-10-09T07:25:17.7315887Z   token: ***
validate-code / unit-tests (test:unit)	UNKNOWN STEP	2026-10-09T07:25:17.7334948Z   ssh-strict: true
validate-code / unit-tests (test:unit)	UNKNOWN STEP	2026-10-09T07:25:17.7335312Z   ssh-user: git
validate-code / unit-tests (test:unit)	UNKNOWN STEP	2026-10-09T07:25:17.7335678Z   persist-credentials: true
validate-code / unit-tests (test:unit)	UNKNOWN STEP	2026-10-09T07:25:17.7336074Z   clean: true
validate-code / unit-tests (test:unit)	UNKNOWN STEP	2026-10-09T07:25:17.7336420Z   sparse-checkout-cone-mode: true
validate-code / unit-tests (test:unit)	UNKNOWN STEP	2026-10-09T07:25:17.7336984Z   fetch-depth: 1
validate-code / unit-tests (test:unit)	UNKNOWN STEP	2026-10-09T07:25:17.7337358Z   fetch-tags: false
validate-code / unit-tests (test:unit)	UNKNOWN STEP	2026-10-09T07:25:17.7337750Z   show-progress: true
validate-code / unit-tests (test:unit)	UNKNOWN STEP	2026-10-09T07:25:17.7338124Z   lfs: false
validate-code / unit-tests (test:unit)	UNKNOWN STEP	2026-10-09T07:25:17.7338472Z   submodules: false
validate-code / unit-tests (test:unit)	UNKNOWN STEP	2026-10-09T07:25:17.7338849Z   set-safe-directory: true
validate-code / unit-tests (test:unit)	UNKNOWN STEP	2026-10-09T07:25:17.7339318Z   allow-unsafe-pr-checkout: false
validate-code / unit-tests (test:unit)	UNKNOWN STEP	2026-10-09T07:25:17.7339742Z ##[endgroup]
validate-code / unit-tests (test:unit)	UNKNOWN STEP	2026-10-09T07:25:17.8373963Z Syncing repository: consensys-vertical-apps/va-mmcx-terminal
validate-code / unit-tests (test:unit)	UNKNOWN STEP	2026-10-09T07:25:17.8376680Z ##[group]Getting Git version info
validate-code / unit-tests (test:unit)	UNKNOWN STEP	2026-10-09T07:25:17.8388057Z Working directory is '/home/runner/work/va-mmcx-terminal/va-mmcx-terminal'
validate-code / unit-tests (test:unit)	UNKNOWN STEP	2026-10-09T07:25:17.8390086Z [command]/usr/bin/git version
validate-code / unit-tests (test:unit)	UNKNOWN STEP	2026-10-09T07:25:17.8446120Z git version 2.55.0
validate-code / unit-tests (test:unit)	UNKNOWN STEP	2026-10-09T07:25:17.8474299Z ##[endgroup]
validate-code / unit-tests (test:unit)	UNKNOWN STEP	2026-10-09T07:25:17.8485539Z Temporarily overriding HOME='/home/runner/work/_temp/6bebc337-34e3-49ad-af09-1d6772aa0c53' before making global git config changes
validate-code / unit-tests (test:unit)	UNKNOWN STEP	2026-10-09T07:25:17.8487428Z Adding repository directory to the temporary git global config as a safe directory
validate-code / unit-tests (test:unit)	UNKNOWN STEP	2026-10-09T07:25:17.8490645Z [command]/usr/bin/git config --global --add safe.directory /home/runner/work/va-mmcx-terminal/va-mmcx-terminal
validate-code / unit-tests (test:unit)	UNKNOWN STEP	2026-10-09T07:25:17.8538448Z Deleting the contents of '/home/runner/work/va-mmcx-terminal/va-mmcx-terminal'
validate-code / unit-tests (test:unit)	UNKNOWN STEP	2026-10-09T07:25:17.8539709Z ##[group]Determining repository object format
validate-code / unit-tests (test:unit)	UNKNOWN STEP	2026-10-09T07:25:17.8540460Z ##[endgroup]
validate-code / unit-tests (test:unit)	UNKNOWN STEP	2026-10-09T07:25:17.8541092Z ##[group]Initializing the repository
validate-code / unit-tests (test:unit)	UNKNOWN STEP	2026-10-09T07:25:17.8544018Z [command]/usr/bin/git init /home/runner/work/va-mmcx-terminal/va-mmcx-terminal
validate-code / unit-tests (test:unit)	UNKNOWN STEP	2026-10-09T07:25:17.8632896Z hint: Using 'master' as the name for the initial branch. This default branch name
validate-code / unit-tests (test:unit)	UNKNOWN STEP	2026-10-09T07:25:17.8634186Z hint: will change to "main" in Git 3.0. To configure the initial branch name
validate-code / unit-tests (test:unit)	UNKNOWN STEP	2026-10-09T07:25:17.8635721Z hint: to use in all of your new repositories, which will suppress this warning,
validate-code / unit-tests (test:unit)	UNKNOWN STEP	2026-10-09T07:25:17.8638036Z hint: call:
validate-code / unit-tests (test:unit)	UNKNOWN STEP	2026-10-09T07:25:17.8640471Z hint:
validate-code / unit-tests (test:unit)	UNKNOWN STEP	2026-10-09T07:25:17.8641463Z hint: 	git config --global init.defaultBranch <name>
validate-code / unit-tests (test:unit)	UNKNOWN STEP	2026-10-09T07:25:17.8642602Z hint:
validate-code / unit-tests (test:unit)	UNKNOWN STEP	2026-10-09T07:25:17.8645220Z hint: Names commonly chosen instead of 'master' are 'main', 'trunk' and
validate-code / unit-tests (test:unit)	UNKNOWN STEP	2026-10-09T07:25:17.8647499Z hint: 'development'. The just-created branch can be renamed via this command:
validate-code / unit-tests (test:unit)	UNKNOWN STEP	2026-10-09T07:25:17.8648213Z hint:
validate-code / unit-tests (test:unit)	UNKNOWN STEP	2026-10-09T07:25:17.8648618Z hint: 	git branch -m <name>
validate-code / unit-tests (test:unit)	UNKNOWN STEP	2026-10-09T07:25:17.8649049Z hint:
validate-code / unit-tests (test:unit)	UNKNOWN STEP	2026-10-09T07:25:17.8649618Z hint: Disable this message with "git config set advice.defaultBranchName false"
validate-code / unit-tests (test:unit)	UNKNOWN STEP	2026-10-09T07:25:17.8650540Z Initialized empty Git repository in /home/runner/work/va-mmcx-terminal/va-mmcx-terminal/.git/
validate-code / unit-tests (test:unit)	UNKNOWN STEP	2026-10-09T07:25:17.8652534Z [command]/usr/bin/git remote add origin https://github.com/consensys-vertical-apps/va-mmcx-terminal
validate-code / unit-tests (test:unit)	UNKNOWN STEP	2026-10-09T07:25:17.8707028Z ##[endgroup]
validate-code / unit-tests (test:unit)	UNKNOWN STEP	2026-10-09T07:25:17.8708017Z ##[group]Disabling automatic garbage collection
validate-code / unit-tests (test:unit)	UNKNOWN STEP	2026-10-09T07:25:17.8709134Z [command]/usr/bin/git config --local gc.auto 0
validate-code / unit-tests (test:unit)	UNKNOWN STEP	2026-10-09T07:25:17.8733620Z ##[endgroup]
validate-code / unit-tests (test:unit)	UNKNOWN STEP	2026-10-09T07:25:17.8734713Z ##[group]Setting up auth
validate-code / unit-tests (test:unit)	UNKNOWN STEP	2026-10-09T07:25:17.8736790Z Removing SSH command configuration
validate-code / unit-tests (test:unit)	UNKNOWN STEP	2026-10-09T07:25:17.8740730Z [command]/usr/bin/git config --local --name-only --get-regexp core\.sshCommand
validate-code / unit-tests (test:unit)	UNKNOWN STEP	2026-10-09T07:25:17.8773681Z [command]/usr/bin/git submodule foreach --recursive sh -c "git config --local --name-only --get-regexp 'core\.sshCommand' && git config --local --unset-all 'core.sshCommand' || :"
validate-code / unit-tests (test:unit)	UNKNOWN STEP	2026-10-09T07:25:17.9079910Z Removing HTTP extra header
validate-code / unit-tests (test:unit)	UNKNOWN STEP	2026-10-09T07:25:17.9086573Z [command]/usr/bin/git config --local --name-only --get-regexp http\.https\:\/\/github\.com\/\.extraheader
validate-code / unit-tests (test:unit)	UNKNOWN STEP	2026-10-09T07:25:17.9115636Z [command]/usr/bin/git submodule foreach --recursive sh -c "git config --local --name-only --get-regexp 'http\.https\:\/\/github\.com\/\.extraheader' && git config --local --unset-all 'http.https://github.com/.extraheader' || :"
validate-code / unit-tests (test:unit)	UNKNOWN STEP	2026-10-09T07:25:17.9384687Z Removing includeIf entries pointing to credentials config files
validate-code / unit-tests (test:unit)	UNKNOWN STEP	2026-10-09T07:25:17.9388593Z [command]/usr/bin/git config --local --name-only --get-regexp ^includeIf\.gitdir:
validate-code / unit-tests (test:unit)	UNKNOWN STEP	2026-10-09T07:25:17.9422471Z [command]/usr/bin/git submodule foreach --recursive git config --local --show-origin --name-only --get-regexp remote.origin.url
validate-code / unit-tests (test:unit)	UNKNOWN STEP	2026-10-09T07:25:17.9695344Z [command]/usr/bin/git config --file /home/runner/work/_temp/git-credentials-1dc719f9-8619-431b-95f9-9b84f75eb71c.config http.https://github.com/.extraheader AUTHORIZATION: basic ***
validate-code / unit-tests (test:unit)	UNKNOWN STEP	2026-10-09T07:25:17.9769258Z [command]/usr/bin/git config --local includeIf.gitdir:/home/runner/work/va-mmcx-terminal/va-mmcx-terminal/.git.path /home/runner/work/_temp/git-credentials-1dc719f9-8619-431b-95f9-9b84f75eb71c.config
validate-code / unit-tests (test:unit)	UNKNOWN STEP	2026-10-09T07:25:17.9806231Z [command]/usr/bin/git config --local includeIf.gitdir:/home/runner/work/va-mmcx-terminal/va-mmcx-terminal/.git/worktrees/*.path /home/runner/work/_temp/git-credentials-1dc719f9-8619-431b-95f9-9b84f75eb71c.config
validate-code / unit-tests (test:unit)	UNKNOWN STEP	2026-10-09T07:25:17.9881512Z [command]/usr/bin/git config --local includeIf.gitdir:/github/workspace/.git.path /github/runner_temp/git-credentials-1dc719f9-8619-431b-95f9-9b84f75eb71c.config
validate-code / unit-tests (test:unit)	UNKNOWN STEP	2026-10-09T07:25:17.9885067Z [command]/usr/bin/git config --local includeIf.gitdir:/github/workspace/.git/worktrees/*.path /github/runner_temp/git-credentials-1dc719f9-8619-431b-95f9-9b84f75eb71c.config
validate-code / unit-tests (test:unit)	UNKNOWN STEP	2026-10-09T07:25:17.9945203Z ##[endgroup]
validate-code / unit-tests (test:unit)	UNKNOWN STEP	2026-10-09T07:25:17.9946190Z ##[group]Fetching the repository
validate-code / unit-tests (test:unit)	UNKNOWN STEP	2026-10-09T07:25:17.9948284Z [command]/usr/bin/git -c protocol.version=2 fetch --no-tags --prune --no-recurse-submodules --depth=1 origin +7a41fef9713a11d0bb5fb901d91a7d16dbe0b1ce:refs/remotes/pull/180/merge
validate-code / unit-tests (test:unit)	UNKNOWN STEP	2026-10-09T07:25:18.6780865Z From https://github.com/consensys-vertical-apps/va-mmcx-terminal
validate-code / unit-tests (test:unit)	UNKNOWN STEP	2026-10-09T07:25:18.6782074Z  * [new ref]         7a41fef9713a11d0bb5fb901d91a7d16dbe0b1ce -> pull/180/merge
validate-code / unit-tests (test:unit)	UNKNOWN STEP	2026-10-09T07:25:18.6787445Z ##[endgroup]
validate-code / unit-tests (test:unit)	UNKNOWN STEP	2026-10-09T07:25:18.6788322Z ##[group]Determining the checkout info
validate-code / unit-tests (test:unit)	UNKNOWN STEP	2026-10-09T07:25:18.6789157Z ##[endgroup]
validate-code / unit-tests (test:unit)	UNKNOWN STEP	2026-10-09T07:25:18.6794316Z [command]/usr/bin/git sparse-checkout disable
validate-code / unit-tests (test:unit)	UNKNOWN STEP	2026-10-09T07:25:18.6845324Z [command]/usr/bin/git config --local --unset-all extensions.worktreeConfig
validate-code / unit-tests (test:unit)	UNKNOWN STEP	2026-10-09T07:25:18.6874949Z ##[group]Checking out the ref
validate-code / unit-tests (test:unit)	UNKNOWN STEP	2026-10-09T07:25:18.6879187Z [command]/usr/bin/git checkout --progress --force refs/remotes/pull/180/merge
validate-code / unit-tests (test:unit)	UNKNOWN STEP	2026-10-09T07:25:18.8659820Z Note: switching to 'refs/remotes/pull/180/merge'.
validate-code / unit-tests (test:unit)	UNKNOWN STEP	2026-10-09T07:25:18.8671911Z 
validate-code / unit-tests (test:unit)	UNKNOWN STEP	2026-10-09T07:25:18.8683397Z You are in 'detached HEAD' state. You can look around, make experimental
validate-code / unit-tests (test:unit)	UNKNOWN STEP	2026-10-09T07:25:18.8692538Z changes and commit them, and you can discard any commits you make in this
validate-code / unit-tests (test:unit)	UNKNOWN STEP	2026-10-09T07:25:18.8708903Z state without impacting any branches by switching back to a branch.
validate-code / unit-tests (test:unit)	UNKNOWN STEP	2026-10-09T07:25:18.8723906Z 
validate-code / unit-tests (test:unit)	UNKNOWN STEP	2026-10-09T07:25:18.8742328Z If you want to create a new branch to retain commits you create, you may
validate-code / unit-tests (test:unit)	UNKNOWN STEP	2026-10-09T07:25:18.8770423Z do so (now or later) by using -c with the switch command. Example:
validate-code / unit-tests (test:unit)	UNKNOWN STEP	2026-10-09T07:25:18.8796607Z 
validate-code / unit-tests (test:unit)	UNKNOWN STEP	2026-10-09T07:25:18.8827896Z   git switch -c <new-branch-name>
validate-code / unit-tests (test:unit)	UNKNOWN STEP	2026-10-09T07:25:18.8828322Z 
validate-code / unit-tests (test:unit)	UNKNOWN STEP	2026-10-09T07:25:18.8847681Z Or undo this operation with:
validate-code / unit-tests (test:unit)	UNKNOWN STEP	2026-10-09T07:25:18.8852073Z 
validate-code / unit-tests (test:unit)	UNKNOWN STEP	2026-10-09T07:25:18.8867640Z   git switch -
validate-code / unit-tests (test:unit)	UNKNOWN STEP	2026-10-09T07:25:18.8878278Z 
validate-code / unit-tests (test:unit)	UNKNOWN STEP	2026-10-09T07:25:18.8898530Z Turn off this advice by setting config variable advice.detachedHead to false
validate-code / unit-tests (test:unit)	UNKNOWN STEP	2026-10-09T07:25:18.8907377Z 
validate-code / unit-tests (test:unit)	UNKNOWN STEP	2026-10-09T07:25:18.8919625Z HEAD is now at 7a41fef Merge 90502bb4a20a287f5496d73a05c8411a45b24f61 into 79374ac1def015cd22660379c27aec1084db7322
validate-code / unit-tests (test:unit)	UNKNOWN STEP	2026-10-09T07:25:18.8923178Z ##[endgroup]
validate-code / unit-tests (test:unit)	UNKNOWN STEP	2026-10-09T07:25:18.8925241Z [command]/usr/bin/git log -1 --format=%H
validate-code / unit-tests (test:unit)	UNKNOWN STEP	2026-10-09T07:25:18.8926094Z 7a41fef9713a11d0bb5fb901d91a7d16dbe0b1ce
validate-code / unit-tests (test:unit)	UNKNOWN STEP	2026-10-09T07:25:18.9093023Z ##[group]Run consensys-vertical-apps/shared-services-workflows/.github/actions/node-base-actions@0ad0566241bddeb4f6b3b5f310b368a89283e7df
validate-code / unit-tests (test:unit)	UNKNOWN STEP	2026-10-09T07:25:18.9093691Z with:
validate-code / unit-tests (test:unit)	UNKNOWN STEP	2026-10-09T07:25:18.9093948Z   node_version: 22
validate-code / unit-tests (test:unit)	UNKNOWN STEP	2026-10-09T07:25:18.9094219Z   npm_client: npm
validate-code / unit-tests (test:unit)	UNKNOWN STEP	2026-10-09T07:25:18.9094530Z   npm_client_production_flag: --frozen-lockfile
validate-code / unit-tests (test:unit)	UNKNOWN STEP	2026-10-09T07:25:18.9094885Z   npm_registry_name: npm
validate-code / unit-tests (test:unit)	UNKNOWN STEP	2026-10-09T07:25:18.9095281Z   npm_registry_url: https://consensys.jfrog.io/artifactory/api/npm/npm/
validate-code / unit-tests (test:unit)	UNKNOWN STEP	2026-10-09T07:25:18.9095744Z   node_modules_cache_key_prefix: node-modules-tests
validate-code / unit-tests (test:unit)	UNKNOWN STEP	2026-10-09T07:25:18.9096109Z   jfrog_oidc_provider_name: github
validate-code / unit-tests (test:unit)	UNKNOWN STEP	2026-10-09T07:25:18.9096405Z   yarn_version: 1
validate-code / unit-tests (test:unit)	UNKNOWN STEP	2026-10-09T07:25:18.9096694Z   npm_deploy_registry_name: npm-local
validate-code / unit-tests (test:unit)	UNKNOWN STEP	2026-10-09T07:25:18.9097350Z   jfrog_url: https://consensys.jfrog.io
validate-code / unit-tests (test:unit)	UNKNOWN STEP	2026-10-09T07:25:18.9097717Z   yarn_client_production_flag: --immutable
validate-code / unit-tests (test:unit)	UNKNOWN STEP	2026-10-09T07:25:18.9098028Z ##[endgroup]
validate-code / unit-tests (test:unit)	UNKNOWN STEP	2026-10-09T07:25:18.9107702Z ##[start-action display=Checkout;id=__consensys-vertical-apps_shared-services-workflows.__actions_checkout]
validate-code / unit-tests (test:unit)	UNKNOWN STEP	2026-10-09T07:25:18.9168753Z ##[group]Run actions/checkout@df4cb1c069e1874edd31b4311f1884172cec0e10
validate-code / unit-tests (test:unit)	UNKNOWN STEP	2026-10-09T07:25:18.9169171Z with:
validate-code / unit-tests (test:unit)	UNKNOWN STEP	2026-10-09T07:25:18.9169479Z   repository: consensys-vertical-apps/va-mmcx-terminal
validate-code / unit-tests (test:unit)	UNKNOWN STEP	2026-10-09T07:25:18.9171828Z   token: ***
validate-code / unit-tests (test:unit)	UNKNOWN STEP	2026-10-09T07:25:18.9172081Z   ssh-strict: true
validate-code / unit-tests (test:unit)	UNKNOWN STEP	2026-10-09T07:25:18.9172342Z   ssh-user: git
validate-code / unit-tests (test:unit)	UNKNOWN STEP	2026-10-09T07:25:18.9172616Z   persist-credentials: true
validate-code / unit-tests (test:unit)	UNKNOWN STEP	2026-10-09T07:25:18.9172909Z   clean: true
validate-code / unit-tests (test:unit)	UNKNOWN STEP	2026-10-09T07:25:18.9173174Z   sparse-checkout-cone-mode: true
validate-code / unit-tests (test:unit)	UNKNOWN STEP	2026-10-09T07:25:18.9173483Z   fetch-depth: 1
validate-code / unit-tests (test:unit)	UNKNOWN STEP	2026-10-09T07:25:18.9173731Z   fetch-tags: false
validate-code / unit-tests (test:unit)	UNKNOWN STEP	2026-10-09T07:25:18.9174009Z   show-progress: true
validate-code / unit-tests (test:unit)	UNKNOWN STEP	2026-10-09T07:25:18.9174273Z   lfs: false
validate-code / unit-tests (test:unit)	UNKNOWN STEP	2026-10-09T07:25:18.9174520Z   submodules: false
validate-code / unit-tests (test:unit)	UNKNOWN STEP	2026-10-09T07:25:18.9174795Z   set-safe-directory: true
validate-code / unit-tests (test:unit)	UNKNOWN STEP	2026-10-09T07:25:18.9175090Z ##[endgroup]
validate-code / unit-tests (test:unit)	UNKNOWN STEP	2026-10-09T07:25:19.0055150Z Syncing repository: consensys-vertical-apps/va-mmcx-terminal
validate-code / unit-tests (test:unit)	UNKNOWN STEP	2026-10-09T07:25:19.0060176Z ##[group]Getting Git version info
validate-code / unit-tests (test:unit)	UNKNOWN STEP	2026-10-09T07:25:19.0061034Z Working directory is '/home/runner/work/va-mmcx-terminal/va-mmcx-terminal'
validate-code / unit-tests (test:unit)	UNKNOWN STEP	2026-10-09T07:25:19.0098530Z [command]/usr/bin/git version
validate-code / unit-tests (test:unit)	UNKNOWN STEP	2026-10-09T07:25:19.0140578Z git version 2.55.0
validate-code / unit-tests (test:unit)	UNKNOWN STEP	2026-10-09T07:25:19.0162891Z ##[endgroup]
validate-code / unit-tests (test:unit)	UNKNOWN STEP	2026-10-09T07:25:19.0178055Z Temporarily overriding HOME='/home/runner/work/_temp/477dad40-ad44-43a7-ad06-0ce8b0346b3b' before making global git config changes
validate-code / unit-tests (test:unit)	UNKNOWN STEP	2026-10-09T07:25:19.0179418Z Adding repository directory to the temporary git global config as a safe directory
validate-code / unit-tests (test:unit)	UNKNOWN STEP	2026-10-09T07:25:19.0183840Z [command]/usr/bin/git config --global --add safe.directory /home/runner/work/va-mmcx-terminal/va-mmcx-terminal
validate-code / unit-tests (test:unit)	UNKNOWN STEP	2026-10-09T07:25:19.0229967Z [command]/usr/bin/git config --local --get remote.origin.url
validate-code / unit-tests (test:unit)	UNKNOWN STEP	2026-10-09T07:25:19.0260737Z https://github.com/consensys-vertical-apps/va-mmcx-terminal
validate-code / unit-tests (test:unit)	UNKNOWN STEP	2026-10-09T07:25:19.0274241Z ##[group]Removing previously created refs, to avoid conflicts
validate-code / unit-tests (test:unit)	UNKNOWN STEP	2026-10-09T07:25:19.0279619Z [command]/usr/bin/git rev-parse --symbolic-full-name --verify --quiet HEAD
validate-code / unit-tests (test:unit)	UNKNOWN STEP	2026-10-09T07:25:19.0304938Z HEAD
validate-code / unit-tests (test:unit)	UNKNOWN STEP	2026-10-09T07:25:19.0349013Z ##[endgroup]
validate-code / unit-tests (test:unit)	UNKNOWN STEP	2026-10-09T07:25:19.0351711Z [command]/usr/bin/git submodule status
validate-code / unit-tests (test:unit)	UNKNOWN STEP	2026-10-09T07:25:19.0622709Z ##[group]Cleaning the repository
validate-code / unit-tests (test:unit)	UNKNOWN STEP	2026-10-09T07:25:19.0623429Z [command]/usr/bin/git clean -ffdx
validate-code / unit-tests (test:unit)	UNKNOWN STEP	2026-10-09T07:25:19.0702212Z [command]/usr/bin/git reset --hard HEAD
validate-code / unit-tests (test:unit)	UNKNOWN STEP	2026-10-09T07:25:19.3082829Z HEAD is now at 7a41fef Merge 90502bb4a20a287f5496d73a05c8411a45b24f61 into 79374ac1def015cd22660379c27aec1084db7322
validate-code / unit-tests (test:unit)	UNKNOWN STEP	2026-10-09T07:25:19.3092346Z ##[endgroup]
validate-code / unit-tests (test:unit)	UNKNOWN STEP	2026-10-09T07:25:19.3093255Z ##[group]Disabling automatic garbage collection
validate-code / unit-tests (test:unit)	UNKNOWN STEP	2026-10-09T07:25:19.3099328Z [command]/usr/bin/git config --local gc.auto 0
validate-code / unit-tests (test:unit)	UNKNOWN STEP	2026-10-09T07:25:19.3138893Z ##[endgroup]
validate-code / unit-tests (test:unit)	UNKNOWN STEP	2026-10-09T07:25:19.3139674Z ##[group]Setting up auth
validate-code / unit-tests (test:unit)	UNKNOWN STEP	2026-10-09T07:25:19.3140300Z Removing SSH command configuration
validate-code / unit-tests (test:unit)	UNKNOWN STEP	2026-10-09T07:25:19.3144888Z [command]/usr/bin/git config --local --name-only --get-regexp core\.sshCommand
validate-code / unit-tests (test:unit)	UNKNOWN STEP	2026-10-09T07:25:19.3180850Z [command]/usr/bin/git submodule foreach --recursive sh -c "git config --local --name-only --get-regexp 'core\.sshCommand' && git config --local --unset-all 'core.sshCommand' || :"
validate-code / unit-tests (test:unit)	UNKNOWN STEP	2026-10-09T07:25:19.3403028Z Removing HTTP extra header
validate-code / unit-tests (test:unit)	UNKNOWN STEP	2026-10-09T07:25:19.3409391Z [command]/usr/bin/git config --local --name-only --get-regexp http\.https\:\/\/github\.com\/\.extraheader
validate-code / unit-tests (test:unit)	UNKNOWN STEP	2026-10-09T07:25:19.3441065Z [command]/usr/bin/git submodule foreach --recursive sh -c "git config --local --name-only --get-regexp 'http\.https\:\/\/github\.com\/\.extraheader' && git config --local --unset-all 'http.https://github.com/.extraheader' || :"
validate-code / unit-tests (test:unit)	UNKNOWN STEP	2026-10-09T07:25:19.3670804Z Removing includeIf entries pointing to credentials config files
validate-code / unit-tests (test:unit)	UNKNOWN STEP	2026-10-09T07:25:19.3677297Z [command]/usr/bin/git config --local --name-only --get-regexp ^includeIf\.gitdir:
validate-code / unit-tests (test:unit)	UNKNOWN STEP	2026-10-09T07:25:19.3700645Z includeif.gitdir:/home/runner/work/va-mmcx-terminal/va-mmcx-terminal/.git.path
validate-code / unit-tests (test:unit)	UNKNOWN STEP	2026-10-09T07:25:19.3702926Z includeif.gitdir:/home/runner/work/va-mmcx-terminal/va-mmcx-terminal/.git/worktrees/*.path
validate-code / unit-tests (test:unit)	UNKNOWN STEP	2026-10-09T07:25:19.3704028Z includeif.gitdir:/github/workspace/.git.path
validate-code / unit-tests (test:unit)	UNKNOWN STEP	2026-10-09T07:25:19.3704764Z includeif.gitdir:/github/workspace/.git/worktrees/*.path
validate-code / unit-tests (test:unit)	UNKNOWN STEP	2026-10-09T07:25:19.3713223Z [command]/usr/bin/git config --local --get-all includeif.gitdir:/home/runner/work/va-mmcx-terminal/va-mmcx-terminal/.git.path
validate-code / unit-tests (test:unit)	UNKNOWN STEP	2026-10-09T07:25:19.3737318Z /home/runner/work/_temp/git-credentials-1dc719f9-8619-431b-95f9-9b84f75eb71c.config
validate-code / unit-tests (test:unit)	UNKNOWN STEP	2026-10-09T07:25:19.3746714Z [command]/usr/bin/git config --local --unset includeif.gitdir:/home/runner/work/va-mmcx-terminal/va-mmcx-terminal/.git.path /home/runner/work/_temp/git-credentials-1dc719f9-8619-431b-95f9-9b84f75eb71c.config
validate-code / unit-tests (test:unit)	UNKNOWN STEP	2026-10-09T07:25:19.3779870Z [command]/usr/bin/git config --local --get-all includeif.gitdir:/home/runner/work/va-mmcx-terminal/va-mmcx-terminal/.git/worktrees/*.path
validate-code / unit-tests (test:unit)	UNKNOWN STEP	2026-10-09T07:25:19.3803786Z /home/runner/work/_temp/git-credentials-1dc719f9-8619-431b-95f9-9b84f75eb71c.config
validate-code / unit-tests (test:unit)	UNKNOWN STEP	2026-10-09T07:25:19.3811341Z [command]/usr/bin/git config --local --unset includeif.gitdir:/home/runner/work/va-mmcx-terminal/va-mmcx-terminal/.git/worktrees/*.path /home/runner/work/_temp/git-credentials-1dc719f9-8619-431b-95f9-9b84f75eb71c.config
validate-code / unit-tests (test:unit)	UNKNOWN STEP	2026-10-09T07:25:19.3846162Z [command]/usr/bin/git config --local --get-all includeif.gitdir:/github/workspace/.git.path
validate-code / unit-tests (test:unit)	UNKNOWN STEP	2026-10-09T07:25:19.3866278Z /github/runner_temp/git-credentials-1dc719f9-8619-431b-95f9-9b84f75eb71c.config
validate-code / unit-tests (test:unit)	UNKNOWN STEP	2026-10-09T07:25:19.3874274Z [command]/usr/bin/git config --local --unset includeif.gitdir:/github/workspace/.git.path /github/runner_temp/git-credentials-1dc719f9-8619-431b-95f9-9b84f75eb71c.config
validate-code / unit-tests (test:unit)	UNKNOWN STEP	2026-10-09T07:25:19.3906121Z [command]/usr/bin/git config --local --get-all includeif.gitdir:/github/workspace/.git/worktrees/*.path
validate-code / unit-tests (test:unit)	UNKNOWN STEP	2026-10-09T07:25:19.3927390Z /github/runner_temp/git-credentials-1dc719f9-8619-431b-95f9-9b84f75eb71c.config
validate-code / unit-tests (test:unit)	UNKNOWN STEP	2026-10-09T07:25:19.3935919Z [command]/usr/bin/git config --local --unset includeif.gitdir:/github/workspace/.git/worktrees/*.path /github/runner_temp/git-credentials-1dc719f9-8619-431b-95f9-9b84f75eb71c.config
validate-code / unit-tests (test:unit)	UNKNOWN STEP	2026-10-09T07:25:19.3970739Z [command]/usr/bin/git submodule foreach --recursive git config --local --show-origin --name-only --get-regexp remote.origin.url
validate-code / unit-tests (test:unit)	UNKNOWN STEP	2026-10-09T07:25:19.4193312Z Removing credentials config '/home/runner/work/_temp/git-credentials-1dc719f9-8619-431b-95f9-9b84f75eb71c.config'
validate-code / unit-tests (test:unit)	UNKNOWN STEP	2026-10-09T07:25:19.4206589Z [command]/usr/bin/git config --file /home/runner/work/_temp/git-credentials-d8a40d33-2a87-40d4-b2d5-2b5d01a2b7f8.config http.https://github.com/.extraheader AUTHORIZATION: basic ***
validate-code / unit-tests (test:unit)	UNKNOWN STEP	2026-10-09T07:25:19.4248858Z [command]/usr/bin/git config --local includeIf.gitdir:/home/runner/work/va-mmcx-terminal/va-mmcx-terminal/.git.path /home/runner/work/_temp/git-credentials-d8a40d33-2a87-40d4-b2d5-2b5d01a2b7f8.config
validate-code / unit-tests (test:unit)	UNKNOWN STEP	2026-10-09T07:25:19.4291407Z [command]/usr/bin/git config --local includeIf.gitdir:/home/runner/work/va-mmcx-terminal/va-mmcx-terminal/.git/worktrees/*.path /home/runner/work/_temp/git-credentials-d8a40d33-2a87-40d4-b2d5-2b5d01a2b7f8.config
validate-code / unit-tests (test:unit)	UNKNOWN STEP	2026-10-09T07:25:19.4321678Z [command]/usr/bin/git config --local includeIf.gitdir:/github/workspace/.git.path /github/runner_temp/git-credentials-d8a40d33-2a87-40d4-b2d5-2b5d01a2b7f8.config
validate-code / unit-tests (test:unit)	UNKNOWN STEP	2026-10-09T07:25:19.4353215Z [command]/usr/bin/git config --local includeIf.gitdir:/github/workspace/.git/worktrees/*.path /github/runner_temp/git-credentials-d8a40d33-2a87-40d4-b2d5-2b5d01a2b7f8.config
validate-code / unit-tests (test:unit)	UNKNOWN STEP	2026-10-09T07:25:19.4380638Z ##[endgroup]
validate-code / unit-tests (test:unit)	UNKNOWN STEP	2026-10-09T07:25:19.4381425Z ##[group]Fetching the repository
validate-code / unit-tests (test:unit)	UNKNOWN STEP	2026-10-09T07:25:19.4389876Z [command]/usr/bin/git -c protocol.version=2 fetch --no-tags --prune --no-recurse-submodules --depth=1 origin +7a41fef9713a11d0bb5fb901d91a7d16dbe0b1ce:refs/remotes/pull/180/merge
validate-code / unit-tests (test:unit)	UNKNOWN STEP	2026-10-09T07:25:19.6431994Z ##[endgroup]
validate-code / unit-tests (test:unit)	UNKNOWN STEP	2026-10-09T07:25:19.6433054Z ##[group]Determining the checkout info
validate-code / unit-tests (test:unit)	UNKNOWN STEP	2026-10-09T07:25:19.6434087Z ##[endgroup]
validate-code / unit-tests (test:unit)	UNKNOWN STEP	2026-10-09T07:25:19.6440845Z [command]/usr/bin/git sparse-checkout disable
validate-code / unit-tests (test:unit)	UNKNOWN STEP	2026-10-09T07:25:19.6515252Z [command]/usr/bin/git config --local --unset-all extensions.worktreeConfig
validate-code / unit-tests (test:unit)	UNKNOWN STEP	2026-10-09T07:25:19.6545482Z ##[group]Checking out the ref
validate-code / unit-tests (test:unit)	UNKNOWN STEP	2026-10-09T07:25:19.6553061Z [command]/usr/bin/git checkout --progress --force refs/remotes/pull/180/merge
validate-code / unit-tests (test:unit)	UNKNOWN STEP	2026-10-09T07:25:19.6643937Z HEAD is now at 7a41fef Merge 90502bb4a20a287f5496d73a05c8411a45b24f61 into 79374ac1def015cd22660379c27aec1084db7322
validate-code / unit-tests (test:unit)	UNKNOWN STEP	2026-10-09T07:25:19.6653732Z ##[endgroup]
validate-code / unit-tests (test:unit)	UNKNOWN STEP	2026-10-09T07:25:19.6693065Z [command]/usr/bin/git log -1 --format=%H
validate-code / unit-tests (test:unit)	UNKNOWN STEP	2026-10-09T07:25:19.6731998Z 7a41fef9713a11d0bb5fb901d91a7d16dbe0b1ce
validate-code / unit-tests (test:unit)	UNKNOWN STEP	2026-10-09T07:25:19.6842904Z ##[end-action id=__consensys-vertical-apps_shared-services-workflows.__actions_checkout;outcome=success;conclusion=success;duration_ms=773]
validate-code / unit-tests (test:unit)	UNKNOWN STEP	2026-10-09T07:25:19.6847693Z ##[start-action display=NPM client check;id=__consensys-vertical-apps_shared-services-workflows.__run]
validate-code / unit-tests (test:unit)	UNKNOWN STEP	2026-10-09T07:25:19.6869990Z ##[group]Run if [[ ! "$NPM_CLIENT" =~ ^(yarn|npm|pnpm)$ ]]; then
validate-code / unit-tests (test:unit)	UNKNOWN STEP	2026-10-09T07:25:19.6870491Z ^[[36;1mif [[ ! "$NPM_CLIENT" =~ ^(yarn|npm|pnpm)$ ]]; then^[[0m
validate-code / unit-tests (test:unit)	UNKNOWN STEP	2026-10-09T07:25:19.6870932Z ^[[36;1m  echo "Please use a supported NPM client \'npm\' or \'yarn\'"^[[0m
validate-code / unit-tests (test:unit)	UNKNOWN STEP	2026-10-09T07:25:19.6871325Z ^[[36;1m  exit 1^[[0m
validate-code / unit-tests (test:unit)	UNKNOWN STEP	2026-10-09T07:25:19.6871580Z ^[[36;1mfi^[[0m
validate-code / unit-tests (test:unit)	UNKNOWN STEP	2026-10-09T07:25:19.6937778Z shell: /usr/bin/bash --noprofile --norc -e -o pipefail ***0***
validate-code / unit-tests (test:unit)	UNKNOWN STEP	2026-10-09T07:25:19.6938192Z env:
validate-code / unit-tests (test:unit)	UNKNOWN STEP	2026-10-09T07:25:19.6938432Z   NPM_CLIENT: npm
validate-code / unit-tests (test:unit)	UNKNOWN STEP	2026-10-09T07:25:19.6938691Z ##[endgroup]
validate-code / unit-tests (test:unit)	UNKNOWN STEP	2026-10-09T07:25:19.7030601Z ##[end-action id=__consensys-vertical-apps_shared-services-workflows.__run;outcome=success;conclusion=success;duration_ms=18]
validate-code / unit-tests (test:unit)	UNKNOWN STEP	2026-10-09T07:25:19.7034113Z ##[start-action display=JFrog Auth;id=__consensys-vertical-apps_shared-services-workflows.jfrog_token]
validate-code / unit-tests (test:unit)	UNKNOWN STEP	2026-10-09T07:25:19.7080526Z ##[group]Run jfrog/setup-jfrog-cli@deda456d982fc5e9a7a020b63eb0d2968aedd33e
validate-code / unit-tests (test:unit)	UNKNOWN STEP	2026-10-09T07:25:19.7080961Z with:
validate-code / unit-tests (test:unit)	UNKNOWN STEP	2026-10-09T07:25:19.7081240Z   oidc-provider-name: github
validate-code / unit-tests (test:unit)	UNKNOWN STEP	2026-10-09T07:25:19.7081542Z   version: 2.91.0
validate-code / unit-tests (test:unit)	UNKNOWN STEP	2026-10-09T07:25:19.7081815Z   disable-job-summary: false
validate-code / unit-tests (test:unit)	UNKNOWN STEP	2026-10-09T07:25:19.7082149Z   disable-auto-build-publish: false
validate-code / unit-tests (test:unit)	UNKNOWN STEP	2026-10-09T07:25:19.7082495Z   disable-auto-evidence-collection: false
validate-code / unit-tests (test:unit)	UNKNOWN STEP	2026-10-09T07:25:19.7082824Z   enable-package-alias: false
validate-code / unit-tests (test:unit)	UNKNOWN STEP	2026-10-09T07:25:19.7083116Z env:
validate-code / unit-tests (test:unit)	UNKNOWN STEP	2026-10-09T07:25:19.7083404Z   JF_URL: https://consensys.jfrog.io
validate-code / unit-tests (test:unit)	UNKNOWN STEP	2026-10-09T07:25:19.7083729Z ##[endgroup]
validate-code / unit-tests (test:unit)	UNKNOWN STEP	2026-10-09T07:25:19.8778880Z ##[group]Setup JFrog CLI
validate-code / unit-tests (test:unit)	UNKNOWN STEP	2026-10-09T07:25:19.8804634Z Downloading JFrog CLI from https://releases.jfrog.io/artifactory/jfrog-cli/v2/2.91.0/jfrog-cli-linux-amd64/jfrog
validate-code / unit-tests (test:unit)	UNKNOWN STEP	2026-10-09T07:25:21.8958001Z [command]/opt/hostedtoolcache/jf/2.91.0/x64/jf config add setup-jfrog-cli-server --url https://consensys.jfrog.io --interactive=false --overwrite=true --access-token ***
validate-code / unit-tests (test:unit)	UNKNOWN STEP	2026-10-09T07:25:21.9144182Z ##[endgroup]
validate-code / unit-tests (test:unit)	UNKNOWN STEP	2026-10-09T07:25:21.9280318Z ##[end-action id=__consensys-vertical-apps_shared-services-workflows.jfrog_token;outcome=success;conclusion=success;duration_ms=2224]
validate-code / unit-tests (test:unit)	UNKNOWN STEP	2026-10-09T07:25:21.9285427Z ##[start-action display=Corepack enable;id=__consensys-vertical-apps_shared-services-workflows.__run_2]
validate-code / unit-tests (test:unit)	UNKNOWN STEP	2026-10-09T07:25:21.9306808Z ##[group]Run if [ "$NPM_CLIENT" = "yarn" ] && [ "$YARN_VERSION" = "4" ]; then
validate-code / unit-tests (test:unit)	UNKNOWN STEP	2026-10-09T07:25:21.9307673Z ^[[36;1mif [ "$NPM_CLIENT" = "yarn" ] && [ "$YARN_VERSION" = "4" ]; then^[[0m
validate-code / unit-tests (test:unit)	UNKNOWN STEP	2026-10-09T07:25:21.9308084Z ^[[36;1m  corepack enable^[[0m
validate-code / unit-tests (test:unit)	UNKNOWN STEP	2026-10-09T07:25:21.9308374Z ^[[36;1mfi^[[0m
validate-code / unit-tests (test:unit)	UNKNOWN STEP	2026-10-09T07:25:21.9308650Z ^[[36;1mif [ "$NPM_CLIENT" = "pnpm" ]; then^[[0m
validate-code / unit-tests (test:unit)	UNKNOWN STEP	2026-10-09T07:25:21.9308987Z ^[[36;1m  corepack enable^[[0m
validate-code / unit-tests (test:unit)	UNKNOWN STEP	2026-10-09T07:25:21.9309257Z ^[[36;1mfi^[[0m
validate-code / unit-tests (test:unit)	UNKNOWN STEP	2026-10-09T07:25:21.9377872Z shell: /usr/bin/bash --noprofile --norc -e -o pipefail ***0***
validate-code / unit-tests (test:unit)	UNKNOWN STEP	2026-10-09T07:25:21.9378291Z env:
validate-code / unit-tests (test:unit)	UNKNOWN STEP	2026-10-09T07:25:21.9378820Z   JFROG_CLI_ENV_EXCLUDE: *password*;*secret*;*key*;*token*;*auth*;JF_ARTIFACTORY_*;JF_ENV_*;JF_URL;JF_USER;JF_PASSWORD;JF_ACCESS_TOKEN
validate-code / unit-tests (test:unit)	UNKNOWN STEP	2026-10-09T07:25:21.9379413Z   JFROG_CLI_OFFER_CONFIG: false
validate-code / unit-tests (test:unit)	UNKNOWN STEP	2026-10-09T07:25:21.9379750Z   JFROG_CLI_AVOID_NEW_VERSION_WARNING: true
validate-code / unit-tests (test:unit)	UNKNOWN STEP	2026-10-09T07:25:21.9380224Z   JFROG_CLI_SOURCECODE_REPOSITORY: consensys-vertical-apps/va-mmcx-terminal
validate-code / unit-tests (test:unit)	UNKNOWN STEP	2026-10-09T07:25:21.9380678Z   JFROG_CLI_CI_JOB_ID: Validate PR
validate-code / unit-tests (test:unit)	UNKNOWN STEP	2026-10-09T07:25:21.9380987Z   JFROG_CLI_CI_RUN_ID: 37898878891
validate-code / unit-tests (test:unit)	UNKNOWN STEP	2026-10-09T07:25:21.9381278Z   JFROG_CLI_GITHUB_TOKEN: 
validate-code / unit-tests (test:unit)	UNKNOWN STEP	2026-10-09T07:25:21.9381650Z   JFROG_CLI_CI_VCS_REVISION: 7a41fef9713a11d0bb5fb901d91a7d16dbe0b1ce
validate-code / unit-tests (test:unit)	UNKNOWN STEP	2026-10-09T07:25:21.9382047Z   JFROG_CLI_CI_BRANCH: 180/merge
validate-code / unit-tests (test:unit)	UNKNOWN STEP	2026-10-09T07:25:21.9382492Z   JFROG_CLI_CI_VCS_URL: https://github.com/consensys-vertical-apps/va-mmcx-terminal
validate-code / unit-tests (test:unit)	UNKNOWN STEP	2026-10-09T07:25:21.9382972Z   JFROG_CLI_BUILD_NAME: Validate PR
validate-code / unit-tests (test:unit)	UNKNOWN STEP	2026-10-09T07:25:21.9383294Z   JFROG_CLI_BUILD_NUMBER: 810
validate-code / unit-tests (test:unit)	UNKNOWN STEP	2026-10-09T07:25:21.9383800Z   JFROG_CLI_BUILD_URL: https://github.com/consensys-vertical-apps/va-mmcx-terminal/actions/runs/37898878891
validate-code / unit-tests (test:unit)	UNKNOWN STEP	2026-10-09T07:25:21.9384386Z   JFROG_CLI_USER_AGENT: setup-jfrog-cli-github-action/5.1.0
validate-code / unit-tests (test:unit)	UNKNOWN STEP	2026-10-09T07:25:21.9384822Z   JFROG_CLI_COMMAND_SUMMARY_OUTPUT_DIR: /home/runner/work/_temp
validate-code / unit-tests (test:unit)	UNKNOWN STEP	2026-10-09T07:25:21.9385271Z   JFROG_CLI_USAGE_GH_TOKEN_FOR_CODE_SCANNING_ALERTS_PROVIDED: 
validate-code / unit-tests (test:unit)	UNKNOWN STEP	2026-10-09T07:25:21.9385681Z   SETUP_JFROG_CLI_SERVER_IDS: setup-jfrog-cli-server
validate-code / unit-tests (test:unit)	UNKNOWN STEP	2026-10-09T07:25:21.9386029Z   NPM_CLIENT: npm
validate-code / unit-tests (test:unit)	UNKNOWN STEP	2026-10-09T07:25:21.9386283Z   YARN_VERSION: 1
validate-code / unit-tests (test:unit)	UNKNOWN STEP	2026-10-09T07:25:21.9386535Z ##[endgroup]
validate-code / unit-tests (test:unit)	UNKNOWN STEP	2026-10-09T07:25:21.9485925Z ##[end-action id=__consensys-vertical-apps_shared-services-workflows.__run_2;outcome=success;conclusion=success;duration_ms=19]
validate-code / unit-tests (test:unit)	UNKNOWN STEP	2026-10-09T07:25:21.9489350Z ##[start-action display=Run pnpm/action-setup@fc06bc1257f339d1d5d8b3a19a8cae5388b55320;id=__consensys-vertical-apps_shared-services-workflows.__pnpm_action-setup]
validate-code / unit-tests (test:unit)	UNKNOWN STEP	2026-10-09T07:25:21.9494696Z ##[end-action id=__consensys-vertical-apps_shared-services-workflows.__pnpm_action-setup;outcome=skipped;conclusion=skipped;duration_ms=0]
validate-code / unit-tests (test:unit)	UNKNOWN STEP	2026-10-09T07:25:21.9497850Z ##[start-action display=Setup Node.js;id=__consensys-vertical-apps_shared-services-workflows.__actions_setup-node]
validate-code / unit-tests (test:unit)	UNKNOWN STEP	2026-10-09T07:25:21.9566021Z ##[group]Run actions/setup-node@48b55a011bda9f5d6aeb4c2d9c7362e8dae4041e
validate-code / unit-tests (test:unit)	UNKNOWN STEP	2026-10-09T07:25:21.9566667Z with:
validate-code / unit-tests (test:unit)	UNKNOWN STEP	2026-10-09T07:25:21.9567278Z   node-version: 22
validate-code / unit-tests (test:unit)	UNKNOWN STEP	2026-10-09T07:25:21.9567671Z   cache: npm
validate-code / unit-tests (test:unit)	UNKNOWN STEP	2026-10-09T07:25:21.9568040Z   check-latest: false
validate-code / unit-tests (test:unit)	UNKNOWN STEP	2026-10-09T07:25:21.9570629Z   token: ***
validate-code / unit-tests (test:unit)	UNKNOWN STEP	2026-10-09T07:25:21.9570921Z   package-manager-cache: true
validate-code / unit-tests (test:unit)	UNKNOWN STEP	2026-10-09T07:25:21.9571226Z env:
validate-code / unit-tests (test:unit)	UNKNOWN STEP	2026-10-09T07:25:21.9571748Z   JFROG_CLI_ENV_EXCLUDE: *password*;*secret*;*key*;*token*;*auth*;JF_ARTIFACTORY_*;JF_ENV_*;JF_URL;JF_USER;JF_PASSWORD;JF_ACCESS_TOKEN
validate-code / unit-tests (test:unit)	UNKNOWN STEP	2026-10-09T07:25:21.9572326Z   JFROG_CLI_OFFER_CONFIG: false
validate-code / unit-tests (test:unit)	UNKNOWN STEP	2026-10-09T07:25:21.9572650Z   JFROG_CLI_AVOID_NEW_VERSION_WARNING: true
validate-code / unit-tests (test:unit)	UNKNOWN STEP	2026-10-09T07:25:21.9573087Z   JFROG_CLI_SOURCECODE_REPOSITORY: consensys-vertical-apps/va-mmcx-terminal
validate-code / unit-tests (test:unit)	UNKNOWN STEP	2026-10-09T07:25:21.9573586Z   JFROG_CLI_CI_JOB_ID: Validate PR
validate-code / unit-tests (test:unit)	UNKNOWN STEP	2026-10-09T07:25:21.9574198Z   JFROG_CLI_CI_RUN_ID: 37898878891
validate-code / unit-tests (test:unit)	UNKNOWN STEP	2026-10-09T07:25:21.9574523Z   JFROG_CLI_GITHUB_TOKEN: 
validate-code / unit-tests (test:unit)	UNKNOWN STEP	2026-10-09T07:25:21.9574894Z   JFROG_CLI_CI_VCS_REVISION: 7a41fef9713a11d0bb5fb901d91a7d16dbe0b1ce
validate-code / unit-tests (test:unit)	UNKNOWN STEP	2026-10-09T07:25:21.9575302Z   JFROG_CLI_CI_BRANCH: 180/merge
validate-code / unit-tests (test:unit)	UNKNOWN STEP	2026-10-09T07:25:21.9575871Z   JFROG_CLI_CI_VCS_URL: https://github.com/consensys-vertical-apps/va-mmcx-terminal
validate-code / unit-tests (test:unit)	UNKNOWN STEP	2026-10-09T07:25:21.9576335Z   JFROG_CLI_BUILD_NAME: Validate PR
validate-code / unit-tests (test:unit)	UNKNOWN STEP	2026-10-09T07:25:21.9576655Z   JFROG_CLI_BUILD_NUMBER: 810
validate-code / unit-tests (test:unit)	UNKNOWN STEP	2026-10-09T07:25:21.9577430Z   JFROG_CLI_BUILD_URL: https://github.com/consensys-vertical-apps/va-mmcx-terminal/actions/runs/37898878891
validate-code / unit-tests (test:unit)	UNKNOWN STEP	2026-10-09T07:25:21.9578048Z   JFROG_CLI_USER_AGENT: setup-jfrog-cli-github-action/5.1.0
validate-code / unit-tests (test:unit)	UNKNOWN STEP	2026-10-09T07:25:21.9578502Z   JFROG_CLI_COMMAND_SUMMARY_OUTPUT_DIR: /home/runner/work/_temp
validate-code / unit-tests (test:unit)	UNKNOWN STEP	2026-10-09T07:25:21.9578949Z   JFROG_CLI_USAGE_GH_TOKEN_FOR_CODE_SCANNING_ALERTS_PROVIDED: 
validate-code / unit-tests (test:unit)	UNKNOWN STEP	2026-10-09T07:25:21.9579379Z   SETUP_JFROG_CLI_SERVER_IDS: setup-jfrog-cli-server
validate-code / unit-tests (test:unit)	UNKNOWN STEP	2026-10-09T07:25:21.9587946Z   JFROG_ACCESS_TOKEN: ***
validate-code / unit-tests (test:unit)	UNKNOWN STEP	2026-10-09T07:25:21.9588268Z ##[endgroup]
validate-code / unit-tests (test:unit)	UNKNOWN STEP	2026-10-09T07:25:22.1432970Z Found in cache @ /opt/hostedtoolcache/node/22.23.3/x64
validate-code / unit-tests (test:unit)	UNKNOWN STEP	2026-10-09T07:25:22.1434060Z ##[group]Environment details
validate-code / unit-tests (test:unit)	UNKNOWN STEP	2026-10-09T07:25:22.5348505Z node: v22.23.3
validate-code / unit-tests (test:unit)	UNKNOWN STEP	2026-10-09T07:25:22.5356476Z npm: 10.9.9
validate-code / unit-tests (test:unit)	UNKNOWN STEP	2026-10-09T07:25:22.5358803Z yarn: 1.22.22
validate-code / unit-tests (test:unit)	UNKNOWN STEP	2026-10-09T07:25:22.5359654Z ##[endgroup]
validate-code / unit-tests (test:unit)	UNKNOWN STEP	2026-10-09T07:25:22.5373876Z [command]/opt/hostedtoolcache/node/22.23.3/x64/bin/npm config get cache
validate-code / unit-tests (test:unit)	UNKNOWN STEP	2026-10-09T07:25:22.6508993Z /home/runner/.npm
validate-code / unit-tests (test:unit)	UNKNOWN STEP	2026-10-09T07:25:22.7338939Z Cache hit for: node-cache-Linux-x64-npm-37a8545c001c84aca180b37119bb59277f0f2a04cabc389c446716dfb08231b2
validate-code / unit-tests (test:unit)	UNKNOWN STEP	2026-10-09T07:25:23.7934014Z Received 171966464 of 325395524 (52.8%), 163.8 MBs/sec
validate-code / unit-tests (test:unit)	UNKNOWN STEP	2026-10-09T07:25:24.4029680Z Received 325395524 of 325395524 (100.0%), 192.1 MBs/sec
validate-code / unit-tests (test:unit)	UNKNOWN STEP	2026-10-09T07:25:24.4030698Z Cache Size: ~310 MB (325395524 B)
validate-code / unit-tests (test:unit)	UNKNOWN STEP	2026-10-09T07:25:24.4063229Z [command]/usr/bin/tar -xf /home/runner/work/_temp/97b17b0b-b119-49f4-a8d3-c9c66c12b519/cache.tzst -P -C /home/runner/work/va-mmcx-terminal/va-mmcx-terminal --use-compress-program unzstd
validate-code / unit-tests (test:unit)	UNKNOWN STEP	2026-10-09T07:25:25.2472229Z Cache restored successfully
validate-code / unit-tests (test:unit)	UNKNOWN STEP	2026-10-09T07:25:25.2632296Z Cache restored from key: node-cache-Linux-x64-npm-37a8545c001c84aca180b37119bb59277f0f2a04cabc389c446716dfb08231b2
validate-code / unit-tests (test:unit)	UNKNOWN STEP	2026-10-09T07:25:25.2874793Z ##[end-action id=__consensys-vertical-apps_shared-services-workflows.__actions_setup-node;outcome=success;conclusion=success;duration_ms=3337]
validate-code / unit-tests (test:unit)	UNKNOWN STEP	2026-10-09T07:25:25.2879121Z ##[start-action display=Setup lock file name;id=__consensys-vertical-apps_shared-services-workflows.lock_file_name]
validate-code / unit-tests (test:unit)	UNKNOWN STEP	2026-10-09T07:25:25.3175081Z ##[group]Run if [ "$NPM_CLIENT" = "yarn" ]; then
validate-code / unit-tests (test:unit)	UNKNOWN STEP	2026-10-09T07:25:25.3175479Z ^[[36;1mif [ "$NPM_CLIENT" = "yarn" ]; then^[[0m
validate-code / unit-tests (test:unit)	UNKNOWN STEP	2026-10-09T07:25:25.3175852Z ^[[36;1m  echo "file_name=**/yarn.lock" >> "$GITHUB_OUTPUT"^[[0m
validate-code / unit-tests (test:unit)	UNKNOWN STEP	2026-10-09T07:25:25.3176227Z ^[[36;1melif [ "$NPM_CLIENT" = "pnpm" ]; then^[[0m
validate-code / unit-tests (test:unit)	UNKNOWN STEP	2026-10-09T07:25:25.3176599Z ^[[36;1m  echo "file_name=**/pnpm-lock.yaml" >> "$GITHUB_OUTPUT"^[[0m
validate-code / unit-tests (test:unit)	UNKNOWN STEP	2026-10-09T07:25:25.3177164Z ^[[36;1melse^[[0m
validate-code / unit-tests (test:unit)	UNKNOWN STEP	2026-10-09T07:25:25.3177478Z ^[[36;1m  echo "file_name=**/package-lock.json" >> "$GITHUB_OUTPUT"^[[0m
validate-code / unit-tests (test:unit)	UNKNOWN STEP	2026-10-09T07:25:25.3177825Z ^[[36;1mfi^[[0m
validate-code / unit-tests (test:unit)	UNKNOWN STEP	2026-10-09T07:25:25.3243500Z shell: /usr/bin/bash --noprofile --norc -e -o pipefail ***0***
validate-code / unit-tests (test:unit)	UNKNOWN STEP	2026-10-09T07:25:25.3243894Z env:
validate-code / unit-tests (test:unit)	UNKNOWN STEP	2026-10-09T07:25:25.3244383Z   JFROG_CLI_ENV_EXCLUDE: *password*;*secret*;*key*;*token*;*auth*;JF_ARTIFACTORY_*;JF_ENV_*;JF_URL;JF_USER;JF_PASSWORD;JF_ACCESS_TOKEN
validate-code / unit-tests (test:unit)	UNKNOWN STEP	2026-10-09T07:25:25.3244927Z   JFROG_CLI_OFFER_CONFIG: false
validate-code / unit-tests (test:unit)	UNKNOWN STEP	2026-10-09T07:25:25.3245234Z   JFROG_CLI_AVOID_NEW_VERSION_WARNING: true
validate-code / unit-tests (test:unit)	UNKNOWN STEP	2026-10-09T07:25:25.3245658Z   JFROG_CLI_SOURCECODE_REPOSITORY: consensys-vertical-apps/va-mmcx-terminal
validate-code / unit-tests (test:unit)	UNKNOWN STEP	2026-10-09T07:25:25.3246081Z   JFROG_CLI_CI_JOB_ID: Validate PR
validate-code / unit-tests (test:unit)	UNKNOWN STEP	2026-10-09T07:25:25.3246387Z   JFROG_CLI_CI_RUN_ID: 37898878891
validate-code / unit-tests (test:unit)	UNKNOWN STEP	2026-10-09T07:25:25.3246685Z   JFROG_CLI_GITHUB_TOKEN: 
validate-code / unit-tests (test:unit)	UNKNOWN STEP	2026-10-09T07:25:25.3247301Z   JFROG_CLI_CI_VCS_REVISION: 7a41fef9713a11d0bb5fb901d91a7d16dbe0b1ce
validate-code / unit-tests (test:unit)	UNKNOWN STEP	2026-10-09T07:25:25.3247907Z   JFROG_CLI_CI_BRANCH: 180/merge
validate-code / unit-tests (test:unit)	UNKNOWN STEP	2026-10-09T07:25:25.3248340Z   JFROG_CLI_CI_VCS_URL: https://github.com/consensys-vertical-apps/va-mmcx-terminal
validate-code / unit-tests (test:unit)	UNKNOWN STEP	2026-10-09T07:25:25.3248796Z   JFROG_CLI_BUILD_NAME: Validate PR
validate-code / unit-tests (test:unit)	UNKNOWN STEP	2026-10-09T07:25:25.3249234Z   JFROG_CLI_BUILD_NUMBER: 810
validate-code / unit-tests (test:unit)	UNKNOWN STEP	2026-10-09T07:25:25.3249708Z   JFROG_CLI_BUILD_URL: https://github.com/consensys-vertical-apps/va-mmcx-terminal/actions/runs/37898878891
validate-code / unit-tests (test:unit)	UNKNOWN STEP	2026-10-09T07:25:25.3250247Z   JFROG_CLI_USER_AGENT: setup-jfrog-cli-github-action/5.1.0
validate-code / unit-tests (test:unit)	UNKNOWN STEP	2026-10-09T07:25:25.3250674Z   JFROG_CLI_COMMAND_SUMMARY_OUTPUT_DIR: /home/runner/work/_temp
validate-code / unit-tests (test:unit)	UNKNOWN STEP	2026-10-09T07:25:25.3251088Z   JFROG_CLI_USAGE_GH_TOKEN_FOR_CODE_SCANNING_ALERTS_PROVIDED: 
validate-code / unit-tests (test:unit)	UNKNOWN STEP	2026-10-09T07:25:25.3251482Z   SETUP_JFROG_CLI_SERVER_IDS: setup-jfrog-cli-server
validate-code / unit-tests (test:unit)	UNKNOWN STEP	2026-10-09T07:25:25.3251816Z   NPM_CLIENT: npm
validate-code / unit-tests (test:unit)	UNKNOWN STEP	2026-10-09T07:25:25.3252089Z ##[endgroup]
validate-code / unit-tests (test:unit)	UNKNOWN STEP	2026-10-09T07:25:25.3510882Z ##[end-action id=__consensys-vertical-apps_shared-services-workflows.lock_file_name;outcome=success;conclusion=success;duration_ms=63]
validate-code / unit-tests (test:unit)	UNKNOWN STEP	2026-10-09T07:25:25.3514504Z ##[start-action display=Set jf npm config;id=__consensys-vertical-apps_shared-services-workflows.__run_3]
validate-code / unit-tests (test:unit)	UNKNOWN STEP	2026-10-09T07:25:25.3535496Z ##[group]Run jf npm-config --global=true --repo-resolve="$JFROG_NPM_REPO" --repo-deploy="$JFROG_NPM_DEPLOY_REPO"
validate-code / unit-tests (test:unit)	UNKNOWN STEP	2026-10-09T07:25:25.3536188Z ^[[36;1mjf npm-config --global=true --repo-resolve="$JFROG_NPM_REPO" --repo-deploy="$JFROG_NPM_DEPLOY_REPO"^[[0m
validate-code / unit-tests (test:unit)	UNKNOWN STEP	2026-10-09T07:25:25.3595862Z shell: /usr/bin/bash --noprofile --norc -e -o pipefail ***0***
validate-code / unit-tests (test:unit)	UNKNOWN STEP	2026-10-09T07:25:25.3596246Z env:
validate-code / unit-tests (test:unit)	UNKNOWN STEP	2026-10-09T07:25:25.3596723Z   JFROG_CLI_ENV_EXCLUDE: *password*;*secret*;*key*;*token*;*auth*;JF_ARTIFACTORY_*;JF_ENV_*;JF_URL;JF_USER;JF_PASSWORD;JF_ACCESS_TOKEN
validate-code / unit-tests (test:unit)	UNKNOWN STEP	2026-10-09T07:25:25.3597491Z   JFROG_CLI_OFFER_CONFIG: false
validate-code / unit-tests (test:unit)	UNKNOWN STEP	2026-10-09T07:25:25.3597795Z   JFROG_CLI_AVOID_NEW_VERSION_WARNING: true
validate-code / unit-tests (test:unit)	UNKNOWN STEP	2026-10-09T07:25:25.3598205Z   JFROG_CLI_SOURCECODE_REPOSITORY: consensys-vertical-apps/va-mmcx-terminal
validate-code / unit-tests (test:unit)	UNKNOWN STEP	2026-10-09T07:25:25.3598613Z   JFROG_CLI_CI_JOB_ID: Validate PR
validate-code / unit-tests (test:unit)	UNKNOWN STEP	2026-10-09T07:25:25.3598916Z   JFROG_CLI_CI_RUN_ID: 37898878891
validate-code / unit-tests (test:unit)	UNKNOWN STEP	2026-10-09T07:25:25.3599191Z   JFROG_CLI_GITHUB_TOKEN: 
validate-code / unit-tests (test:unit)	UNKNOWN STEP	2026-10-09T07:25:25.3599524Z   JFROG_CLI_CI_VCS_REVISION: 7a41fef9713a11d0bb5fb901d91a7d16dbe0b1ce
validate-code / unit-tests (test:unit)	UNKNOWN STEP	2026-10-09T07:25:25.3599893Z   JFROG_CLI_CI_BRANCH: 180/merge
validate-code / unit-tests (test:unit)	UNKNOWN STEP	2026-10-09T07:25:25.3600331Z   JFROG_CLI_CI_VCS_URL: https://github.com/consensys-vertical-apps/va-mmcx-terminal
validate-code / unit-tests (test:unit)	UNKNOWN STEP	2026-10-09T07:25:25.3600749Z   JFROG_CLI_BUILD_NAME: Validate PR
validate-code / unit-tests (test:unit)	UNKNOWN STEP	2026-10-09T07:25:25.3601041Z   JFROG_CLI_BUILD_NUMBER: 810
validate-code / unit-tests (test:unit)	UNKNOWN STEP	2026-10-09T07:25:25.3601505Z   JFROG_CLI_BUILD_URL: https://github.com/consensys-vertical-apps/va-mmcx-terminal/actions/runs/37898878891
validate-code / unit-tests (test:unit)	UNKNOWN STEP	2026-10-09T07:25:25.3602041Z   JFROG_CLI_USER_AGENT: setup-jfrog-cli-github-action/5.1.0
validate-code / unit-tests (test:unit)	UNKNOWN STEP	2026-10-09T07:25:25.3602443Z   JFROG_CLI_COMMAND_SUMMARY_OUTPUT_DIR: /home/runner/work/_temp
validate-code / unit-tests (test:unit)	UNKNOWN STEP	2026-10-09T07:25:25.3602850Z   JFROG_CLI_USAGE_GH_TOKEN_FOR_CODE_SCANNING_ALERTS_PROVIDED: 
validate-code / unit-tests (test:unit)	UNKNOWN STEP	2026-10-09T07:25:25.3603238Z   SETUP_JFROG_CLI_SERVER_IDS: setup-jfrog-cli-server
validate-code / unit-tests (test:unit)	UNKNOWN STEP	2026-10-09T07:25:25.3603570Z   JFROG_NPM_REPO: npm
validate-code / unit-tests (test:unit)	UNKNOWN STEP	2026-10-09T07:25:25.3603834Z   JFROG_NPM_DEPLOY_REPO: npm-local
validate-code / unit-tests (test:unit)	UNKNOWN STEP	2026-10-09T07:25:25.3604122Z ##[endgroup]
validate-code / unit-tests (test:unit)	UNKNOWN STEP	2026-10-09T07:25:25.3835362Z 07:25:25 [Info] npm build config successfully created.
validate-code / unit-tests (test:unit)	UNKNOWN STEP	2026-10-09T07:25:25.3845744Z ##[end-action id=__consensys-vertical-apps_shared-services-workflows.__run_3;outcome=success;conclusion=success;duration_ms=33]
validate-code / unit-tests (test:unit)	UNKNOWN STEP	2026-10-09T07:25:25.3850270Z ##[start-action display=Set npmrc config;id=__consensys-vertical-apps_shared-services-workflows.__run_4]
validate-code / unit-tests (test:unit)	UNKNOWN STEP	2026-10-09T07:25:25.3869435Z ##[group]Run npm config set registry "$REGISTRY_URL"
validate-code / unit-tests (test:unit)	UNKNOWN STEP	2026-10-09T07:25:25.3869846Z ^[[36;1mnpm config set registry "$REGISTRY_URL"^[[0m
validate-code / unit-tests (test:unit)	UNKNOWN STEP	2026-10-09T07:25:25.3870302Z ^[[36;1mnpm config set $***REGISTRY_URL#http*:***:_authToken $JFROG_ACCESS_TOKEN^[[0m
validate-code / unit-tests (test:unit)	UNKNOWN STEP	2026-10-09T07:25:25.3870705Z ^[[36;1m^[[0m
validate-code / unit-tests (test:unit)	UNKNOWN STEP	2026-10-09T07:25:25.3870968Z ^[[36;1m# Find the user-level .npmrc file^[[0m
validate-code / unit-tests (test:unit)	UNKNOWN STEP	2026-10-09T07:25:25.3871304Z ^[[36;1mNPMRC_PATH=$(npm config get userconfig)^[[0m
validate-code / unit-tests (test:unit)	UNKNOWN STEP	2026-10-09T07:25:25.3871844Z ^[[36;1m^[[0m
validate-code / unit-tests (test:unit)	UNKNOWN STEP	2026-10-09T07:25:25.3872091Z ^[[36;1mif [ -n "$NPMRC_PATH" ]; then^[[0m
validate-code / unit-tests (test:unit)	UNKNOWN STEP	2026-10-09T07:25:25.3872417Z ^[[36;1m  echo "always-auth=true" >> "$NPMRC_PATH"^[[0m
validate-code / unit-tests (test:unit)	UNKNOWN STEP	2026-10-09T07:25:25.3872760Z ^[[36;1m  echo "Updated .npmrc at $NPMRC_PATH"^[[0m
validate-code / unit-tests (test:unit)	UNKNOWN STEP	2026-10-09T07:25:25.3873073Z ^[[36;1melse^[[0m
validate-code / unit-tests (test:unit)	UNKNOWN STEP	2026-10-09T07:25:25.3873601Z ^[[36;1m  echo "Warning: Could not find user-level .npmrc. Creating one in the home directory."^[[0m
validate-code / unit-tests (test:unit)	UNKNOWN STEP	2026-10-09T07:25:25.3874057Z ^[[36;1m  NPMRC_PATH="$HOME/.npmrc"^[[0m
validate-code / unit-tests (test:unit)	UNKNOWN STEP	2026-10-09T07:25:25.3874378Z ^[[36;1m  echo "always-auth=true" >> "$NPMRC_PATH"^[[0m
validate-code / unit-tests (test:unit)	UNKNOWN STEP	2026-10-09T07:25:25.3874691Z ^[[36;1mfi^[[0m
validate-code / unit-tests (test:unit)	UNKNOWN STEP	2026-10-09T07:25:25.3937632Z shell: /usr/bin/bash --noprofile --norc -e -o pipefail ***0***
validate-code / unit-tests (test:unit)	UNKNOWN STEP	2026-10-09T07:25:25.3938019Z env:
validate-code / unit-tests (test:unit)	UNKNOWN STEP	2026-10-09T07:25:25.3938524Z   JFROG_CLI_ENV_EXCLUDE: *password*;*secret*;*key*;*token*;*auth*;JF_ARTIFACTORY_*;JF_ENV_*;JF_URL;JF_USER;JF_PASSWORD;JF_ACCESS_TOKEN
validate-code / unit-tests (test:unit)	UNKNOWN STEP	2026-10-09T07:25:25.3939062Z   JFROG_CLI_OFFER_CONFIG: false
validate-code / unit-tests (test:unit)	UNKNOWN STEP	2026-10-09T07:25:25.3939374Z   JFROG_CLI_AVOID_NEW_VERSION_WARNING: true
validate-code / unit-tests (test:unit)	UNKNOWN STEP	2026-10-09T07:25:25.3939804Z   JFROG_CLI_SOURCECODE_REPOSITORY: consensys-vertical-apps/va-mmcx-terminal
validate-code / unit-tests (test:unit)	UNKNOWN STEP	2026-10-09T07:25:25.3940218Z   JFROG_CLI_CI_JOB_ID: Validate PR
validate-code / unit-tests (test:unit)	UNKNOWN STEP	2026-10-09T07:25:25.3940511Z   JFROG_CLI_CI_RUN_ID: 37898878891
validate-code / unit-tests (test:unit)	UNKNOWN STEP	2026-10-09T07:25:25.3940795Z   JFROG_CLI_GITHUB_TOKEN: 
validate-code / unit-tests (test:unit)	UNKNOWN STEP	2026-10-09T07:25:25.3941145Z   JFROG_CLI_CI_VCS_REVISION: 7a41fef9713a11d0bb5fb901d91a7d16dbe0b1ce
validate-code / unit-tests (test:unit)	UNKNOWN STEP	2026-10-09T07:25:25.3941520Z   JFROG_CLI_CI_BRANCH: 180/merge
validate-code / unit-tests (test:unit)	UNKNOWN STEP	2026-10-09T07:25:25.3941928Z   JFROG_CLI_CI_VCS_URL: https://github.com/consensys-vertical-apps/va-mmcx-terminal
validate-code / unit-tests (test:unit)	UNKNOWN STEP	2026-10-09T07:25:25.3942346Z   JFROG_CLI_BUILD_NAME: Validate PR
validate-code / unit-tests (test:unit)	UNKNOWN STEP	2026-10-09T07:25:25.3942640Z   JFROG_CLI_BUILD_NUMBER: 810
validate-code / unit-tests (test:unit)	UNKNOWN STEP	2026-10-09T07:25:25.3943100Z   JFROG_CLI_BUILD_URL: https://github.com/consensys-vertical-apps/va-mmcx-terminal/actions/runs/37898878891
validate-code / unit-tests (test:unit)	UNKNOWN STEP	2026-10-09T07:25:25.3943644Z   JFROG_CLI_USER_AGENT: setup-jfrog-cli-github-action/5.1.0
validate-code / unit-tests (test:unit)	UNKNOWN STEP	2026-10-09T07:25:25.3944053Z   JFROG_CLI_COMMAND_SUMMARY_OUTPUT_DIR: /home/runner/work/_temp
validate-code / unit-tests (test:unit)	UNKNOWN STEP	2026-10-09T07:25:25.3944484Z   JFROG_CLI_USAGE_GH_TOKEN_FOR_CODE_SCANNING_ALERTS_PROVIDED: 
validate-code / unit-tests (test:unit)	UNKNOWN STEP	2026-10-09T07:25:25.3944873Z   SETUP_JFROG_CLI_SERVER_IDS: setup-jfrog-cli-server
validate-code / unit-tests (test:unit)	UNKNOWN STEP	2026-10-09T07:25:25.3945286Z   REGISTRY_URL: https://consensys.jfrog.io/artifactory/api/npm/npm/
validate-code / unit-tests (test:unit)	UNKNOWN STEP	2026-10-09T07:25:25.3953135Z   JFROG_ACCESS_TOKEN: ***
validate-code / unit-tests (test:unit)	UNKNOWN STEP	2026-10-09T07:25:25.3953474Z ##[endgroup]
validate-code / unit-tests (test:unit)	UNKNOWN STEP	2026-10-09T07:25:25.7455950Z Updated .npmrc at /home/runner/.npmrc
validate-code / unit-tests (test:unit)	UNKNOWN STEP	2026-10-09T07:25:25.7465865Z ##[end-action id=__consensys-vertical-apps_shared-services-workflows.__run_4;outcome=success;conclusion=success;duration_ms=361]
validate-code / unit-tests (test:unit)	UNKNOWN STEP	2026-10-09T07:25:25.7471551Z ##[start-action display=Set yarn 4 config;id=__consensys-vertical-apps_shared-services-workflows.__run_5]
validate-code / unit-tests (test:unit)	UNKNOWN STEP	2026-10-09T07:25:25.7478509Z ##[end-action id=__consensys-vertical-apps_shared-services-workflows.__run_5;outcome=skipped;conclusion=skipped;duration_ms=0]
validate-code / unit-tests (test:unit)	UNKNOWN STEP	2026-10-09T07:25:25.7483540Z ##[start-action display=NPM client install;id=__consensys-vertical-apps_shared-services-workflows.__run_6]
validate-code / unit-tests (test:unit)	UNKNOWN STEP	2026-10-09T07:25:25.7528493Z ##[group]Run if [ "$NPM_CLIENT" = "yarn" ]; then
validate-code / unit-tests (test:unit)	UNKNOWN STEP	2026-10-09T07:25:25.7528945Z ^[[36;1mif [ "$NPM_CLIENT" = "yarn" ]; then^[[0m
validate-code / unit-tests (test:unit)	UNKNOWN STEP	2026-10-09T07:25:25.7529316Z ^[[36;1m  if [ "$YARN_VERSION" = "4" ]; then^[[0m
validate-code / unit-tests (test:unit)	UNKNOWN STEP	2026-10-09T07:25:25.7529683Z ^[[36;1m    yarn install --immutable^[[0m
validate-code / unit-tests (test:unit)	UNKNOWN STEP	2026-10-09T07:25:25.7530004Z ^[[36;1m  else^[[0m
validate-code / unit-tests (test:unit)	UNKNOWN STEP	2026-10-09T07:25:25.7530298Z ^[[36;1m    yarn install --frozen-lockfile^[[0m
validate-code / unit-tests (test:unit)	UNKNOWN STEP	2026-10-09T07:25:25.7530621Z ^[[36;1m  fi^[[0m
validate-code / unit-tests (test:unit)	UNKNOWN STEP	2026-10-09T07:25:25.7530918Z ^[[36;1melif [ "$NPM_CLIENT" = "pnpm" ]; then^[[0m
validate-code / unit-tests (test:unit)	UNKNOWN STEP	2026-10-09T07:25:25.7531282Z ^[[36;1m  pnpm install --frozen-lockfile^[[0m
validate-code / unit-tests (test:unit)	UNKNOWN STEP	2026-10-09T07:25:25.7531605Z ^[[36;1melse^[[0m
validate-code / unit-tests (test:unit)	UNKNOWN STEP	2026-10-09T07:25:25.7531870Z ^[[36;1m  jf npm ci --audit=false^[[0m
validate-code / unit-tests (test:unit)	UNKNOWN STEP	2026-10-09T07:25:25.7532291Z ^[[36;1mfi^[[0m
validate-code / unit-tests (test:unit)	UNKNOWN STEP	2026-10-09T07:25:25.7617920Z shell: /usr/bin/bash --noprofile --norc -e -o pipefail ***0***
validate-code / unit-tests (test:unit)	UNKNOWN STEP	2026-10-09T07:25:25.7618340Z env:
validate-code / unit-tests (test:unit)	UNKNOWN STEP	2026-10-09T07:25:25.7618865Z   JFROG_CLI_ENV_EXCLUDE: *password*;*secret*;*key*;*token*;*auth*;JF_ARTIFACTORY_*;JF_ENV_*;JF_URL;JF_USER;JF_PASSWORD;JF_ACCESS_TOKEN
validate-code / unit-tests (test:unit)	UNKNOWN STEP	2026-10-09T07:25:25.7619679Z   JFROG_CLI_OFFER_CONFIG: false
validate-code / unit-tests (test:unit)	UNKNOWN STEP	2026-10-09T07:25:25.7620015Z   JFROG_CLI_AVOID_NEW_VERSION_WARNING: true
validate-code / unit-tests (test:unit)	UNKNOWN STEP	2026-10-09T07:25:25.7620465Z   JFROG_CLI_SOURCECODE_REPOSITORY: consensys-vertical-apps/va-mmcx-terminal
validate-code / unit-tests (test:unit)	UNKNOWN STEP	2026-10-09T07:25:25.7621050Z   JFROG_CLI_CI_JOB_ID: Validate PR
validate-code / unit-tests (test:unit)	UNKNOWN STEP	2026-10-09T07:25:25.7621380Z   JFROG_CLI_CI_RUN_ID: 37898878891
validate-code / unit-tests (test:unit)	UNKNOWN STEP	2026-10-09T07:25:25.7621704Z   JFROG_CLI_GITHUB_TOKEN: 
validate-code / unit-tests (test:unit)	UNKNOWN STEP	2026-10-09T07:25:25.7622076Z   JFROG_CLI_CI_VCS_REVISION: 7a41fef9713a11d0bb5fb901d91a7d16dbe0b1ce
validate-code / unit-tests (test:unit)	UNKNOWN STEP	2026-10-09T07:25:25.7622493Z   JFROG_CLI_CI_BRANCH: 180/merge
validate-code / unit-tests (test:unit)	UNKNOWN STEP	2026-10-09T07:25:25.7622940Z   JFROG_CLI_CI_VCS_URL: https://github.com/consensys-vertical-apps/va-mmcx-terminal
validate-code / unit-tests (test:unit)	UNKNOWN STEP	2026-10-09T07:25:25.7623399Z   JFROG_CLI_BUILD_NAME: Validate PR
validate-code / unit-tests (test:unit)	UNKNOWN STEP	2026-10-09T07:25:25.7623721Z   JFROG_CLI_BUILD_NUMBER: 810
validate-code / unit-tests (test:unit)	UNKNOWN STEP	2026-10-09T07:25:25.7624219Z   JFROG_CLI_BUILD_URL: https://github.com/consensys-vertical-apps/va-mmcx-terminal/actions/runs/37898878891
validate-code / unit-tests (test:unit)	UNKNOWN STEP	2026-10-09T07:25:25.7624819Z   JFROG_CLI_USER_AGENT: setup-jfrog-cli-github-action/5.1.0
validate-code / unit-tests (test:unit)	UNKNOWN STEP	2026-10-09T07:25:25.7625259Z   JFROG_CLI_COMMAND_SUMMARY_OUTPUT_DIR: /home/runner/work/_temp
validate-code / unit-tests (test:unit)	UNKNOWN STEP	2026-10-09T07:25:25.7625699Z   JFROG_CLI_USAGE_GH_TOKEN_FOR_CODE_SCANNING_ALERTS_PROVIDED: 
validate-code / unit-tests (test:unit)	UNKNOWN STEP	2026-10-09T07:25:25.7626119Z   SETUP_JFROG_CLI_SERVER_IDS: setup-jfrog-cli-server
validate-code / unit-tests (test:unit)	UNKNOWN STEP	2026-10-09T07:25:25.7626476Z   NPM_CLIENT: npm
validate-code / unit-tests (test:unit)	UNKNOWN STEP	2026-10-09T07:25:25.7626737Z   YARN_VERSION: 1
validate-code / unit-tests (test:unit)	UNKNOWN STEP	2026-10-09T07:25:25.7634974Z   NODE_AUTH_TOKEN: ***
validate-code / unit-tests (test:unit)	UNKNOWN STEP	2026-10-09T07:25:25.7643229Z   JFROG_ACCESS_TOKEN: ***
validate-code / unit-tests (test:unit)	UNKNOWN STEP	2026-10-09T07:25:25.7643531Z ##[endgroup]
validate-code / unit-tests (test:unit)	UNKNOWN STEP	2026-10-09T07:26:32.9755997Z added 2031 packages in 1m
validate-code / unit-tests (test:unit)	UNKNOWN STEP	2026-10-09T07:26:32.9756671Z 
validate-code / unit-tests (test:unit)	UNKNOWN STEP	2026-10-09T07:26:32.9757677Z 350 packages are looking for funding
validate-code / unit-tests (test:unit)	UNKNOWN STEP	2026-10-09T07:26:32.9758555Z   run `npm fund` for details
validate-code / unit-tests (test:unit)	UNKNOWN STEP	2026-10-09T07:26:34.4935686Z 07:26:34 [Warn] error while running '/opt/hostedtoolcache/node/22.23.3/x64/bin/npm ls --audit=false --json --all --long': exit status 1
validate-code / unit-tests (test:unit)	UNKNOWN STEP	2026-10-09T07:26:34.4937075Z npm error code ELSPROBLEMS
validate-code / unit-tests (test:unit)	UNKNOWN STEP	2026-10-09T07:26:34.4941944Z npm error extraneous: @emnapi/core@1.9.2 /home/runner/work/va-mmcx-terminal/va-mmcx-terminal/node_modules/@emnapi/core
validate-code / unit-tests (test:unit)	UNKNOWN STEP	2026-10-09T07:26:34.4943527Z npm error extraneous: @emnapi/runtime@1.11.3 /home/runner/work/va-mmcx-terminal/va-mmcx-terminal/node_modules/@emnapi/runtime
validate-code / unit-tests (test:unit)	UNKNOWN STEP	2026-10-09T07:26:34.4945506Z npm error extraneous: @emnapi/wasi-threads@1.2.1 /home/runner/work/va-mmcx-terminal/va-mmcx-terminal/node_modules/@emnapi/wasi-threads
validate-code / unit-tests (test:unit)	UNKNOWN STEP	2026-10-09T07:26:34.4947295Z npm error extraneous: @img/sharp-wasm32@0.35.5 /home/runner/work/va-mmcx-terminal/va-mmcx-terminal/node_modules/@img/sharp-wasm32
validate-code / unit-tests (test:unit)	UNKNOWN STEP	2026-10-09T07:26:34.4949422Z npm error extraneous: @napi-rs/wasm-runtime@1.2.5 /home/runner/work/va-mmcx-terminal/va-mmcx-terminal/node_modules/@napi-rs/wasm-runtime
validate-code / unit-tests (test:unit)	UNKNOWN STEP	2026-10-09T07:26:34.4956102Z npm error extraneous: @tybys/wasm-util@0.10.4 /home/runner/work/va-mmcx-terminal/va-mmcx-terminal/node_modules/@tybys/wasm-util
validate-code / unit-tests (test:unit)	UNKNOWN STEP	2026-10-09T07:26:34.4958103Z npm error missing: @metamask/design-system-tailwind-preset@^0.12.0, required by @metamask/design-system-react@0.38.1
validate-code / unit-tests (test:unit)	UNKNOWN STEP	2026-10-09T07:26:34.4960054Z npm error invalid: bs58@4.0.1 /home/runner/work/va-mmcx-terminal/va-mmcx-terminal/node_modules/bs58
validate-code / unit-tests (test:unit)	UNKNOWN STEP	2026-10-09T07:26:34.4961434Z npm error missing: electron-builder-squirrel-windows@26.15.3, required by app-builder-lib@26.15.3
validate-code / unit-tests (test:unit)	UNKNOWN STEP	2026-10-09T07:26:34.4963271Z npm error invalid: picomatch@2.3.2 /home/runner/work/va-mmcx-terminal/va-mmcx-terminal/node_modules/picomatch
validate-code / unit-tests (test:unit)	UNKNOWN STEP	2026-10-09T07:26:34.4964753Z npm error invalid: ox@0.14.45 /home/runner/work/va-mmcx-terminal/va-mmcx-terminal/node_modules/ox
validate-code / unit-tests (test:unit)	UNKNOWN STEP	2026-10-09T07:26:34.4966335Z npm error invalid: react@19.2.0 /home/runner/work/va-mmcx-terminal/va-mmcx-terminal/node_modules/react
validate-code / unit-tests (test:unit)	UNKNOWN STEP	2026-10-09T07:26:34.4968482Z npm error invalid: zod@4.1.12 /home/runner/work/va-mmcx-terminal/va-mmcx-terminal/node_modules/zod
validate-code / unit-tests (test:unit)	UNKNOWN STEP	2026-10-09T07:26:34.4969889Z npm error A complete log of this run can be found in: /home/runner/.npm/_logs/2026-10-09T07_26_33_110Z-debug-0.log
validate-code / unit-tests (test:unit)	UNKNOWN STEP	2026-10-09T07:26:36.2430060Z 07:26:36 [Warn] The following dependencies will not be included in the build-info, because they are missing in the npm cache: 'electron-builder-squirrel-windows:4c928c188a358fab7251e68ae55d324c8307c8b6,@metamask/design-system-tailwind-preset:4c32e8f6d6e7e251790cc3332433406c924c670d'.
validate-code / unit-tests (test:unit)	UNKNOWN STEP	2026-10-09T07:26:36.2433215Z Hint: Try deleting 'node_modules' and/or 'package-lock.json'.
validate-code / unit-tests (test:unit)	UNKNOWN STEP	2026-10-09T07:26:36.2551423Z ##[end-action id=__consensys-vertical-apps_shared-services-workflows.__run_6;outcome=success;conclusion=success;duration_ms=70506]
validate-code / unit-tests (test:unit)	UNKNOWN STEP	2026-10-09T07:26:36.2593577Z ##[group]Run if [[ $ENV_VARS ]]; then
validate-code / unit-tests (test:unit)	UNKNOWN STEP	2026-10-09T07:26:36.2594131Z ^[[36;1mif [[ $ENV_VARS ]]; then^[[0m
validate-code / unit-tests (test:unit)	UNKNOWN STEP	2026-10-09T07:26:36.2594755Z ^[[36;1m  echo "$***ENV_VARS***" | jq -r 'keys[] as $k | "\($k)=\(.[$k])"' >> .env^[[0m
validate-code / unit-tests (test:unit)	UNKNOWN STEP	2026-10-09T07:26:36.2595369Z ^[[36;1mfi^[[0m
validate-code / unit-tests (test:unit)	UNKNOWN STEP	2026-10-09T07:26:36.2715062Z shell: /usr/bin/bash -e ***0***
validate-code / unit-tests (test:unit)	UNKNOWN STEP	2026-10-09T07:26:36.2715385Z env:
validate-code / unit-tests (test:unit)	UNKNOWN STEP	2026-10-09T07:26:36.2715897Z   JFROG_CLI_ENV_EXCLUDE: *password*;*secret*;*key*;*token*;*auth*;JF_ARTIFACTORY_*;JF_ENV_*;JF_URL;JF_USER;JF_PASSWORD;JF_ACCESS_TOKEN
validate-code / unit-tests (test:unit)	UNKNOWN STEP	2026-10-09T07:26:36.2716477Z   JFROG_CLI_OFFER_CONFIG: false
validate-code / unit-tests (test:unit)	UNKNOWN STEP	2026-10-09T07:26:36.2716792Z   JFROG_CLI_AVOID_NEW_VERSION_WARNING: true
validate-code / unit-tests (test:unit)	UNKNOWN STEP	2026-10-09T07:26:36.2717421Z   JFROG_CLI_SOURCECODE_REPOSITORY: consensys-vertical-apps/va-mmcx-terminal
validate-code / unit-tests (test:unit)	UNKNOWN STEP	2026-10-09T07:26:36.2717867Z   JFROG_CLI_CI_JOB_ID: Validate PR
validate-code / unit-tests (test:unit)	UNKNOWN STEP	2026-10-09T07:26:36.2718158Z   JFROG_CLI_CI_RUN_ID: 37898878891
validate-code / unit-tests (test:unit)	UNKNOWN STEP	2026-10-09T07:26:36.2718432Z   JFROG_CLI_GITHUB_TOKEN: 
validate-code / unit-tests (test:unit)	UNKNOWN STEP	2026-10-09T07:26:36.2718812Z   JFROG_CLI_CI_VCS_REVISION: 7a41fef9713a11d0bb5fb901d91a7d16dbe0b1ce
validate-code / unit-tests (test:unit)	UNKNOWN STEP	2026-10-09T07:26:36.2719192Z   JFROG_CLI_CI_BRANCH: 180/merge
validate-code / unit-tests (test:unit)	UNKNOWN STEP	2026-10-09T07:26:36.2719604Z   JFROG_CLI_CI_VCS_URL: https://github.com/consensys-vertical-apps/va-mmcx-terminal
validate-code / unit-tests (test:unit)	UNKNOWN STEP	2026-10-09T07:26:36.2720040Z   JFROG_CLI_BUILD_NAME: Validate PR
validate-code / unit-tests (test:unit)	UNKNOWN STEP	2026-10-09T07:26:36.2720341Z   JFROG_CLI_BUILD_NUMBER: 810
validate-code / unit-tests (test:unit)	UNKNOWN STEP	2026-10-09T07:26:36.2720810Z   JFROG_CLI_BUILD_URL: https://github.com/consensys-vertical-apps/va-mmcx-terminal/actions/runs/37898878891
validate-code / unit-tests (test:unit)	UNKNOWN STEP	2026-10-09T07:26:36.2721363Z   JFROG_CLI_USER_AGENT: setup-jfrog-cli-github-action/5.1.0
validate-code / unit-tests (test:unit)	UNKNOWN STEP	2026-10-09T07:26:36.2721800Z   JFROG_CLI_COMMAND_SUMMARY_OUTPUT_DIR: /home/runner/work/_temp
validate-code / unit-tests (test:unit)	UNKNOWN STEP	2026-10-09T07:26:36.2722220Z   JFROG_CLI_USAGE_GH_TOKEN_FOR_CODE_SCANNING_ALERTS_PROVIDED: 
validate-code / unit-tests (test:unit)	UNKNOWN STEP	2026-10-09T07:26:36.2722614Z   SETUP_JFROG_CLI_SERVER_IDS: setup-jfrog-cli-server
validate-code / unit-tests (test:unit)	UNKNOWN STEP	2026-10-09T07:26:36.2722942Z   ENV_VARS: 
validate-code / unit-tests (test:unit)	UNKNOWN STEP	2026-10-09T07:26:36.2723189Z ##[endgroup]
validate-code / unit-tests (test:unit)	UNKNOWN STEP	2026-10-09T07:26:36.2834521Z ##[group]Run echo "TEST_NAME=$(echo 'test:unit' | sed 's/:/ /g')" >> $GITHUB_ENV
validate-code / unit-tests (test:unit)	UNKNOWN STEP	2026-10-09T07:26:36.2835046Z ^[[36;1mecho "TEST_NAME=$(echo 'test:unit' | sed 's/:/ /g')" >> $GITHUB_ENV^[[0m
validate-code / unit-tests (test:unit)	UNKNOWN STEP	2026-10-09T07:26:36.2835537Z ^[[36;1mecho "TEST_ARTEFACT_NAME=$(echo 'test:unit' | sed 's/:/-/g')" >> $GITHUB_ENV^[[0m
validate-code / unit-tests (test:unit)	UNKNOWN STEP	2026-10-09T07:26:36.2891677Z shell: /usr/bin/bash -e ***0***
validate-code / unit-tests (test:unit)	UNKNOWN STEP	2026-10-09T07:26:36.2891995Z env:
validate-code / unit-tests (test:unit)	UNKNOWN STEP	2026-10-09T07:26:36.2892477Z   JFROG_CLI_ENV_EXCLUDE: *password*;*secret*;*key*;*token*;*auth*;JF_ARTIFACTORY_*;JF_ENV_*;JF_URL;JF_USER;JF_PASSWORD;JF_ACCESS_TOKEN
validate-code / unit-tests (test:unit)	UNKNOWN STEP	2026-10-09T07:26:36.2893034Z   JFROG_CLI_OFFER_CONFIG: false
validate-code / unit-tests (test:unit)	UNKNOWN STEP	2026-10-09T07:26:36.2893345Z   JFROG_CLI_AVOID_NEW_VERSION_WARNING: true
validate-code / unit-tests (test:unit)	UNKNOWN STEP	2026-10-09T07:26:36.2893771Z   JFROG_CLI_SOURCECODE_REPOSITORY: consensys-vertical-apps/va-mmcx-terminal
validate-code / unit-tests (test:unit)	UNKNOWN STEP	2026-10-09T07:26:36.2894182Z   JFROG_CLI_CI_JOB_ID: Validate PR
validate-code / unit-tests (test:unit)	UNKNOWN STEP	2026-10-09T07:26:36.2894481Z   JFROG_CLI_CI_RUN_ID: 37898878891
validate-code / unit-tests (test:unit)	UNKNOWN STEP	2026-10-09T07:26:36.2894756Z   JFROG_CLI_GITHUB_TOKEN: 
validate-code / unit-tests (test:unit)	UNKNOWN STEP	2026-10-09T07:26:36.2895122Z   JFROG_CLI_CI_VCS_REVISION: 7a41fef9713a11d0bb5fb901d91a7d16dbe0b1ce
validate-code / unit-tests (test:unit)	UNKNOWN STEP	2026-10-09T07:26:36.2895511Z   JFROG_CLI_CI_BRANCH: 180/merge
validate-code / unit-tests (test:unit)	UNKNOWN STEP	2026-10-09T07:26:36.2895925Z   JFROG_CLI_CI_VCS_URL: https://github.com/consensys-vertical-apps/va-mmcx-terminal
validate-code / unit-tests (test:unit)	UNKNOWN STEP	2026-10-09T07:26:36.2896363Z   JFROG_CLI_BUILD_NAME: Validate PR
validate-code / unit-tests (test:unit)	UNKNOWN STEP	2026-10-09T07:26:36.2896672Z   JFROG_CLI_BUILD_NUMBER: 810
validate-code / unit-tests (test:unit)	UNKNOWN STEP	2026-10-09T07:26:36.2897389Z   JFROG_CLI_BUILD_URL: https://github.com/consensys-vertical-apps/va-mmcx-terminal/actions/runs/37898878891
validate-code / unit-tests (test:unit)	UNKNOWN STEP	2026-10-09T07:26:36.2897933Z   JFROG_CLI_USER_AGENT: setup-jfrog-cli-github-action/5.1.0
validate-code / unit-tests (test:unit)	UNKNOWN STEP	2026-10-09T07:26:36.2898552Z   JFROG_CLI_COMMAND_SUMMARY_OUTPUT_DIR: /home/runner/work/_temp
validate-code / unit-tests (test:unit)	UNKNOWN STEP	2026-10-09T07:26:36.2898969Z   JFROG_CLI_USAGE_GH_TOKEN_FOR_CODE_SCANNING_ALERTS_PROVIDED: 
validate-code / unit-tests (test:unit)	UNKNOWN STEP	2026-10-09T07:26:36.2899357Z   SETUP_JFROG_CLI_SERVER_IDS: setup-jfrog-cli-server
validate-code / unit-tests (test:unit)	UNKNOWN STEP	2026-10-09T07:26:36.2899680Z ##[endgroup]
validate-code / unit-tests (test:unit)	UNKNOWN STEP	2026-10-09T07:26:36.3053642Z ##[group]Run npm run test:unit
validate-code / unit-tests (test:unit)	UNKNOWN STEP	2026-10-09T07:26:36.3053990Z ^[[36;1mnpm run test:unit^[[0m
validate-code / unit-tests (test:unit)	UNKNOWN STEP	2026-10-09T07:26:36.3113132Z shell: /usr/bin/bash -e ***0***
validate-code / unit-tests (test:unit)	UNKNOWN STEP	2026-10-09T07:26:36.3113441Z env:
validate-code / unit-tests (test:unit)	UNKNOWN STEP	2026-10-09T07:26:36.3113953Z   JFROG_CLI_ENV_EXCLUDE: *password*;*secret*;*key*;*token*;*auth*;JF_ARTIFACTORY_*;JF_ENV_*;JF_URL;JF_USER;JF_PASSWORD;JF_ACCESS_TOKEN
validate-code / unit-tests (test:unit)	UNKNOWN STEP	2026-10-09T07:26:36.3114516Z   JFROG_CLI_OFFER_CONFIG: false
validate-code / unit-tests (test:unit)	UNKNOWN STEP	2026-10-09T07:26:36.3114832Z   JFROG_CLI_AVOID_NEW_VERSION_WARNING: true
validate-code / unit-tests (test:unit)	UNKNOWN STEP	2026-10-09T07:26:36.3115255Z   JFROG_CLI_SOURCECODE_REPOSITORY: consensys-vertical-apps/va-mmcx-terminal
validate-code / unit-tests (test:unit)	UNKNOWN STEP	2026-10-09T07:26:36.3115685Z   JFROG_CLI_CI_JOB_ID: Validate PR
validate-code / unit-tests (test:unit)	UNKNOWN STEP	2026-10-09T07:26:36.3116000Z   JFROG_CLI_CI_RUN_ID: 37898878891
validate-code / unit-tests (test:unit)	UNKNOWN STEP	2026-10-09T07:26:36.3116283Z   JFROG_CLI_GITHUB_TOKEN: 
validate-code / unit-tests (test:unit)	UNKNOWN STEP	2026-10-09T07:26:36.3116633Z   JFROG_CLI_CI_VCS_REVISION: 7a41fef9713a11d0bb5fb901d91a7d16dbe0b1ce
validate-code / unit-tests (test:unit)	UNKNOWN STEP	2026-10-09T07:26:36.3117287Z   JFROG_CLI_CI_BRANCH: 180/merge
validate-code / unit-tests (test:unit)	UNKNOWN STEP	2026-10-09T07:26:36.3117736Z   JFROG_CLI_CI_VCS_URL: https://github.com/consensys-vertical-apps/va-mmcx-terminal
validate-code / unit-tests (test:unit)	UNKNOWN STEP	2026-10-09T07:26:36.3118169Z   JFROG_CLI_BUILD_NAME: Validate PR
validate-code / unit-tests (test:unit)	UNKNOWN STEP	2026-10-09T07:26:36.3118467Z   JFROG_CLI_BUILD_NUMBER: 810
validate-code / unit-tests (test:unit)	UNKNOWN STEP	2026-10-09T07:26:36.3118949Z   JFROG_CLI_BUILD_URL: https://github.com/consensys-vertical-apps/va-mmcx-terminal/actions/runs/37898878891
validate-code / unit-tests (test:unit)	UNKNOWN STEP	2026-10-09T07:26:36.3119518Z   JFROG_CLI_USER_AGENT: setup-jfrog-cli-github-action/5.1.0
validate-code / unit-tests (test:unit)	UNKNOWN STEP	2026-10-09T07:26:36.3119963Z   JFROG_CLI_COMMAND_SUMMARY_OUTPUT_DIR: /home/runner/work/_temp
validate-code / unit-tests (test:unit)	UNKNOWN STEP	2026-10-09T07:26:36.3120389Z   JFROG_CLI_USAGE_GH_TOKEN_FOR_CODE_SCANNING_ALERTS_PROVIDED: 
validate-code / unit-tests (test:unit)	UNKNOWN STEP	2026-10-09T07:26:36.3120795Z   SETUP_JFROG_CLI_SERVER_IDS: setup-jfrog-cli-server
validate-code / unit-tests (test:unit)	UNKNOWN STEP	2026-10-09T07:26:36.3121134Z   TEST_NAME: test unit
validate-code / unit-tests (test:unit)	UNKNOWN STEP	2026-10-09T07:26:36.3121412Z   TEST_ARTEFACT_NAME: test-unit
validate-code / unit-tests (test:unit)	UNKNOWN STEP	2026-10-09T07:26:36.3121694Z   REGISTRY_TOKEN: 
validate-code / unit-tests (test:unit)	UNKNOWN STEP	2026-10-09T07:26:36.3121954Z ##[endgroup]
validate-code / unit-tests (test:unit)	UNKNOWN STEP	2026-10-09T07:26:36.4128167Z 
validate-code / unit-tests (test:unit)	UNKNOWN STEP	2026-10-09T07:26:36.4129274Z > terminal@0.1.0 test:unit
validate-code / unit-tests (test:unit)	UNKNOWN STEP	2026-10-09T07:26:36.4130127Z > vitest run --coverage
validate-code / unit-tests (test:unit)	UNKNOWN STEP	2026-10-09T07:26:36.4130571Z 
validate-code / unit-tests (test:unit)	UNKNOWN STEP	2026-10-09T07:26:36.9602263Z 
validate-code / unit-tests (test:unit)	UNKNOWN STEP	2026-10-09T07:26:36.9603431Z ^[[1m^[[46m RUN ^[[49m^[[22m ^[[36mv3.2.7 ^[[39m^[[90m/home/runner/work/va-mmcx-terminal/va-mmcx-terminal^[[39m
validate-code / unit-tests (test:unit)	UNKNOWN STEP	2026-10-09T07:26:36.9604397Z       ^[[2mCoverage enabled with ^[[22m^[[33mv8^[[39m
validate-code / unit-tests (test:unit)	UNKNOWN STEP	2026-10-09T07:26:36.9604754Z 
validate-code / unit-tests (test:unit)	UNKNOWN STEP	2026-10-09T07:26:40.4803901Z  ^[[32m✓^[[39m src/features/perpetuals/infra/perps-controller/ControllerPerpsProvider.test.ts ^[[2m(^[[22m^[[2m71 tests^[[22m^[[2m)^[[22m^[[33m 639^[[2mms^[[22m^[[39m
validate-code / unit-tests (test:unit)	UNKNOWN STEP	2026-10-09T07:26:41.5435154Z  ^[[32m✓^[[39m src/features/perpetuals/domain/OrderBook/helpers/OrderBookHelper.test.ts ^[[2m(^[[22m^[[2m83 tests^[[22m^[[2m)^[[22m^[[32m 24^[[2mms^[[22m^[[39m
validate-code / unit-tests (test:unit)	UNKNOWN STEP	2026-10-09T07:26:42.7127212Z ^[[90mstdout^[[2m | electron/services/bot-runner.test.ts^[[2m > ^[[22m^[[2mBotRunner^[[2m > ^[[22m^[[2mdoes not decrease isolated leverage on an existing position when starting
validate-code / unit-tests (test:unit)	UNKNOWN STEP	2026-10-09T07:26:42.7129938Z ^[[22m^[[39m[BotRunner] Auto-adopted orphan BTC position for bot BTC Simple Buy/Sell (buy 0.25 @ 100).
validate-code / unit-tests (test:unit)	UNKNOWN STEP	2026-10-09T07:26:42.7130950Z 
validate-code / unit-tests (test:unit)	UNKNOWN STEP	2026-10-09T07:26:42.7867533Z  ^[[32m✓^[[39m electron/services/bot-runner.test.ts ^[[2m(^[[22m^[[2m12 tests^[[22m^[[2m)^[[22m^[[32m 93^[[2mms^[[22m^[[39m
validate-code / unit-tests (test:unit)	UNKNOWN STEP	2026-10-09T07:26:46.3889611Z  ^[[32m✓^[[39m src/features/perpetuals/order/components/OrderBook/OrderBook.test.tsx ^[[2m(^[[22m^[[2m34 tests^[[22m^[[2m)^[[22m^[[33m 1132^[[2mms^[[22m^[[39m
validate-code / unit-tests (test:unit)	UNKNOWN STEP	2026-10-09T07:26:50.3611325Z ^[[90mstderr^[[2m | src/features/perpetuals/order/components/OrderPage/OrderPage.test.tsx^[[2m > ^[[22m^[[2mOrderPage^[[2m > ^[[22m^[[2mrenders the header data when the symbol is present in the API response
validate-code / unit-tests (test:unit)	UNKNOWN STEP	2026-10-09T07:26:50.3613264Z ^[[22m^[[39mReceived `true` for a non-boolean attribute `unoptimized`.
validate-code / unit-tests (test:unit)	UNKNOWN STEP	2026-10-09T07:26:50.3613945Z 
validate-code / unit-tests (test:unit)	UNKNOWN STEP	2026-10-09T07:26:50.3614904Z If you want to write it to the DOM, pass a string instead: unoptimized="true" or unoptimized=***value.toString()***.
validate-code / unit-tests (test:unit)	UNKNOWN STEP	2026-10-09T07:26:50.3616370Z 
validate-code / unit-tests (test:unit)	UNKNOWN STEP	2026-10-09T07:26:52.2008475Z ^[[90mstderr^[[2m | src/features/perpetuals/order/components/OrderPage/OrderPage.test.tsx^[[2m > ^[[22m^[[2mOrderPageLayout - Tab Synchronization^[[2m > ^[[22m^[[2mrenders orders, positions, and holdings tabs in bot strategy mode for the selected bot
validate-code / unit-tests (test:unit)	UNKNOWN STEP	2026-10-09T07:26:52.2018344Z ^[[22m^[[39m[MSW] Warning: intercepted a request without a matching request handler:
validate-code / unit-tests (test:unit)	UNKNOWN STEP	2026-10-09T07:26:52.2027740Z 
validate-code / unit-tests (test:unit)	UNKNOWN STEP	2026-10-09T07:26:52.2028431Z   • GET wss://api.hyperliquid.xyz/ws
validate-code / unit-tests (test:unit)	UNKNOWN STEP	2026-10-09T07:26:52.2029092Z 
validate-code / unit-tests (test:unit)	UNKNOWN STEP	2026-10-09T07:26:52.2029931Z If you still wish to intercept this unhandled request, please create a request handler for it.
validate-code / unit-tests (test:unit)	UNKNOWN STEP	2026-10-09T07:26:52.2031088Z Read more: https://mswjs.io/docs/http/intercepting-requests
validate-code / unit-tests (test:unit)	UNKNOWN STEP	2026-10-09T07:26:52.2031771Z 
validate-code / unit-tests (test:unit)	UNKNOWN STEP	2026-10-09T07:26:52.2384238Z ^[[90mstderr^[[2m | src/features/perpetuals/order/components/OrderPage/OrderPage.test.tsx^[[2m > ^[[22m^[[2mOrderPageLayout - Tab Synchronization^[[2m > ^[[22m^[[2mrenders orders, positions, and holdings tabs in bot strategy mode for the selected bot
validate-code / unit-tests (test:unit)	UNKNOWN STEP	2026-10-09T07:26:52.2386735Z ^[[22m^[[39m[MSW] Warning: intercepted a request without a matching request handler:
validate-code / unit-tests (test:unit)	UNKNOWN STEP	2026-10-09T07:26:52.2387681Z 
validate-code / unit-tests (test:unit)	UNKNOWN STEP	2026-10-09T07:26:52.2388200Z   • GET https://api.hyperliquid.xyz/ws
validate-code / unit-tests (test:unit)	UNKNOWN STEP	2026-10-09T07:26:52.2388750Z 
validate-code / unit-tests (test:unit)	UNKNOWN STEP	2026-10-09T07:26:52.2389507Z If you still wish to intercept this unhandled request, please create a request handler for it.
validate-code / unit-tests (test:unit)	UNKNOWN STEP	2026-10-09T07:26:52.2390606Z Read more: https://mswjs.io/docs/http/intercepting-requests
validate-code / unit-tests (test:unit)	UNKNOWN STEP	2026-10-09T07:26:52.2391265Z 
validate-code / unit-tests (test:unit)	UNKNOWN STEP	2026-10-09T07:26:54.5116283Z  ^[[32m✓^[[39m src/features/perpetuals/order/components/OrderPage/OrderPage.test.tsx ^[[2m(^[[22m^[[2m20 tests^[[22m^[[2m)^[[22m^[[33m 4148^[[2mms^[[22m^[[39m
validate-code / unit-tests (test:unit)	UNKNOWN STEP	2026-10-09T07:26:54.5130456Z    ^[[33m^[[2m✓^[[22m^[[39m OrderPage^[[2m > ^[[22mopens the markets drawer from the header market selector ^[[33m 930^[[2mms^[[22m^[[39m
validate-code / unit-tests (test:unit)	UNKNOWN STEP	2026-10-09T07:26:54.5138894Z    ^[[33m^[[2m✓^[[22m^[[39m OrderPageLayout - Tab Synchronization^[[2m > ^[[22mrenders orders, positions, and holdings tabs in bot strategy mode for the selected bot ^[[33m 566^[[2mms^[[22m^[[39m
validate-code / unit-tests (test:unit)	UNKNOWN STEP	2026-10-09T07:26:56.8489238Z  ^[[32m✓^[[39m src/features/perpetuals/queries/submit-order-mutation.test.tsx ^[[2m(^[[22m^[[2m45 tests^[[22m^[[2m)^[[22m^[[32m 270^[[2mms^[[22m^[[39m
validate-code / unit-tests (test:unit)	UNKNOWN STEP	2026-10-09T07:26:59.1833895Z  ^[[32m✓^[[39m src/features/perpetuals/queries/live-orders-query.test.tsx ^[[2m(^[[22m^[[2m23 tests^[[22m^[[2m)^[[22m^[[33m 1160^[[2mms^[[22m^[[39m
validate-code / unit-tests (test:unit)	UNKNOWN STEP	2026-10-09T07:27:03.0822975Z  ^[[32m✓^[[39m src/components/ui/Table/Table.test.tsx ^[[2m(^[[22m^[[2m21 tests^[[22m^[[2m)^[[22m^[[33m 1463^[[2mms^[[22m^[[39m
validate-code / unit-tests (test:unit)	UNKNOWN STEP	2026-10-09T07:27:08.1503824Z  ^[[32m✓^[[39m src/features/perpetuals/order/components/OrderBook/OrderBookFilters.test.tsx ^[[2m(^[[22m^[[2m24 tests^[[22m^[[2m)^[[22m^[[33m 2491^[[2mms^[[22m^[[39m
validate-code / unit-tests (test:unit)	UNKNOWN STEP	2026-10-09T07:27:10.4159999Z  ^[[32m✓^[[39m src/features/perpetuals/queries/close-position-mutation.test.tsx ^[[2m(^[[22m^[[2m16 tests^[[22m^[[2m)^[[22m^[[32m 219^[[2mms^[[22m^[[39m
validate-code / unit-tests (test:unit)	UNKNOWN STEP	2026-10-09T07:27:15.2911030Z  ^[[32m✓^[[39m src/features/perpetuals/order/components/OrderForm/OrderFormManualPanel/OrderFormManualPanel.test.tsx ^[[2m(^[[22m^[[2m30 tests^[[22m^[[2m)^[[22m^[[33m 1941^[[2mms^[[22m^[[39m
validate-code / unit-tests (test:unit)	UNKNOWN STEP	2026-10-09T07:27:17.2800196Z ^[[90mstderr^[[2m | src/features/perpetuals/infra/perps-controller/controller-host.test.ts^[[2m > ^[[22m^[[2mPerpsControllerHost^[[2m > ^[[22m^[[2mretries prepareTradingWallet while it is not ready
validate-code / unit-tests (test:unit)	UNKNOWN STEP	2026-10-09T07:27:17.2801944Z ^[[22m^[[39m[perps] prepareTradingWallet not ready: ^[[90mundefined^[[39m
validate-code / unit-tests (test:unit)	UNKNOWN STEP	2026-10-09T07:27:17.2802435Z 
validate-code / unit-tests (test:unit)	UNKNOWN STEP	2026-10-09T07:27:17.2803891Z ^[[90mstderr^[[2m | src/features/perpetuals/infra/perps-controller/controller-host.test.ts^[[2m > ^[[22m^[[2mPerpsControllerHost^[[2m > ^[[22m^[[2mretries prepareTradingWallet while it is not ready
validate-code / unit-tests (test:unit)	UNKNOWN STEP	2026-10-09T07:27:17.2804977Z ^[[22m^[[39m[perps] prepareTradingWallet not ready: ^[[90mundefined^[[39m
validate-code / unit-tests (test:unit)	UNKNOWN STEP	2026-10-09T07:27:17.2805284Z 
validate-code / unit-tests (test:unit)	UNKNOWN STEP	2026-10-09T07:27:17.3956520Z  ^[[32m✓^[[39m src/features/perpetuals/infra/perps-controller/controller-host.test.ts ^[[2m(^[[22m^[[2m19 tests^[[22m^[[2m)^[[22m^[[32m 45^[[2mms^[[22m^[[39m
validate-code / unit-tests (test:unit)	UNKNOWN STEP	2026-10-09T07:27:22.2192727Z  ^[[32m✓^[[39m src/components/layout/HeaderNav.test.tsx ^[[2m(^[[22m^[[2m27 tests^[[22m^[[2m)^[[22m^[[33m 2202^[[2mms^[[22m^[[39m
validate-code / unit-tests (test:unit)	UNKNOWN STEP	2026-10-09T07:27:23.8636523Z  ^[[32m✓^[[39m src/core/clients/rewards-api/RewardsApiClient.test.ts ^[[2m(^[[22m^[[2m34 tests^[[22m^[[2m)^[[22m^[[33m 463^[[2mms^[[22m^[[39m
validate-code / unit-tests (test:unit)	UNKNOWN STEP	2026-10-09T07:27:26.5870087Z  ^[[32m✓^[[39m src/components/ui/Modal/Modal.test.tsx ^[[2m(^[[22m^[[2m25 tests^[[22m^[[2m)^[[22m^[[33m 1090^[[2mms^[[22m^[[39m
validate-code / unit-tests (test:unit)	UNKNOWN STEP	2026-10-09T07:27:30.3498155Z  ^[[32m✓^[[39m src/features/perpetuals/order/components/UserPositions/CurrentPosition.test.tsx ^[[2m(^[[22m^[[2m27 tests^[[22m^[[2m)^[[22m^[[33m 1168^[[2mms^[[22m^[[39m
validate-code / unit-tests (test:unit)	UNKNOWN STEP	2026-10-09T07:27:34.2510052Z  ^[[32m✓^[[39m src/components/ui/Tooltip/Tooltip.test.tsx ^[[2m(^[[22m^[[2m19 tests^[[22m^[[2m)^[[22m^[[33m 1311^[[2mms^[[22m^[[39m
validate-code / unit-tests (test:unit)	UNKNOWN STEP	2026-10-09T07:27:37.6508343Z  ^[[32m✓^[[39m src/features/perpetuals/order/components/OrderForm/OrderFormInner/OrderFormInner.test.tsx ^[[2m(^[[22m^[[2m21 tests^[[22m^[[2m)^[[22m^[[33m 806^[[2mms^[[22m^[[39m
validate-code / unit-tests (test:unit)	UNKNOWN STEP	2026-10-09T07:27:39.6797263Z  ^[[32m✓^[[39m src/features/charting/components/TradingViewChart/TradingViewChart.test.tsx ^[[2m(^[[22m^[[2m15 tests^[[22m^[[2m | ^[[22m^[[33m7 skipped^[[39m^[[2m)^[[22m^[[32m 142^[[2mms^[[22m^[[39m
validate-code / unit-tests (test:unit)	UNKNOWN STEP	2026-10-09T07:27:42.0044860Z  ^[[32m✓^[[39m src/features/perpetuals/queries/live-trades-query.test.tsx ^[[2m(^[[22m^[[2m19 tests^[[22m^[[2m)^[[22m^[[32m 116^[[2mms^[[22m^[[39m
validate-code / unit-tests (test:unit)	UNKNOWN STEP	2026-10-09T07:27:43.0921502Z  ^[[32m✓^[[39m src/features/perpetuals/infra/hyperliquid/market-data/aggregation.test.ts ^[[2m(^[[22m^[[2m51 tests^[[22m^[[2m)^[[22m^[[32m 15^[[2mms^[[22m^[[39m
validate-code / unit-tests (test:unit)	UNKNOWN STEP	2026-10-09T07:27:46.3149083Z  ^[[32m✓^[[39m src/features/perpetuals/order/components/OrderForm/OrderFormEditors/OrderFormEditors.test.tsx ^[[2m(^[[22m^[[2m25 tests^[[22m^[[2m)^[[22m^[[33m 746^[[2mms^[[22m^[[39m
validate-code / unit-tests (test:unit)	UNKNOWN STEP	2026-10-09T07:27:49.3169223Z  ^[[32m✓^[[39m src/features/perpetuals/order/components/PaneErrorBoundary/PaneErrorBoundary.test.tsx ^[[2m(^[[22m^[[2m15 tests^[[22m^[[2m)^[[22m^[[33m 619^[[2mms^[[22m^[[39m
validate-code / unit-tests (test:unit)	UNKNOWN STEP	2026-10-09T07:27:50.3877974Z  ^[[32m✓^[[39m electron/services/bot-store.test.ts ^[[2m(^[[22m^[[2m5 tests^[[22m^[[2m)^[[22m^[[32m 10^[[2mms^[[22m^[[39m
validate-code / unit-tests (test:unit)	UNKNOWN STEP	2026-10-09T07:27:51.4362113Z  ^[[32m✓^[[39m src/features/charting/overlays/ChartOverlayManager.test.ts ^[[2m(^[[22m^[[2m7 tests^[[22m^[[2m)^[[22m^[[32m 17^[[2mms^[[22m^[[39m
validate-code / unit-tests (test:unit)	UNKNOWN STEP	2026-10-09T07:27:54.9059596Z  ^[[32m✓^[[39m src/features/perpetuals/order/components/BotStrategyPanel/BotStrategyPanel.test.tsx ^[[2m(^[[22m^[[2m7 tests^[[22m^[[2m)^[[22m^[[33m 974^[[2mms^[[22m^[[39m
validate-code / unit-tests (test:unit)	UNKNOWN STEP	2026-10-09T07:27:54.9061366Z    ^[[33m^[[2m✓^[[22m^[[39m BotStrategyPanel^[[2m > ^[[22mshows a delete action in the overflow menu ^[[33m 332^[[2mms^[[22m^[[39m
validate-code / unit-tests (test:unit)	UNKNOWN STEP	2026-10-09T07:27:57.8712859Z  ^[[32m✓^[[39m src/features/bots/components/StrategyConfigurator/StrategyConfigurator.test.tsx ^[[2m(^[[22m^[[2m10 tests^[[22m^[[2m)^[[22m^[[33m 1334^[[2mms^[[22m^[[39m
validate-code / unit-tests (test:unit)	UNKNOWN STEP	2026-10-09T07:28:00.1442625Z  ^[[32m✓^[[39m src/features/perpetuals/queries/live-orderbook-query.test.tsx ^[[2m(^[[22m^[[2m14 tests^[[22m^[[2m)^[[22m^[[32m 122^[[2mms^[[22m^[[39m
validate-code / unit-tests (test:unit)	UNKNOWN STEP	2026-10-09T07:28:03.4714958Z  ^[[32m✓^[[39m src/features/perpetuals/order/components/OrderForm/AmountInput/AmountInput.test.tsx ^[[2m(^[[22m^[[2m19 tests^[[22m^[[2m)^[[22m^[[33m 838^[[2mms^[[22m^[[39m
validate-code / unit-tests (test:unit)	UNKNOWN STEP	2026-10-09T07:28:04.5627645Z  ^[[32m✓^[[39m src/features/perpetuals/infra/perps-controller/mappers.test.ts ^[[2m(^[[22m^[[2m20 tests^[[22m^[[2m)^[[22m^[[32m 12^[[2mms^[[22m^[[39m
validate-code / unit-tests (test:unit)	UNKNOWN STEP	2026-10-09T07:28:07.9120345Z  ^[[32m✓^[[39m src/features/perpetuals/order/components/UserPositions/LimitOrders.test.tsx ^[[2m(^[[22m^[[2m18 tests^[[22m^[[2m)^[[22m^[[33m 857^[[2mms^[[22m^[[39m
validate-code / unit-tests (test:unit)	UNKNOWN STEP	2026-10-09T07:28:10.2835213Z  ^[[32m✓^[[39m src/features/perpetuals/queries/live-positions-query.test.tsx ^[[2m(^[[22m^[[2m14 tests^[[22m^[[2m)^[[22m^[[33m 330^[[2mms^[[22m^[[39m
validate-code / unit-tests (test:unit)	UNKNOWN STEP	2026-10-09T07:28:13.5468940Z  ^[[32m✓^[[39m src/components/ButtonToggle/ButtonToggle.test.tsx ^[[2m(^[[22m^[[2m18 tests^[[22m^[[2m)^[[22m^[[33m 772^[[2mms^[[22m^[[39m
validate-code / unit-tests (test:unit)	UNKNOWN STEP	2026-10-09T07:28:14.5711668Z ^[[90mstderr^[[2m | src/features/perpetuals/infra/hyperliquid/market-data/trades.test.ts^[[2m > ^[[22m^[[2madaptRecentTradesResponse^[[2m > ^[[22m^[[2mmalformed data handling^[[2m > ^[[22m^[[2mskips trades with invalid price (NaN)
validate-code / unit-tests (test:unit)	UNKNOWN STEP	2026-10-09T07:28:14.5716470Z ^[[22m^[[39mSkipping malformed trade: ***"coin":"BTC","side":"B","px":"not-a-number","sz":"1.5","time":1234567890,"hash":"0xabc123","tid":1,"users":["0xmaker","0xtaker"]***
validate-code / unit-tests (test:unit)	UNKNOWN STEP	2026-10-09T07:28:14.5722092Z 
validate-code / unit-tests (test:unit)	UNKNOWN STEP	2026-10-09T07:28:14.5724450Z ^[[90mstderr^[[2m | src/features/perpetuals/infra/hyperliquid/market-data/trades.test.ts^[[2m > ^[[22m^[[2madaptRecentTradesResponse^[[2m > ^[[22m^[[2mmalformed data handling^[[2m > ^[[22m^[[2mskips trades with zero price
validate-code / unit-tests (test:unit)	UNKNOWN STEP	2026-10-09T07:28:14.5728707Z ^[[22m^[[39mSkipping malformed trade: ***"coin":"BTC","side":"B","px":"0","sz":"1.5","time":1234567890,"hash":"0xabc123","tid":1,"users":["0xmaker","0xtaker"]***
validate-code / unit-tests (test:unit)	UNKNOWN STEP	2026-10-09T07:28:14.5730997Z 
validate-code / unit-tests (test:unit)	UNKNOWN STEP	2026-10-09T07:28:14.5732933Z ^[[90mstderr^[[2m | src/features/perpetuals/infra/hyperliquid/market-data/trades.test.ts^[[2m > ^[[22m^[[2madaptRecentTradesResponse^[[2m > ^[[22m^[[2mmalformed data handling^[[2m > ^[[22m^[[2mskips trades with negative price
validate-code / unit-tests (test:unit)	UNKNOWN STEP	2026-10-09T07:28:14.5736810Z ^[[22m^[[39mSkipping malformed trade: ***"coin":"BTC","side":"B","px":"-100","sz":"1.5","time":1234567890,"hash":"0xabc123","tid":1,"users":["0xmaker","0xtaker"]***
validate-code / unit-tests (test:unit)	UNKNOWN STEP	2026-10-09T07:28:14.5738087Z 
validate-code / unit-tests (test:unit)	UNKNOWN STEP	2026-10-09T07:28:14.5741114Z ^[[90mstderr^[[2m | src/features/perpetuals/infra/hyperliquid/market-data/trades.test.ts^[[2m > ^[[22m^[[2madaptRecentTradesResponse^[[2m > ^[[22m^[[2mmalformed data handling^[[2m > ^[[22m^[[2mskips trades with invalid size (NaN)
validate-code / unit-tests (test:unit)	UNKNOWN STEP	2026-10-09T07:28:14.5745287Z ^[[22m^[[39mSkipping malformed trade: ***"coin":"BTC","side":"B","px":"50000","sz":"invalid","time":1234567890,"hash":"0xabc123","tid":1,"users":["0xmaker","0xtaker"]***
validate-code / unit-tests (test:unit)	UNKNOWN STEP	2026-10-09T07:28:14.5746436Z 
validate-code / unit-tests (test:unit)	UNKNOWN STEP	2026-10-09T07:28:14.5748569Z ^[[90mstderr^[[2m | src/features/perpetuals/infra/hyperliquid/market-data/trades.test.ts^[[2m > ^[[22m^[[2madaptRecentTradesResponse^[[2m > ^[[22m^[[2mmalformed data handling^[[2m > ^[[22m^[[2mskips trades with zero size
validate-code / unit-tests (test:unit)	UNKNOWN STEP	2026-10-09T07:28:14.5751199Z ^[[22m^[[39mSkipping malformed trade: ***"coin":"BTC","side":"B","px":"50000","sz":"0","time":1234567890,"hash":"0xabc123","tid":1,"users":["0xmaker","0xtaker"]***
validate-code / unit-tests (test:unit)	UNKNOWN STEP	2026-10-09T07:28:14.5752282Z 
validate-code / unit-tests (test:unit)	UNKNOWN STEP	2026-10-09T07:28:14.5754134Z ^[[90mstderr^[[2m | src/features/perpetuals/infra/hyperliquid/market-data/trades.test.ts^[[2m > ^[[22m^[[2madaptRecentTradesResponse^[[2m > ^[[22m^[[2mmalformed data handling^[[2m > ^[[22m^[[2mskips trades with negative size
validate-code / unit-tests (test:unit)	UNKNOWN STEP	2026-10-09T07:28:14.5756799Z ^[[22m^[[39mSkipping malformed trade: ***"coin":"BTC","side":"B","px":"50000","sz":"-1.5","time":1234567890,"hash":"0xabc123","tid":1,"users":["0xmaker","0xtaker"]***
validate-code / unit-tests (test:unit)	UNKNOWN STEP	2026-10-09T07:28:14.5758113Z 
validate-code / unit-tests (test:unit)	UNKNOWN STEP	2026-10-09T07:28:14.5759959Z ^[[90mstderr^[[2m | src/features/perpetuals/infra/hyperliquid/market-data/trades.test.ts^[[2m > ^[[22m^[[2madaptRecentTradesResponse^[[2m > ^[[22m^[[2mmalformed data handling^[[2m > ^[[22m^[[2mskips trades with invalid side
validate-code / unit-tests (test:unit)	UNKNOWN STEP	2026-10-09T07:28:14.5762638Z ^[[22m^[[39mSkipping malformed trade: ***"coin":"BTC","side":"X","px":"50000","sz":"1.5","time":1234567890,"hash":"0xabc123","tid":1,"users":["0xmaker","0xtaker"]***
validate-code / unit-tests (test:unit)	UNKNOWN STEP	2026-10-09T07:28:14.5763804Z 
validate-code / unit-tests (test:unit)	UNKNOWN STEP	2026-10-09T07:28:14.5765667Z ^[[90mstderr^[[2m | src/features/perpetuals/infra/hyperliquid/market-data/trades.test.ts^[[2m > ^[[22m^[[2madaptRecentTradesResponse^[[2m > ^[[22m^[[2mmalformed data handling^[[2m > ^[[22m^[[2mskips trades with non-numeric tid
validate-code / unit-tests (test:unit)	UNKNOWN STEP	2026-10-09T07:28:14.5768701Z ^[[22m^[[39mSkipping malformed trade: ***"coin":"BTC","side":"B","px":"50000","sz":"1.5","time":1234567890,"hash":"0xabc123","tid":"not-a-number","users":["0xmaker","0xtaker"]***
validate-code / unit-tests (test:unit)	UNKNOWN STEP	2026-10-09T07:28:14.5771134Z 
validate-code / unit-tests (test:unit)	UNKNOWN STEP	2026-10-09T07:28:14.5773179Z ^[[90mstderr^[[2m | src/features/perpetuals/infra/hyperliquid/market-data/trades.test.ts^[[2m > ^[[22m^[[2madaptRecentTradesResponse^[[2m > ^[[22m^[[2mmalformed data handling^[[2m > ^[[22m^[[2mreturns empty array when all trades are malformed
validate-code / unit-tests (test:unit)	UNKNOWN STEP	2026-10-09T07:28:14.5775932Z ^[[22m^[[39mSkipping malformed trade: ***"coin":"BTC","side":"B","px":"invalid","sz":"1.5","time":1234567890,"hash":"0xabc123","tid":1,"users":["0xmaker","0xtaker"]***
validate-code / unit-tests (test:unit)	UNKNOWN STEP	2026-10-09T07:28:14.5778160Z Skipping malformed trade: ***"coin":"BTC","side":"B","px":"50000","sz":"0","time":1234567890,"hash":"0xabc123","tid":2,"users":["0xmaker","0xtaker"]***
validate-code / unit-tests (test:unit)	UNKNOWN STEP	2026-10-09T07:28:14.5780427Z Skipping malformed trade: ***"coin":"BTC","side":"X","px":"50000","sz":"1.5","time":1234567890,"hash":"0xabc123","tid":3,"users":["0xmaker","0xtaker"]***
validate-code / unit-tests (test:unit)	UNKNOWN STEP	2026-10-09T07:28:14.5781428Z 
validate-code / unit-tests (test:unit)	UNKNOWN STEP	2026-10-09T07:28:14.5783488Z ^[[90mstderr^[[2m | src/features/perpetuals/infra/hyperliquid/market-data/trades.test.ts^[[2m > ^[[22m^[[2madaptTradesEvent^[[2m > ^[[22m^[[2mmalformed data handling^[[2m > ^[[22m^[[2mskips malformed trades gracefully
validate-code / unit-tests (test:unit)	UNKNOWN STEP	2026-10-09T07:28:14.5787575Z ^[[22m^[[39mSkipping malformed trade: ***"coin":"BTC","side":"B","px":"invalid","sz":"1.5","time":1234567890,"hash":"0xabc123","tid":1,"users":["0xmaker","0xtaker"]***
validate-code / unit-tests (test:unit)	UNKNOWN STEP	2026-10-09T07:28:14.5788662Z 
validate-code / unit-tests (test:unit)	UNKNOWN STEP	2026-10-09T07:28:14.6426091Z  ^[[32m✓^[[39m src/features/perpetuals/infra/hyperliquid/market-data/trades.test.ts ^[[2m(^[[22m^[[2m25 tests^[[22m^[[2m)^[[22m^[[32m 18^[[2mms^[[22m^[[39m
validate-code / unit-tests (test:unit)	UNKNOWN STEP	2026-10-09T07:28:17.7659783Z  ^[[32m✓^[[39m src/features/perpetuals/order/components/OrderForm/OrderFormSummary/OrderFormSummary.test.tsx ^[[2m(^[[22m^[[2m16 tests^[[22m^[[2m)^[[22m^[[33m 621^[[2mms^[[22m^[[39m
validate-code / unit-tests (test:unit)	UNKNOWN STEP	2026-10-09T07:28:21.8632805Z  ^[[32m✓^[[39m src/features/perpetuals/order/components/MarketDataTabs/MarketDataTabs.test.tsx ^[[2m(^[[22m^[[2m22 tests^[[22m^[[2m)^[[22m^[[33m 1558^[[2mms^[[22m^[[39m
validate-code / unit-tests (test:unit)	UNKNOWN STEP	2026-10-09T07:28:24.5504735Z  ^[[32m✓^[[39m src/features/perpetuals/order/hooks/use-order-bot-strategy.test.tsx ^[[2m(^[[22m^[[2m3 tests^[[22m^[[2m)^[[22m^[[32m 180^[[2mms^[[22m^[[39m
validate-code / unit-tests (test:unit)	UNKNOWN STEP	2026-10-09T07:28:25.6524447Z  ^[[32m✓^[[39m src/features/perpetuals/infra/hyperliquid/market-data/orderBook.test.ts ^[[2m(^[[22m^[[2m22 tests^[[22m^[[2m)^[[22m^[[32m 11^[[2mms^[[22m^[[39m
validate-code / unit-tests (test:unit)	UNKNOWN STEP	2026-10-09T07:28:29.1787046Z  ^[[32m✓^[[39m src/features/perpetuals/order/components/OrderPage/OrderPage.streaming.test.tsx ^[[2m(^[[22m^[[2m6 tests^[[22m^[[2m)^[[22m^[[33m 661^[[2mms^[[22m^[[39m
validate-code / unit-tests (test:unit)	UNKNOWN STEP	2026-10-09T07:28:30.9045389Z  ^[[32m✓^[[39m src/features/perpetuals/queries/live-trading-cache.test.ts ^[[2m(^[[22m^[[2m7 tests^[[22m^[[2m)^[[22m^[[32m 11^[[2mms^[[22m^[[39m
validate-code / unit-tests (test:unit)	UNKNOWN STEP	2026-10-09T07:28:33.1850377Z  ^[[32m✓^[[39m src/features/perpetuals/queries/cancel-order-mutation.test.tsx ^[[2m(^[[22m^[[2m11 tests^[[22m^[[2m)^[[22m^[[32m 207^[[2mms^[[22m^[[39m
validate-code / unit-tests (test:unit)	UNKNOWN STEP	2026-10-09T07:28:34.3685639Z  ^[[32m✓^[[39m electron/services/agentic-cli-service.test.ts ^[[2m(^[[22m^[[2m7 tests^[[22m^[[2m)^[[22m^[[32m 22^[[2mms^[[22m^[[39m
validate-code / unit-tests (test:unit)	UNKNOWN STEP	2026-10-09T07:28:37.4721387Z  ^[[32m✓^[[39m src/features/perpetuals/order/components/OrderForm/OrderFormAmountField/OrderFormAmountField.test.tsx ^[[2m(^[[22m^[[2m11 tests^[[22m^[[2m)^[[22m^[[33m 551^[[2mms^[[22m^[[39m
validate-code / unit-tests (test:unit)	UNKNOWN STEP	2026-10-09T07:28:41.5003311Z ^[[90mstderr^[[2m | src/features/perpetuals/order/components/OrderForm/OrderParametersModals/OrderFormLimitPriceEditor.test.tsx^[[2m > ^[[22m^[[2mOrderFormLimitPriceEditor^[[2m > ^[[22m^[[2mkeeps the updated price when confirming
validate-code / unit-tests (test:unit)	UNKNOWN STEP	2026-10-09T07:28:41.5006678Z ^[[22m^[[39m[MSW] Warning: intercepted a request without a matching request handler:
validate-code / unit-tests (test:unit)	UNKNOWN STEP	2026-10-09T07:28:41.5007931Z 
validate-code / unit-tests (test:unit)	UNKNOWN STEP	2026-10-09T07:28:41.5008607Z   • GET wss://api.hyperliquid.xyz/ws
validate-code / unit-tests (test:unit)	UNKNOWN STEP	2026-10-09T07:28:41.5009185Z 
validate-code / unit-tests (test:unit)	UNKNOWN STEP	2026-10-09T07:28:41.5010017Z If you still wish to intercept this unhandled request, please create a request handler for it.
validate-code / unit-tests (test:unit)	UNKNOWN STEP	2026-10-09T07:28:41.5011244Z Read more: https://mswjs.io/docs/http/intercepting-requests
validate-code / unit-tests (test:unit)	UNKNOWN STEP	2026-10-09T07:28:41.5012044Z 
validate-code / unit-tests (test:unit)	UNKNOWN STEP	2026-10-09T07:28:41.5349926Z ^[[90mstderr^[[2m | src/features/perpetuals/order/components/OrderForm/OrderParametersModals/OrderFormLimitPriceEditor.test.tsx^[[2m > ^[[22m^[[2mOrderFormLimitPriceEditor^[[2m > ^[[22m^[[2mkeeps the updated price when confirming
validate-code / unit-tests (test:unit)	UNKNOWN STEP	2026-10-09T07:28:41.5368084Z ^[[22m^[[39m[MSW] Warning: intercepted a request without a matching request handler:
validate-code / unit-tests (test:unit)	UNKNOWN STEP	2026-10-09T07:28:41.5378874Z 
validate-code / unit-tests (test:unit)	UNKNOWN STEP	2026-10-09T07:28:41.5398001Z   • GET https://api.hyperliquid.xyz/ws
validate-code / unit-tests (test:unit)	UNKNOWN STEP	2026-10-09T07:28:41.5417653Z 
validate-code / unit-tests (test:unit)	UNKNOWN STEP	2026-10-09T07:28:41.5418597Z If you still wish to intercept this unhandled request, please create a request handler for it.
validate-code / unit-tests (test:unit)	UNKNOWN STEP	2026-10-09T07:28:41.5419846Z Read more: https://mswjs.io/docs/http/intercepting-requests
validate-code / unit-tests (test:unit)	UNKNOWN STEP	2026-10-09T07:28:41.5420590Z 
validate-code / unit-tests (test:unit)	UNKNOWN STEP	2026-10-09T07:28:42.1818541Z  ^[[31m❯^[[39m src/features/perpetuals/order/components/OrderForm/OrderParametersModals/OrderFormLimitPriceEditor.test.tsx ^[[2m(^[[22m^[[2m11 tests^[[22m^[[2m | ^[[22m^[[31m2 failed^[[39m^[[2m)^[[22m^[[33m 1974^[[2mms^[[22m^[[39m
validate-code / unit-tests (test:unit)	UNKNOWN STEP	2026-10-09T07:28:42.1826284Z ^[[31m   ^[[31m×^[[31m OrderFormLimitPriceEditor^[[2m > ^[[22mpasses symbol + leverage to useLeverageMetrics^[[39m^[[32m 112^[[2mms^[[22m^[[39m
validate-code / unit-tests (test:unit)	UNKNOWN STEP	2026-10-09T07:28:42.1828095Z ^[[31m     → expected "spy" to be called with arguments: [ 'SOL', 3 ]^[[90m
validate-code / unit-tests (test:unit)	UNKNOWN STEP	2026-10-09T07:28:42.1829089Z 
validate-code / unit-tests (test:unit)	UNKNOWN STEP	2026-10-09T07:28:42.1829606Z Number of calls: ^[[1m0^[[22m
validate-code / unit-tests (test:unit)	UNKNOWN STEP	2026-10-09T07:28:42.1830320Z ^[[31m^[[39m
validate-code / unit-tests (test:unit)	UNKNOWN STEP	2026-10-09T07:28:42.1831682Z ^[[31m   ^[[31m×^[[31m OrderFormLimitPriceEditor^[[2m > ^[[22mrenders leverage metrics returned by the hook^[[39m^[[32m 53^[[2mms^[[22m^[[39m
validate-code / unit-tests (test:unit)	UNKNOWN STEP	2026-10-09T07:28:42.1834442Z ^[[31m     → Unable to find an element with the text: $123.46. This could be because the text is broken up by multiple elements. In this case, you can provide a function for your text matcher to make your matcher more flexible.
validate-code / unit-tests (test:unit)	UNKNOWN STEP	2026-10-09T07:28:42.1835935Z 
validate-code / unit-tests (test:unit)	UNKNOWN STEP	2026-10-09T07:28:42.1836401Z Ignored nodes: comments, script, style
validate-code / unit-tests (test:unit)	UNKNOWN STEP	2026-10-09T07:28:42.1837336Z ^[[36m<body>^[[31m
validate-code / unit-tests (test:unit)	UNKNOWN STEP	2026-10-09T07:28:42.1837958Z   ^[[36m<div>^[[31m
validate-code / unit-tests (test:unit)	UNKNOWN STEP	2026-10-09T07:28:42.1838616Z     ^[[36m<div^[[31m
validate-code / unit-tests (test:unit)	UNKNOWN STEP	2026-10-09T07:28:42.1839714Z       ^[[33mclass^[[31m=^[[32m"bg-alternative text-default flex flex-col gap-6 rounded-none p-6"^[[31m
validate-code / unit-tests (test:unit)	UNKNOWN STEP	2026-10-09T07:28:42.1840780Z     ^[[36m>^[[31m
validate-code / unit-tests (test:unit)	UNKNOWN STEP	2026-10-09T07:28:42.1841448Z       ^[[36m<div^[[31m
validate-code / unit-tests (test:unit)	UNKNOWN STEP	2026-10-09T07:28:42.1842728Z         ^[[33mclass^[[31m=^[[32m"rounded-md bg-alternative text-default flex flex-row justify-between items-center"^[[31m
validate-code / unit-tests (test:unit)	UNKNOWN STEP	2026-10-09T07:28:42.1843890Z       ^[[36m>^[[31m
validate-code / unit-tests (test:unit)	UNKNOWN STEP	2026-10-09T07:28:42.1844512Z         ^[[36m<div^[[31m
validate-code / unit-tests (test:unit)	UNKNOWN STEP	2026-10-09T07:28:42.1845215Z           ^[[33mclass^[[31m=^[[32m"w-6"^[[31m
validate-code / unit-tests (test:unit)	UNKNOWN STEP	2026-10-09T07:28:42.1845946Z         ^[[36m/>^[[31m
validate-code / unit-tests (test:unit)	UNKNOWN STEP	2026-10-09T07:28:42.1846554Z         ^[[0m ^[[0m
validate-code / unit-tests (test:unit)	UNKNOWN STEP	2026-10-09T07:28:42.1847318Z         ^[[36m<p^[[31m
validate-code / unit-tests (test:unit)	UNKNOWN STEP	2026-10-09T07:28:42.1849110Z           ^[[33mclass^[[31m=^[[32m"leading-s-heading-sm tracking-s-heading-sm text-default font-bold md:text-l-heading-sm md:leading-l-heading-sm md:tracking-l-heading-sm md:font-semibold"^[[31m
validate-code / unit-tests (test:unit)	UNKNOWN STEP	2026-10-09T07:28:42.1850701Z         ^[[36m>^[[31m
validate-code / unit-tests (test:unit)	UNKNOWN STEP	2026-10-09T07:28:42.1851441Z           ^[[0mSet limit price^[[0m
validate-code / unit-tests (test:unit)	UNKNOWN STEP	2026-10-09T07:28:42.1852148Z         ^[[36m</p>^[[31m
validate-code / unit-tests (test:unit)	UNKNOWN STEP	2026-10-09T07:28:42.1852816Z         ^[[36m<button^[[31m
validate-code / unit-tests (test:unit)	UNKNOWN STEP	2026-10-09T07:28:42.1853686Z           ^[[33maria-label^[[31m=^[[32m"Close parameter editor"^[[31m
validate-code / unit-tests (test:unit)	UNKNOWN STEP	2026-10-09T07:28:42.1854906Z           ^[[33mclass^[[31m=^[[32m"bg-transparent border-none p-0 cursor-pointer"^[[31m
validate-code / unit-tests (test:unit)	UNKNOWN STEP	2026-10-09T07:28:42.1855961Z           ^[[33mdata-rac^[[31m=^[[32m""^[[31m
validate-code / unit-tests (test:unit)	UNKNOWN STEP	2026-10-09T07:28:42.1857041Z           ^[[33mdata-react-aria-pressable^[[31m=^[[32m"true"^[[31m
validate-code / unit-tests (test:unit)	UNKNOWN STEP	2026-10-09T07:28:42.1858094Z           ^[[33mid^[[31m=^[[32m"react-aria-_r_k_"^[[31m
validate-code / unit-tests (test:unit)	UNKNOWN STEP	2026-10-09T07:28:42.1858955Z           ^[[33mtabindex^[[31m=^[[32m"0"^[[31m
validate-code / unit-tests (test:unit)	UNKNOWN STEP	2026-10-09T07:28:42.1859762Z           ^[[33mtype^[[31m=^[[32m"button"^[[31m
validate-code / unit-tests (test:unit)	UNKNOWN STEP	2026-10-09T07:28:42.1860502Z         ^[[36m>^[[31m
validate-code / unit-tests (test:unit)	UNKNOWN STEP	2026-10-09T07:28:42.1861256Z           ^[[36m<close-icon^[[31m
validate-code / unit-tests (test:unit)	UNKNOWN STEP	2026-10-09T07:28:42.1862040Z             ^[[33maria-hidden^[[31m=^[[32m""^[[31m
validate-code / unit-tests (test:unit)	UNKNOWN STEP	2026-10-09T07:28:42.1863333Z             ^[[33mclass^[[31m=^[[32m"block shrink-0 self-center overflow-visible w-6 h-6 text-white icon-fill-current"^[[31m
validate-code / unit-tests (test:unit)	UNKNOWN STEP	2026-10-09T07:28:42.1864587Z             ^[[33mfocusable^[[31m=^[[32m"false"^[[31m
validate-code / unit-tests (test:unit)	UNKNOWN STEP	2026-10-09T07:28:42.1865242Z           ^[[36m/>^[[31m
validate-code / unit-tests (test:unit)	UNKNOWN STEP	2026-10-09T07:28:42.1865800Z         ^[[36m</button>^[[31m
validate-code / unit-tests (test:unit)	UNKNOWN STEP	2026-10-09T07:28:42.1866361Z       ^[[36m</div>^[[31m
validate-code / unit-tests (test:unit)	UNKNOWN STEP	2026-10-09T07:28:42.1867110Z       ^[[36m<div^[[31m
validate-code / unit-tests (test:unit)	UNKNOWN STEP	2026-10-09T07:28:42.1868014Z         ^[[33mclass^[[31m=^[[32m"rounded-md text-default flex flex-col gap-2 bg-transparent p-0"^[[31m
validate-code / unit-tests (test:unit)	UNKNOWN STEP	2026-10-09T07:28:42.1868946Z       ^[[36m>^[[31m
validate-code / unit-tests (test:unit)	UNKNOWN STEP	2026-10-09T07:28:42.1869512Z         ^[[36m<div^[[31m
validate-code / unit-tests (test:unit)	UNKNOWN STEP	2026-10-09T07:28:42.1870476Z           ^[[33mclass^[[31m=^[[32m"rounded-md text-default flex flex-row bg-section justify-between"^[[31m
validate-code / unit-tests (test:unit)	UNKNOWN STEP	2026-10-09T07:28:42.1871451Z         ^[[36m>^[[31m
validate-code / unit-tests (test:unit)	UNKNOWN STEP	2026-10-09T07:28:42.1872111Z           ^[[36m<div^[[31m
validate-code / unit-tests (test:unit)	UNKNOWN STEP	2026-10-09T07:28:42.1872928Z             ^[[33mclass^[[31m=^[[32m"react-aria-NumberField"^[[31m
validate-code / unit-tests (test:unit)	UNKNOWN STEP	2026-10-09T07:28:42.1873815Z             ^[[33mdata-rac^[[31m=^[[32m""^[[31m
validate-code / unit-tests (test:unit)	UNKNOWN STEP	2026-10-09T07:28:42.1874526Z           ^[[36m>^[[31m
validate-code / unit-tests (test:unit)	UNKNOWN STEP	2026-10-09T07:28:42.1875445Z             ^[[36m<input^[[31m
validate-code / unit-tests (test:unit)	UNKNOWN STEP	2026-10-09T07:28:42.1876225Z               ^[[33maria-label^[[31m=^[[32m"limit price"^[[31m
validate-code / unit-tests (test:unit)	UNKNOWN STEP	2026-10-09T07:28:42.1877306Z               ^[[33maria-roledescription^[[31m=^[[32m"Number field"^[[31m
validate-code / unit-tests (test:unit)	UNKNOWN STEP	2026-10-09T07:28:42.1878483Z               ^[[33mautocomplete^[[31m=^[[32m"off"^[[31m
validate-code / unit-tests (test:unit)	UNKNOWN STEP	2026-10-09T07:28:42.1879417Z               ^[[33mautocorrect^[[31m=^[[32m"off"^[[31m
validate-code / unit-tests (test:unit)	UNKNOWN STEP	2026-10-09T07:28:42.1882462Z               ^[[33mclass^[[31m=^[[32m"w-full rounded-xl bg-section text-default px-4 py-3 placeholder:text-muted outline-none transition-colors border border-muted hover:bg-input-hover data-[hovered]:bg-input-hover focus-visible:border-focus data-[invalid]:border-[--color-error-alternative] data-[disabled]:opacity-50 data-[disabled]:cursor-not-allowed"^[[31m
validate-code / unit-tests (test:unit)	UNKNOWN STEP	2026-10-09T07:28:42.1885022Z               ^[[33mdata-rac^[[31m=^[[32m""^[[31m
validate-code / unit-tests (test:unit)	UNKNOWN STEP	2026-10-09T07:28:42.1885789Z               ^[[33mid^[[31m=^[[32m"react-aria-_r_m_"^[[31m
validate-code / unit-tests (test:unit)	UNKNOWN STEP	2026-10-09T07:28:42.1886556Z               ^[[33minputmode^[[31m=^[[32m"numeric"^[[31m
validate-code / unit-tests (test:unit)	UNKNOWN STEP	2026-10-09T07:28:42.1887483Z               ^[[33mplaceholder^[[31m=^[[32m"$104,750.50"^[[31m
validate-code / unit-tests (test:unit)	UNKNOWN STEP	2026-10-09T07:28:42.1888284Z               ^[[33mspellcheck^[[31m=^[[32m"false"^[[31m
validate-code / unit-tests (test:unit)	UNKNOWN STEP	2026-10-09T07:28:42.1889123Z               ^[[33mtabindex^[[31m=^[[32m"0"^[[31m
validate-code / unit-tests (test:unit)	UNKNOWN STEP	2026-10-09T07:28:42.1889923Z               ^[[33mtitle^[[31m=^[[32m""^[[31m
validate-code / unit-tests (test:unit)	UNKNOWN STEP	2026-10-09T07:28:42.1890712Z               ^[[33mtype^[[31m=^[[32m"text"^[[31m
validate-code / unit-tests (test:unit)	UNKNOWN STEP	2026-10-09T07:28:42.1891533Z               ^[[33mvalue^[[31m=^[[32m"$104,750.50"^[[31m
validate-code / unit-tests (test:unit)	UNKNOWN STEP	2026-10-09T07:28:42.1892245Z             ^[[36m/>^[[31m
validate-code / unit-tests (test:unit)	UNKNOWN STEP	2026-10-09T07:28:42.1893224Z           ^[[36m</div>^[[31m
validate-code / unit-tests (test:unit)	UNKNOWN STEP	2026-10-09T07:28:42.1893879Z           ^[[36m<button^[[31m
validate-code / unit-tests (test:unit)	UNKNOWN STEP	2026-10-09T07:28:42.1894662Z             ^[[33maria-label^[[31m=^[[32m"Use mid price"^[[31m
validate-code / unit-tests (test:unit)	UNKNOWN STEP	2026-10-09T07:28:42.1896651Z             ^[[33mclass^[[31m=^[[32m"leading-s-body-xs tracking-s-body-xs md:text-l-body-xs md:leading-l-body-xs md:tracking-l-body-xs font-normal text-alternative bg-muted px-2 py-1 mr-3 rounded-sm my-auto cursor-pointer border-none"^[[31m
validate-code / unit-tests (test:unit)	UNKNOWN STEP	2026-10-09T07:28:42.1898403Z             ^[[33mdata-rac^[[31m=^[[32m""^[[31m
validate-code / unit-tests (test:unit)	UNKNOWN STEP	2026-10-09T07:28:42.1899338Z             ^[[33mdata-react-aria-pressable^[[31m=^[[32m"true"^[[31m
validate-code / unit-tests (test:unit)	UNKNOWN STEP	2026-10-09T07:28:42.1900163Z             ^[[33mid^[[31m=^[[32m"react-aria-_r_u_"^[[31m
validate-code / unit-tests (test:unit)	UNKNOWN STEP	2026-10-09T07:28:42.1900964Z             ^[[33mtabindex^[[31m=^[[32m"0"^[[31m
validate-code / unit-tests (test:unit)	UNKNOWN STEP	2026-10-09T07:28:42.1901743Z             ^[[33mtype^[[31m=^[[32m"button"^[[31m
validate-code / unit-tests (test:unit)	UNKNOWN STEP	2026-10-09T07:28:42.1902402Z           ^[[36m>^[[31m
validate-code / unit-tests (test:unit)	UNKNOWN STEP	2026-10-09T07:28:42.1902981Z             ^[[0mMid^[[0m
validate-code / unit-tests (test:unit)	UNKNOWN STEP	2026-10-09T07:28:42.1903576Z           ^[[36m</button>^[[31m
validate-code / unit-tests (test:unit)	UNKNOWN STEP	2026-10-09T07:28:42.1904190Z         ^[[36m</div>^[[31m
validate-code / unit-tests (test:unit)	UNKNOWN STEP	2026-10-09T07:28:42.1904785Z         ^[[36m<div^[[31m
validate-code / unit-tests (test:unit)	UNKNOWN STEP	2026-10-09T07:28:42.1905878Z           ^[[33mclass^[[31m=^[[32m"text-default grid grid-cols-3 gap-3 bg-transparent shadow-none rounded-none p-0"^[[31m
validate-code / unit-tests (test:unit)	UNKNOWN STEP	2026-10-09T07:28:42.1906970Z         ^[[36m>^[[31m
validate-code / unit-tests (test:unit)	UNKNOWN STEP	2026-10-09T07:28:42.1907570Z           ^[[36m<button^[[31m
validate-code / unit-tests (test:unit)	UNKNOWN STEP	2026-10-09T07:28:42.1912518Z             ^[[33mclass^[[31m=^[[32m"inline-flex items-center rounded-xl overflow-hidden relative outline-none duration-100 ease-linear data-[disabled]:opacity-50 data-[disabled]:cursor-not-allowed bg-muted data-[hovered]:bg-muted-hover data-[pressed]:bg-muted-pressed h-btn-md px-4 gap-2 text-s-body-md leading-s-body-md tracking-s-body-md md:text-l-body-md md:leading-l-body-md md:tracking-l-body-md font-medium justify-center transition cursor-pointer focus-visible:border-transparent focus-visible:outline focus-visible:outline-2 focus-visible:outline-white focus-visible:outline-offset-0 focus:border-transparent focus:outline focus:outline-2 focus:outline-white focus:outline-offset-0"^[[31m
validate-code / unit-tests (test:unit)	UNKNOWN STEP	2026-10-09T07:28:42.1916629Z             ^[[33mdata-rac^[[31m=^[[32m""^[[31m
validate-code / unit-tests (test:unit)	UNKNOWN STEP	2026-10-09T07:28:42.1917752Z             ^[[33mdata-react-aria-pressable^[[31m=^[[32m"true"^[[31m
validate-code / unit-tests (test:unit)	UNKNOWN STEP	2026-10-09T07:28:42.1918567Z             ^[[33mid^[[31m=^[[32m"react-aria-_r_10_"^[[31m
validate-code / unit-tests (test:unit)	UNKNOWN STEP	2026-10-09T07:28:42.1919306Z             ^[[33mtabindex^[[31m=^[[32m"0"^[[31m
validate-code / unit-tests (test:unit)	UNKNOWN STEP	2026-10-09T07:28:42.1920028Z             ^[[33mtype^[[31m=^[[32m"button"^[[31m
validate-code / unit-tests (test:unit)	UNKNOWN STEP	2026-10-09T07:28:42.1920917Z           ^[[36m>^[[31m
validate-code / unit-tests (test:unit)	UNKNOWN STEP	2026-10-09T07:28:42.1921513Z             ^[[0m-1%^[[0m
validate-code / unit-tests (test:unit)	UNKNOWN STEP	2026-10-09T07:28:42.1922131Z           ^[[36m</button>^[[31m
validate-code / unit-tests (test:unit)	UNKNOWN STEP	2026-10-09T07:28:42.1922771Z           ^[[36m<button^[[31m
validate-code / unit-tests (test:unit)	UNKNOWN STEP	2026-10-09T07:28:42.1927948Z             ^[[33mclass^[[31m=^[[32m"inline-flex items-center rounded-xl overflow-hidden relative outline-none duration-100 ease-linear data-[disabled]:opacity-50 data-[disabled]:cursor-not-allowed bg-muted data-[hovered]:bg-muted-hover data-[pressed]:bg-muted-pressed h-btn-md px-4 gap-2 text-s-body-md leading-s-body-md tracking-s-body-md md:text-l-body-md md:leading-l-body-md md:tracking-l-body-md font-medium justify-center transition cursor-pointer focus-visible:border-transparent focus-visible:outline focus-visible:outline-2 focus-visible:outline-white focus-visible:outline-offset-0 focus:border-transparent focus:outline focus:outline-2 focus:outline-white focus:outline-offset-0"^[[31m
validate-code / unit-tests (test:unit)	UNKNOWN STEP	2026-10-09T07:28:42.1931972Z             ^[[33mdata-rac^[[31m=^[[32m""^[[31m
validate-code / unit-tests (test:unit)	UNKNOWN STEP	2026-10-09T07:28:42.1932816Z             ^[[33mdata-react-aria-pressable^[[31m=^[[32m"true"^[[31m
validate-code / unit-tests (test:unit)	UNKNOWN STEP	2026-10-09T07:28:42.1933686Z             ^[[33mid^[[31m=^[[32m"react-aria-_r_12_"^[[31m
validate-code / unit-tests (test:unit)	UNKNOWN STEP	2026-10-09T07:28:42.1934447Z             ^[[33mtabindex^[[31m=^[[32m"0"^[[31m
validate-code / unit-tests (test:unit)	UNKNOWN STEP	2026-10-09T07:28:42.1935198Z             ^[[33mtype^[[31m=^[[32m"button"^[[31m
validate-code / unit-tests (test:unit)	UNKNOWN STEP	2026-10-09T07:28:42.1935889Z           ^[[36m>^[[31m
validate-code / unit-tests (test:unit)	UNKNOWN STEP	2026-10-09T07:28:42.1936461Z             ^[[0m-2%^[[0m
validate-code / unit-tests (test:unit)	UNKNOWN STEP	2026-10-09T07:28:42.1937178Z           ^[[36m</button>^[[31m
validate-code / unit-tests (test:unit)	UNKNOWN STEP	2026-10-09T07:28:42.1937808Z           ^[[36m<button^[[31m
validate-code / unit-tests (test:unit)	UNKNOWN STEP	2026-10-09T07:28:42.1942841Z             ^[[33mclass^[[31m=^[[32m"inline-flex items-center rounded-xl overflow-hidden relative outline-none duration-100 ease-linear data-[disabled]:opacity-50 data-[disabled]:cursor-not-allowed bg-muted data-[hovered]:bg-muted-hover data-[pressed]:bg-muted-pressed h-btn-md px-4 gap-2 text-s-body-md leading-s-body-md tracking-s-body-md md:text-l-body-md md:leading-l-body-md md:tracking-l-body-md font-medium justify-center transition cursor-pointer focus-visible:border-transparent focus-visible:outline focus-visible:outline-2 focus-visible:outline-white focus-visible:outline-offset-0 focus:border-transparent focus:outline focus:outline-2 focus:outline-white focus:outline-offset-0"^[[31m
validate-code / unit-tests (test:unit)	UNKNOWN STEP	2026-10-09T07:28:42.1946756Z             ^[[33mdata-rac^[[31m=^[[32m""^[[31m
validate-code / unit-tests (test:unit)	UNKNOWN STEP	2026-10-09T07:28:42.1947672Z             ^[[33mdata-react-aria-pressable^[[31m=^[[32m"true"^[[31m
validate-code / unit-tests (test:unit)	UNKNOWN STEP	2026-10-09T07:28:42.1948478Z             ^[[33mid^[[31m=^[[32m"react-aria-_r_14_"^[[31m
validate-code / unit-tests (test:unit)	UNKNOWN STEP	2026-10-09T07:28:42.1949233Z             ^[[33mtabindex^[[31m=^[[32m"0"^[[31m
validate-code / unit-tests (test:unit)	UNKNOWN STEP	2026-10-09T07:28:42.1950021Z             ^[[33mtype^[[31m=^[[32m"button"^[[31m
validate-code / unit-tests (test:unit)	UNKNOWN STEP	2026-10-09T07:28:42.1950688Z           ^[[36m>^[[31m
validate-code / unit-tests (test:unit)	UNKNOWN STEP	2026-10-09T07:28:42.1951272Z             ^[[0m-5%^[[0m
validate-code / unit-tests (test:unit)	UNKNOWN STEP	2026-10-09T07:28:42.1951899Z           ^[[36m</button>^[[31m
validate-code / unit-tests (test:unit)	UNKNOWN STEP	2026-10-09T07:28:42.1952597Z         ^[[36m</div>^[[31m
validate-code / unit-tests (test:unit)	UNKNOWN STEP	2026-10-09T07:28:42.1953271Z       ^[[36m</div>^[[31m
validate-code / unit-tests (test:unit)	UNKNOWN STEP	2026-10-09T07:28:42.1953935Z       ^[[36m<div^[[31m
validate-code / unit-tests (test:unit)	UNKNOWN STEP	2026-10-09T07:28:42.1955004Z         ^[[33mclass^[[31m=^[[32m"rounded-md bg-alternative text-default flex flex-col gap-2"^[[31m
validate-code / unit-tests (test:unit)	UNKNOWN STEP	2026-10-09T07:28:42.1955931Z       ^[[36m>^[[31m
validate-code / unit-tests (test:unit)	UNKNOWN STEP	2026-10-09T07:28:42.1956506Z         ^[[36m<div^[[31m
validate-code / unit-tests (test:unit)	UNKNOWN STEP	2026-10-09T07:28:42.1957995Z           ^[[33mclass^[[31m=^[[32m"text-default flex flex-row items-center justify-between bg-transparent shadow-none rounded-none p-0"^[[31m
validate-code / unit-tests (test:unit)	UNKNOWN STEP	2026-10-09T07:28:42.1959218Z         ^[[36m>^[[31m
validate-code / unit-tests (test:unit)	UNKNOWN STEP	2026-10-09T07:28:42.1959818Z           ^[[36m<p^[[31m
validate-code / unit-tests (test:unit)	UNKNOWN STEP	2026-10-09T07:28:42.1964200Z             ^[[33mclass^[[31m=^[[32m"leading-s-body-sm tracking-s-body-sm md:text-l-body-sm md:leading-l-body-sm md:tracking-l-body-sm font-normal text-alternative"^[[31m
validate-code / unit-tests (test:unit)	UNKNOWN STEP	2026-10-09T07:28:42.1965472Z           ^[[36m>^[[31m
validate-code / unit-tests (test:unit)	UNKNOWN STEP	2026-10-09T07:28:42.1966242Z             ^[[0mLiquidation price^[[0m
validate-code / unit-tests (test:unit)	UNKNOWN STEP	2026-10-09T07:28:42.1967113Z           ^[[36m</p>^[[31m
validate-code / unit-tests (test:unit)	UNKNOWN STEP	2026-10-09T07:28:42.1967765Z           ^[[36m<div^[[31m
validate-code / unit-tests (test:unit)	UNKNOWN STEP	2026-10-09T07:28:42.1969439Z             ^[[33mclass^[[31m=^[[32m"rounded-md bg-alternative leading-s-body-sm tracking-s-body-sm md:text-l-body-sm md:leading-l-body-sm md:tracking-l-body-sm font-normal text-alternative"^[[31m
validate-code / unit-tests (test:unit)	UNKNOWN STEP	2026-10-09T07:28:42.1971251Z           ^[[36m>^[[31m
validate-code / unit-tests (test:unit)	UNKNOWN STEP	2026-10-09T07:28:42.1971933Z             ^[[36m<div^[[31m
validate-code / unit-tests (test:unit)	UNKNOWN STEP	2026-10-09T07:28:42.1972876Z               ^[[33mclass^[[31m=^[[32m"rounded-lg skeleton-gradient animate-pulse h-6 w-16"^[[31m
validate-code / unit-tests (test:unit)	UNKNOWN STEP	2026-10-09T07:28:42.1973917Z             ^[[36m/>^[[31m
validate-code / unit-tests (test:unit)	UNKNOWN STEP	2026-10-09T07:28:42.1974556Z           ^[[36m</div>^[[31m
validate-code / unit-tests (test:unit)	UNKNOWN STEP	2026-10-09T07:28:42.1975187Z         ^[[36m</div>^[[31m
validate-code / unit-tests (test:unit)	UNKNOWN STEP	2026-10-09T07:28:42.1975805Z         ^[[36m<div^[[31m
validate-code / unit-tests (test:unit)	UNKNOWN STEP	2026-10-09T07:28:42.1977157Z           ^[[33mclass^[[31m=^[[32m"text-default flex flex-row items-center justify-between bg-transparent shadow-none rounded-none p-0"^[[31m
validate-code / unit-tests (test:unit)	UNKNOWN STEP	2026-10-09T07:28:42.1978213Z         ^[[36m>^[[31m
validate-code / unit-tests (test:unit)	UNKNOWN STEP	2026-10-09T07:28:42.1978830Z           ^[[36m<p^[[31m
validate-code / unit-tests (test:unit)	UNKNOWN STEP	2026-10-09T07:28:42.1980241Z             ^[[33mclass^[[31m=^[[32m"leading-s-body-sm tracking-s-body-sm md:text-l-body-sm md:leading-l-body-sm md:tracking-l-body-sm font-normal text-alternative"^[[31m
validate-code / unit-tests (test:unit)	UNKNOWN STEP	2026-10-09T07:28:42.1981546Z           ^[[36m>^[[31m
validate-code / unit-tests (test:unit)	UNKNOWN STEP	2026-10-09T07:28:42.1982229Z             ^[[0mCurrent price^[[0m
validate-code / unit-tests (test:unit)	UNKNOWN STEP	2026-10-09T07:28:42.1982882Z           ^[[36m</p>^[[31m
validate-code / unit-tests (test:unit)	UNKNOWN STEP	2026-10-09T07:28:42.1983502Z           ^[[36m<div^[[31m
validate-code / unit-tests (test:unit)	UNKNOWN STEP	2026-10-09T07:28:42.1985010Z             ^[[33mclass^[[31m=^[[32m"rounded-md bg-alternative leading-s-body-sm tracking-s-body-sm md:text-l-body-sm md:leading-l-body-sm md:tracking-l-body-sm font-normal text-alternative"^[[31m
validate-code / unit-tests (test:unit)	UNKNOWN STEP	2026-10-09T07:28:42.1986378Z           ^[[36m>^[[31m
validate-code / unit-tests (test:unit)	UNKNOWN STEP	2026-10-09T07:28:42.1987245Z             ^[[36m<div^[[31m
validate-code / unit-tests (test:unit)	UNKNOWN STEP	2026-10-09T07:28:42.1988223Z               ^[[33mclass^[[31m=^[[32m"rounded-lg skeleton-gradient animate-pulse h-6 w-16"^[[31m
validate-code / unit-tests (test:unit)	UNKNOWN STEP	2026-10-09T07:28:42.1989107Z             ^[[36m/>^[[31m
validate-code / unit-tests (test:unit)	UNKNOWN STEP	2026-10-09T07:28:42.1989770Z           ^[[36m</div>^[[31m
validate-code / unit-tests (test:unit)	UNKNOWN STEP	2026-10-09T07:28:42.1990426Z         ^[[36m</div>^[[31m
validate-code / unit-tests (test:unit)	UNKNOWN STEP	2026-10-09T07:28:42.1991059Z       ^[[36m</div>^[[31m
validate-code / unit-tests (test:unit)	UNKNOWN STEP	2026-10-09T07:28:42.1991680Z       ^[[36m<div^[[31m
validate-code / unit-tests (test:unit)	UNKNOWN STEP	2026-10-09T07:28:42.1992743Z         ^[[33mclass^[[31m=^[[32m"text-default flex flex-col bg-transparent shadow-none rounded-none p-0 gap-3"^[[31m
validate-code / unit-tests (test:unit)	UNKNOWN STEP	2026-10-09T07:28:42.1993698Z       ^[[36m>^[[31m
validate-code / unit-tests (test:unit)	UNKNOWN STEP	2026-10-09T07:28:42.1994314Z         ^[[36m<button^[[31m
validate-code / unit-tests (test:unit)	UNKNOWN STEP	2026-10-09T07:28:42.1998741Z           ^[[33mclass^[[31m=^[[32m"inline-flex items-center justify-center rounded-xl overflow-hidden relative outline-none transition-all duration-100 ease-linear cursor-pointer data-[disabled]:opacity-50 data-[disabled]:cursor-not-allowed focus-visible:outline-2 focus-visible:outline-[var(--color-primary-default)] focus-visible:outline-offset-2 btn-contrast data-[hovered]:bg-icon-default-hover data-[pressed]:bg-icon-default-pressed h-btn-md px-4 gap-2 text-s-body-md leading-s-body-md tracking-s-body-md md:text-l-body-md md:leading-l-body-md md:tracking-l-body-md font-medium"^[[31m
validate-code / unit-tests (test:unit)	UNKNOWN STEP	2026-10-09T07:28:42.2002355Z           ^[[33mdata-rac^[[31m=^[[32m""^[[31m
validate-code / unit-tests (test:unit)	UNKNOWN STEP	2026-10-09T07:28:42.2003289Z           ^[[33mdata-react-aria-pressable^[[31m=^[[32m"true"^[[31m
validate-code / unit-tests (test:unit)	UNKNOWN STEP	2026-10-09T07:28:42.2004182Z           ^[[33mid^[[31m=^[[32m"react-aria-_r_16_"^[[31m
validate-code / unit-tests (test:unit)	UNKNOWN STEP	2026-10-09T07:28:42.2004970Z           ^[[33mtabindex^[[31m=^[[32m"0"^[[31m
validate-code / unit-tests (test:unit)	UNKNOWN STEP	2026-10-09T07:28:42.2005719Z           ^[[33mtype^[[31m=^[[32m"button"^[[31m
validate-code / unit-tests (test:unit)	UNKNOWN STEP	2026-10-09T07:28:42.2006402Z         ^[[36m>^[[31m
validate-code / unit-tests (test:unit)	UNKNOWN STEP	2026-10-09T07:28:42.2007189Z           ^[[0mSet^[[0m
validate-code / unit-tests (test:unit)	UNKNOWN STEP	2026-10-09T07:28:42.2007827Z         ^[[36m</button>^[[31m
validate-code / unit-tests (test:unit)	UNKNOWN STEP	2026-10-09T07:28:42.2008474Z       ^[[36m</div>^[[31m
validate-code / unit-tests (test:unit)	UNKNOWN STEP	2026-10-09T07:28:42.2009099Z     ^[[36m</div>^[[31m
validate-code / unit-tests (test:unit)	UNKNOWN STEP	2026-10-09T07:28:42.2009752Z   ^[[36m</div>^[[31m
validate-code / unit-tests (test:unit)	UNKNOWN STEP	2026-10-09T07:28:42.2010396Z ^[[36m</body>^[[31m^[[39m
validate-code / unit-tests (test:unit)	UNKNOWN STEP	2026-10-09T07:28:42.2011764Z    ^[[33m^[[2m✓^[[22m^[[39m OrderFormLimitPriceEditor^[[2m > ^[[22mapplies selected percentage to the mid price ^[[33m 875^[[2mms^[[22m^[[39m
validate-code / unit-tests (test:unit)	UNKNOWN STEP	2026-10-09T07:28:42.2013578Z    ^[[32m✓^[[39m OrderFormLimitPriceEditor^[[2m > ^[[22mapplies poitive percentage to the mid price when shorting^[[32m 126^[[2mms^[[22m^[[39m
validate-code / unit-tests (test:unit)	UNKNOWN STEP	2026-10-09T07:28:42.2015283Z    ^[[32m✓^[[39m OrderFormLimitPriceEditor^[[2m > ^[[22mignores percentage buttons when price is not set^[[32m 81^[[2mms^[[22m^[[39m
validate-code / unit-tests (test:unit)	UNKNOWN STEP	2026-10-09T07:28:42.2017168Z    ^[[32m✓^[[39m OrderFormLimitPriceEditor^[[2m > ^[[22mreverts price to the initial value when closing without confirming^[[32m 119^[[2mms^[[22m^[[39m
validate-code / unit-tests (test:unit)	UNKNOWN STEP	2026-10-09T07:28:42.2019031Z    ^[[32m✓^[[39m OrderFormLimitPriceEditor^[[2m > ^[[22mkeeps the updated price when confirming^[[32m 182^[[2mms^[[22m^[[39m
validate-code / unit-tests (test:unit)	UNKNOWN STEP	2026-10-09T07:28:42.2020841Z    ^[[32m✓^[[39m OrderFormLimitPriceEditor^[[2m > ^[[22mapplies the mid price when Mid is clicked^[[32m 119^[[2mms^[[22m^[[39m
validate-code / unit-tests (test:unit)	UNKNOWN STEP	2026-10-09T07:28:42.2022626Z    ^[[32m✓^[[39m OrderFormLimitPriceEditor^[[2m > ^[[22mupdates the editor when the form price changes from the order book^[[32m 92^[[2mms^[[22m^[[39m
validate-code / unit-tests (test:unit)	UNKNOWN STEP	2026-10-09T07:28:42.2024288Z    ^[[32m✓^[[39m OrderFormLimitPriceEditor^[[2m > ^[[22muses the mid price as placeholder when price is not set^[[32m 27^[[2mms^[[22m^[[39m
validate-code / unit-tests (test:unit)	UNKNOWN STEP	2026-10-09T07:28:42.2025828Z    ^[[32m✓^[[39m OrderFormLimitPriceEditor^[[2m > ^[[22mallows manual price entry before confirmation^[[32m 166^[[2mms^[[22m^[[39m
validate-code / unit-tests (test:unit)	UNKNOWN STEP	2026-10-09T07:28:43.2923240Z  ^[[32m✓^[[39m electron/strategies/simple-buy-sell.test.ts ^[[2m(^[[22m^[[2m11 tests^[[22m^[[2m)^[[22m^[[32m 12^[[2mms^[[22m^[[39m
validate-code / unit-tests (test:unit)	UNKNOWN STEP	2026-10-09T07:28:46.7418684Z  ^[[32m✓^[[39m src/features/perpetuals/order/components/OrderForm/OrderParametersModals/OrderFormLeverageEditor.test.tsx ^[[2m(^[[22m^[[2m10 tests^[[22m^[[2m)^[[22m^[[33m 936^[[2mms^[[22m^[[39m
validate-code / unit-tests (test:unit)	UNKNOWN STEP	2026-10-09T07:28:48.9055142Z  ^[[32m✓^[[39m src/features/perpetuals/queries/live-prices-query.test.tsx ^[[2m(^[[22m^[[2m11 tests^[[22m^[[2m)^[[22m^[[32m 129^[[2mms^[[22m^[[39m
validate-code / unit-tests (test:unit)	UNKNOWN STEP	2026-10-09T07:28:50.0339554Z  ^[[32m✓^[[39m src/features/perpetuals/infra/PerpsProviderRegistry.test.ts ^[[2m(^[[22m^[[2m17 tests^[[22m^[[2m)^[[22m^[[32m 15^[[2mms^[[22m^[[39m
validate-code / unit-tests (test:unit)	UNKNOWN STEP	2026-10-09T07:28:54.0628971Z  ^[[32m✓^[[39m src/features/tokens/components/TokenDetailView/TokenDetailView.test.tsx ^[[2m(^[[22m^[[2m8 tests^[[22m^[[2m)^[[22m^[[33m 893^[[2mms^[[22m^[[39m
validate-code / unit-tests (test:unit)	UNKNOWN STEP	2026-10-09T07:28:55.1762020Z  ^[[32m✓^[[39m src/features/bots/utils/simple-buy-sell-defaults.test.ts ^[[2m(^[[22m^[[2m10 tests^[[22m^[[2m)^[[22m^[[32m 11^[[2mms^[[22m^[[39m
validate-code / unit-tests (test:unit)	UNKNOWN STEP	2026-10-09T07:28:58.3622796Z  ^[[32m✓^[[39m src/features/perpetuals/order/components/UserPositions/OtherPositions.test.tsx ^[[2m(^[[22m^[[2m11 tests^[[22m^[[2m)^[[22m^[[33m 515^[[2mms^[[22m^[[39m
validate-code / unit-tests (test:unit)	UNKNOWN STEP	2026-10-09T07:29:01.8052036Z  ^[[32m✓^[[39m src/features/perpetuals/order/components/OrderBook/stacked/OrderBookLevelsStacked.test.tsx ^[[2m(^[[22m^[[2m12 tests^[[22m^[[2m)^[[22m^[[33m 818^[[2mms^[[22m^[[39m
validate-code / unit-tests (test:unit)	UNKNOWN STEP	2026-10-09T07:29:04.1775607Z  ^[[32m✓^[[39m src/features/perpetuals/infra/perps-controller/ControllerPerpsProvider.agent-refusal.test.ts ^[[2m(^[[22m^[[2m3 tests^[[22m^[[2m)^[[22m^[[33m 947^[[2mms^[[22m^[[39m
validate-code / unit-tests (test:unit)	UNKNOWN STEP	2026-10-09T07:29:07.5437197Z  ^[[32m✓^[[39m src/features/perpetuals/order/components/OrderBook/OrderBookRow.test.tsx ^[[2m(^[[22m^[[2m16 tests^[[22m^[[2m)^[[22m^[[33m 706^[[2mms^[[22m^[[39m
validate-code / unit-tests (test:unit)	UNKNOWN STEP	2026-10-09T07:29:11.4074035Z  ^[[32m✓^[[39m src/features/perpetuals/order/components/OrderForm/OrderParametersModals/OrderFormAutoCloseEditor.test.tsx ^[[2m(^[[22m^[[2m7 tests^[[22m^[[2m)^[[22m^[[33m 1233^[[2mms^[[22m^[[39m
validate-code / unit-tests (test:unit)	UNKNOWN STEP	2026-10-09T07:29:11.4076104Z    ^[[33m^[[2m✓^[[22m^[[39m OrderFormAutoCloseEditor^[[2m > ^[[22mapplies quick percentage buttons based on the live market price ^[[33m 366^[[2mms^[[22m^[[39m
validate-code / unit-tests (test:unit)	UNKNOWN STEP	2026-10-09T07:29:12.5906567Z  ^[[32m✓^[[39m electron/services/mm-perps-executor.test.ts ^[[2m(^[[22m^[[2m7 tests^[[22m^[[2m)^[[22m^[[32m 64^[[2mms^[[22m^[[39m
validate-code / unit-tests (test:unit)	UNKNOWN STEP	2026-10-09T07:29:13.8439247Z  ^[[32m✓^[[39m src/features/perpetuals/order/components/OrderBook/useOrderBookLayout.test.ts ^[[2m(^[[22m^[[2m14 tests^[[22m^[[2m)^[[22m^[[32m 45^[[2mms^[[22m^[[39m
validate-code / unit-tests (test:unit)	UNKNOWN STEP	2026-10-09T07:29:16.9963192Z  ^[[32m✓^[[39m src/features/portfolio/components/PortfolioBreakdown/PortfolioBreakdown.test.tsx ^[[2m(^[[22m^[[2m6 tests^[[22m^[[2m)^[[22m^[[33m 381^[[2mms^[[22m^[[39m
validate-code / unit-tests (test:unit)	UNKNOWN STEP	2026-10-09T07:29:23.6931120Z  ^[[32m✓^[[39m src/features/perpetuals/components/MarketsDrawer/MarketsDrawer.test.tsx ^[[2m(^[[22m^[[2m9 tests^[[22m^[[2m)^[[22m^[[33m 3965^[[2mms^[[22m^[[39m
validate-code / unit-tests (test:unit)	UNKNOWN STEP	2026-10-09T07:29:23.6932943Z    ^[[33m^[[2m✓^[[22m^[[39m MarketsDrawer^[[2m > ^[[22mopens with search focused, tabs, sort options and markets by volume ^[[33m 517^[[2mms^[[22m^[[39m
validate-code / unit-tests (test:unit)	UNKNOWN STEP	2026-10-09T07:29:23.6940375Z    ^[[33m^[[2m✓^[[22m^[[39m MarketsDrawer^[[2m > ^[[22mfilters by search and sorts by top movers ^[[33m 543^[[2mms^[[22m^[[39m
validate-code / unit-tests (test:unit)	UNKNOWN STEP	2026-10-09T07:29:23.6941866Z    ^[[33m^[[2m✓^[[22m^[[39m MarketsDrawer^[[2m > ^[[22mshows losers only on the Losers tab ^[[33m 331^[[2mms^[[22m^[[39m
validate-code / unit-tests (test:unit)	UNKNOWN STEP	2026-10-09T07:29:23.6947342Z    ^[[33m^[[2m✓^[[22m^[[39m MarketsDrawer^[[2m > ^[[22mkeeps starred markets in a persisted watchlist ^[[33m 875^[[2mms^[[22m^[[39m
validate-code / unit-tests (test:unit)	UNKNOWN STEP	2026-10-09T07:29:23.6949442Z    ^[[33m^[[2m✓^[[22m^[[39m MarketsDrawer^[[2m > ^[[22mswitches market client-side and closes on select ^[[33m 316^[[2mms^[[22m^[[39m
validate-code / unit-tests (test:unit)	UNKNOWN STEP	2026-10-09T07:29:23.6950982Z    ^[[33m^[[2m✓^[[22m^[[39m MarketsDrawer^[[2m > ^[[22mcloses from the close button and with Escape ^[[33m 465^[[2mms^[[22m^[[39m
validate-code / unit-tests (test:unit)	UNKNOWN STEP	2026-10-09T07:29:23.6952439Z    ^[[33m^[[2m✓^[[22m^[[39m MarketsDrawer^[[2m > ^[[22mhas no accessibility violations ^[[33m 552^[[2mms^[[22m^[[39m
validate-code / unit-tests (test:unit)	UNKNOWN STEP	2026-10-09T07:29:26.2950997Z ^[[90mstderr^[[2m | src/features/perpetuals/infra/perps-controller/controller-host.console.test.ts^[[2m > ^[[22m^[[2mPerpsControllerHost with the real controller^[[2m > ^[[22m^[[2mplaces an order without the controller logging an error
validate-code / unit-tests (test:unit)	UNKNOWN STEP	2026-10-09T07:29:26.2954618Z ^[[22m^[[39m[MSW] Warning: intercepted a request without a matching request handler:
validate-code / unit-tests (test:unit)	UNKNOWN STEP	2026-10-09T07:29:26.2955508Z 
validate-code / unit-tests (test:unit)	UNKNOWN STEP	2026-10-09T07:29:26.2956098Z   • GET wss://api.hyperliquid-testnet.xyz/ws
validate-code / unit-tests (test:unit)	UNKNOWN STEP	2026-10-09T07:29:26.2956664Z 
validate-code / unit-tests (test:unit)	UNKNOWN STEP	2026-10-09T07:29:26.2957648Z If you still wish to intercept this unhandled request, please create a request handler for it.
validate-code / unit-tests (test:unit)	UNKNOWN STEP	2026-10-09T07:29:26.2958943Z Read more: https://mswjs.io/docs/http/intercepting-requests
validate-code / unit-tests (test:unit)	UNKNOWN STEP	2026-10-09T07:29:26.2959668Z 
validate-code / unit-tests (test:unit)	UNKNOWN STEP	2026-10-09T07:29:26.3940264Z ^[[90mstderr^[[2m | src/features/perpetuals/infra/perps-controller/controller-host.console.test.ts^[[2m > ^[[22m^[[2mPerpsControllerHost with the real controller^[[2m > ^[[22m^[[2mplaces an order without the controller logging an error
validate-code / unit-tests (test:unit)	UNKNOWN STEP	2026-10-09T07:29:26.3958163Z ^[[22m^[[39m[MSW] Warning: intercepted a request without a matching request handler:
validate-code / unit-tests (test:unit)	UNKNOWN STEP	2026-10-09T07:29:26.3959118Z 
validate-code / unit-tests (test:unit)	UNKNOWN STEP	2026-10-09T07:29:26.3977896Z   • GET https://api.hyperliquid-testnet.xyz/ws
validate-code / unit-tests (test:unit)	UNKNOWN STEP	2026-10-09T07:29:26.3997521Z 
validate-code / unit-tests (test:unit)	UNKNOWN STEP	2026-10-09T07:29:26.4018072Z If you still wish to intercept this unhandled request, please create a request handler for it.
validate-code / unit-tests (test:unit)	UNKNOWN STEP	2026-10-09T07:29:26.4019435Z Read more: https://mswjs.io/docs/http/intercepting-requests
validate-code / unit-tests (test:unit)	UNKNOWN STEP	2026-10-09T07:29:26.4020921Z 
validate-code / unit-tests (test:unit)	UNKNOWN STEP	2026-10-09T07:29:27.9481478Z ^[[90mstderr^[[2m | src/features/perpetuals/infra/perps-controller/controller-host.console.test.ts^[[2m > ^[[22m^[[2mPerpsControllerHost with the real controller^[[2m > ^[[22m^[[2mquotes a fee preview without the controller logging an error
validate-code / unit-tests (test:unit)	UNKNOWN STEP	2026-10-09T07:29:27.9484109Z ^[[22m^[[39m[MSW] Warning: intercepted a request without a matching request handler:
validate-code / unit-tests (test:unit)	UNKNOWN STEP	2026-10-09T07:29:27.9484946Z 
validate-code / unit-tests (test:unit)	UNKNOWN STEP	2026-10-09T07:29:27.9485528Z   • GET wss://api.hyperliquid-testnet.xyz/ws
validate-code / unit-tests (test:unit)	UNKNOWN STEP	2026-10-09T07:29:27.9486120Z 
validate-code / unit-tests (test:unit)	UNKNOWN STEP	2026-10-09T07:29:27.9487085Z If you still wish to intercept this unhandled request, please create a request handler for it.
validate-code / unit-tests (test:unit)	UNKNOWN STEP	2026-10-09T07:29:27.9488316Z Read more: https://mswjs.io/docs/http/intercepting-requests
validate-code / unit-tests (test:unit)	UNKNOWN STEP	2026-10-09T07:29:27.9488984Z 
validate-code / unit-tests (test:unit)	UNKNOWN STEP	2026-10-09T07:29:27.9891039Z ^[[90mstderr^[[2m | src/features/perpetuals/infra/perps-controller/controller-host.console.test.ts^[[2m > ^[[22m^[[2mPerpsControllerHost with the real controller^[[2m > ^[[22m^[[2mquotes a fee preview without the controller logging an error
validate-code / unit-tests (test:unit)	UNKNOWN STEP	2026-10-09T07:29:27.9908447Z ^[[22m^[[39m[MSW] Warning: intercepted a request without a matching request handler:
validate-code / unit-tests (test:unit)	UNKNOWN STEP	2026-10-09T07:29:27.9927574Z 
validate-code / unit-tests (test:unit)	UNKNOWN STEP	2026-10-09T07:29:27.9928440Z   • GET https://api.hyperliquid-testnet.xyz/ws
validate-code / unit-tests (test:unit)	UNKNOWN STEP	2026-10-09T07:29:27.9929177Z 
validate-code / unit-tests (test:unit)	UNKNOWN STEP	2026-10-09T07:29:27.9930035Z If you still wish to intercept this unhandled request, please create a request handler for it.
validate-code / unit-tests (test:unit)	UNKNOWN STEP	2026-10-09T07:29:27.9931154Z Read more: https://mswjs.io/docs/http/intercepting-requests
validate-code / unit-tests (test:unit)	UNKNOWN STEP	2026-10-09T07:29:27.9931702Z 
validate-code / unit-tests (test:unit)	UNKNOWN STEP	2026-10-09T07:29:29.1775804Z ^[[90mstderr^[[2m | src/features/perpetuals/infra/perps-controller/controller-host.console.test.ts^[[2m > ^[[22m^[[2mPerpsControllerHost with the real controller^[[2m > ^[[22m^[[2manswers a venue refusal of the agent as this order's own KEYRING_LOCKED and drops the agent
validate-code / unit-tests (test:unit)	UNKNOWN STEP	2026-10-09T07:29:29.1780431Z ^[[22m^[[39m[MSW] Warning: intercepted a request without a matching request handler:
validate-code / unit-tests (test:unit)	UNKNOWN STEP	2026-10-09T07:29:29.1781239Z 
validate-code / unit-tests (test:unit)	UNKNOWN STEP	2026-10-09T07:29:29.1782541Z   • GET wss://api.hyperliquid-testnet.xyz/ws
validate-code / unit-tests (test:unit)	UNKNOWN STEP	2026-10-09T07:29:29.1783125Z 
validate-code / unit-tests (test:unit)	UNKNOWN STEP	2026-10-09T07:29:29.1783930Z If you still wish to intercept this unhandled request, please create a request handler for it.
validate-code / unit-tests (test:unit)	UNKNOWN STEP	2026-10-09T07:29:29.1785121Z Read more: https://mswjs.io/docs/http/intercepting-requests
validate-code / unit-tests (test:unit)	UNKNOWN STEP	2026-10-09T07:29:29.1786080Z 
validate-code / unit-tests (test:unit)	UNKNOWN STEP	2026-10-09T07:29:29.2146555Z ^[[90mstderr^[[2m | src/features/perpetuals/infra/perps-controller/controller-host.console.test.ts^[[2m > ^[[22m^[[2mPerpsControllerHost with the real controller^[[2m > ^[[22m^[[2manswers a venue refusal of the agent as this order's own KEYRING_LOCKED and drops the agent
validate-code / unit-tests (test:unit)	UNKNOWN STEP	2026-10-09T07:29:29.2150190Z ^[[22m^[[39m[MSW] Warning: intercepted a request without a matching request handler:
validate-code / unit-tests (test:unit)	UNKNOWN STEP	2026-10-09T07:29:29.2150954Z 
validate-code / unit-tests (test:unit)	UNKNOWN STEP	2026-10-09T07:29:29.2151613Z   • GET https://api.hyperliquid-testnet.xyz/ws
validate-code / unit-tests (test:unit)	UNKNOWN STEP	2026-10-09T07:29:29.2152171Z 
validate-code / unit-tests (test:unit)	UNKNOWN STEP	2026-10-09T07:29:29.2152917Z If you still wish to intercept this unhandled request, please create a request handler for it.
validate-code / unit-tests (test:unit)	UNKNOWN STEP	2026-10-09T07:29:29.2154770Z Read more: https://mswjs.io/docs/http/intercepting-requests
validate-code / unit-tests (test:unit)	UNKNOWN STEP	2026-10-09T07:29:29.2155785Z 
validate-code / unit-tests (test:unit)	UNKNOWN STEP	2026-10-09T07:29:30.5950905Z ^[[90mstderr^[[2m | src/features/perpetuals/infra/perps-controller/controller-host.console.test.ts^[[2m > ^[[22m^[[2mPerpsControllerHost with the real controller^[[2m > ^[[22m^[[2mreports a successful mainnet order without a sign-in token quietly
validate-code / unit-tests (test:unit)	UNKNOWN STEP	2026-10-09T07:29:30.5958433Z ^[[22m^[[39m[MSW] Warning: intercepted a request without a matching request handler:
validate-code / unit-tests (test:unit)	UNKNOWN STEP	2026-10-09T07:29:30.5962903Z 
validate-code / unit-tests (test:unit)	UNKNOWN STEP	2026-10-09T07:29:30.5963540Z   • GET wss://api.hyperliquid.xyz/ws
validate-code / unit-tests (test:unit)	UNKNOWN STEP	2026-10-09T07:29:30.5964107Z 
validate-code / unit-tests (test:unit)	UNKNOWN STEP	2026-10-09T07:29:30.5964860Z If you still wish to intercept this unhandled request, please create a request handler for it.
validate-code / unit-tests (test:unit)	UNKNOWN STEP	2026-10-09T07:29:30.5966083Z Read more: https://mswjs.io/docs/http/intercepting-requests
validate-code / unit-tests (test:unit)	UNKNOWN STEP	2026-10-09T07:29:30.5966713Z 
validate-code / unit-tests (test:unit)	UNKNOWN STEP	2026-10-09T07:29:30.6237881Z ^[[90mstderr^[[2m | src/features/perpetuals/infra/perps-controller/controller-host.console.test.ts^[[2m > ^[[22m^[[2mPerpsControllerHost with the real controller^[[2m > ^[[22m^[[2mreports a successful mainnet order without a sign-in token quietly
validate-code / unit-tests (test:unit)	UNKNOWN STEP	2026-10-09T07:29:30.6245563Z ^[[22m^[[39m[MSW] Warning: intercepted a request without a matching request handler:
validate-code / unit-tests (test:unit)	UNKNOWN STEP	2026-10-09T07:29:30.6246412Z 
validate-code / unit-tests (test:unit)	UNKNOWN STEP	2026-10-09T07:29:30.6247212Z   • GET https://api.hyperliquid.xyz/ws
validate-code / unit-tests (test:unit)	UNKNOWN STEP	2026-10-09T07:29:30.6247800Z 
validate-code / unit-tests (test:unit)	UNKNOWN STEP	2026-10-09T07:29:30.6248947Z If you still wish to intercept this unhandled request, please create a request handler for it.
validate-code / unit-tests (test:unit)	UNKNOWN STEP	2026-10-09T07:29:30.6250128Z Read more: https://mswjs.io/docs/http/intercepting-requests
validate-code / unit-tests (test:unit)	UNKNOWN STEP	2026-10-09T07:29:30.6250750Z 
validate-code / unit-tests (test:unit)	UNKNOWN STEP	2026-10-09T07:29:32.7277338Z  ^[[32m✓^[[39m src/features/perpetuals/infra/perps-controller/controller-host.console.test.ts ^[[2m(^[[22m^[[2m4 tests^[[22m^[[2m)^[[22m^[[33m 6847^[[2mms^[[22m^[[39m
validate-code / unit-tests (test:unit)	UNKNOWN STEP	2026-10-09T07:29:32.7284087Z    ^[[33m^[[2m✓^[[22m^[[39m PerpsControllerHost with the real controller^[[2m > ^[[22mplaces an order without the controller logging an error ^[[33m 1673^[[2mms^[[22m^[[39m
validate-code / unit-tests (test:unit)	UNKNOWN STEP	2026-10-09T07:29:32.7293172Z    ^[[33m^[[2m✓^[[22m^[[39m PerpsControllerHost with the real controller^[[2m > ^[[22mquotes a fee preview without the controller logging an error ^[[33m 1230^[[2mms^[[22m^[[39m
validate-code / unit-tests (test:unit)	UNKNOWN STEP	2026-10-09T07:29:32.7295914Z    ^[[33m^[[2m✓^[[22m^[[39m PerpsControllerHost with the real controller^[[2m > ^[[22manswers a venue refusal of the agent as this order's own KEYRING_LOCKED and drops the agent ^[[33m 1418^[[2mms^[[22m^[[39m
validate-code / unit-tests (test:unit)	UNKNOWN STEP	2026-10-09T07:29:32.7298847Z    ^[[33m^[[2m✓^[[22m^[[39m PerpsControllerHost with the real controller^[[2m > ^[[22mreports a successful mainnet order without a sign-in token quietly ^[[33m 2519^[[2mms^[[22m^[[39m
validate-code / unit-tests (test:unit)	UNKNOWN STEP	2026-10-09T07:29:33.8825233Z  ^[[32m✓^[[39m src/features/charting/tradingview/providers/HyperliquidTradingDataProvider.test.ts ^[[2m(^[[22m^[[2m6 tests^[[22m^[[2m)^[[22m^[[32m 12^[[2mms^[[22m^[[39m
validate-code / unit-tests (test:unit)	UNKNOWN STEP	2026-10-09T07:29:37.1598363Z  ^[[32m✓^[[39m src/features/ecosystems/components/EcosystemCard/EcosystemCard.test.tsx ^[[2m(^[[22m^[[2m14 tests^[[22m^[[2m)^[[22m^[[33m 603^[[2mms^[[22m^[[39m
validate-code / unit-tests (test:unit)	UNKNOWN STEP	2026-10-09T07:29:40.3397737Z  ^[[32m✓^[[39m src/core/hooks/useCurrency.test.tsx ^[[2m(^[[22m^[[2m15 tests^[[22m^[[2m)^[[22m^[[33m 597^[[2mms^[[22m^[[39m
validate-code / unit-tests (test:unit)	UNKNOWN STEP	2026-10-09T07:29:41.4716347Z  ^[[32m✓^[[39m src/features/perpetuals/domain/OrderBook/helpers/OrderBookLevelHelper.test.ts ^[[2m(^[[22m^[[2m19 tests^[[22m^[[2m)^[[22m^[[32m 9^[[2mms^[[22m^[[39m
validate-code / unit-tests (test:unit)	UNKNOWN STEP	2026-10-09T07:29:42.6263915Z  ^[[32m✓^[[39m src/features/charting/components/TradingViewChart/chart-order-lines.test.ts ^[[2m(^[[22m^[[2m5 tests^[[22m^[[2m)^[[22m^[[32m 12^[[2mms^[[22m^[[39m
validate-code / unit-tests (test:unit)	UNKNOWN STEP	2026-10-09T07:29:46.1355106Z  ^[[32m✓^[[39m src/features/perpetuals/components/PerpetualsTable/PerpetualsTable.test.tsx ^[[2m(^[[22m^[[2m10 tests^[[22m^[[2m)^[[22m^[[33m 911^[[2mms^[[22m^[[39m
validate-code / unit-tests (test:unit)	UNKNOWN STEP	2026-10-09T07:29:49.2911799Z  ^[[32m✓^[[39m src/features/portfolio/components/PortfolioTotalValue/PortfolioTotalValue.test.tsx ^[[2m(^[[22m^[[2m11 tests^[[22m^[[2m)^[[22m^[[33m 535^[[2mms^[[22m^[[39m
validate-code / unit-tests (test:unit)	UNKNOWN STEP	2026-10-09T07:29:52.2396227Z  ^[[32m✓^[[39m src/features/perpetuals/order/components/OrderForm/OrderFormSubmitButton/OrderFormSubmitButton.test.tsx ^[[2m(^[[22m^[[2m14 tests^[[22m^[[2m)^[[22m^[[33m 594^[[2mms^[[22m^[[39m
validate-code / unit-tests (test:unit)	UNKNOWN STEP	2026-10-09T07:29:54.8787338Z  ^[[32m✓^[[39m src/features/ecosystems/services/ecosystem.service.test.ts ^[[2m(^[[22m^[[2m6 tests^[[22m^[[2m)^[[22m^[[32m 45^[[2mms^[[22m^[[39m
validate-code / unit-tests (test:unit)	UNKNOWN STEP	2026-10-09T07:29:56.0809848Z  ^[[32m✓^[[39m src/features/charting/components/TradingViewChart/useChartOrderLines.test.tsx ^[[2m(^[[22m^[[2m4 tests^[[22m^[[2m)^[[22m^[[32m 32^[[2mms^[[22m^[[39m
validate-code / unit-tests (test:unit)	UNKNOWN STEP	2026-10-09T07:29:59.4353296Z  ^[[32m✓^[[39m src/features/auth/components/AccountMenu.test.tsx ^[[2m(^[[22m^[[2m6 tests^[[22m^[[2m)^[[22m^[[33m 662^[[2mms^[[22m^[[39m
validate-code / unit-tests (test:unit)	UNKNOWN STEP	2026-10-09T07:30:02.2232315Z  ^[[32m✓^[[39m src/features/accounts/AccountSessionProvider.test.tsx ^[[2m(^[[22m^[[2m6 tests^[[22m^[[2m)^[[22m^[[33m 306^[[2mms^[[22m^[[39m
validate-code / unit-tests (test:unit)	UNKNOWN STEP	2026-10-09T07:30:05.7657125Z  ^[[32m✓^[[39m src/components/ui/Menu/Menu.test.tsx ^[[2m(^[[22m^[[2m8 tests^[[22m^[[2m)^[[22m^[[33m 1036^[[2mms^[[22m^[[39m
validate-code / unit-tests (test:unit)	UNKNOWN STEP	2026-10-09T07:30:08.4665170Z  ^[[32m✓^[[39m src/features/card/components/CardPage/CardPage.test.tsx ^[[2m(^[[22m^[[2m2 tests^[[22m^[[2m)^[[22m^[[32m 105^[[2mms^[[22m^[[39m
validate-code / unit-tests (test:unit)	UNKNOWN STEP	2026-10-09T07:30:11.5948780Z  ^[[32m✓^[[39m src/features/perpetuals/order/components/OrderForm/OrderParametersModals/ParameterEditor.test.tsx ^[[2m(^[[22m^[[2m12 tests^[[22m^[[2m)^[[22m^[[33m 590^[[2mms^[[22m^[[39m
validate-code / unit-tests (test:unit)	UNKNOWN STEP	2026-10-09T07:30:14.4908799Z  ^[[32m✓^[[39m src/features/explorer/components/TransactionDetailView/TransactionDetailView.test.tsx ^[[2m(^[[22m^[[2m2 tests^[[22m^[[2m)^[[22m^[[33m 382^[[2mms^[[22m^[[39m
validate-code / unit-tests (test:unit)	UNKNOWN STEP	2026-10-09T07:30:14.4922736Z    ^[[33m^[[2m✓^[[22m^[[39m TransactionDetailView^[[2m > ^[[22mrenders overview, gas, transfers, and logs with Terminal table chrome ^[[33m 325^[[2mms^[[22m^[[39m
validate-code / unit-tests (test:unit)	UNKNOWN STEP	2026-10-09T07:30:17.3851549Z  ^[[32m✓^[[39m src/features/perpetuals/order/components/OrderForm/OrderFormWrapper/OrderFormWrapper.test.tsx ^[[2m(^[[22m^[[2m7 tests^[[22m^[[2m)^[[22m^[[32m 294^[[2mms^[[22m^[[39m
validate-code / unit-tests (test:unit)	UNKNOWN STEP	2026-10-09T07:30:18.7700869Z  ^[[32m✓^[[39m src/features/perpetuals/infra/perps-controller/agent-approval.test.ts ^[[2m(^[[22m^[[2m5 tests^[[22m^[[2m)^[[22m^[[32m 84^[[2mms^[[22m^[[39m
validate-code / unit-tests (test:unit)	UNKNOWN STEP	2026-10-09T07:30:22.7167503Z  ^[[32m✓^[[39m src/features/portfolio/components/AccountsPane.test.tsx ^[[2m(^[[22m^[[2m6 tests^[[22m^[[2m)^[[22m^[[33m 1103^[[2mms^[[22m^[[39m
validate-code / unit-tests (test:unit)	UNKNOWN STEP	2026-10-09T07:30:22.7188383Z    ^[[33m^[[2m✓^[[22m^[[39m AccountsPane^[[2m > ^[[22mkeeps a deselected account's sidebar balance ^[[33m 434^[[2mms^[[22m^[[39m
validate-code / unit-tests (test:unit)	UNKNOWN STEP	2026-10-09T07:30:24.7913592Z  ^[[32m✓^[[39m src/features/perpetuals/queries/modify-order-mutation.test.tsx ^[[2m(^[[22m^[[2m4 tests^[[22m^[[2m)^[[22m^[[32m 42^[[2mms^[[22m^[[39m
validate-code / unit-tests (test:unit)	UNKNOWN STEP	2026-10-09T07:30:25.9832593Z  ^[[32m✓^[[39m src/core/hooks/useViewportTier.test.ts ^[[2m(^[[22m^[[2m6 tests^[[22m^[[2m)^[[22m^[[32m 39^[[2mms^[[22m^[[39m
validate-code / unit-tests (test:unit)	UNKNOWN STEP	2026-10-09T07:30:27.9374367Z  ^[[32m✓^[[39m src/features/perpetuals/infra/perps-controller/account-signer.test.ts ^[[2m(^[[22m^[[2m6 tests^[[22m^[[2m)^[[22m^[[32m 45^[[2mms^[[22m^[[39m
validate-code / unit-tests (test:unit)	UNKNOWN STEP	2026-10-09T07:30:28.9911671Z  ^[[32m✓^[[39m electron/strategies/bollinger-band.test.ts ^[[2m(^[[22m^[[2m5 tests^[[22m^[[2m)^[[22m^[[32m 10^[[2mms^[[22m^[[39m
validate-code / unit-tests (test:unit)	UNKNOWN STEP	2026-10-09T07:30:32.1845572Z  ^[[32m✓^[[39m src/components/ui/Skeleton/Skeleton.test.tsx ^[[2m(^[[22m^[[2m19 tests^[[22m^[[2m)^[[22m^[[33m 682^[[2mms^[[22m^[[39m
validate-code / unit-tests (test:unit)	UNKNOWN STEP	2026-10-09T07:30:33.3329320Z  ^[[32m✓^[[39m electron/services/app-updater.test.ts ^[[2m(^[[22m^[[2m6 tests^[[22m^[[2m)^[[22m^[[32m 11^[[2mms^[[22m^[[39m
validate-code / unit-tests (test:unit)	UNKNOWN STEP	2026-10-09T07:30:35.8427750Z ^[[90mstderr^[[2m | src/features/tokens/components/TokenSearchBar/TokenSearchBar.test.tsx^[[2m > ^[[22m^[[2mTokenSearchBar^[[2m > ^[[22m^[[2msubmits the query to the search results page
validate-code / unit-tests (test:unit)	UNKNOWN STEP	2026-10-09T07:30:35.8431856Z ^[[22m^[[39mThe tag <search> is unrecognized in this browser. If you meant to render a React component, start its name with an uppercase letter.
validate-code / unit-tests (test:unit)	UNKNOWN STEP	2026-10-09T07:30:35.8433166Z 
validate-code / unit-tests (test:unit)	UNKNOWN STEP	2026-10-09T07:30:38.0600092Z  ^[[32m✓^[[39m src/features/tokens/components/TokenSearchBar/TokenSearchBar.test.tsx ^[[2m(^[[22m^[[2m6 tests^[[22m^[[2m)^[[22m^[[33m 2178^[[2mms^[[22m^[[39m
validate-code / unit-tests (test:unit)	UNKNOWN STEP	2026-10-09T07:30:38.0602546Z    ^[[33m^[[2m✓^[[22m^[[39m TokenSearchBar^[[2m > ^[[22mshows token results that link to network-specific pages ^[[33m 596^[[2mms^[[22m^[[39m
validate-code / unit-tests (test:unit)	UNKNOWN STEP	2026-10-09T07:30:38.0605966Z    ^[[33m^[[2m✓^[[22m^[[39m TokenSearchBar^[[2m > ^[[22mkeeps one market request alive while a zero-hit search is pending ^[[33m 575^[[2mms^[[22m^[[39m
validate-code / unit-tests (test:unit)	UNKNOWN STEP	2026-10-09T07:30:38.0608304Z    ^[[33m^[[2m✓^[[22m^[[39m TokenSearchBar^[[2m > ^[[22mstill shows markets when the focus prefetch fails ^[[33m 451^[[2mms^[[22m^[[39m
validate-code / unit-tests (test:unit)	UNKNOWN STEP	2026-10-09T07:30:38.0610046Z    ^[[33m^[[2m✓^[[22m^[[39m TokenSearchBar^[[2m > ^[[22mroutes a transaction hash to the transaction details page ^[[33m 313^[[2mms^[[22m^[[39m
validate-code / unit-tests (test:unit)	UNKNOWN STEP	2026-10-09T07:30:40.9814220Z  ^[[32m✓^[[39m src/features/card/components/CardHeroSection/CardHeroSection.test.tsx ^[[2m(^[[22m^[[2m4 tests^[[22m^[[2m)^[[22m^[[33m 343^[[2mms^[[22m^[[39m
validate-code / unit-tests (test:unit)	UNKNOWN STEP	2026-10-09T07:30:43.9929409Z  ^[[32m✓^[[39m src/features/perpetuals/order/components/OrderForm/OrderFormParameters/OrderFormParameters.test.tsx ^[[2m(^[[22m^[[2m4 tests^[[22m^[[2m)^[[22m^[[33m 473^[[2mms^[[22m^[[39m
validate-code / unit-tests (test:unit)	UNKNOWN STEP	2026-10-09T07:30:43.9931924Z    ^[[33m^[[2m✓^[[22m^[[39m OrderFormParameters^[[2m > ^[[22mcalls onOpenParameterModal with the correct parameter keys ^[[33m 304^[[2mms^[[22m^[[39m
validate-code / unit-tests (test:unit)	UNKNOWN STEP	2026-10-09T07:30:46.7421937Z  ^[[32m✓^[[39m src/features/ecosystems/components/EcosystemsNetworkPage/EcosystemsNetworkPage.test.tsx ^[[2m(^[[22m^[[2m2 tests^[[22m^[[2m)^[[22m^[[32m 174^[[2mms^[[22m^[[39m
validate-code / unit-tests (test:unit)	UNKNOWN STEP	2026-10-09T07:30:49.5295549Z  ^[[32m✓^[[39m src/features/perpetuals/order/components/UserPositions/UserPositionsWrapper.test.tsx ^[[2m(^[[22m^[[2m3 tests^[[22m^[[2m)^[[22m^[[32m 125^[[2mms^[[22m^[[39m
validate-code / unit-tests (test:unit)	UNKNOWN STEP	2026-10-09T07:30:51.9014869Z ^[[90mstderr^[[2m | src/features/perpetuals/order/components/OrderHeader/OrderHeader.integration.test.tsx^[[2m > ^[[22m^[[2mOrderHeader Integration Tests^[[2m > ^[[22m^[[2muses cached perpetuals data from trade page without refetching
validate-code / unit-tests (test:unit)	UNKNOWN STEP	2026-10-09T07:30:51.9017866Z ^[[22m^[[39mReceived `true` for a non-boolean attribute `unoptimized`.
validate-code / unit-tests (test:unit)	UNKNOWN STEP	2026-10-09T07:30:51.9018655Z 
validate-code / unit-tests (test:unit)	UNKNOWN STEP	2026-10-09T07:30:51.9090212Z If you want to write it to the DOM, pass a string instead: unoptimized="true" or unoptimized=***value.toString()***.
validate-code / unit-tests (test:unit)	UNKNOWN STEP	2026-10-09T07:30:51.9093881Z 
validate-code / unit-tests (test:unit)	UNKNOWN STEP	2026-10-09T07:30:52.0731484Z  ^[[32m✓^[[39m src/features/perpetuals/order/components/OrderHeader/OrderHeader.integration.test.tsx ^[[2m(^[[22m^[[2m3 tests^[[22m^[[2m)^[[22m^[[32m 108^[[2mms^[[22m^[[39m
validate-code / unit-tests (test:unit)	UNKNOWN STEP	2026-10-09T07:30:54.5289245Z  ^[[32m✓^[[39m src/features/card/components/HubspotForm/HubspotWaitlistModal.test.tsx ^[[2m(^[[22m^[[2m3 tests^[[22m^[[2m)^[[22m^[[32m 260^[[2mms^[[22m^[[39m
validate-code / unit-tests (test:unit)	UNKNOWN STEP	2026-10-09T07:30:55.6493022Z  ^[[32m✓^[[39m src/features/perpetuals/domain/OrderBook/helpers/OrderBookSpreadHelper.test.ts ^[[2m(^[[22m^[[2m14 tests^[[22m^[[2m)^[[22m^[[32m 9^[[2mms^[[22m^[[39m
validate-code / unit-tests (test:unit)	UNKNOWN STEP	2026-10-09T07:30:56.7378814Z  ^[[32m✓^[[39m src/features/bots/utils/bot-chart.test.ts ^[[2m(^[[22m^[[2m5 tests^[[22m^[[2m)^[[22m^[[32m 10^[[2mms^[[22m^[[39m
validate-code / unit-tests (test:unit)	UNKNOWN STEP	2026-10-09T07:30:59.4940990Z ^[[90mstderr^[[2m | src/features/perpetuals/order/components/OrderHeader/OrderHeader.test.tsx^[[2m > ^[[22m^[[2mOrderHeader^[[2m > ^[[22m^[[2mrenders the header stats when data is available
validate-code / unit-tests (test:unit)	UNKNOWN STEP	2026-10-09T07:30:59.4944415Z ^[[22m^[[39mReceived `true` for a non-boolean attribute `unoptimized`.
validate-code / unit-tests (test:unit)	UNKNOWN STEP	2026-10-09T07:30:59.4945203Z 
validate-code / unit-tests (test:unit)	UNKNOWN STEP	2026-10-09T07:30:59.4946255Z If you want to write it to the DOM, pass a string instead: unoptimized="true" or unoptimized=***value.toString()***.
validate-code / unit-tests (test:unit)	UNKNOWN STEP	2026-10-09T07:30:59.4947515Z 
validate-code / unit-tests (test:unit)	UNKNOWN STEP	2026-10-09T07:30:59.7787361Z  ^[[32m✓^[[39m src/features/perpetuals/order/components/OrderHeader/OrderHeader.test.tsx ^[[2m(^[[22m^[[2m5 tests^[[22m^[[2m)^[[22m^[[33m 307^[[2mms^[[22m^[[39m
validate-code / unit-tests (test:unit)	UNKNOWN STEP	2026-10-09T07:31:01.0079381Z  ^[[32m✓^[[39m src/features/perpetuals/order/components/OrderBook/useHasConnected.test.ts ^[[2m(^[[22m^[[2m8 tests^[[22m^[[2m)^[[22m^[[32m 29^[[2mms^[[22m^[[39m
validate-code / unit-tests (test:unit)	UNKNOWN STEP	2026-10-09T07:31:03.8469236Z  ^[[32m✓^[[39m src/features/perpetuals/order/components/Trades/Trades.test.tsx ^[[2m(^[[22m^[[2m5 tests^[[22m^[[2m)^[[22m^[[32m 277^[[2mms^[[22m^[[39m
validate-code / unit-tests (test:unit)	UNKNOWN STEP	2026-10-09T07:31:05.0283231Z  ^[[32m✓^[[39m src/features/charting/tradingview/MockTradingViewDatafeed.test.ts ^[[2m(^[[22m^[[2m5 tests^[[22m^[[2m)^[[22m^[[32m 13^[[2mms^[[22m^[[39m
validate-code / unit-tests (test:unit)	UNKNOWN STEP	2026-10-09T07:31:11.2242568Z  ^[[32m✓^[[39m src/features/trade/components/TradePage/TradePage.test.tsx ^[[2m(^[[22m^[[2m5 tests^[[22m^[[2m)^[[22m^[[33m 3485^[[2mms^[[22m^[[39m
validate-code / unit-tests (test:unit)	UNKNOWN STEP	2026-10-09T07:31:11.2250369Z    ^[[33m^[[2m✓^[[22m^[[39m TradePage^[[2m > ^[[22mrenders trending perps, discovery, and explore tokens ^[[33m 1052^[[2mms^[[22m^[[39m
validate-code / unit-tests (test:unit)	UNKNOWN STEP	2026-10-09T07:31:11.2252739Z    ^[[33m^[[2m✓^[[22m^[[39m TradePage^[[2m > ^[[22mdeep-links spot tokens to in-app token detail ^[[33m 704^[[2mms^[[22m^[[39m
validate-code / unit-tests (test:unit)	UNKNOWN STEP	2026-10-09T07:31:11.2254599Z    ^[[33m^[[2m✓^[[22m^[[39m TradePage^[[2m > ^[[22mopens a wallet swap deep link from the quick buy icon ^[[33m 650^[[2mms^[[22m^[[39m
validate-code / unit-tests (test:unit)	UNKNOWN STEP	2026-10-09T07:31:11.2260362Z    ^[[33m^[[2m✓^[[22m^[[39m TradePage^[[2m > ^[[22mnavigates trending perpetual cards to the order page ^[[33m 609^[[2mms^[[22m^[[39m
validate-code / unit-tests (test:unit)	UNKNOWN STEP	2026-10-09T07:31:11.2262225Z    ^[[33m^[[2m✓^[[22m^[[39m TradePage^[[2m > ^[[22mshows watched tokens in the first row ^[[33m 466^[[2mms^[[22m^[[39m
validate-code / unit-tests (test:unit)	UNKNOWN STEP	2026-10-09T07:31:13.7688449Z  ^[[32m✓^[[39m src/features/ecosystems/components/FeaturedSitesSection.test.tsx ^[[2m(^[[22m^[[2m2 tests^[[22m^[[2m)^[[22m^[[32m 96^[[2mms^[[22m^[[39m
validate-code / unit-tests (test:unit)	UNKNOWN STEP	2026-10-09T07:31:16.5999803Z  ^[[32m✓^[[39m src/features/explorer/components/BlockDetailView/BlockDetailView.test.tsx ^[[2m(^[[22m^[[2m3 tests^[[22m^[[2m)^[[22m^[[32m 285^[[2mms^[[22m^[[39m
validate-code / unit-tests (test:unit)	UNKNOWN STEP	2026-10-09T07:31:19.7973349Z  ^[[32m✓^[[39m src/features/tokens/components/TokenActivity/TokenActivity.test.tsx ^[[2m(^[[22m^[[2m3 tests^[[22m^[[2m)^[[22m^[[33m 438^[[2mms^[[22m^[[39m
validate-code / unit-tests (test:unit)	UNKNOWN STEP	2026-10-09T07:31:21.0713530Z  ^[[32m✓^[[39m src/features/portfolio/domain/derive-portfolio.test.ts ^[[2m(^[[22m^[[2m2 tests^[[22m^[[2m)^[[22m^[[32m 7^[[2mms^[[22m^[[39m
validate-code / unit-tests (test:unit)	UNKNOWN STEP	2026-10-09T07:31:22.1611375Z  ^[[32m✓^[[39m src/features/charting/components/TradingViewMarketChart/depthChart.test.ts ^[[2m(^[[22m^[[2m7 tests^[[22m^[[2m)^[[22m^[[32m 9^[[2mms^[[22m^[[39m
validate-code / unit-tests (test:unit)	UNKNOWN STEP	2026-10-09T07:31:23.2159081Z  ^[[32m✓^[[39m src/features/perpetuals/domain/Position/helpers/tpslFromOrders.test.ts ^[[2m(^[[22m^[[2m5 tests^[[22m^[[2m)^[[22m^[[32m 8^[[2mms^[[22m^[[39m
validate-code / unit-tests (test:unit)	UNKNOWN STEP	2026-10-09T07:31:24.3403963Z  ^[[32m✓^[[39m src/lib/throttled-callback.test.ts ^[[2m(^[[22m^[[2m10 tests^[[22m^[[2m)^[[22m^[[32m 15^[[2mms^[[22m^[[39m
validate-code / unit-tests (test:unit)	UNKNOWN STEP	2026-10-09T07:31:25.4086231Z  ^[[32m✓^[[39m src/features/perpetuals/domain/Order/validation.test.ts ^[[2m(^[[22m^[[2m22 tests^[[22m^[[2m)^[[22m^[[32m 8^[[2mms^[[22m^[[39m
validate-code / unit-tests (test:unit)	UNKNOWN STEP	2026-10-09T07:31:27.0365518Z  ^[[32m✓^[[39m src/features/perpetuals/infra/perps-controller/trigger-edit.test.ts ^[[2m(^[[22m^[[2m14 tests^[[22m^[[2m)^[[22m^[[32m 8^[[2mms^[[22m^[[39m
validate-code / unit-tests (test:unit)	UNKNOWN STEP	2026-10-09T07:31:29.9697378Z  ^[[32m✓^[[39m src/features/bots/components/TradeHistoryTable/TradeHistoryTable.test.tsx ^[[2m(^[[22m^[[2m5 tests^[[22m^[[2m)^[[22m^[[33m 440^[[2mms^[[22m^[[39m
validate-code / unit-tests (test:unit)	UNKNOWN STEP	2026-10-09T07:31:32.8201490Z  ^[[32m✓^[[39m src/features/card/components/MetalCardSection/MetalCardSection.test.tsx ^[[2m(^[[22m^[[2m3 tests^[[22m^[[2m)^[[22m^[[32m 286^[[2mms^[[22m^[[39m
validate-code / unit-tests (test:unit)	UNKNOWN STEP	2026-10-09T07:31:35.2777217Z  ^[[32m✓^[[39m src/features/ecosystems/components/ExploreSitesSection.test.tsx ^[[2m(^[[22m^[[2m2 tests^[[22m^[[2m)^[[22m^[[32m 102^[[2mms^[[22m^[[39m
validate-code / unit-tests (test:unit)	UNKNOWN STEP	2026-10-09T07:31:39.3361657Z  ^[[32m✓^[[39m src/features/perpetuals/order/components/OrderForm/OrderFormTabs/OrderFormTabs.test.tsx ^[[2m(^[[22m^[[2m12 tests^[[22m^[[2m)^[[22m^[[33m 1246^[[2mms^[[22m^[[39m
validate-code / unit-tests (test:unit)	UNKNOWN STEP	2026-10-09T07:31:42.0124664Z  ^[[32m✓^[[39m src/features/card/hooks/useSupportedRegions.test.tsx ^[[2m(^[[22m^[[2m3 tests^[[22m^[[2m)^[[22m^[[32m 123^[[2mms^[[22m^[[39m
validate-code / unit-tests (test:unit)	UNKNOWN STEP	2026-10-09T07:31:44.5297435Z  ^[[32m✓^[[39m src/features/ecosystems/components/EventsSection.test.tsx ^[[2m(^[[22m^[[2m2 tests^[[22m^[[2m)^[[22m^[[32m 96^[[2mms^[[22m^[[39m
validate-code / unit-tests (test:unit)	UNKNOWN STEP	2026-10-09T07:31:47.3282674Z  ^[[32m✓^[[39m src/features/ecosystems/components/PremiumPartnersSection.test.tsx ^[[2m(^[[22m^[[2m2 tests^[[22m^[[2m)^[[22m^[[32m 99^[[2mms^[[22m^[[39m
validate-code / unit-tests (test:unit)	UNKNOWN STEP	2026-10-09T07:31:50.4506321Z ^[[90mstderr^[[2m | src/core/providers/client.ssr.test.tsx^[[2m > ^[[22m^[[2mAppProviders server render^[[2m > ^[[22m^[[2mdoes not carry one request's wallet connection into the next
validate-code / unit-tests (test:unit)	UNKNOWN STEP	2026-10-09T07:31:50.4509994Z ^[[22m^[[39mThe current testing environment is not configured to support act(...)
validate-code / unit-tests (test:unit)	UNKNOWN STEP	2026-10-09T07:31:50.4511368Z The current testing environment is not configured to support act(...)
validate-code / unit-tests (test:unit)	UNKNOWN STEP	2026-10-09T07:31:50.4512774Z The current testing environment is not configured to support act(...)
validate-code / unit-tests (test:unit)	UNKNOWN STEP	2026-10-09T07:31:50.4514002Z The current testing environment is not configured to support act(...)
validate-code / unit-tests (test:unit)	UNKNOWN STEP	2026-10-09T07:31:50.4515156Z The current testing environment is not configured to support act(...)
validate-code / unit-tests (test:unit)	UNKNOWN STEP	2026-10-09T07:31:50.4516298Z The current testing environment is not configured to support act(...)
validate-code / unit-tests (test:unit)	UNKNOWN STEP	2026-10-09T07:31:50.4517757Z The current testing environment is not configured to support act(...)
validate-code / unit-tests (test:unit)	UNKNOWN STEP	2026-10-09T07:31:50.4518859Z The current testing environment is not configured to support act(...)
validate-code / unit-tests (test:unit)	UNKNOWN STEP	2026-10-09T07:31:50.4520004Z The current testing environment is not configured to support act(...)
validate-code / unit-tests (test:unit)	UNKNOWN STEP	2026-10-09T07:31:50.4521132Z The current testing environment is not configured to support act(...)
validate-code / unit-tests (test:unit)	UNKNOWN STEP	2026-10-09T07:31:50.4522245Z The current testing environment is not configured to support act(...)
validate-code / unit-tests (test:unit)	UNKNOWN STEP	2026-10-09T07:31:50.4523372Z The current testing environment is not configured to support act(...)
validate-code / unit-tests (test:unit)	UNKNOWN STEP	2026-10-09T07:31:50.4524129Z 
validate-code / unit-tests (test:unit)	UNKNOWN STEP	2026-10-09T07:31:50.4549108Z ^[[90mstderr^[[2m | src/core/providers/client.ssr.test.tsx^[[2m > ^[[22m^[[2mAppProviders server render^[[2m > ^[[22m^[[2mdoes not carry one request's wallet connection into the next
validate-code / unit-tests (test:unit)	UNKNOWN STEP	2026-10-09T07:31:50.4553261Z ^[[22m^[[39mThe current testing environment is not configured to support act(...)
validate-code / unit-tests (test:unit)	UNKNOWN STEP	2026-10-09T07:31:50.4554161Z 
validate-code / unit-tests (test:unit)	UNKNOWN STEP	2026-10-09T07:31:50.6097843Z  ^[[32m✓^[[39m src/core/providers/client.ssr.test.tsx ^[[2m(^[[22m^[[2m1 test^[[22m^[[2m)^[[22m^[[32m 176^[[2mms^[[22m^[[39m
validate-code / unit-tests (test:unit)	UNKNOWN STEP	2026-10-09T07:31:51.8732851Z  ^[[32m✓^[[39m electron/services/wallet-signer.test.ts ^[[2m(^[[22m^[[2m5 tests^[[22m^[[2m)^[[22m^[[32m 8^[[2mms^[[22m^[[39m
validate-code / unit-tests (test:unit)	UNKNOWN STEP	2026-10-09T07:31:52.9666035Z  ^[[32m✓^[[39m src/core/services/featureFlag.server.test.ts ^[[2m(^[[22m^[[2m5 tests^[[22m^[[2m)^[[22m^[[32m 25^[[2mms^[[22m^[[39m
validate-code / unit-tests (test:unit)	UNKNOWN STEP	2026-10-09T07:31:54.0311294Z  ^[[32m✓^[[39m src/features/perpetuals/domain/Order/order-line.test.ts ^[[2m(^[[22m^[[2m11 tests^[[22m^[[2m)^[[22m^[[32m 8^[[2mms^[[22m^[[39m
validate-code / unit-tests (test:unit)	UNKNOWN STEP	2026-10-09T07:31:56.9939989Z  ^[[32m✓^[[39m src/features/portfolio/components/tabs/TokensTab.hyperliquid.test.tsx ^[[2m(^[[22m^[[2m3 tests^[[22m^[[2m)^[[22m^[[33m 390^[[2mms^[[22m^[[39m
validate-code / unit-tests (test:unit)	UNKNOWN STEP	2026-10-09T07:32:00.1233879Z  ^[[32m✓^[[39m src/components/ui/Popover/Popover.test.tsx ^[[2m(^[[22m^[[2m4 tests^[[22m^[[2m)^[[22m^[[33m 559^[[2mms^[[22m^[[39m
validate-code / unit-tests (test:unit)	UNKNOWN STEP	2026-10-09T07:32:01.2152098Z  ^[[32m✓^[[39m src/features/accounts/other-networks.test.ts ^[[2m(^[[22m^[[2m6 tests^[[22m^[[2m)^[[22m^[[32m 11^[[2mms^[[22m^[[39m
validate-code / unit-tests (test:unit)	UNKNOWN STEP	2026-10-09T07:32:02.3318569Z  ^[[32m✓^[[39m src/features/charting/tradingview/providers/PriceApiTradingDataProvider.test.ts ^[[2m(^[[22m^[[2m2 tests^[[22m^[[2m)^[[22m^[[32m 43^[[2mms^[[22m^[[39m
validate-code / unit-tests (test:unit)	UNKNOWN STEP	2026-10-09T07:32:03.5560870Z  ^[[32m✓^[[39m src/core/shortcuts/useTradingShortcuts.test.tsx ^[[2m(^[[22m^[[2m6 tests^[[22m^[[2m)^[[22m^[[32m 48^[[2mms^[[22m^[[39m
validate-code / unit-tests (test:unit)	UNKNOWN STEP	2026-10-09T07:32:06.2933774Z  ^[[32m✓^[[39m src/features/card/components/CardGeoAvailableSection/CardGeoAvailableSection.test.tsx ^[[2m(^[[22m^[[2m2 tests^[[22m^[[2m)^[[22m^[[32m 160^[[2mms^[[22m^[[39m
validate-code / unit-tests (test:unit)	UNKNOWN STEP	2026-10-09T07:32:09.1938282Z  ^[[32m✓^[[39m src/features/perpetuals/order/components/OrderForm/OrderFormDirectionToggle/OrderFormDirectionToggle.test.tsx ^[[2m(^[[22m^[[2m3 tests^[[22m^[[2m)^[[22m^[[32m 281^[[2mms^[[22m^[[39m
validate-code / unit-tests (test:unit)	UNKNOWN STEP	2026-10-09T07:32:10.2867479Z  ^[[32m✓^[[39m src/core/integrations/launchdarkly.server.test.ts ^[[2m(^[[22m^[[2m3 tests^[[22m^[[2m)^[[22m^[[32m 16^[[2mms^[[22m^[[39m
validate-code / unit-tests (test:unit)	UNKNOWN STEP	2026-10-09T07:32:13.1234907Z  ^[[32m✓^[[39m src/components/layout/AppUpdateButton.test.tsx ^[[2m(^[[22m^[[2m4 tests^[[22m^[[2m)^[[22m^[[33m 322^[[2mms^[[22m^[[39m
validate-code / unit-tests (test:unit)	UNKNOWN STEP	2026-10-09T07:32:15.9151217Z  ^[[32m✓^[[39m src/features/ecosystems/components/NetworkSelector/NetworkSelector.test.tsx ^[[2m(^[[22m^[[2m3 tests^[[22m^[[2m)^[[22m^[[32m 223^[[2mms^[[22m^[[39m
validate-code / unit-tests (test:unit)	UNKNOWN STEP	2026-10-09T07:32:17.2445158Z  ^[[32m✓^[[39m src/features/accounts/wallet-accounts.test.ts ^[[2m(^[[22m^[[2m6 tests^[[22m^[[2m)^[[22m^[[32m 21^[[2mms^[[22m^[[39m
validate-code / unit-tests (test:unit)	UNKNOWN STEP	2026-10-09T07:32:18.3523394Z  ^[[32m✓^[[39m src/features/perpetuals/order/utils/buildOrderHeaderStats.test.ts ^[[2m(^[[22m^[[2m3 tests^[[22m^[[2m)^[[22m^[[32m 22^[[2mms^[[22m^[[39m
validate-code / unit-tests (test:unit)	UNKNOWN STEP	2026-10-09T07:32:19.4248551Z  ^[[32m✓^[[39m src/features/perpetuals/domain/Order/helpers/OrderBuilder.test.ts ^[[2m(^[[22m^[[2m6 tests^[[22m^[[2m)^[[22m^[[32m 8^[[2mms^[[22m^[[39m
validate-code / unit-tests (test:unit)	UNKNOWN STEP	2026-10-09T07:32:20.5198828Z  ^[[32m✓^[[39m src/features/portfolio/domain/resolve-trade-market.test.ts ^[[2m(^[[22m^[[2m8 tests^[[22m^[[2m)^[[22m^[[32m 7^[[2mms^[[22m^[[39m
validate-code / unit-tests (test:unit)	UNKNOWN STEP	2026-10-09T07:32:23.4550327Z  ^[[32m✓^[[39m src/features/accounts/components/AddAccountModal.test.tsx ^[[2m(^[[22m^[[2m2 tests^[[22m^[[2m)^[[22m^[[33m 376^[[2mms^[[22m^[[39m
validate-code / unit-tests (test:unit)	UNKNOWN STEP	2026-10-09T07:32:23.4556459Z    ^[[33m^[[2m✓^[[22m^[[39m AddAccountModal^[[2m > ^[[22moffers Coinbase and Binance connect actions without writing tokens to localStorage ^[[33m 307^[[2mms^[[22m^[[39m
validate-code / unit-tests (test:unit)	UNKNOWN STEP	2026-10-09T07:32:24.5903098Z  ^[[32m✓^[[39m src/features/accounts/storage.test.ts ^[[2m(^[[22m^[[2m5 tests^[[22m^[[2m)^[[22m^[[32m 7^[[2mms^[[22m^[[39m
validate-code / unit-tests (test:unit)	UNKNOWN STEP	2026-10-09T07:32:25.9079378Z  ^[[32m✓^[[39m src/features/perpetuals/order/queries/order-queries.open-orders.test.tsx ^[[2m(^[[22m^[[2m1 test^[[22m^[[2m)^[[22m^[[32m 77^[[2mms^[[22m^[[39m
validate-code / unit-tests (test:unit)	UNKNOWN STEP	2026-10-09T07:32:27.0419994Z  ^[[32m✓^[[39m electron/services/app-update-state.test.ts ^[[2m(^[[22m^[[2m6 tests^[[22m^[[2m)^[[22m^[[32m 17^[[2mms^[[22m^[[39m
validate-code / unit-tests (test:unit)	UNKNOWN STEP	2026-10-09T07:32:30.4820402Z ^[[90mstderr^[[2m | src/features/portfolio/components/PortfolioDashboard.test.tsx^[[2m > ^[[22m^[[2mPortfolioDashboard^[[2m > ^[[22m^[[2mshows connect empty state and action buttons
validate-code / unit-tests (test:unit)	UNKNOWN STEP	2026-10-09T07:32:30.4838603Z ^[[22m^[[39mA PressResponder was rendered without a pressable child. Either call the usePress hook, or wrap your DOM node with <Pressable> component.
validate-code / unit-tests (test:unit)	UNKNOWN STEP	2026-10-09T07:32:30.4858172Z A PressResponder was rendered without a pressable child. Either call the usePress hook, or wrap your DOM node with <Pressable> component.
validate-code / unit-tests (test:unit)	UNKNOWN STEP	2026-10-09T07:32:30.4859202Z 
validate-code / unit-tests (test:unit)	UNKNOWN STEP	2026-10-09T07:32:30.7172595Z ^[[90mstderr^[[2m | src/features/portfolio/components/PortfolioDashboard.test.tsx^[[2m > ^[[22m^[[2mPortfolioDashboard^[[2m > ^[[22m^[[2mshows a unified total after a watched address is imported
validate-code / unit-tests (test:unit)	UNKNOWN STEP	2026-10-09T07:32:30.7175501Z ^[[22m^[[39mA PressResponder was rendered without a pressable child. Either call the usePress hook, or wrap your DOM node with <Pressable> component.
validate-code / unit-tests (test:unit)	UNKNOWN STEP	2026-10-09T07:32:30.7177764Z A PressResponder was rendered without a pressable child. Either call the usePress hook, or wrap your DOM node with <Pressable> component.
validate-code / unit-tests (test:unit)	UNKNOWN STEP	2026-10-09T07:32:30.7178995Z 
validate-code / unit-tests (test:unit)	UNKNOWN STEP	2026-10-09T07:32:31.3932693Z ^[[90mstderr^[[2m | src/features/portfolio/components/PortfolioDashboard.test.tsx^[[2m > ^[[22m^[[2mPortfolioDashboard^[[2m > ^[[22m^[[2mhides balances when the visibility toggle is pressed
validate-code / unit-tests (test:unit)	UNKNOWN STEP	2026-10-09T07:32:31.3935411Z ^[[22m^[[39mA PressResponder was rendered without a pressable child. Either call the usePress hook, or wrap your DOM node with <Pressable> component.
validate-code / unit-tests (test:unit)	UNKNOWN STEP	2026-10-09T07:32:31.3937585Z A PressResponder was rendered without a pressable child. Either call the usePress hook, or wrap your DOM node with <Pressable> component.
validate-code / unit-tests (test:unit)	UNKNOWN STEP	2026-10-09T07:32:31.3938841Z 
validate-code / unit-tests (test:unit)	UNKNOWN STEP	2026-10-09T07:32:32.2201953Z  ^[[32m✓^[[39m src/features/portfolio/components/PortfolioDashboard.test.tsx ^[[2m(^[[22m^[[2m3 tests^[[22m^[[2m)^[[22m^[[33m 1983^[[2mms^[[22m^[[39m
validate-code / unit-tests (test:unit)	UNKNOWN STEP	2026-10-09T07:32:32.2262543Z    ^[[33m^[[2m✓^[[22m^[[39m PortfolioDashboard^[[2m > ^[[22mshows connect empty state and action buttons ^[[33m 507^[[2mms^[[22m^[[39m
validate-code / unit-tests (test:unit)	UNKNOWN STEP	2026-10-09T07:32:32.2328533Z    ^[[33m^[[2m✓^[[22m^[[39m PortfolioDashboard^[[2m > ^[[22mshows a unified total after a watched address is imported ^[[33m 676^[[2mms^[[22m^[[39m
validate-code / unit-tests (test:unit)	UNKNOWN STEP	2026-10-09T07:32:32.2368008Z    ^[[33m^[[2m✓^[[22m^[[39m PortfolioDashboard^[[2m > ^[[22mhides balances when the visibility toggle is pressed ^[[33m 793^[[2mms^[[22m^[[39m
validate-code / unit-tests (test:unit)	UNKNOWN STEP	2026-10-09T07:32:33.4501441Z  ^[[32m✓^[[39m src/features/perpetuals/domain/select-drawer-markets.test.ts ^[[2m(^[[22m^[[2m6 tests^[[22m^[[2m)^[[22m^[[32m 7^[[2mms^[[22m^[[39m
validate-code / unit-tests (test:unit)	UNKNOWN STEP	2026-10-09T07:32:36.2985598Z  ^[[32m✓^[[39m src/features/ecosystems/components/Hero.test.tsx ^[[2m(^[[22m^[[2m2 tests^[[22m^[[2m)^[[22m^[[32m 112^[[2mms^[[22m^[[39m
validate-code / unit-tests (test:unit)	UNKNOWN STEP	2026-10-09T07:32:37.4155916Z  ^[[32m✓^[[39m src/features/ramps/ramps-client.test.ts ^[[2m(^[[22m^[[2m2 tests^[[22m^[[2m)^[[22m^[[32m 7^[[2mms^[[22m^[[39m
validate-code / unit-tests (test:unit)	UNKNOWN STEP	2026-10-09T07:32:40.4099182Z  ^[[32m✓^[[39m src/features/perpetuals/order/components/OrderForm/AmountToggleButton/AmountToggleButton.test.tsx ^[[2m(^[[22m^[[2m6 tests^[[22m^[[2m)^[[22m^[[33m 371^[[2mms^[[22m^[[39m
validate-code / unit-tests (test:unit)	UNKNOWN STEP	2026-10-09T07:32:43.2403419Z  ^[[32m✓^[[39m src/features/card/hooks/useCardData.test.tsx ^[[2m(^[[22m^[[2m4 tests^[[22m^[[2m)^[[22m^[[32m 269^[[2mms^[[22m^[[39m
validate-code / unit-tests (test:unit)	UNKNOWN STEP	2026-10-09T07:32:44.5630483Z  ^[[32m✓^[[39m src/features/portfolio/domain/derive-hyperliquid-portfolio.test.ts ^[[2m(^[[22m^[[2m2 tests^[[22m^[[2m)^[[22m^[[32m 7^[[2mms^[[22m^[[39m
validate-code / unit-tests (test:unit)	UNKNOWN STEP	2026-10-09T07:32:47.6740625Z  ^[[32m✓^[[39m src/features/send/components/TransferPage.test.tsx ^[[2m(^[[22m^[[2m2 tests^[[22m^[[2m)^[[22m^[[33m 465^[[2mms^[[22m^[[39m
validate-code / unit-tests (test:unit)	UNKNOWN STEP	2026-10-09T07:32:50.3703286Z  ^[[32m✓^[[39m src/features/card/components/HubspotForm/HubSpotScript.test.tsx ^[[2m(^[[22m^[[2m2 tests^[[22m^[[2m)^[[22m^[[32m 161^[[2mms^[[22m^[[39m
validate-code / unit-tests (test:unit)	UNKNOWN STEP	2026-10-09T07:32:51.6027491Z  ^[[32m✓^[[39m src/features/perpetuals/infra/perps-controller/PerpsControllerSession.test.tsx ^[[2m(^[[22m^[[2m4 tests^[[22m^[[2m)^[[22m^[[32m 27^[[2mms^[[22m^[[39m
validate-code / unit-tests (test:unit)	UNKNOWN STEP	2026-10-09T07:32:53.9360224Z ^[[90mstderr^[[2m | src/features/perpetuals/order/components/OrderHeader/OrderHeader.hydration.test.tsx^[[2m > ^[[22m^[[2mOrderHeader hydration^[[2m > ^[[22m^[[2mrenders the prefetched price on the server and hydrates without a mismatch
validate-code / unit-tests (test:unit)	UNKNOWN STEP	2026-10-09T07:32:53.9377806Z ^[[22m^[[39mDetected multiple renderers concurrently rendering the same context provider. This is currently unsupported.
validate-code / unit-tests (test:unit)	UNKNOWN STEP	2026-10-09T07:32:53.9379635Z Detected multiple renderers concurrently rendering the same context provider. This is currently unsupported.
validate-code / unit-tests (test:unit)	UNKNOWN STEP	2026-10-09T07:32:53.9381453Z Detected multiple renderers concurrently rendering the same context provider. This is currently unsupported.
validate-code / unit-tests (test:unit)	UNKNOWN STEP	2026-10-09T07:32:53.9383274Z Detected multiple renderers concurrently rendering the same context provider. This is currently unsupported.
validate-code / unit-tests (test:unit)	UNKNOWN STEP	2026-10-09T07:32:53.9384967Z Detected multiple renderers concurrently rendering the same context provider. This is currently unsupported.
validate-code / unit-tests (test:unit)	UNKNOWN STEP	2026-10-09T07:32:53.9386625Z Detected multiple renderers concurrently rendering the same context provider. This is currently unsupported.
validate-code / unit-tests (test:unit)	UNKNOWN STEP	2026-10-09T07:32:53.9388454Z Detected multiple renderers concurrently rendering the same context provider. This is currently unsupported.
validate-code / unit-tests (test:unit)	UNKNOWN STEP	2026-10-09T07:32:53.9390062Z Detected multiple renderers concurrently rendering the same context provider. This is currently unsupported.
validate-code / unit-tests (test:unit)	UNKNOWN STEP	2026-10-09T07:32:53.9391716Z Detected multiple renderers concurrently rendering the same context provider. This is currently unsupported.
validate-code / unit-tests (test:unit)	UNKNOWN STEP	2026-10-09T07:32:53.9393378Z Detected multiple renderers concurrently rendering the same context provider. This is currently unsupported.
validate-code / unit-tests (test:unit)	UNKNOWN STEP	2026-10-09T07:32:53.9395028Z Detected multiple renderers concurrently rendering the same context provider. This is currently unsupported.
validate-code / unit-tests (test:unit)	UNKNOWN STEP	2026-10-09T07:32:53.9396656Z Detected multiple renderers concurrently rendering the same context provider. This is currently unsupported.
validate-code / unit-tests (test:unit)	UNKNOWN STEP	2026-10-09T07:32:53.9398599Z Detected multiple renderers concurrently rendering the same context provider. This is currently unsupported.
validate-code / unit-tests (test:unit)	UNKNOWN STEP	2026-10-09T07:32:53.9400314Z Detected multiple renderers concurrently rendering the same context provider. This is currently unsupported.
validate-code / unit-tests (test:unit)	UNKNOWN STEP	2026-10-09T07:32:53.9401999Z Detected multiple renderers concurrently rendering the same context provider. This is currently unsupported.
validate-code / unit-tests (test:unit)	UNKNOWN STEP	2026-10-09T07:32:53.9403663Z Detected multiple renderers concurrently rendering the same context provider. This is currently unsupported.
validate-code / unit-tests (test:unit)	UNKNOWN STEP	2026-10-09T07:32:53.9405322Z Detected multiple renderers concurrently rendering the same context provider. This is currently unsupported.
validate-code / unit-tests (test:unit)	UNKNOWN STEP	2026-10-09T07:32:53.9407166Z Detected multiple renderers concurrently rendering the same context provider. This is currently unsupported.
validate-code / unit-tests (test:unit)	UNKNOWN STEP	2026-10-09T07:32:53.9408203Z 
validate-code / unit-tests (test:unit)	UNKNOWN STEP	2026-10-09T07:32:53.9553661Z ^[[90mstderr^[[2m | src/features/perpetuals/order/components/OrderHeader/OrderHeader.hydration.test.tsx^[[2m > ^[[22m^[[2mOrderHeader hydration^[[2m > ^[[22m^[[2mrenders the prefetched price on the server and hydrates without a mismatch
validate-code / unit-tests (test:unit)	UNKNOWN STEP	2026-10-09T07:32:53.9578216Z ^[[22m^[[39mThe current testing environment is not configured to support act(...)
validate-code / unit-tests (test:unit)	UNKNOWN STEP	2026-10-09T07:32:53.9598090Z The current testing environment is not configured to support act(...)
validate-code / unit-tests (test:unit)	UNKNOWN STEP	2026-10-09T07:32:53.9606512Z The current testing environment is not configured to support act(...)
validate-code / unit-tests (test:unit)	UNKNOWN STEP	2026-10-09T07:32:53.9610855Z The current testing environment is not configured to support act(...)
validate-code / unit-tests (test:unit)	UNKNOWN STEP	2026-10-09T07:32:53.9612110Z The current testing environment is not configured to support act(...)
validate-code / unit-tests (test:unit)	UNKNOWN STEP	2026-10-09T07:32:53.9613290Z The current testing environment is not configured to support act(...)
validate-code / unit-tests (test:unit)	UNKNOWN STEP	2026-10-09T07:32:53.9614541Z The current testing environment is not configured to support act(...)
validate-code / unit-tests (test:unit)	UNKNOWN STEP	2026-10-09T07:32:53.9615689Z The current testing environment is not configured to support act(...)
validate-code / unit-tests (test:unit)	UNKNOWN STEP	2026-10-09T07:32:53.9616984Z The current testing environment is not configured to support act(...)
validate-code / unit-tests (test:unit)	UNKNOWN STEP	2026-10-09T07:32:53.9618158Z The current testing environment is not configured to support act(...)
validate-code / unit-tests (test:unit)	UNKNOWN STEP	2026-10-09T07:32:53.9619295Z The current testing environment is not configured to support act(...)
validate-code / unit-tests (test:unit)	UNKNOWN STEP	2026-10-09T07:32:53.9620446Z The current testing environment is not configured to support act(...)
validate-code / unit-tests (test:unit)	UNKNOWN STEP	2026-10-09T07:32:53.9621595Z The current testing environment is not configured to support act(...)
validate-code / unit-tests (test:unit)	UNKNOWN STEP	2026-10-09T07:32:53.9637737Z The current testing environment is not configured to support act(...)
validate-code / unit-tests (test:unit)	UNKNOWN STEP	2026-10-09T07:32:53.9642240Z The current testing environment is not configured to support act(...)
validate-code / unit-tests (test:unit)	UNKNOWN STEP	2026-10-09T07:32:53.9643462Z The current testing environment is not configured to support act(...)
validate-code / unit-tests (test:unit)	UNKNOWN STEP	2026-10-09T07:32:53.9644925Z Detected multiple renderers concurrently rendering the same context provider. This is currently unsupported.
validate-code / unit-tests (test:unit)	UNKNOWN STEP	2026-10-09T07:32:53.9646624Z Detected multiple renderers concurrently rendering the same context provider. This is currently unsupported.
validate-code / unit-tests (test:unit)	UNKNOWN STEP	2026-10-09T07:32:53.9648489Z Detected multiple renderers concurrently rendering the same context provider. This is currently unsupported.
validate-code / unit-tests (test:unit)	UNKNOWN STEP	2026-10-09T07:32:53.9650150Z Detected multiple renderers concurrently rendering the same context provider. This is currently unsupported.
validate-code / unit-tests (test:unit)	UNKNOWN STEP	2026-10-09T07:32:53.9651830Z Detected multiple renderers concurrently rendering the same context provider. This is currently unsupported.
validate-code / unit-tests (test:unit)	UNKNOWN STEP	2026-10-09T07:32:53.9653477Z Detected multiple renderers concurrently rendering the same context provider. This is currently unsupported.
validate-code / unit-tests (test:unit)	UNKNOWN STEP	2026-10-09T07:32:53.9655087Z Detected multiple renderers concurrently rendering the same context provider. This is currently unsupported.
validate-code / unit-tests (test:unit)	UNKNOWN STEP	2026-10-09T07:32:53.9656703Z Detected multiple renderers concurrently rendering the same context provider. This is currently unsupported.
validate-code / unit-tests (test:unit)	UNKNOWN STEP	2026-10-09T07:32:53.9658553Z Detected multiple renderers concurrently rendering the same context provider. This is currently unsupported.
validate-code / unit-tests (test:unit)	UNKNOWN STEP	2026-10-09T07:32:53.9660209Z Detected multiple renderers concurrently rendering the same context provider. This is currently unsupported.
validate-code / unit-tests (test:unit)	UNKNOWN STEP	2026-10-09T07:32:53.9661854Z Detected multiple renderers concurrently rendering the same context provider. This is currently unsupported.
validate-code / unit-tests (test:unit)	UNKNOWN STEP	2026-10-09T07:32:53.9663491Z Detected multiple renderers concurrently rendering the same context provider. This is currently unsupported.
validate-code / unit-tests (test:unit)	UNKNOWN STEP	2026-10-09T07:32:53.9665129Z Detected multiple renderers concurrently rendering the same context provider. This is currently unsupported.
validate-code / unit-tests (test:unit)	UNKNOWN STEP	2026-10-09T07:32:53.9666761Z Detected multiple renderers concurrently rendering the same context provider. This is currently unsupported.
validate-code / unit-tests (test:unit)	UNKNOWN STEP	2026-10-09T07:32:53.9668604Z Detected multiple renderers concurrently rendering the same context provider. This is currently unsupported.
validate-code / unit-tests (test:unit)	UNKNOWN STEP	2026-10-09T07:32:53.9670216Z Detected multiple renderers concurrently rendering the same context provider. This is currently unsupported.
validate-code / unit-tests (test:unit)	UNKNOWN STEP	2026-10-09T07:32:53.9671891Z Detected multiple renderers concurrently rendering the same context provider. This is currently unsupported.
validate-code / unit-tests (test:unit)	UNKNOWN STEP	2026-10-09T07:32:53.9673904Z Detected multiple renderers concurrently rendering the same context provider. This is currently unsupported.
validate-code / unit-tests (test:unit)	UNKNOWN STEP	2026-10-09T07:32:53.9675549Z Detected multiple renderers concurrently rendering the same context provider. This is currently unsupported.
validate-code / unit-tests (test:unit)	UNKNOWN STEP	2026-10-09T07:32:53.9676688Z 
validate-code / unit-tests (test:unit)	UNKNOWN STEP	2026-10-09T07:32:53.9799007Z ^[[90mstderr^[[2m | src/features/perpetuals/order/components/OrderHeader/OrderHeader.hydration.test.tsx^[[2m > ^[[22m^[[2mOrderHeader hydration^[[2m > ^[[22m^[[2mrenders the prefetched price on the server and hydrates without a mismatch
validate-code / unit-tests (test:unit)	UNKNOWN STEP	2026-10-09T07:32:53.9807983Z ^[[22m^[[39mThe current testing environment is not configured to support act(...)
validate-code / unit-tests (test:unit)	UNKNOWN STEP	2026-10-09T07:32:53.9808911Z 
validate-code / unit-tests (test:unit)	UNKNOWN STEP	2026-10-09T07:32:54.1149036Z  ^[[32m✓^[[39m src/features/perpetuals/order/components/OrderHeader/OrderHeader.hydration.test.tsx ^[[2m(^[[22m^[[2m1 test^[[22m^[[2m)^[[22m^[[32m 130^[[2mms^[[22m^[[39m
validate-code / unit-tests (test:unit)	UNKNOWN STEP	2026-10-09T07:32:55.2302998Z  ^[[32m✓^[[39m src/features/perpetuals/order/utils/persist-order-draft.test.ts ^[[2m(^[[22m^[[2m5 tests^[[22m^[[2m)^[[22m^[[32m 8^[[2mms^[[22m^[[39m
validate-code / unit-tests (test:unit)	UNKNOWN STEP	2026-10-09T07:32:56.3161176Z  ^[[32m✓^[[39m src/features/perpetuals/order/utils/orderSizing.test.ts ^[[2m(^[[22m^[[2m9 tests^[[22m^[[2m)^[[22m^[[32m 9^[[2mms^[[22m^[[39m
validate-code / unit-tests (test:unit)	UNKNOWN STEP	2026-10-09T07:32:57.4151716Z  ^[[32m✓^[[39m src/features/perpetuals/domain/market-watchlist-storage.test.ts ^[[2m(^[[22m^[[2m5 tests^[[22m^[[2m)^[[22m^[[32m 9^[[2mms^[[22m^[[39m
validate-code / unit-tests (test:unit)	UNKNOWN STEP	2026-10-09T07:33:00.1450727Z  ^[[32m✓^[[39m src/components/layout/ElectronMasterBalance.test.tsx ^[[2m(^[[22m^[[2m3 tests^[[22m^[[2m)^[[22m^[[32m 180^[[2mms^[[22m^[[39m
validate-code / unit-tests (test:unit)	UNKNOWN STEP	2026-10-09T07:33:01.2891510Z  ^[[32m✓^[[39m src/features/card/hooks/useEligibleCountries.test.ts ^[[2m(^[[22m^[[2m2 tests^[[22m^[[2m)^[[22m^[[32m 26^[[2mms^[[22m^[[39m
validate-code / unit-tests (test:unit)	UNKNOWN STEP	2026-10-09T07:33:02.3730796Z  ^[[32m✓^[[39m electron/strategies/ema-crossover.test.ts ^[[2m(^[[22m^[[2m2 tests^[[22m^[[2m)^[[22m^[[32m 6^[[2mms^[[22m^[[39m
validate-code / unit-tests (test:unit)	UNKNOWN STEP	2026-10-09T07:33:03.4910368Z  ^[[32m✓^[[39m src/features/perpetuals/domain/Order/slippage.test.ts ^[[2m(^[[22m^[[2m9 tests^[[22m^[[2m)^[[22m^[[32m 6^[[2mms^[[22m^[[39m
validate-code / unit-tests (test:unit)	UNKNOWN STEP	2026-10-09T07:33:04.6146690Z  ^[[32m✓^[[39m src/features/tokens/domain/watchlist-storage.test.ts ^[[2m(^[[22m^[[2m3 tests^[[22m^[[2m)^[[22m^[[32m 8^[[2mms^[[22m^[[39m
validate-code / unit-tests (test:unit)	UNKNOWN STEP	2026-10-09T07:33:07.2928786Z  ^[[32m✓^[[39m src/features/tokens/api/token-holders.test.ts ^[[2m(^[[22m^[[2m3 tests^[[22m^[[2m)^[[22m^[[32m 90^[[2mms^[[22m^[[39m
validate-code / unit-tests (test:unit)	UNKNOWN STEP	2026-10-09T07:33:10.1294336Z  ^[[32m✓^[[39m src/features/perpetuals/order/components/OrderHeaderItem/OrderHeaderItem.test.tsx ^[[2m(^[[22m^[[2m4 tests^[[22m^[[2m)^[[22m^[[32m 238^[[2mms^[[22m^[[39m
validate-code / unit-tests (test:unit)	UNKNOWN STEP	2026-10-09T07:33:11.2285735Z  ^[[32m✓^[[39m src/features/perpetuals/infra/perps-controller/agent-key-store.test.ts ^[[2m(^[[22m^[[2m2 tests^[[22m^[[2m)^[[22m^[[32m 7^[[2mms^[[22m^[[39m
validate-code / unit-tests (test:unit)	UNKNOWN STEP	2026-10-09T07:33:12.3045927Z  ^[[32m✓^[[39m electron/services/hyperliquid-order-intents.test.ts ^[[2m(^[[22m^[[2m2 tests^[[22m^[[2m)^[[22m^[[32m 6^[[2mms^[[22m^[[39m
validate-code / unit-tests (test:unit)	UNKNOWN STEP	2026-10-09T07:33:15.6605301Z  ^[[32m✓^[[39m src/features/portfolio/components/tabs/TokensTab.test.tsx ^[[2m(^[[22m^[[2m2 tests^[[22m^[[2m)^[[22m^[[33m 685^[[2mms^[[22m^[[39m
validate-code / unit-tests (test:unit)	UNKNOWN STEP	2026-10-09T07:33:15.6610596Z    ^[[33m^[[2m✓^[[22m^[[39m TokensTab^[[2m > ^[[22mshows aggregated token rows for a watched account ^[[33m 388^[[2mms^[[22m^[[39m
validate-code / unit-tests (test:unit)	UNKNOWN STEP	2026-10-09T07:33:18.2201730Z  ^[[32m✓^[[39m src/features/explorer/api/block-detail.test.ts ^[[2m(^[[22m^[[2m3 tests^[[22m^[[2m)^[[22m^[[32m 71^[[2mms^[[22m^[[39m
validate-code / unit-tests (test:unit)	UNKNOWN STEP	2026-10-09T07:33:20.8892168Z  ^[[32m✓^[[39m src/features/ecosystems/components/MobileDetectionButton/MobileDetectionButton.test.tsx ^[[2m(^[[22m^[[2m2 tests^[[22m^[[2m)^[[22m^[[32m 206^[[2mms^[[22m^[[39m
validate-code / unit-tests (test:unit)	UNKNOWN STEP	2026-10-09T07:33:23.5696456Z  ^[[32m✓^[[39m src/features/perpetuals/order/components/OrderForm/TradingAccountCard.test.tsx ^[[2m(^[[22m^[[2m2 tests^[[22m^[[2m)^[[22m^[[32m 101^[[2mms^[[22m^[[39m
validate-code / unit-tests (test:unit)	UNKNOWN STEP	2026-10-09T07:33:24.8968831Z  ^[[32m✓^[[39m src/core/config/pilot-routes.test.ts ^[[2m(^[[22m^[[2m4 tests^[[22m^[[2m)^[[22m^[[32m 7^[[2mms^[[22m^[[39m
validate-code / unit-tests (test:unit)	UNKNOWN STEP	2026-10-09T07:33:25.9469495Z  ^[[32m✓^[[39m src/features/perpetuals/domain/filter-and-sort-markets.test.ts ^[[2m(^[[22m^[[2m2 tests^[[22m^[[2m)^[[22m^[[32m 7^[[2mms^[[22m^[[39m
validate-code / unit-tests (test:unit)	UNKNOWN STEP	2026-10-09T07:33:27.5909469Z  ^[[32m✓^[[39m src/features/portfolio/queries/use-unified-portfolio.test.ts ^[[2m(^[[22m^[[2m2 tests^[[22m^[[2m)^[[22m^[[32m 6^[[2mms^[[22m^[[39m
validate-code / unit-tests (test:unit)	UNKNOWN STEP	2026-10-09T07:33:30.3089294Z  ^[[32m✓^[[39m src/features/cex/components/CexTransferPanel.test.tsx ^[[2m(^[[22m^[[2m1 test^[[22m^[[2m)^[[22m^[[32m 205^[[2mms^[[22m^[[39m
validate-code / unit-tests (test:unit)	UNKNOWN STEP	2026-10-09T07:33:33.8057454Z  ^[[32m✓^[[39m src/features/portfolio/components/PortfolioFilters.test.tsx ^[[2m(^[[22m^[[2m1 test^[[22m^[[2m)^[[22m^[[33m 640^[[2mms^[[22m^[[39m
validate-code / unit-tests (test:unit)	UNKNOWN STEP	2026-10-09T07:33:33.8066319Z    ^[[33m^[[2m✓^[[22m^[[39m PortfolioFilters^[[2m > ^[[22mopens account and network menus with Portfolio-style labels ^[[33m 636^[[2mms^[[22m^[[39m
validate-code / unit-tests (test:unit)	UNKNOWN STEP	2026-10-09T07:33:36.4325600Z  ^[[32m✓^[[39m src/features/tokens/api/trending-tokens.test.ts ^[[2m(^[[22m^[[2m3 tests^[[22m^[[2m)^[[22m^[[32m 82^[[2mms^[[22m^[[39m
validate-code / unit-tests (test:unit)	UNKNOWN STEP	2026-10-09T07:33:37.5330565Z  ^[[32m✓^[[39m src/features/cex/domain/derive-cex-portfolio.test.ts ^[[2m(^[[22m^[[2m1 test^[[22m^[[2m)^[[22m^[[32m 6^[[2mms^[[22m^[[39m
validate-code / unit-tests (test:unit)	UNKNOWN STEP	2026-10-09T07:33:40.3162375Z  ^[[32m✓^[[39m src/features/perpetuals/order/components/OrderBook/OrderBookSpread.test.tsx ^[[2m(^[[22m^[[2m6 tests^[[22m^[[2m)^[[22m^[[32m 245^[[2mms^[[22m^[[39m
validate-code / unit-tests (test:unit)	UNKNOWN STEP	2026-10-09T07:33:41.4240667Z  ^[[32m✓^[[39m src/features/card/services/card.service.test.ts ^[[2m(^[[22m^[[2m3 tests^[[22m^[[2m)^[[22m^[[32m 9^[[2mms^[[22m^[[39m
validate-code / unit-tests (test:unit)	UNKNOWN STEP	2026-10-09T07:33:43.9396736Z  ^[[32m✓^[[39m src/features/explorer/api/decode-input.test.ts ^[[2m(^[[22m^[[2m3 tests^[[22m^[[2m)^[[22m^[[32m 25^[[2mms^[[22m^[[39m
validate-code / unit-tests (test:unit)	UNKNOWN STEP	2026-10-09T07:33:46.8051127Z  ^[[32m✓^[[39m src/features/stake/components/StakePage.test.tsx ^[[2m(^[[22m^[[2m1 test^[[22m^[[2m)^[[22m^[[32m 295^[[2mms^[[22m^[[39m
validate-code / unit-tests (test:unit)	UNKNOWN STEP	2026-10-09T07:33:47.9017858Z  ^[[32m✓^[[39m src/features/tokens/domain/format-token-market.test.ts ^[[2m(^[[22m^[[2m9 tests^[[22m^[[2m)^[[22m^[[32m 20^[[2mms^[[22m^[[39m
validate-code / unit-tests (test:unit)	UNKNOWN STEP	2026-10-09T07:33:49.0419930Z  ^[[32m✓^[[39m src/features/perpetuals/order/hooks/useFundingCountdown.test.ts ^[[2m(^[[22m^[[2m4 tests^[[22m^[[2m)^[[22m^[[32m 28^[[2mms^[[22m^[[39m
validate-code / unit-tests (test:unit)	UNKNOWN STEP	2026-10-09T07:33:51.8092991Z  ^[[32m✓^[[39m src/features/tokens/components/TokenSearchPage/TokenSearchPage.test.tsx ^[[2m(^[[22m^[[2m2 tests^[[22m^[[2m)^[[22m^[[32m 198^[[2mms^[[22m^[[39m
validate-code / unit-tests (test:unit)	UNKNOWN STEP	2026-10-09T07:33:54.6252755Z  ^[[32m✓^[[39m src/features/perpetuals/order/components/OrderForm/OrderParametersModals/OrderFormMarginModeEditor.test.tsx ^[[2m(^[[22m^[[2m2 tests^[[22m^[[2m)^[[22m^[[33m 339^[[2mms^[[22m^[[39m
validate-code / unit-tests (test:unit)	UNKNOWN STEP	2026-10-09T07:33:55.8310067Z  ^[[32m✓^[[39m src/core/cex/session-crypto.test.ts ^[[2m(^[[22m^[[2m2 tests^[[22m^[[2m)^[[22m^[[32m 129^[[2mms^[[22m^[[39m
validate-code / unit-tests (test:unit)	UNKNOWN STEP	2026-10-09T07:33:58.9134021Z  ^[[32m✓^[[39m src/features/portfolio/components/PortfolioActionBar.test.tsx ^[[2m(^[[22m^[[2m2 tests^[[22m^[[2m)^[[22m^[[33m 551^[[2mms^[[22m^[[39m
validate-code / unit-tests (test:unit)	UNKNOWN STEP	2026-10-09T07:33:58.9143134Z    ^[[33m^[[2m✓^[[22m^[[39m PortfolioActionBar^[[2m > ^[[22mopens the wallet deeplink for swap and routes MetaMask buy ^[[33m 369^[[2mms^[[22m^[[39m
validate-code / unit-tests (test:unit)	UNKNOWN STEP	2026-10-09T07:34:01.6700578Z  ^[[32m✓^[[39m src/features/auth/components/login-button.test.tsx ^[[2m(^[[22m^[[2m2 tests^[[22m^[[2m)^[[22m^[[32m 153^[[2mms^[[22m^[[39m
validate-code / unit-tests (test:unit)	UNKNOWN STEP	2026-10-09T07:34:04.3346089Z  ^[[32m✓^[[39m src/features/explorer/api/transaction-detail.test.ts ^[[2m(^[[22m^[[2m3 tests^[[22m^[[2m)^[[22m^[[32m 156^[[2mms^[[22m^[[39m
validate-code / unit-tests (test:unit)	UNKNOWN STEP	2026-10-09T07:34:06.4751644Z ^[[90mstderr^[[2m | src/features/trade/components/TrendingPerpsRow/TrendingPerpsRow.hydration.test.tsx^[[2m > ^[[22m^[[2mTrendingPerpsRow hydration^[[2m > ^[[22m^[[2mserver-renders the prefetched markets and hydrates without a mismatch
validate-code / unit-tests (test:unit)	UNKNOWN STEP	2026-10-09T07:34:06.4758927Z ^[[22m^[[39mDetected multiple renderers concurrently rendering the same context provider. This is currently unsupported.
validate-code / unit-tests (test:unit)	UNKNOWN STEP	2026-10-09T07:34:06.4762765Z 
validate-code / unit-tests (test:unit)	UNKNOWN STEP	2026-10-09T07:34:06.4839246Z ^[[90mstderr^[[2m | src/features/trade/components/TrendingPerpsRow/TrendingPerpsRow.hydration.test.tsx^[[2m > ^[[22m^[[2mTrendingPerpsRow hydration^[[2m > ^[[22m^[[2mserver-renders the prefetched markets and hydrates without a mismatch
validate-code / unit-tests (test:unit)	UNKNOWN STEP	2026-10-09T07:34:06.4870946Z ^[[22m^[[39mDetected multiple renderers concurrently rendering the same context provider. This is currently unsupported.
validate-code / unit-tests (test:unit)	UNKNOWN STEP	2026-10-09T07:34:06.4872258Z 
validate-code / unit-tests (test:unit)	UNKNOWN STEP	2026-10-09T07:34:06.4944451Z ^[[90mstderr^[[2m | src/features/trade/components/TrendingPerpsRow/TrendingPerpsRow.hydration.test.tsx^[[2m > ^[[22m^[[2mTrendingPerpsRow hydration^[[2m > ^[[22m^[[2mserver-renders the prefetched markets and hydrates without a mismatch
validate-code / unit-tests (test:unit)	UNKNOWN STEP	2026-10-09T07:34:06.4947868Z ^[[22m^[[39mThe current testing environment is not configured to support act(...)
validate-code / unit-tests (test:unit)	UNKNOWN STEP	2026-10-09T07:34:06.4948393Z 
validate-code / unit-tests (test:unit)	UNKNOWN STEP	2026-10-09T07:34:06.6092913Z  ^[[32m✓^[[39m src/features/trade/components/TrendingPerpsRow/TrendingPerpsRow.hydration.test.tsx ^[[2m(^[[22m^[[2m1 test^[[22m^[[2m)^[[22m^[[32m 91^[[2mms^[[22m^[[39m
validate-code / unit-tests (test:unit)	UNKNOWN STEP	2026-10-09T07:34:07.8169719Z  ^[[32m✓^[[39m src/features/perpetuals/infra/useActivePerpsProvider.test.ts ^[[2m(^[[22m^[[2m3 tests^[[22m^[[2m)^[[22m^[[32m 22^[[2mms^[[22m^[[39m
validate-code / unit-tests (test:unit)	UNKNOWN STEP	2026-10-09T07:34:08.8841072Z  ^[[32m✓^[[39m src/features/tokens/domain/token-page-query.test.ts ^[[2m(^[[22m^[[2m3 tests^[[22m^[[2m)^[[22m^[[32m 7^[[2mms^[[22m^[[39m
validate-code / unit-tests (test:unit)	UNKNOWN STEP	2026-10-09T07:34:09.9347802Z  ^[[32m✓^[[39m src/features/perpetuals/order/utils/deriveOrderMetrics.test.ts ^[[2m(^[[22m^[[2m2 tests^[[22m^[[2m)^[[22m^[[32m 6^[[2mms^[[22m^[[39m
validate-code / unit-tests (test:unit)	UNKNOWN STEP	2026-10-09T07:34:13.0461421Z  ^[[32m✓^[[39m src/app/settings/page.test.tsx ^[[2m(^[[22m^[[2m2 tests^[[22m^[[2m)^[[22m^[[33m 403^[[2mms^[[22m^[[39m
validate-code / unit-tests (test:unit)	UNKNOWN STEP	2026-10-09T07:34:15.7790096Z  ^[[32m✓^[[39m src/features/explorer/components/TxInputData/TxInputData.test.tsx ^[[2m(^[[22m^[[2m1 test^[[22m^[[2m)^[[22m^[[32m 207^[[2mms^[[22m^[[39m
validate-code / unit-tests (test:unit)	UNKNOWN STEP	2026-10-09T07:34:18.4164103Z  ^[[32m✓^[[39m src/features/card/components/CardFeatureCard/CardFeatureCard.test.tsx ^[[2m(^[[22m^[[2m3 tests^[[22m^[[2m)^[[22m^[[32m 196^[[2mms^[[22m^[[39m
validate-code / unit-tests (test:unit)	UNKNOWN STEP	2026-10-09T07:34:19.6607857Z  ^[[32m✓^[[39m src/features/perpetuals/order/components/OrderBook/getDecimalPlaces.test.ts ^[[2m(^[[22m^[[2m8 tests^[[22m^[[2m)^[[22m^[[32m 6^[[2mms^[[22m^[[39m
validate-code / unit-tests (test:unit)	UNKNOWN STEP	2026-10-09T07:34:22.4133595Z  ^[[32m✓^[[39m src/components/ui/SegmentedControl/SegmentedControl.test.tsx ^[[2m(^[[22m^[[2m2 tests^[[22m^[[2m)^[[22m^[[32m 221^[[2mms^[[22m^[[39m
validate-code / unit-tests (test:unit)	UNKNOWN STEP	2026-10-09T07:34:25.1538308Z  ^[[32m✓^[[39m src/features/tokens/components/TokenHoldersTable/TokenHoldersTable.test.tsx ^[[2m(^[[22m^[[2m1 test^[[22m^[[2m)^[[22m^[[32m 233^[[2mms^[[22m^[[39m
validate-code / unit-tests (test:unit)	UNKNOWN STEP	2026-10-09T07:34:26.2340151Z  ^[[32m✓^[[39m src/app/api/accounts/[...path]/route.test.ts ^[[2m(^[[22m^[[2m1 test^[[22m^[[2m)^[[22m^[[32m 11^[[2mms^[[22m^[[39m
validate-code / unit-tests (test:unit)	UNKNOWN STEP	2026-10-09T07:34:28.7193152Z  ^[[32m✓^[[39m src/features/tokens/api/token-search.test.ts ^[[2m(^[[22m^[[2m3 tests^[[22m^[[2m)^[[22m^[[32m 65^[[2mms^[[22m^[[39m
validate-code / unit-tests (test:unit)	UNKNOWN STEP	2026-10-09T07:34:30.1994974Z  ^[[32m✓^[[39m src/core/clients/accounts-api/AccountsApiClient.test.ts ^[[2m(^[[22m^[[2m4 tests^[[22m^[[2m)^[[22m^[[32m 255^[[2mms^[[22m^[[39m
validate-code / unit-tests (test:unit)	UNKNOWN STEP	2026-10-09T07:34:32.8139486Z  ^[[32m✓^[[39m src/components/ui/InlineOptionTabs/InlineOptionTabs.test.tsx ^[[2m(^[[22m^[[2m2 tests^[[22m^[[2m)^[[22m^[[32m 226^[[2mms^[[22m^[[39m
validate-code / unit-tests (test:unit)	UNKNOWN STEP	2026-10-09T07:34:33.9009417Z  ^[[32m✓^[[39m src/features/tokens/domain/decode-transfer.test.ts ^[[2m(^[[22m^[[2m6 tests^[[22m^[[2m)^[[22m^[[32m 19^[[2mms^[[22m^[[39m
validate-code / unit-tests (test:unit)	UNKNOWN STEP	2026-10-09T07:34:34.9718333Z  ^[[32m✓^[[39m src/features/explorer/api/internal-transactions.test.ts ^[[2m(^[[22m^[[2m2 tests^[[22m^[[2m)^[[22m^[[32m 8^[[2mms^[[22m^[[39m
validate-code / unit-tests (test:unit)	UNKNOWN STEP	2026-10-09T07:34:36.0426131Z  ^[[32m✓^[[39m src/features/perpetuals/order/utils/calculateLiquidationPrice.test.ts ^[[2m(^[[22m^[[2m4 tests^[[22m^[[2m)^[[22m^[[32m 6^[[2mms^[[22m^[[39m
validate-code / unit-tests (test:unit)	UNKNOWN STEP	2026-10-09T07:34:37.1109232Z  ^[[32m✓^[[39m src/features/explorer/domain/address-routes.test.ts ^[[2m(^[[22m^[[2m4 tests^[[22m^[[2m)^[[22m^[[32m 7^[[2mms^[[22m^[[39m
validate-code / unit-tests (test:unit)	UNKNOWN STEP	2026-10-09T07:34:38.1782103Z  ^[[32m✓^[[39m src/features/portfolio/token-icon.test.ts ^[[2m(^[[22m^[[2m4 tests^[[22m^[[2m)^[[22m^[[32m 6^[[2mms^[[22m^[[39m
validate-code / unit-tests (test:unit)	UNKNOWN STEP	2026-10-09T07:34:39.2381949Z  ^[[32m✓^[[39m src/features/ecosystems/utils/isValidNextImageSrc.test.ts ^[[2m(^[[22m^[[2m5 tests^[[22m^[[2m)^[[22m^[[32m 6^[[2mms^[[22m^[[39m
validate-code / unit-tests (test:unit)	UNKNOWN STEP	2026-10-09T07:34:40.2960797Z  ^[[32m✓^[[39m src/features/tokens/domain/wallet-swap-url.test.ts ^[[2m(^[[22m^[[2m3 tests^[[22m^[[2m)^[[22m^[[32m 7^[[2mms^[[22m^[[39m
validate-code / unit-tests (test:unit)	UNKNOWN STEP	2026-10-09T07:34:43.3113999Z  ^[[32m✓^[[39m src/features/bots/components/RenameBotButton.test.tsx ^[[2m(^[[22m^[[2m1 test^[[22m^[[2m)^[[22m^[[33m 578^[[2mms^[[22m^[[39m
validate-code / unit-tests (test:unit)	UNKNOWN STEP	2026-10-09T07:34:43.3128300Z    ^[[33m^[[2m✓^[[22m^[[39m RenameBotButton^[[2m > ^[[22mrenames a bot with trimmed input ^[[33m 573^[[2mms^[[22m^[[39m
validate-code / unit-tests (test:unit)	UNKNOWN STEP	2026-10-09T07:34:45.9477587Z  ^[[32m✓^[[39m src/features/perpetuals/order/components/OrderForm/OrderFormErrorBoundary/OrderFormErrorBoundary.test.tsx ^[[2m(^[[22m^[[2m2 tests^[[22m^[[2m)^[[22m^[[32m 163^[[2mms^[[22m^[[39m
validate-code / unit-tests (test:unit)	UNKNOWN STEP	2026-10-09T07:34:47.1260500Z  ^[[32m✓^[[39m src/features/tokens/api/explore-snapshot.test.ts ^[[2m(^[[22m^[[2m2 tests^[[22m^[[2m)^[[22m^[[32m 102^[[2mms^[[22m^[[39m
validate-code / unit-tests (test:unit)	UNKNOWN STEP	2026-10-09T07:34:49.5903730Z  ^[[32m✓^[[39m src/features/tokens/components/TokenPriceChart/TokenPriceChart.test.tsx ^[[2m(^[[22m^[[2m2 tests^[[22m^[[2m)^[[22m^[[32m 91^[[2mms^[[22m^[[39m
validate-code / unit-tests (test:unit)	UNKNOWN STEP	2026-10-09T07:34:50.7784203Z  ^[[32m✓^[[39m src/features/explorer/domain/block-routes.test.ts ^[[2m(^[[22m^[[2m3 tests^[[22m^[[2m)^[[22m^[[32m 6^[[2mms^[[22m^[[39m
validate-code / unit-tests (test:unit)	UNKNOWN STEP	2026-10-09T07:34:52.0189511Z  ^[[32m✓^[[39m src/features/tokens/api/token-activity.test.ts ^[[2m(^[[22m^[[2m2 tests^[[22m^[[2m)^[[22m^[[32m 134^[[2mms^[[22m^[[39m
validate-code / unit-tests (test:unit)	UNKNOWN STEP	2026-10-09T07:34:54.8729677Z  ^[[32m✓^[[39m src/components/ui/AvatarAccount/AvatarAccount.test.tsx ^[[2m(^[[22m^[[2m2 tests^[[22m^[[2m)^[[22m^[[32m 204^[[2mms^[[22m^[[39m
validate-code / unit-tests (test:unit)	UNKNOWN STEP	2026-10-09T07:34:56.0518616Z  ^[[32m✓^[[39m src/lib/hyperliquid/account-balances.test.ts ^[[2m(^[[22m^[[2m3 tests^[[22m^[[2m)^[[22m^[[32m 5^[[2mms^[[22m^[[39m
validate-code / unit-tests (test:unit)	UNKNOWN STEP	2026-10-09T07:34:57.0900046Z  ^[[32m✓^[[39m src/features/tokens/domain/token-routes.test.ts ^[[2m(^[[22m^[[2m4 tests^[[22m^[[2m)^[[22m^[[32m 6^[[2mms^[[22m^[[39m
validate-code / unit-tests (test:unit)	UNKNOWN STEP	2026-10-09T07:34:58.1404212Z  ^[[32m✓^[[39m src/features/tokens/domain/token-security.test.ts ^[[2m(^[[22m^[[2m3 tests^[[22m^[[2m)^[[22m^[[32m 6^[[2mms^[[22m^[[39m
validate-code / unit-tests (test:unit)	UNKNOWN STEP	2026-10-09T07:34:59.1759557Z  ^[[32m✓^[[39m src/features/tokens/domain/parse-token-route.test.ts ^[[2m(^[[22m^[[2m3 tests^[[22m^[[2m)^[[22m^[[32m 6^[[2mms^[[22m^[[39m
validate-code / unit-tests (test:unit)	UNKNOWN STEP	2026-10-09T07:35:01.8215178Z  ^[[32m✓^[[39m src/features/tokens/components/WalletSwapLink/WalletSwapLink.test.tsx ^[[2m(^[[22m^[[2m1 test^[[22m^[[2m)^[[22m^[[32m 170^[[2mms^[[22m^[[39m
validate-code / unit-tests (test:unit)	UNKNOWN STEP	2026-10-09T07:35:02.9368150Z  ^[[32m✓^[[39m src/features/perpetuals/utils/deriveChangeMeta.test.ts ^[[2m(^[[22m^[[2m3 tests^[[22m^[[2m)^[[22m^[[32m 19^[[2mms^[[22m^[[39m
validate-code / unit-tests (test:unit)	UNKNOWN STEP	2026-10-09T07:35:03.9854520Z  ^[[32m✓^[[39m src/features/perpetuals/order/utils/orderFormatters.test.ts ^[[2m(^[[22m^[[2m5 tests^[[22m^[[2m)^[[22m^[[32m 19^[[2mms^[[22m^[[39m
validate-code / unit-tests (test:unit)	UNKNOWN STEP	2026-10-09T07:35:05.0590536Z  ^[[32m✓^[[39m src/features/tokens/domain/search-perpetual-markets.test.ts ^[[2m(^[[22m^[[2m3 tests^[[22m^[[2m)^[[22m^[[32m 6^[[2mms^[[22m^[[39m
validate-code / unit-tests (test:unit)	UNKNOWN STEP	2026-10-09T07:35:06.1049918Z  ^[[32m✓^[[39m src/features/portfolio/hide-balances.test.ts ^[[2m(^[[22m^[[2m2 tests^[[22m^[[2m)^[[22m^[[32m 6^[[2mms^[[22m^[[39m
validate-code / unit-tests (test:unit)	UNKNOWN STEP	2026-10-09T07:35:07.1397951Z  ^[[32m✓^[[39m src/features/explorer/domain/tx-routes.test.ts ^[[2m(^[[22m^[[2m3 tests^[[22m^[[2m)^[[22m^[[32m 6^[[2mms^[[22m^[[39m
validate-code / unit-tests (test:unit)	UNKNOWN STEP	2026-10-09T07:35:08.1992993Z  ^[[32m✓^[[39m src/features/perpetuals/utils/deriveFundingMeta.test.ts ^[[2m(^[[22m^[[2m3 tests^[[22m^[[2m)^[[22m^[[32m 19^[[2mms^[[22m^[[39m
validate-code / unit-tests (test:unit)	UNKNOWN STEP	2026-10-09T07:35:09.2687195Z  ^[[32m✓^[[39m src/lib/open-external-url.test.ts ^[[2m(^[[22m^[[2m2 tests^[[22m^[[2m)^[[22m^[[32m 10^[[2mms^[[22m^[[39m
validate-code / unit-tests (test:unit)	UNKNOWN STEP	2026-10-09T07:35:12.0276561Z  ^[[32m✓^[[39m src/features/perpetuals/order/components/OrderForm/BotStrategyCta/BotStrategyCta.test.tsx ^[[2m(^[[22m^[[2m3 tests^[[22m^[[2m)^[[22m^[[32m 215^[[2mms^[[22m^[[39m
validate-code / unit-tests (test:unit)	UNKNOWN STEP	2026-10-09T07:35:13.6678150Z  ^[[32m✓^[[39m src/features/tokens/api/token-detail.test.ts ^[[2m(^[[22m^[[2m2 tests^[[22m^[[2m)^[[22m^[[32m 99^[[2mms^[[22m^[[39m
validate-code / unit-tests (test:unit)	UNKNOWN STEP	2026-10-09T07:35:14.8247087Z  ^[[32m✓^[[39m src/features/explorer/domain/format-tx.test.ts ^[[2m(^[[22m^[[2m3 tests^[[22m^[[2m)^[[22m^[[32m 19^[[2mms^[[22m^[[39m
validate-code / unit-tests (test:unit)	UNKNOWN STEP	2026-10-09T07:35:17.5394149Z  ^[[32m✓^[[39m src/features/tax/TaxHubPage.test.tsx ^[[2m(^[[22m^[[2m1 test^[[22m^[[2m)^[[22m^[[32m 215^[[2mms^[[22m^[[39m
validate-code / unit-tests (test:unit)	UNKNOWN STEP	2026-10-09T07:35:18.6584748Z  ^[[32m✓^[[39m src/features/tokens/domain/token-description.test.ts ^[[2m(^[[22m^[[2m4 tests^[[22m^[[2m)^[[22m^[[32m 12^[[2mms^[[22m^[[39m
validate-code / unit-tests (test:unit)	UNKNOWN STEP	2026-10-09T07:35:19.7149745Z  ^[[32m✓^[[39m src/features/perpetuals/utils/formatPercentage.test.ts ^[[2m(^[[22m^[[2m5 tests^[[22m^[[2m)^[[22m^[[32m 19^[[2mms^[[22m^[[39m
validate-code / unit-tests (test:unit)	UNKNOWN STEP	2026-10-09T07:35:20.7853211Z  ^[[32m✓^[[39m src/features/tokens/domain/parse-asset-id.test.ts ^[[2m(^[[22m^[[2m3 tests^[[22m^[[2m)^[[22m^[[32m 6^[[2mms^[[22m^[[39m
validate-code / unit-tests (test:unit)	UNKNOWN STEP	2026-10-09T07:35:21.8719962Z  ^[[32m✓^[[39m src/features/ecosystems/utils/formatDateRange.test.ts ^[[2m(^[[22m^[[2m3 tests^[[22m^[[2m)^[[22m^[[32m 6^[[2mms^[[22m^[[39m
validate-code / unit-tests (test:unit)	UNKNOWN STEP	2026-10-09T07:35:22.9538950Z  ^[[32m✓^[[39m src/features/perpetuals/order/components/TradeActivityPanel/close-all-mark-price.test.ts ^[[2m(^[[22m^[[2m5 tests^[[22m^[[2m)^[[22m^[[32m 6^[[2mms^[[22m^[[39m
validate-code / unit-tests (test:unit)	UNKNOWN STEP	2026-10-09T07:35:24.0513979Z  ^[[32m✓^[[39m src/features/tokens/api/token-history.test.ts ^[[2m(^[[22m^[[2m2 tests^[[22m^[[2m)^[[22m^[[32m 43^[[2mms^[[22m^[[39m
validate-code / unit-tests (test:unit)	UNKNOWN STEP	2026-10-09T07:35:25.1019069Z  ^[[32m✓^[[39m src/app/api/cex/origin.test.ts ^[[2m(^[[22m^[[2m2 tests^[[22m^[[2m)^[[22m^[[32m 9^[[2mms^[[22m^[[39m
validate-code / unit-tests (test:unit)	UNKNOWN STEP	2026-10-09T07:35:27.5728064Z  ^[[32m✓^[[39m src/features/send/components/ReceiveAddressQr.test.tsx ^[[2m(^[[22m^[[2m1 test^[[22m^[[2m)^[[22m^[[32m 73^[[2mms^[[22m^[[39m
validate-code / unit-tests (test:unit)	UNKNOWN STEP	2026-10-09T07:35:28.8778225Z  ^[[32m✓^[[39m src/features/tokens/api/watchlist-tokens.test.ts ^[[2m(^[[22m^[[2m2 tests^[[22m^[[2m)^[[22m^[[32m 71^[[2mms^[[22m^[[39m
validate-code / unit-tests (test:unit)	UNKNOWN STEP	2026-10-09T07:35:29.9957539Z  ^[[32m✓^[[39m src/features/perpetuals/utils/toNumber.test.ts ^[[2m(^[[22m^[[2m5 tests^[[22m^[[2m)^[[22m^[[32m 6^[[2mms^[[22m^[[39m
validate-code / unit-tests (test:unit)	UNKNOWN STEP	2026-10-09T07:35:31.1174104Z  ^[[32m✓^[[39m src/features/perpetuals/utils/formatUsd.test.ts ^[[2m(^[[22m^[[2m4 tests^[[22m^[[2m)^[[22m^[[32m 20^[[2mms^[[22m^[[39m
validate-code / unit-tests (test:unit)	UNKNOWN STEP	2026-10-09T07:35:32.2144024Z  ^[[32m✓^[[39m src/features/tokens/domain/explore-movers.test.ts ^[[2m(^[[22m^[[2m1 test^[[22m^[[2m)^[[22m^[[32m 6^[[2mms^[[22m^[[39m
validate-code / unit-tests (test:unit)	UNKNOWN STEP	2026-10-09T07:35:34.9740955Z  ^[[32m✓^[[39m src/features/ramps/components/RampPage.test.tsx ^[[2m(^[[22m^[[2m1 test^[[22m^[[2m)^[[22m^[[32m 200^[[2mms^[[22m^[[39m
validate-code / unit-tests (test:unit)	UNKNOWN STEP	2026-10-09T07:35:36.3378610Z  ^[[32m✓^[[39m src/features/tokens/api/token-insights.test.ts ^[[2m(^[[22m^[[2m1 test^[[22m^[[2m)^[[22m^[[32m 70^[[2mms^[[22m^[[39m
validate-code / unit-tests (test:unit)	UNKNOWN STEP	2026-10-09T07:35:37.4279552Z  ^[[32m✓^[[39m src/features/perpetuals/order/utils/limit-price.test.ts ^[[2m(^[[22m^[[2m2 tests^[[22m^[[2m)^[[22m^[[32m 5^[[2mms^[[22m^[[39m
validate-code / unit-tests (test:unit)	UNKNOWN STEP	2026-10-09T07:35:38.5044741Z  ^[[32m✓^[[39m src/features/ecosystems/utils/isValidNetwork.test.ts ^[[2m(^[[22m^[[2m4 tests^[[22m^[[2m)^[[22m^[[32m 6^[[2mms^[[22m^[[39m
validate-code / unit-tests (test:unit)	UNKNOWN STEP	2026-10-09T07:35:40.1930812Z  ^[[32m✓^[[39m src/core/shortcuts/ShortcutsProvider.test.tsx ^[[2m(^[[22m^[[2m1 test^[[22m^[[2m)^[[22m^[[32m 120^[[2mms^[[22m^[[39m
validate-code / unit-tests (test:unit)	UNKNOWN STEP	2026-10-09T07:35:41.2506036Z  ^[[32m✓^[[39m electron/cex-session-store.test.ts ^[[2m(^[[22m^[[2m2 tests^[[22m^[[2m)^[[22m^[[32m 7^[[2mms^[[22m^[[39m
validate-code / unit-tests (test:unit)	UNKNOWN STEP	2026-10-09T07:35:43.2270619Z  ^[[32m✓^[[39m src/core/config/wagmi-config.test.ts ^[[2m(^[[22m^[[2m1 test^[[22m^[[2m)^[[22m^[[32m 7^[[2mms^[[22m^[[39m
validate-code / unit-tests (test:unit)	UNKNOWN STEP	2026-10-09T07:35:44.3813312Z  ^[[32m✓^[[39m src/features/perpetuals/order/utils/order-direction-param.test.ts ^[[2m(^[[22m^[[2m2 tests^[[22m^[[2m)^[[22m^[[32m 5^[[2mms^[[22m^[[39m
validate-code / unit-tests (test:unit)	UNKNOWN STEP	2026-10-09T07:35:45.9909164Z  ^[[32m✓^[[39m src/features/explorer/domain/explorer-networks.test.ts ^[[2m(^[[22m^[[2m2 tests^[[22m^[[2m)^[[22m^[[32m 6^[[2mms^[[22m^[[39m
validate-code / unit-tests (test:unit)	UNKNOWN STEP	2026-10-09T07:35:47.2293789Z  ^[[32m✓^[[39m src/features/perpetuals/order/queries/order-queries.keys.test.ts ^[[2m(^[[22m^[[2m1 test^[[22m^[[2m)^[[22m^[[32m 5^[[2mms^[[22m^[[39m
validate-code / unit-tests (test:unit)	UNKNOWN STEP	2026-10-09T07:35:48.3118346Z  ^[[32m✓^[[39m src/features/accounts/networks.test.ts ^[[2m(^[[22m^[[2m1 test^[[22m^[[2m)^[[22m^[[32m 6^[[2mms^[[22m^[[39m
validate-code / unit-tests (test:unit)	UNKNOWN STEP	2026-10-09T07:35:49.4637907Z  ^[[32m✓^[[39m src/features/tokens/api/token-security.test.ts ^[[2m(^[[22m^[[2m1 test^[[22m^[[2m)^[[22m^[[32m 92^[[2mms^[[22m^[[39m
validate-code / unit-tests (test:unit)	UNKNOWN STEP	2026-10-09T07:35:50.5471028Z  ^[[32m✓^[[39m src/features/tokens/domain/token-asset-id.test.ts ^[[2m(^[[22m^[[2m1 test^[[22m^[[2m)^[[22m^[[32m 5^[[2mms^[[22m^[[39m
validate-code / unit-tests (test:unit)	UNKNOWN STEP	2026-10-09T07:35:51.6285659Z  ^[[32m✓^[[39m src/features/tokens/domain/network-icon.test.ts ^[[2m(^[[22m^[[2m1 test^[[22m^[[2m)^[[22m^[[32m 5^[[2mms^[[22m^[[39m
validate-code / unit-tests (test:unit)	UNKNOWN STEP	2026-10-09T07:35:52.6809993Z  ^[[32m✓^[[39m src/features/tokens/domain/native-token.test.ts ^[[2m(^[[22m^[[2m1 test^[[22m^[[2m)^[[22m^[[32m 6^[[2mms^[[22m^[[39m
validate-code / unit-tests (test:unit)	UNKNOWN STEP	2026-10-09T07:36:03.5155390Z 
validate-code / unit-tests (test:unit)	UNKNOWN STEP	2026-10-09T07:36:03.5157637Z ^[[31m⎯⎯⎯⎯⎯⎯⎯^[[39m^[[1m^[[41m Failed Tests 2 ^[[49m^[[22m^[[31m⎯⎯⎯⎯⎯⎯⎯^[[39m
validate-code / unit-tests (test:unit)	UNKNOWN STEP	2026-10-09T07:36:03.5158978Z 
validate-code / unit-tests (test:unit)	UNKNOWN STEP	2026-10-09T07:36:03.5161270Z ^[[41m^[[1m FAIL ^[[22m^[[49m src/features/perpetuals/order/components/OrderForm/OrderParametersModals/OrderFormLimitPriceEditor.test.tsx^[[2m > ^[[22mOrderFormLimitPriceEditor^[[2m > ^[[22mpasses symbol + leverage to useLeverageMetrics
validate-code / unit-tests (test:unit)	UNKNOWN STEP	2026-10-09T07:36:03.5179121Z ^[[31m^[[1mAssertionError^[[22m: expected "spy" to be called with arguments: [ 'SOL', 3 ]^[[90m
validate-code / unit-tests (test:unit)	UNKNOWN STEP	2026-10-09T07:36:03.5179925Z 
validate-code / unit-tests (test:unit)	UNKNOWN STEP	2026-10-09T07:36:03.5180482Z Number of calls: ^[[1m0^[[22m
validate-code / unit-tests (test:unit)	UNKNOWN STEP	2026-10-09T07:36:03.5181230Z ^[[31m^[[39m
validate-code / unit-tests (test:unit)	UNKNOWN STEP	2026-10-09T07:36:03.5182923Z ^[[36m ^[[2m❯^[[22m src/features/perpetuals/order/components/OrderForm/OrderParametersModals/OrderFormLimitPriceEditor.test.tsx:^[[2m86:36^[[22m^[[39m
validate-code / unit-tests (test:unit)	UNKNOWN STEP	2026-10-09T07:36:03.5224100Z     ^[[90m 84| ^[[39m    )^[[33m;^[[39m
validate-code / unit-tests (test:unit)	UNKNOWN STEP	2026-10-09T07:36:03.5224896Z     ^[[90m 85| ^[[39m
validate-code / unit-tests (test:unit)	UNKNOWN STEP	2026-10-09T07:36:03.5225986Z     ^[[90m 86| ^[[39m    expect(mockUseLeverageMetrics).toHaveBeenCalledWith("SOL", 3); // …
validate-code / unit-tests (test:unit)	UNKNOWN STEP	2026-10-09T07:36:03.5231062Z     ^[[90m   | ^[[39m                                   ^[[31m^^[[39m
validate-code / unit-tests (test:unit)	UNKNOWN STEP	2026-10-09T07:36:03.5232688Z     ^[[90m 87| ^[[39m  ***)^[[33m;^[[39m
validate-code / unit-tests (test:unit)	UNKNOWN STEP	2026-10-09T07:36:03.5233543Z     ^[[90m 88| ^[[39m
validate-code / unit-tests (test:unit)	UNKNOWN STEP	2026-10-09T07:36:03.5234054Z 
validate-code / unit-tests (test:unit)	UNKNOWN STEP	2026-10-09T07:36:03.5234709Z ^[[31m^[[2m⎯⎯⎯⎯⎯⎯⎯⎯⎯⎯⎯⎯⎯⎯⎯⎯⎯⎯⎯⎯⎯⎯⎯⎯[1/2]⎯^[[22m^[[39m
validate-code / unit-tests (test:unit)	UNKNOWN STEP	2026-10-09T07:36:03.5235302Z 
validate-code / unit-tests (test:unit)	UNKNOWN STEP	2026-10-09T07:36:03.5237681Z ^[[41m^[[1m FAIL ^[[22m^[[49m src/features/perpetuals/order/components/OrderForm/OrderParametersModals/OrderFormLimitPriceEditor.test.tsx^[[2m > ^[[22mOrderFormLimitPriceEditor^[[2m > ^[[22mrenders leverage metrics returned by the hook
validate-code / unit-tests (test:unit)	UNKNOWN STEP	2026-10-09T07:36:03.5239478Z 
validate-code / unit-tests (test:unit)	UNKNOWN STEP	2026-10-09T07:36:03.5241397Z ^[[31m^[[1mTestingLibraryElementError^[[22m^[[39m: Unable to find an element with the text: $123.46. This could be because the text is broken up by multiple elements. In this case, you can provide a function for your text matcher to make your matcher more flexible.
validate-code / unit-tests (test:unit)	UNKNOWN STEP	2026-10-09T07:36:03.5257602Z 
validate-code / unit-tests (test:unit)	UNKNOWN STEP	2026-10-09T07:36:03.5271352Z ^[[2m Test Files ^[[22m ^[[1m^[[31m1 failed^[[39m^[[22m^[[2m | ^[[22m^[[1m^[[32m253 passed^[[39m^[[22m^[[90m (254)^[[39m
validate-code / unit-tests (test:unit)	UNKNOWN STEP	2026-10-09T07:36:03.5277544Z Ignored nodes: comments, script, style
validate-code / unit-tests (test:unit)	UNKNOWN STEP	2026-10-09T07:36:03.5297583Z ^[[36m<body>^[[39m
validate-code / unit-tests (test:unit)	UNKNOWN STEP	2026-10-09T07:36:03.5298808Z ^[[2m      Tests ^[[22m ^[[1m^[[31m2 failed^[[39m^[[22m^[[2m | ^[[22m^[[1m^[[32m1890 passed^[[39m^[[22m^[[2m | ^[[22m^[[33m7 skipped^[[39m^[[90m (1899)^[[39m
validate-code / unit-tests (test:unit)	UNKNOWN STEP	2026-10-09T07:36:03.5300625Z ^[[2m   Start at ^[[22m 07:26:36
validate-code / unit-tests (test:unit)	UNKNOWN STEP	2026-10-09T07:36:03.5311082Z   ^[[36m<div>^[[39m
validate-code / unit-tests (test:unit)	UNKNOWN STEP	2026-10-09T07:36:03.5312514Z ^[[2m   Duration ^[[22m 566.55s^[[2m (transform 6.65s, setup 70.87s, collect 184.98s, tests 86.74s, environment 114.23s, prepare 25.89s)^[[22m
validate-code / unit-tests (test:unit)	UNKNOWN STEP	2026-10-09T07:36:03.5318889Z     ^[[36m<div^[[39m
validate-code / unit-tests (test:unit)	UNKNOWN STEP	2026-10-09T07:36:03.5361744Z       ^[[33mclass^[[39m=^[[32m"bg-alternative text-default flex flex-col gap-6 rounded-none p-6"^[[39m
validate-code / unit-tests (test:unit)	UNKNOWN STEP	2026-10-09T07:36:03.5362384Z 
validate-code / unit-tests (test:unit)	UNKNOWN STEP	2026-10-09T07:36:03.5367876Z     ^[[36m>^[[39m
validate-code / unit-tests (test:unit)	UNKNOWN STEP	2026-10-09T07:36:03.5368396Z 
validate-code / unit-tests (test:unit)	UNKNOWN STEP	2026-10-09T07:36:03.5368780Z       ^[[36m<div^[[39m
validate-code / unit-tests (test:unit)	UNKNOWN STEP	2026-10-09T07:36:03.5378354Z ##[error]AssertionError: expected "spy" to be called with arguments: [ 'SOL', 3 ]
validate-code / unit-tests (test:unit)	UNKNOWN STEP	
validate-code / unit-tests (test:unit)	UNKNOWN STEP	Number of calls: 0
validate-code / unit-tests (test:unit)	UNKNOWN STEP	
validate-code / unit-tests (test:unit)	UNKNOWN STEP	 ❯ src/features/perpetuals/order/components/OrderForm/OrderParametersModals/OrderFormLimitPriceEditor.test.tsx:86:36
validate-code / unit-tests (test:unit)	UNKNOWN STEP	
validate-code / unit-tests (test:unit)	UNKNOWN STEP	
validate-code / unit-tests (test:unit)	UNKNOWN STEP	2026-10-09T07:36:03.5381163Z         ^[[33mclass^[[39m=^[[32m"rounded-md bg-alternative text-default flex flex-row justify-between items-center"^[[39m
validate-code / unit-tests (test:unit)	UNKNOWN STEP	2026-10-09T07:36:03.5387546Z 
validate-code / unit-tests (test:unit)	UNKNOWN STEP	2026-10-09T07:36:03.5388423Z       ^[[36m>^[[39m
validate-code / unit-tests (test:unit)	UNKNOWN STEP	2026-10-09T07:36:03.5487300Z ##[error]TestingLibraryElementError: Unable to find an element with the text: $123.46. This could be because the text is broken up by multiple elements. In this case, you can provide a function for your text matcher to make your matcher more flexible.
validate-code / unit-tests (test:unit)	UNKNOWN STEP	
validate-code / unit-tests (test:unit)	UNKNOWN STEP	Ignored nodes: comments, script, style
validate-code / unit-tests (test:unit)	UNKNOWN STEP	<body>
validate-code / unit-tests (test:unit)	UNKNOWN STEP	  <div>
validate-code / unit-tests (test:unit)	UNKNOWN STEP	    <div
validate-code / unit-tests (test:unit)	UNKNOWN STEP	      class="bg-alternative text-default flex flex-col gap-6 rounded-none p-6"
validate-code / unit-tests (test:unit)	UNKNOWN STEP	    >
validate-code / unit-tests (test:unit)	UNKNOWN STEP	      <div
validate-code / unit-tests (test:unit)	UNKNOWN STEP	        class="rounded-md bg-alternative text-default flex flex-row justify-between items-center"
validate-code / unit-tests (test:unit)	UNKNOWN STEP	      >
validate-code / unit-tests (test:unit)	UNKNOWN STEP	        <div
validate-code / unit-tests (test:unit)	UNKNOWN STEP	          class="w-6"
validate-code / unit-tests (test:unit)	UNKNOWN STEP	        />
validate-code / unit-tests (test:unit)	UNKNOWN STEP	         
validate-code / unit-tests (test:unit)	UNKNOWN STEP	        <p
validate-code / unit-tests (test:unit)	UNKNOWN STEP	          class="leading-s-heading-sm tracking-s-heading-sm text-default font-bold md:text-l-heading-sm md:leading-l-heading-sm md:tracking-l-heading-sm md:font-semibold"
validate-code / unit-tests (test:unit)	UNKNOWN STEP	        >
validate-code / unit-tests (test:unit)	UNKNOWN STEP	          Set limit price
validate-code / unit-tests (test:unit)	UNKNOWN STEP	        </p>
validate-code / unit-tests (test:unit)	UNKNOWN STEP	        <button
validate-code / unit-tests (test:unit)	UNKNOWN STEP	          aria-label="Close parameter editor"
validate-code / unit-tests (test:unit)	UNKNOWN STEP	          class="bg-transparent border-none p-0 cursor-pointer"
validate-code / unit-tests (test:unit)	UNKNOWN STEP	          data-rac=""
validate-code / unit-tests (test:unit)	UNKNOWN STEP	          data-react-aria-pressable="true"
validate-code / unit-tests (test:unit)	UNKNOWN STEP	          id="react-aria-_r_k_"
validate-code / unit-tests (test:unit)	UNKNOWN STEP	          tabindex="0"
validate-code / unit-tests (test:unit)	UNKNOWN STEP	          type="button"
validate-code / unit-tests (test:unit)	UNKNOWN STEP	        >
validate-code / unit-tests (test:unit)	UNKNOWN STEP	          <close-icon
validate-code / unit-tests (test:unit)	UNKNOWN STEP	            aria-hidden=""
validate-code / unit-tests (test:unit)	UNKNOWN STEP	            class="block shrink-0 self-center overflow-visible w-6 h-6 text-white icon-fill-current"
validate-code / unit-tests (test:unit)	UNKNOWN STEP	            focusable="false"
validate-code / unit-tests (test:unit)	UNKNOWN STEP	          />
validate-code / unit-tests (test:unit)	UNKNOWN STEP	        </button>
validate-code / unit-tests (test:unit)	UNKNOWN STEP	      </div>
validate-code / unit-tests (test:unit)	UNKNOWN STEP	      <div
validate-code / unit-tests (test:unit)	UNKNOWN STEP	        class="rounded-md text-default flex flex-col gap-2 bg-transparent p-0"
validate-code / unit-tests (test:unit)	UNKNOWN STEP	      >
validate-code / unit-tests (test:unit)	UNKNOWN STEP	        <div
validate-code / unit-tests (test:unit)	UNKNOWN STEP	          class="rounded-md text-default flex flex-row bg-section justify-between"
validate-code / unit-tests (test:unit)	UNKNOWN STEP	        >
validate-code / unit-tests (test:unit)	UNKNOWN STEP	          <div
validate-code / unit-tests (test:unit)	UNKNOWN STEP	            class="react-aria-NumberField"
validate-code / unit-tests (test:unit)	UNKNOWN STEP	            data-rac=""
validate-code / unit-tests (test:unit)	UNKNOWN STEP	          >
validate-code / unit-tests (test:unit)	UNKNOWN STEP	            <input
validate-code / unit-tests (test:unit)	UNKNOWN STEP	              aria-label="limit price"
validate-code / unit-tests (test:unit)	UNKNOWN STEP	              aria-roledescription="Number field"
validate-code / unit-tests (test:unit)	UNKNOWN STEP	              autocomplete="off"
validate-code / unit-tests (test:unit)	UNKNOWN STEP	              autocorrect="off"
validate-code / unit-tests (test:unit)	UNKNOWN STEP	              class="w-full rounded-xl bg-section text-default px-4 py-3 placeholder:text-muted outline-none transition-colors border border-muted hover:bg-input-hover data-[hovered]:bg-input-hover focus-visible:border-focus data-[invalid]:border-[--color-error-alternative] data-[disabled]:opacity-50 data-[disabled]:cursor-not-allowed"
validate-code / unit-tests (test:unit)	UNKNOWN STEP	              data-rac=""
validate-code / unit-tests (test:unit)	UNKNOWN STEP	              id="react-aria-_r_m_"
validate-code / unit-tests (test:unit)	UNKNOWN STEP	              inputmode="numeric"
validate-code / unit-tests (test:unit)	UNKNOWN STEP	              placeholder="$104,750.50"
validate-code / unit-tests (test:unit)	UNKNOWN STEP	              spellcheck="false"
validate-code / unit-tests (test:unit)	UNKNOWN STEP	              tabindex="0"
validate-code / unit-tests (test:unit)	UNKNOWN STEP	              title=""
validate-code / unit-tests (test:unit)	UNKNOWN STEP	              type="text"
validate-code / unit-tests (test:unit)	UNKNOWN STEP	              value="$104,750.50"
validate-code / unit-tests (test:unit)	UNKNOWN STEP	            />
validate-code / unit-tests (test:unit)	UNKNOWN STEP	          </div>
validate-code / unit-tests (test:unit)	UNKNOWN STEP	          <button
validate-code / unit-tests (test:unit)	UNKNOWN STEP	            aria-label="Use mid price"
validate-code / unit-tests (test:unit)	UNKNOWN STEP	            class="leading-s-body-xs tracking-s-body-xs md:text-l-body-xs md:leading-l-body-xs md:tracking-l-body-xs font-normal text-alternative bg-muted px-2 py-1 mr-3 rounded-sm my-auto cursor-pointer border-none"
validate-code / unit-tests (test:unit)	UNKNOWN STEP	            data-rac=""
validate-code / unit-tests (test:unit)	UNKNOWN STEP	            data-react-aria-pressable="true"
validate-code / unit-tests (test:unit)	UNKNOWN STEP	            id="react-aria-_r_u_"
validate-code / unit-tests (test:unit)	UNKNOWN STEP	            tabindex="0"
validate-code / unit-tests (test:unit)	UNKNOWN STEP	            type="button"
validate-code / unit-tests (test:unit)	UNKNOWN STEP	          >
validate-code / unit-tests (test:unit)	UNKNOWN STEP	            Mid
validate-code / unit-tests (test:unit)	UNKNOWN STEP	          </button>
validate-code / unit-tests (test:unit)	UNKNOWN STEP	        </div>
validate-code / unit-tests (test:unit)	UNKNOWN STEP	        <div
validate-code / unit-tests (test:unit)	UNKNOWN STEP	          class="text-default grid grid-cols-3 gap-3 bg-transparent shadow-none rounded-none p-0"
validate-code / unit-tests (test:unit)	UNKNOWN STEP	        >
validate-code / unit-tests (test:unit)	UNKNOWN STEP	          <button
validate-code / unit-tests (test:unit)	UNKNOWN STEP	            class="inline-flex items-center rounded-xl overflow-hidden relative outline-none duration-100 ease-linear data-[disabled]:opacity-50 data-[disabled]:cursor-not-allowed bg-muted data-[hovered]:bg-muted-hover data-[pressed]:bg-muted-pressed h-btn-md px-4 gap-2 text-s-body-md leading-s-body-md tracking-s-body-md md:text-l-body-md md:leading-l-body-md md:tracking-l-body-md font-medium justify-center transition cursor-pointer focus-visible:border-transparent focus-visible:outline focus-visible:outline-2 focus-visible:outline-white focus-visible:outline-offset-0 focus:border-transparent focus:outline focus:outline-2 focus:outline-white focus:outline-offset-0"
validate-code / unit-tests (test:unit)	UNKNOWN STEP	            data-rac=""
validate-code / unit-tests (test:unit)	UNKNOWN STEP	            data-react-aria-pressable="true"
validate-code / unit-tests (test:unit)	UNKNOWN STEP	            id="react-aria-_r_10_"
validate-code / unit-tests (test:unit)	UNKNOWN STEP	            tabindex="0"
validate-code / unit-tests (test:unit)	UNKNOWN STEP	            type="button"
validate-code / unit-tests (test:unit)	UNKNOWN STEP	          >
validate-code / unit-tests (test:unit)	UNKNOWN STEP	            -1%
validate-code / unit-tests (test:unit)	UNKNOWN STEP	          </button>
validate-code / unit-tests (test:unit)	UNKNOWN STEP	          <button
validate-code / unit-tests (test:unit)	UNKNOWN STEP	            class="inline-flex items-center rounded-xl overflow-hidden relative outline-none duration-100 ease-linear data-[disabled]:opacity-50 data-[
validate-code / unit-tests (test:unit)	UNKNOWN STEP	2026-10-09T07:36:03.5508715Z         ^[[36m<div^[[39m
validate-code / unit-tests (test:unit)	UNKNOWN STEP	2026-10-09T07:36:03.5509296Z           ^[[33mclass^[[39m=^[[32m"w-6"^[[39m
validate-code / unit-tests (test:unit)	UNKNOWN STEP	2026-10-09T07:36:03.5509838Z         ^[[36m/>^[[39m
validate-code / unit-tests (test:unit)	UNKNOWN STEP	2026-10-09T07:36:03.5510278Z         ^[[0m ^[[0m
validate-code / unit-tests (test:unit)	UNKNOWN STEP	2026-10-09T07:36:03.5510727Z         ^[[36m<p^[[39m
validate-code / unit-tests (test:unit)	UNKNOWN STEP	2026-10-09T07:36:03.5512279Z           ^[[33mclass^[[39m=^[[32m"leading-s-heading-sm tracking-s-heading-sm text-default font-bold md:text-l-heading-sm md:leading-l-heading-sm md:tracking-l-heading-sm md:font-semibold"^[[39m
validate-code / unit-tests (test:unit)	UNKNOWN STEP	2026-10-09T07:36:03.5513575Z         ^[[36m>^[[39m
validate-code / unit-tests (test:unit)	UNKNOWN STEP	2026-10-09T07:36:03.5514091Z           ^[[0mSet limit price^[[0m
validate-code / unit-tests (test:unit)	UNKNOWN STEP	2026-10-09T07:36:03.5514617Z         ^[[36m</p>^[[39m
validate-code / unit-tests (test:unit)	UNKNOWN STEP	2026-10-09T07:36:03.5515086Z         ^[[36m<button^[[39m
validate-code / unit-tests (test:unit)	UNKNOWN STEP	2026-10-09T07:36:03.5515750Z           ^[[33maria-label^[[39m=^[[32m"Close parameter editor"^[[39m
validate-code / unit-tests (test:unit)	UNKNOWN STEP	2026-10-09T07:36:03.5516714Z           ^[[33mclass^[[39m=^[[32m"bg-transparent border-none p-0 cursor-pointer"^[[39m
validate-code / unit-tests (test:unit)	UNKNOWN STEP	2026-10-09T07:36:03.5517756Z           ^[[33mdata-rac^[[39m=^[[32m""^[[39m
validate-code / unit-tests (test:unit)	UNKNOWN STEP	2026-10-09T07:36:03.5518480Z           ^[[33mdata-react-aria-pressable^[[39m=^[[32m"true"^[[39m
validate-code / unit-tests (test:unit)	UNKNOWN STEP	2026-10-09T07:36:03.5519192Z           ^[[33mid^[[39m=^[[32m"react-aria-_r_k_"^[[39m
validate-code / unit-tests (test:unit)	UNKNOWN STEP	2026-10-09T07:36:03.5519840Z           ^[[33mtabindex^[[39m=^[[32m"0"^[[39m
validate-code / unit-tests (test:unit)	UNKNOWN STEP	2026-10-09T07:36:03.5520466Z           ^[[33mtype^[[39m=^[[32m"button"^[[39m
validate-code / unit-tests (test:unit)	UNKNOWN STEP	2026-10-09T07:36:03.5521017Z         ^[[36m>^[[39m
validate-code / unit-tests (test:unit)	UNKNOWN STEP	2026-10-09T07:36:03.5521724Z           ^[[36m<close-icon^[[39m
validate-code / unit-tests (test:unit)	UNKNOWN STEP	2026-10-09T07:36:03.5522308Z             ^[[33maria-hidden^[[39m=^[[32m""^[[39m
validate-code / unit-tests (test:unit)	UNKNOWN STEP	2026-10-09T07:36:03.5523440Z             ^[[33mclass^[[39m=^[[32m"block shrink-0 self-center overflow-visible w-6 h-6 text-white icon-fill-current"^[[39m
validate-code / unit-tests (test:unit)	UNKNOWN STEP	2026-10-09T07:36:03.5524649Z             ^[[33mfocusable^[[39m=^[[32m"false"^[[39m
validate-code / unit-tests (test:unit)	UNKNOWN STEP	2026-10-09T07:36:03.5525258Z           ^[[36m/>^[[39m
validate-code / unit-tests (test:unit)	UNKNOWN STEP	2026-10-09T07:36:03.5525725Z         ^[[36m</button>^[[39m
validate-code / unit-tests (test:unit)	UNKNOWN STEP	2026-10-09T07:36:03.5526187Z       ^[[36m</div>^[[39m
validate-code / unit-tests (test:unit)	UNKNOWN STEP	2026-10-09T07:36:03.5526620Z       ^[[36m<div^[[39m
validate-code / unit-tests (test:unit)	UNKNOWN STEP	2026-10-09T07:36:03.5527613Z         ^[[33mclass^[[39m=^[[32m"rounded-md text-default flex flex-col gap-2 bg-transparent p-0"^[[39m
validate-code / unit-tests (test:unit)	UNKNOWN STEP	2026-10-09T07:36:03.5528407Z       ^[[36m>^[[39m
validate-code / unit-tests (test:unit)	UNKNOWN STEP	2026-10-09T07:36:03.5528834Z         ^[[36m<div^[[39m
validate-code / unit-tests (test:unit)	UNKNOWN STEP	2026-10-09T07:36:03.5529709Z           ^[[33mclass^[[39m=^[[32m"rounded-md text-default flex flex-row bg-section justify-between"^[[39m
validate-code / unit-tests (test:unit)	UNKNOWN STEP	2026-10-09T07:36:03.5530501Z         ^[[36m>^[[39m
validate-code / unit-tests (test:unit)	UNKNOWN STEP	2026-10-09T07:36:03.5530939Z           ^[[36m<div^[[39m
validate-code / unit-tests (test:unit)	UNKNOWN STEP	2026-10-09T07:36:03.5531587Z             ^[[33mclass^[[39m=^[[32m"react-aria-NumberField"^[[39m
validate-code / unit-tests (test:unit)	UNKNOWN STEP	2026-10-09T07:36:03.5532273Z             ^[[33mdata-rac^[[39m=^[[32m""^[[39m
validate-code / unit-tests (test:unit)	UNKNOWN STEP	2026-10-09T07:36:03.5532796Z           ^[[36m>^[[39m
validate-code / unit-tests (test:unit)	UNKNOWN STEP	2026-10-09T07:36:03.5533272Z             ^[[36m<input^[[39m
validate-code / unit-tests (test:unit)	UNKNOWN STEP	2026-10-09T07:36:03.5533905Z               ^[[33maria-label^[[39m=^[[32m"limit price"^[[39m
validate-code / unit-tests (test:unit)	UNKNOWN STEP	2026-10-09T07:36:03.5534693Z               ^[[33maria-roledescription^[[39m=^[[32m"Number field"^[[39m
validate-code / unit-tests (test:unit)	UNKNOWN STEP	2026-10-09T07:36:03.5535436Z               ^[[33mautocomplete^[[39m=^[[32m"off"^[[39m
validate-code / unit-tests (test:unit)	UNKNOWN STEP	2026-10-09T07:36:03.5536091Z               ^[[33mautocorrect^[[39m=^[[32m"off"^[[39m
validate-code / unit-tests (test:unit)	UNKNOWN STEP	2026-10-09T07:36:03.5539004Z               ^[[33mclass^[[39m=^[[32m"w-full rounded-xl bg-section text-default px-4 py-3 placeholder:text-muted outline-none transition-colors border border-muted hover:bg-input-hover data-[hovered]:bg-input-hover focus-visible:border-focus data-[invalid]:border-[--color-error-alternative] data-[disabled]:opacity-50 data-[disabled]:cursor-not-allowed"^[[39m
validate-code / unit-tests (test:unit)	UNKNOWN STEP	2026-10-09T07:36:03.5541192Z               ^[[33mdata-rac^[[39m=^[[32m""^[[39m
validate-code / unit-tests (test:unit)	UNKNOWN STEP	2026-10-09T07:36:03.5541839Z               ^[[33mid^[[39m=^[[32m"react-aria-_r_m_"^[[39m
validate-code / unit-tests (test:unit)	UNKNOWN STEP	2026-10-09T07:36:03.5542511Z               ^[[33minputmode^[[39m=^[[32m"numeric"^[[39m
validate-code / unit-tests (test:unit)	UNKNOWN STEP	2026-10-09T07:36:03.5543221Z               ^[[33mplaceholder^[[39m=^[[32m"$104,750.50"^[[39m
validate-code / unit-tests (test:unit)	UNKNOWN STEP	2026-10-09T07:36:03.5543913Z               ^[[33mspellcheck^[[39m=^[[32m"false"^[[39m
validate-code / unit-tests (test:unit)	UNKNOWN STEP	2026-10-09T07:36:03.5544546Z               ^[[33mtabindex^[[39m=^[[32m"0"^[[39m
validate-code / unit-tests (test:unit)	UNKNOWN STEP	2026-10-09T07:36:03.5545156Z               ^[[33mtitle^[[39m=^[[32m""^[[39m
validate-code / unit-tests (test:unit)	UNKNOWN STEP	2026-10-09T07:36:03.5545761Z               ^[[33mtype^[[39m=^[[32m"text"^[[39m
validate-code / unit-tests (test:unit)	UNKNOWN STEP	2026-10-09T07:36:03.5546403Z               ^[[33mvalue^[[39m=^[[32m"$104,750.50"^[[39m
validate-code / unit-tests (test:unit)	UNKNOWN STEP	2026-10-09T07:36:03.5547104Z             ^[[36m/>^[[39m
validate-code / unit-tests (test:unit)	UNKNOWN STEP	2026-10-09T07:36:03.5547568Z           ^[[36m</div>^[[39m
validate-code / unit-tests (test:unit)	UNKNOWN STEP	2026-10-09T07:36:03.5548039Z           ^[[36m<button^[[39m
validate-code / unit-tests (test:unit)	UNKNOWN STEP	2026-10-09T07:36:03.5548676Z             ^[[33maria-label^[[39m=^[[32m"Use mid price"^[[39m
validate-code / unit-tests (test:unit)	UNKNOWN STEP	2026-10-09T07:36:03.5550583Z             ^[[33mclass^[[39m=^[[32m"leading-s-body-xs tracking-s-body-xs md:text-l-body-xs md:leading-l-body-xs md:tracking-l-body-xs font-normal text-alternative bg-muted px-2 py-1 mr-3 rounded-sm my-auto cursor-pointer border-none"^[[39m
validate-code / unit-tests (test:unit)	UNKNOWN STEP	2026-10-09T07:36:03.5552154Z             ^[[33mdata-rac^[[39m=^[[32m""^[[39m
validate-code / unit-tests (test:unit)	UNKNOWN STEP	2026-10-09T07:36:03.5552884Z             ^[[33mdata-react-aria-pressable^[[39m=^[[32m"true"^[[39m
validate-code / unit-tests (test:unit)	UNKNOWN STEP	2026-10-09T07:36:03.5553623Z             ^[[33mid^[[39m=^[[32m"react-aria-_r_u_"^[[39m
validate-code / unit-tests (test:unit)	UNKNOWN STEP	2026-10-09T07:36:03.5554254Z             ^[[33mtabindex^[[39m=^[[32m"0"^[[39m
validate-code / unit-tests (test:unit)	UNKNOWN STEP	2026-10-09T07:36:03.5554877Z             ^[[33mtype^[[39m=^[[32m"button"^[[39m
validate-code / unit-tests (test:unit)	UNKNOWN STEP	2026-10-09T07:36:03.5555417Z           ^[[36m>^[[39m
validate-code / unit-tests (test:unit)	UNKNOWN STEP	2026-10-09T07:36:03.5555862Z             ^[[0mMid^[[0m
validate-code / unit-tests (test:unit)	UNKNOWN STEP	2026-10-09T07:36:03.5556345Z           ^[[36m</button>^[[39m
validate-code / unit-tests (test:unit)	UNKNOWN STEP	2026-10-09T07:36:03.5557034Z         ^[[36m</div>^[[39m
validate-code / unit-tests (test:unit)	UNKNOWN STEP	2026-10-09T07:36:03.5557487Z         ^[[36m<div^[[39m
validate-code / unit-tests (test:unit)	UNKNOWN STEP	2026-10-09T07:36:03.5558475Z           ^[[33mclass^[[39m=^[[32m"text-default grid grid-cols-3 gap-3 bg-transparent shadow-none rounded-none p-0"^[[39m
validate-code / unit-tests (test:unit)	UNKNOWN STEP	2026-10-09T07:36:03.5559420Z         ^[[36m>^[[39m
validate-code / unit-tests (test:unit)	UNKNOWN STEP	2026-10-09T07:36:03.5559878Z           ^[[36m<button^[[39m
validate-code / unit-tests (test:unit)	UNKNOWN STEP	2026-10-09T07:36:03.5565032Z             ^[[33mclass^[[39m=^[[32m"inline-flex items-center rounded-xl overflow-hidden relative outline-none duration-100 ease-linear data-[disabled]:opacity-50 data-[disabled]:cursor-not-allowed bg-muted data-[hovered]:bg-muted-hover data-[pressed]:bg-muted-pressed h-btn-md px-4 gap-2 text-s-body-md leading-s-body-md tracking-s-body-md md:text-l-body-md md:leading-l-body-md md:tracking-l-body-md font-medium justify-center transition cursor-pointer focus-visible:border-transparent focus-visible:outline focus-visible:outline-2 focus-visible:outline-white focus-visible:outline-offset-0 focus:border-transparent focus:outline focus:outline-2 focus:outline-white focus:outline-offset-0"^[[39m
validate-code / unit-tests (test:unit)	UNKNOWN STEP	2026-10-09T07:36:03.5569199Z             ^[[33mdata-rac^[[39m=^[[32m""^[[39m
validate-code / unit-tests (test:unit)	UNKNOWN STEP	2026-10-09T07:36:03.5569936Z             ^[[33mdata-react-aria-pressable^[[39m=^[[32m"true"^[[39m
validate-code / unit-tests (test:unit)	UNKNOWN STEP	2026-10-09T07:36:03.5570696Z             ^[[33mid^[[39m=^[[32m"react-aria-_r_10_"^[[39m
validate-code / unit-tests (test:unit)	UNKNOWN STEP	2026-10-09T07:36:03.5571382Z             ^[[33mtabindex^[[39m=^[[32m"0"^[[39m
validate-code / unit-tests (test:unit)	UNKNOWN STEP	2026-10-09T07:36:03.5572008Z             ^[[33mtype^[[39m=^[[32m"button"^[[39m
validate-code / unit-tests (test:unit)	UNKNOWN STEP	2026-10-09T07:36:03.5572545Z           ^[[36m>^[[39m
validate-code / unit-tests (test:unit)	UNKNOWN STEP	2026-10-09T07:36:03.5572994Z             ^[[0m-1%^[[0m
validate-code / unit-tests (test:unit)	UNKNOWN STEP	2026-10-09T07:36:03.5573463Z           ^[[36m</button>^[[39m
validate-code / unit-tests (test:unit)	UNKNOWN STEP	2026-10-09T07:36:03.5573945Z           ^[[36m<button^[[39m
validate-code / unit-tests (test:unit)	UNKNOWN STEP	2026-10-09T07:36:03.5579077Z             ^[[33mclass^[[39m=^[[32m"inline-flex items-center rounded-xl overflow-hidden relative outline-none duration-100 ease-linear data-[disabled]:opacity-50 data-[disabled]:cursor-not-allowed bg-muted data-[hovered]:bg-muted-hover data-[pressed]:bg-muted-pressed h-btn-md px-4 gap-2 text-s-body-md leading-s-body-md tracking-s-body-md md:text-l-body-md md:leading-l-body-md md:tracking-l-body-md font-medium justify-center transition cursor-pointer focus-visible:border-transparent focus-visible:outline focus-visible:outline-2 focus-visible:outline-white focus-visible:outline-offset-0 focus:border-transparent focus:outline focus:outline-2 focus:outline-white focus:outline-offset-0"^[[39m
validate-code / unit-tests (test:unit)	UNKNOWN STEP	2026-10-09T07:36:03.5583162Z             ^[[33mdata-rac^[[39m=^[[32m""^[[39m
validate-code / unit-tests (test:unit)	UNKNOWN STEP	2026-10-09T07:36:03.5583930Z             ^[[33mdata-react-aria-pressable^[[39m=^[[32m"true"^[[39m
validate-code / unit-tests (test:unit)	UNKNOWN STEP	2026-10-09T07:36:03.5584671Z             ^[[33mid^[[39m=^[[32m"react-aria-_r_12_"^[[39m
validate-code / unit-tests (test:unit)	UNKNOWN STEP	2026-10-09T07:36:03.5585350Z             ^[[33mtabindex^[[39m=^[[32m"0"^[[39m
validate-code / unit-tests (test:unit)	UNKNOWN STEP	2026-10-09T07:36:03.5585983Z             ^[[33mtype^[[39m=^[[32m"button"^[[39m
validate-code / unit-tests (test:unit)	UNKNOWN STEP	2026-10-09T07:36:03.5586514Z           ^[[36m>^[[39m
validate-code / unit-tests (test:unit)	UNKNOWN STEP	2026-10-09T07:36:03.5587129Z             ^[[0m-2%^[[0m
validate-code / unit-tests (test:unit)	UNKNOWN STEP	2026-10-09T07:36:03.5587602Z           ^[[36m</button>^[[39m
validate-code / unit-tests (test:unit)	UNKNOWN STEP	2026-10-09T07:36:03.5588088Z           ^[[36m<button^[[39m
validate-code / unit-tests (test:unit)	UNKNOWN STEP	2026-10-09T07:36:03.5593080Z             ^[[33mclass^[[39m=^[[32m"inline-flex items-center rounded-xl overflow-hidden relative outline-none duration-100 ease-linear data-[disabled]:opacity-50 data-[disabled]:cursor-not-allowed bg-muted data-[hovered]:bg-muted-hover data-[pressed]:bg-muted-pressed h-btn-md px-4 gap-2 text-s-body-md leading-s-body-md tracking-s-body-md md:text-l-body-md md:leading-l-body-md md:tracking-l-body-md font-medium justify-center transition cursor-pointer focus-visible:border-transparent focus-visible:outline focus-visible:outline-2 focus-visible:outline-white focus-visible:outline-offset-0 focus:border-transparent focus:outline focus:outline-2 focus:outline-white focus:outline-offset-0"^[[39m
validate-code / unit-tests (test:unit)	UNKNOWN STEP	2026-10-09T07:36:03.5597192Z             ^[[33mdata-rac^[[39m=^[[32m""^[[39m
validate-code / unit-tests (test:unit)	UNKNOWN STEP	2026-10-09T07:36:03.5597927Z             ^[[33mdata-react-aria-pressable^[[39m=^[[32m"true"^[[39m
validate-code / unit-tests (test:unit)	UNKNOWN STEP	2026-10-09T07:36:03.5598643Z             ^[[33mid^[[39m=^[[32m"react-aria-_r_14_"^[[39m
validate-code / unit-tests (test:unit)	UNKNOWN STEP	2026-10-09T07:36:03.5599283Z             ^[[33mtabindex^[[39m=^[[32m"0"^[[39m
validate-code / unit-tests (test:unit)	UNKNOWN STEP	2026-10-09T07:36:03.5599881Z             ^[[33mtype^[[39m=^[[32m"button"^[[39m
validate-code / unit-tests (test:unit)	UNKNOWN STEP	2026-10-09T07:36:03.5600425Z           ^[[36m>^[[39m
validate-code / unit-tests (test:unit)	UNKNOWN STEP	2026-10-09T07:36:03.5600862Z             ^[[0m-5%^[[0m
validate-code / unit-tests (test:unit)	UNKNOWN STEP	2026-10-09T07:36:03.5601326Z           ^[[36m</button>^[[39m
validate-code / unit-tests (test:unit)	UNKNOWN STEP	2026-10-09T07:36:03.5601832Z         ^[[36m</div>^[[39m
validate-code / unit-tests (test:unit)	UNKNOWN STEP	2026-10-09T07:36:03.5602546Z       ^[[36m</div>^[[39m
validate-code / unit-tests (test:unit)	UNKNOWN STEP	2026-10-09T07:36:03.5603016Z       ^[[36m<div^[[39m
validate-code / unit-tests (test:unit)	UNKNOWN STEP	2026-10-09T07:36:03.5603848Z         ^[[33mclass^[[39m=^[[32m"rounded-md bg-alternative text-default flex flex-col gap-2"^[[39m
validate-code / unit-tests (test:unit)	UNKNOWN STEP	2026-10-09T07:36:03.5604547Z       ^[[36m>^[[39m
validate-code / unit-tests (test:unit)	UNKNOWN STEP	2026-10-09T07:36:03.5605105Z         ^[[36m<div^[[39m
validate-code / unit-tests (test:unit)	UNKNOWN STEP	2026-10-09T07:36:03.5606221Z           ^[[33mclass^[[39m=^[[32m"text-default flex flex-row items-center justify-between bg-transparent shadow-none rounded-none p-0"^[[39m
validate-code / unit-tests (test:unit)	UNKNOWN STEP	2026-10-09T07:36:03.5607302Z         ^[[36m>^[[39m
validate-code / unit-tests (test:unit)	UNKNOWN STEP	2026-10-09T07:36:03.5607722Z           ^[[36m<p^[[39m
validate-code / unit-tests (test:unit)	UNKNOWN STEP	2026-10-09T07:36:03.5608916Z             ^[[33mclass^[[39m=^[[32m"leading-s-body-sm tracking-s-body-sm md:text-l-body-sm md:leading-l-body-sm md:tracking-l-body-sm font-normal text-alternative"^[[39m
validate-code / unit-tests (test:unit)	UNKNOWN STEP	2026-10-09T07:36:03.5609999Z           ^[[36m>^[[39m
validate-code / unit-tests (test:unit)	UNKNOWN STEP	2026-10-09T07:36:03.5610522Z             ^[[0mLiquidation price^[[0m
validate-code / unit-tests (test:unit)	UNKNOWN STEP	2026-10-09T07:36:03.5611041Z           ^[[36m</p>^[[39m
validate-code / unit-tests (test:unit)	UNKNOWN STEP	2026-10-09T07:36:03.5611459Z           ^[[36m<div^[[39m
validate-code / unit-tests (test:unit)	UNKNOWN STEP	2026-10-09T07:36:03.5612925Z             ^[[33mclass^[[39m=^[[32m"rounded-md bg-alternative leading-s-body-sm tracking-s-body-sm md:text-l-body-sm md:leading-l-body-sm md:tracking-l-body-sm font-normal text-alternative"^[[39m
validate-code / unit-tests (test:unit)	UNKNOWN STEP	2026-10-09T07:36:03.5614176Z           ^[[36m>^[[39m
validate-code / unit-tests (test:unit)	UNKNOWN STEP	2026-10-09T07:36:03.5614629Z             ^[[36m<div^[[39m
validate-code / unit-tests (test:unit)	UNKNOWN STEP	2026-10-09T07:36:03.5615476Z               ^[[33mclass^[[39m=^[[32m"rounded-lg skeleton-gradient animate-pulse h-6 w-16"^[[39m
validate-code / unit-tests (test:unit)	UNKNOWN STEP	2026-10-09T07:36:03.5616224Z             ^[[36m/>^[[39m
validate-code / unit-tests (test:unit)	UNKNOWN STEP	2026-10-09T07:36:03.5616691Z           ^[[36m</div>^[[39m
validate-code / unit-tests (test:unit)	UNKNOWN STEP	2026-10-09T07:36:03.5617438Z         ^[[36m</div>^[[39m
validate-code / unit-tests (test:unit)	UNKNOWN STEP	2026-10-09T07:36:03.5617914Z         ^[[36m<div^[[39m
validate-code / unit-tests (test:unit)	UNKNOWN STEP	2026-10-09T07:36:03.5619035Z           ^[[33mclass^[[39m=^[[32m"text-default flex flex-row items-center justify-between bg-transparent shadow-none rounded-none p-0"^[[39m
validate-code / unit-tests (test:unit)	UNKNOWN STEP	2026-10-09T07:36:03.5620022Z         ^[[36m>^[[39m
validate-code / unit-tests (test:unit)	UNKNOWN STEP	2026-10-09T07:36:03.5620466Z           ^[[36m<p^[[39m
validate-code / unit-tests (test:unit)	UNKNOWN STEP	2026-10-09T07:36:03.5621709Z             ^[[33mclass^[[39m=^[[32m"leading-s-body-sm tracking-s-body-sm md:text-l-body-sm md:leading-l-body-sm md:tracking-l-body-sm font-normal text-alternative"^[[39m
validate-code / unit-tests (test:unit)	UNKNOWN STEP	2026-10-09T07:36:03.5622757Z           ^[[36m>^[[39m
validate-code / unit-tests (test:unit)	UNKNOWN STEP	2026-10-09T07:36:03.5623249Z             ^[[0mCurrent price^[[0m
validate-code / unit-tests (test:unit)	UNKNOWN STEP	2026-10-09T07:36:03.5623791Z           ^[[36m</p>^[[39m
validate-code / unit-tests (test:unit)	UNKNOWN STEP	2026-10-09T07:36:03.5624296Z           ^[[36m<div^[[39m
validate-code / unit-tests (test:unit)	UNKNOWN STEP	2026-10-09T07:36:03.5625770Z             ^[[33mclass^[[39m=^[[32m"rounded-md bg-alternative leading-s-body-sm tracking-s-body-sm md:text-l-body-sm md:leading-l-body-sm md:tracking-l-body-sm font-normal text-alternative"^[[39m
validate-code / unit-tests (test:unit)	UNKNOWN STEP	2026-10-09T07:36:03.5627272Z           ^[[36m>^[[39m
validate-code / unit-tests (test:unit)	UNKNOWN STEP	2026-10-09T07:36:03.5627729Z             ^[[36m<div^[[39m
validate-code / unit-tests (test:unit)	UNKNOWN STEP	2026-10-09T07:36:03.5628597Z               ^[[33mclass^[[39m=^[[32m"rounded-lg skeleton-gradient animate-pulse h-6 w-16"^[[39m
validate-code / unit-tests (test:unit)	UNKNOWN STEP	2026-10-09T07:36:03.5629275Z             ^[[36m/>^[[39m
validate-code / unit-tests (test:unit)	UNKNOWN STEP	2026-10-09T07:36:03.5629736Z           ^[[36m</div>^[[39m
validate-code / unit-tests (test:unit)	UNKNOWN STEP	2026-10-09T07:36:03.5630181Z         ^[[36m</div>^[[39m
validate-code / unit-tests (test:unit)	UNKNOWN STEP	2026-10-09T07:36:03.5630571Z       ^[[36m</div>^[[39m
validate-code / unit-tests (test:unit)	UNKNOWN STEP	2026-10-09T07:36:03.5630977Z       ^[[36m<div^[[39m
validate-code / unit-tests (test:unit)	UNKNOWN STEP	2026-10-09T07:36:03.5631848Z         ^[[33mclass^[[39m=^[[32m"text-default flex flex-col bg-transparent shadow-none rounded-none p-0 gap-3"^[[39m
validate-code / unit-tests (test:unit)	UNKNOWN STEP	2026-10-09T07:36:03.5632659Z       ^[[36m>^[[39m
validate-code / unit-tests (test:unit)	UNKNOWN STEP	2026-10-09T07:36:03.5633099Z         ^[[36m<button^[[39m
validate-code / unit-tests (test:unit)	UNKNOWN STEP	2026-10-09T07:36:03.5637413Z           ^[[33mclass^[[39m=^[[32m"inline-flex items-center justify-center rounded-xl overflow-hidden relative outline-none transition-all duration-100 ease-linear cursor-pointer data-[disabled]:opacity-50 data-[disabled]:cursor-not-allowed focus-visible:outline-2 focus-visible:outline-[var(--color-primary-default)] focus-visible:outline-offset-2 btn-contrast data-[hovered]:bg-icon-default-hover data-[pressed]:bg-icon-default-pressed h-btn-md px-4 gap-2 text-s-body-md leading-s-body-md tracking-s-body-md md:text-l-body-md md:leading-l-body-md md:tracking-l-body-md font-medium"^[[39m
validate-code / unit-tests (test:unit)	UNKNOWN STEP	2026-10-09T07:36:03.5640834Z           ^[[33mdata-rac^[[39m=^[[32m""^[[39m
validate-code / unit-tests (test:unit)	UNKNOWN STEP	2026-10-09T07:36:03.5641571Z           ^[[33mdata-react-aria-pressable^[[39m=^[[32m"true"^[[39m
validate-code / unit-tests (test:unit)	UNKNOWN STEP	2026-10-09T07:36:03.5642552Z           ^[[33mid^[[39m=^[[32m"react-aria-_r_16_"^[[39m
validate-code / unit-tests (test:unit)	UNKNOWN STEP	2026-10-09T07:36:03.5643187Z           ^[[33mtabindex^[[39m=^[[32m"0"^[[39m
validate-code / unit-tests (test:unit)	UNKNOWN STEP	2026-10-09T07:36:03.5643805Z           ^[[33mtype^[[39m=^[[32m"button"^[[39m
validate-code / unit-tests (test:unit)	UNKNOWN STEP	2026-10-09T07:36:03.5644330Z         ^[[36m>^[[39m
validate-code / unit-tests (test:unit)	UNKNOWN STEP	2026-10-09T07:36:03.5644903Z           ^[[0mSet^[[0m
validate-code / unit-tests (test:unit)	UNKNOWN STEP	2026-10-09T07:36:03.5645377Z         ^[[36m</button>^[[39m
validate-code / unit-tests (test:unit)	UNKNOWN STEP	2026-10-09T07:36:03.5645851Z       ^[[36m</div>^[[39m
validate-code / unit-tests (test:unit)	UNKNOWN STEP	2026-10-09T07:36:03.5646288Z     ^[[36m</div>^[[39m
validate-code / unit-tests (test:unit)	UNKNOWN STEP	2026-10-09T07:36:03.5646714Z   ^[[36m</div>^[[39m
validate-code / unit-tests (test:unit)	UNKNOWN STEP	2026-10-09T07:36:03.5647322Z ^[[36m</body>^[[39m
validate-code / unit-tests (test:unit)	UNKNOWN STEP	2026-10-09T07:36:03.5648372Z ^[[90m ^[[2m❯^[[22m Object.getElementError node_modules/@testing-library/dom/dist/config.js:^[[2m37:19^[[22m^[[39m
validate-code / unit-tests (test:unit)	UNKNOWN STEP	2026-10-09T07:36:03.5649672Z ^[[90m ^[[2m❯^[[22m node_modules/@testing-library/dom/dist/query-helpers.js:^[[2m76:38^[[22m^[[39m
validate-code / unit-tests (test:unit)	UNKNOWN STEP	2026-10-09T07:36:03.5650912Z ^[[90m ^[[2m❯^[[22m node_modules/@testing-library/dom/dist/query-helpers.js:^[[2m52:17^[[22m^[[39m
validate-code / unit-tests (test:unit)	UNKNOWN STEP	2026-10-09T07:36:03.5652142Z ^[[90m ^[[2m❯^[[22m node_modules/@testing-library/dom/dist/query-helpers.js:^[[2m95:19^[[22m^[[39m
validate-code / unit-tests (test:unit)	UNKNOWN STEP	2026-10-09T07:36:03.5653800Z ^[[36m ^[[2m❯^[[22m src/features/perpetuals/order/components/OrderForm/OrderParametersModals/OrderFormLimitPriceEditor.test.tsx:^[[2m99:19^[[22m^[[39m
validate-code / unit-tests (test:unit)	UNKNOWN STEP	2026-10-09T07:36:03.5654979Z     ^[[90m 97| ^[[39m    )^[[33m;^[[39m
validate-code / unit-tests (test:unit)	UNKNOWN STEP	2026-10-09T07:36:03.5655481Z     ^[[90m 98| ^[[39m
validate-code / unit-tests (test:unit)	UNKNOWN STEP	2026-10-09T07:36:03.5656602Z     ^[[90m 99| ^[[39m    ^[[34mexpect^[[39m(screen^[[33m.^[[39m^[[34mgetByText^[[39m(^[[32m"$123.46"^[[39m))^[[33m.^[[39m^[[34mtoBeInTheDocument^[[39m()^[[33m;^[[39m
validate-code / unit-tests (test:unit)	UNKNOWN STEP	2026-10-09T07:36:03.5657862Z     ^[[90m   | ^[[39m                  ^[[31m^^[[39m
validate-code / unit-tests (test:unit)	UNKNOWN STEP	2026-10-09T07:36:03.5659079Z     ^[[90m100| ^[[39m    ^[[34mexpect^[[39m(screen^[[33m.^[[39m^[[34mgetByText^[[39m(^[[32m"$789.12"^[[39m))^[[33m.^[[39m^[[34mtoBeInTheDocument^[[39m()^[[33m;^[[39m
validate-code / unit-tests (test:unit)	UNKNOWN STEP	2026-10-09T07:36:03.5660198Z     ^[[90m101| ^[[39m  ***)^[[33m;^[[39m
validate-code / unit-tests (test:unit)	UNKNOWN STEP	2026-10-09T07:36:03.5660501Z 
validate-code / unit-tests (test:unit)	UNKNOWN STEP	2026-10-09T07:36:03.5660919Z ^[[31m^[[2m⎯⎯⎯⎯⎯⎯⎯⎯⎯⎯⎯⎯⎯⎯⎯⎯⎯⎯⎯⎯⎯⎯⎯⎯[2/2]⎯^[[22m^[[39m
validate-code / unit-tests (test:unit)	UNKNOWN STEP	2026-10-09T07:36:03.5661273Z 
validate-code / unit-tests (test:unit)	UNKNOWN STEP	2026-10-09T07:36:03.7632158Z ##[error]Process completed with exit code 1.
validate-code / unit-tests (test:unit)	UNKNOWN STEP	2026-10-09T07:36:03.7723085Z ##[group]Run dorny/test-reporter@a43b3a5f7366b97d083190328d2c652e1a8b6aa2
validate-code / unit-tests (test:unit)	UNKNOWN STEP	2026-10-09T07:36:03.7723523Z with:
validate-code / unit-tests (test:unit)	UNKNOWN STEP	2026-10-09T07:36:03.7723794Z   name: 📝 Tests report (test unit)
validate-code / unit-tests (test:unit)	UNKNOWN STEP	2026-10-09T07:36:03.7724125Z   path: junit.xml
validate-code / unit-tests (test:unit)	UNKNOWN STEP	2026-10-09T07:36:03.7724392Z   reporter: jest-junit
validate-code / unit-tests (test:unit)	UNKNOWN STEP	2026-10-09T07:36:03.7724667Z   fail-on-empty: false
validate-code / unit-tests (test:unit)	UNKNOWN STEP	2026-10-09T07:36:03.7724957Z   path-replace-backslashes: false
validate-code / unit-tests (test:unit)	UNKNOWN STEP	2026-10-09T07:36:03.7725268Z   list-suites: all
validate-code / unit-tests (test:unit)	UNKNOWN STEP	2026-10-09T07:36:03.7725522Z   list-tests: all
validate-code / unit-tests (test:unit)	UNKNOWN STEP	2026-10-09T07:36:03.7725779Z   max-annotations: 10
validate-code / unit-tests (test:unit)	UNKNOWN STEP	2026-10-09T07:36:03.7726043Z   fail-on-error: true
validate-code / unit-tests (test:unit)	UNKNOWN STEP	2026-10-09T07:36:03.7726302Z   only-summary: false
validate-code / unit-tests (test:unit)	UNKNOWN STEP	2026-10-09T07:36:03.7726573Z   use-actions-summary: true
validate-code / unit-tests (test:unit)	UNKNOWN STEP	2026-10-09T07:36:03.7727132Z   badge-title: tests
validate-code / unit-tests (test:unit)	UNKNOWN STEP	2026-10-09T07:36:03.7727461Z   collapsed: auto
validate-code / unit-tests (test:unit)	UNKNOWN STEP	2026-10-09T07:36:03.7729636Z   token: ***
validate-code / unit-tests (test:unit)	UNKNOWN STEP	2026-10-09T07:36:03.7729889Z env:
validate-code / unit-tests (test:unit)	UNKNOWN STEP	2026-10-09T07:36:03.7730437Z   JFROG_CLI_ENV_EXCLUDE: *password*;*secret*;*key*;*token*;*auth*;JF_ARTIFACTORY_*;JF_ENV_*;JF_URL;JF_USER;JF_PASSWORD;JF_ACCESS_TOKEN
validate-code / unit-tests (test:unit)	UNKNOWN STEP	2026-10-09T07:36:03.7731042Z   JFROG_CLI_OFFER_CONFIG: false
validate-code / unit-tests (test:unit)	UNKNOWN STEP	2026-10-09T07:36:03.7731368Z   JFROG_CLI_AVOID_NEW_VERSION_WARNING: true
validate-code / unit-tests (test:unit)	UNKNOWN STEP	2026-10-09T07:36:03.7731821Z   JFROG_CLI_SOURCECODE_REPOSITORY: consensys-vertical-apps/va-mmcx-terminal
validate-code / unit-tests (test:unit)	UNKNOWN STEP	2026-10-09T07:36:03.7732265Z   JFROG_CLI_CI_JOB_ID: Validate PR
validate-code / unit-tests (test:unit)	UNKNOWN STEP	2026-10-09T07:36:03.7732580Z   JFROG_CLI_CI_RUN_ID: 37898878891
validate-code / unit-tests (test:unit)	UNKNOWN STEP	2026-10-09T07:36:03.7732881Z   JFROG_CLI_GITHUB_TOKEN: 
validate-code / unit-tests (test:unit)	UNKNOWN STEP	2026-10-09T07:36:03.7733263Z   JFROG_CLI_CI_VCS_REVISION: 7a41fef9713a11d0bb5fb901d91a7d16dbe0b1ce
validate-code / unit-tests (test:unit)	UNKNOWN STEP	2026-10-09T07:36:03.7733676Z   JFROG_CLI_CI_BRANCH: 180/merge
validate-code / unit-tests (test:unit)	UNKNOWN STEP	2026-10-09T07:36:03.7734117Z   JFROG_CLI_CI_VCS_URL: https://github.com/consensys-vertical-apps/va-mmcx-terminal
validate-code / unit-tests (test:unit)	UNKNOWN STEP	2026-10-09T07:36:03.7734577Z   JFROG_CLI_BUILD_NAME: Validate PR
validate-code / unit-tests (test:unit)	UNKNOWN STEP	2026-10-09T07:36:03.7734898Z   JFROG_CLI_BUILD_NUMBER: 810
validate-code / unit-tests (test:unit)	UNKNOWN STEP	2026-10-09T07:36:03.7735401Z   JFROG_CLI_BUILD_URL: https://github.com/consensys-vertical-apps/va-mmcx-terminal/actions/runs/37898878891
validate-code / unit-tests (test:unit)	UNKNOWN STEP	2026-10-09T07:36:03.7736252Z   JFROG_CLI_USER_AGENT: setup-jfrog-cli-github-action/5.1.0
validate-code / unit-tests (test:unit)	UNKNOWN STEP	2026-10-09T07:36:03.7736730Z   JFROG_CLI_COMMAND_SUMMARY_OUTPUT_DIR: /home/runner/work/_temp
validate-code / unit-tests (test:unit)	UNKNOWN STEP	2026-10-09T07:36:03.7737427Z   JFROG_CLI_USAGE_GH_TOKEN_FOR_CODE_SCANNING_ALERTS_PROVIDED: 
validate-code / unit-tests (test:unit)	UNKNOWN STEP	2026-10-09T07:36:03.7737880Z   SETUP_JFROG_CLI_SERVER_IDS: setup-jfrog-cli-server
validate-code / unit-tests (test:unit)	UNKNOWN STEP	2026-10-09T07:36:03.7738240Z   TEST_NAME: test unit
validate-code / unit-tests (test:unit)	UNKNOWN STEP	2026-10-09T07:36:03.7738521Z   TEST_ARTEFACT_NAME: test-unit
validate-code / unit-tests (test:unit)	UNKNOWN STEP	2026-10-09T07:36:03.7738820Z ##[endgroup]
validate-code / unit-tests (test:unit)	UNKNOWN STEP	2026-10-09T07:36:03.9848955Z Action was triggered by pull_request: using SHA from head of source branch
validate-code / unit-tests (test:unit)	UNKNOWN STEP	2026-10-09T07:36:03.9867951Z Check runs will be created with SHA=90502bb4a20a287f5496d73a05c8411a45b24f61
validate-code / unit-tests (test:unit)	UNKNOWN STEP	2026-10-09T07:36:03.9873139Z ##[group]Listing all files tracked by git
validate-code / unit-tests (test:unit)	UNKNOWN STEP	2026-10-09T07:36:03.9947908Z [command]/usr/bin/git ls-files -z
