validate-code / unit-tests (test:unit)	UNKNOWN STEP	﻿2026-10-09T09:22:15.9527159Z Current runner version: '2.337.0'
validate-code / unit-tests (test:unit)	UNKNOWN STEP	2026-10-09T09:22:15.9565507Z ##[group]Runner Image Provisioner
validate-code / unit-tests (test:unit)	UNKNOWN STEP	2026-10-09T09:22:15.9567189Z Hosted Compute Agent
validate-code / unit-tests (test:unit)	UNKNOWN STEP	2026-10-09T09:22:15.9568584Z Version: 20261002.596
validate-code / unit-tests (test:unit)	UNKNOWN STEP	2026-10-09T09:22:15.9570390Z Commit: c3d12f3313a95f25162a1503be624f3b0617f8c0
validate-code / unit-tests (test:unit)	UNKNOWN STEP	2026-10-09T09:22:15.9572150Z Build Date: 2026-10-02T22:28:27Z
validate-code / unit-tests (test:unit)	UNKNOWN STEP	2026-10-09T09:22:15.9573827Z Worker ID: ***e17dfd74-623c-416e-b88a-2cee60ad9a3b***
validate-code / unit-tests (test:unit)	UNKNOWN STEP	2026-10-09T09:22:15.9575478Z Region: westus
validate-code / unit-tests (test:unit)	UNKNOWN STEP	2026-10-09T09:22:15.9576639Z Cloud: Azure
validate-code / unit-tests (test:unit)	UNKNOWN STEP	2026-10-09T09:22:15.9577853Z ##[endgroup]
validate-code / unit-tests (test:unit)	UNKNOWN STEP	2026-10-09T09:22:15.9580794Z ##[group]Operating System
validate-code / unit-tests (test:unit)	UNKNOWN STEP	2026-10-09T09:22:15.9582309Z Ubuntu
validate-code / unit-tests (test:unit)	UNKNOWN STEP	2026-10-09T09:22:15.9583447Z 24.04.5
validate-code / unit-tests (test:unit)	UNKNOWN STEP	2026-10-09T09:22:15.9584642Z LTS
validate-code / unit-tests (test:unit)	UNKNOWN STEP	2026-10-09T09:22:15.9585787Z ##[endgroup]
validate-code / unit-tests (test:unit)	UNKNOWN STEP	2026-10-09T09:22:15.9587060Z ##[group]Runner Image
validate-code / unit-tests (test:unit)	UNKNOWN STEP	2026-10-09T09:22:15.9588305Z Image: ubuntu-24.04
validate-code / unit-tests (test:unit)	UNKNOWN STEP	2026-10-09T09:22:15.9589398Z Version: 20261004.327.1
validate-code / unit-tests (test:unit)	UNKNOWN STEP	2026-10-09T09:22:15.9592347Z Included Software: https://github.com/actions/runner-images/blob/ubuntu24/20261004.327/images/ubuntu/Ubuntu2404-Readme.md
validate-code / unit-tests (test:unit)	UNKNOWN STEP	2026-10-09T09:22:15.9595515Z Image Release: https://github.com/actions/runner-images/releases/tag/ubuntu24%2F20261004.327
validate-code / unit-tests (test:unit)	UNKNOWN STEP	2026-10-09T09:22:15.9597562Z ##[endgroup]
validate-code / unit-tests (test:unit)	UNKNOWN STEP	2026-10-09T09:22:15.9600725Z ##[group]GITHUB_TOKEN Permissions
validate-code / unit-tests (test:unit)	UNKNOWN STEP	2026-10-09T09:22:15.9603780Z Actions: read
validate-code / unit-tests (test:unit)	UNKNOWN STEP	2026-10-09T09:22:15.9604988Z Checks: write
validate-code / unit-tests (test:unit)	UNKNOWN STEP	2026-10-09T09:22:15.9606328Z Contents: read
validate-code / unit-tests (test:unit)	UNKNOWN STEP	2026-10-09T09:22:15.9607645Z Metadata: read
validate-code / unit-tests (test:unit)	UNKNOWN STEP	2026-10-09T09:22:15.9608803Z ##[endgroup]
validate-code / unit-tests (test:unit)	UNKNOWN STEP	2026-10-09T09:22:15.9612676Z Secret source: Actions
validate-code / unit-tests (test:unit)	UNKNOWN STEP	2026-10-09T09:22:15.9614701Z Cache mode: write
validate-code / unit-tests (test:unit)	UNKNOWN STEP	2026-10-09T09:22:15.9616219Z Prepare workflow directory
validate-code / unit-tests (test:unit)	UNKNOWN STEP	2026-10-09T09:22:16.0478543Z Prepare all required actions
validate-code / unit-tests (test:unit)	UNKNOWN STEP	2026-10-09T09:22:16.0558971Z Getting action download info
validate-code / unit-tests (test:unit)	UNKNOWN STEP	2026-10-09T09:22:16.4884125Z Download action repository 'consensys-vertical-apps/shared-services-workflows@ee5456cf63f32f96987af955f66bd6b1b8b5cbd8' (SHA:ee5456cf63f32f96987af955f66bd6b1b8b5cbd8)
validate-code / unit-tests (test:unit)	UNKNOWN STEP	2026-10-09T09:22:16.9622817Z Download action repository 'actions/checkout@3d3c42e5aac5ba805825da76410c181273ba90b1' (SHA:3d3c42e5aac5ba805825da76410c181273ba90b1)
validate-code / unit-tests (test:unit)	UNKNOWN STEP	2026-10-09T09:22:17.0024693Z Download action repository 'consensys-vertical-apps/shared-services-workflows@0ad0566241bddeb4f6b3b5f310b368a89283e7df' (SHA:0ad0566241bddeb4f6b3b5f310b368a89283e7df)
validate-code / unit-tests (test:unit)	UNKNOWN STEP	2026-10-09T09:22:17.4172140Z Download action repository 'dorny/test-reporter@a43b3a5f7366b97d083190328d2c652e1a8b6aa2' (SHA:a43b3a5f7366b97d083190328d2c652e1a8b6aa2)
validate-code / unit-tests (test:unit)	UNKNOWN STEP	2026-10-09T09:22:17.9668574Z Download action repository 'actions/upload-artifact@043fb46d1a93c77aae656e7c1c64a875d1fc6a0a' (SHA:043fb46d1a93c77aae656e7c1c64a875d1fc6a0a)
validate-code / unit-tests (test:unit)	UNKNOWN STEP	2026-10-09T09:22:18.1830956Z Getting action download info
validate-code / unit-tests (test:unit)	UNKNOWN STEP	2026-10-09T09:22:18.3095645Z Download action repository 'wiz-sec-public/wiz-sensor-github-action@2f72488477988739561233bbc10ceff0c53273fd' (SHA:2f72488477988739561233bbc10ceff0c53273fd)
validate-code / unit-tests (test:unit)	UNKNOWN STEP	2026-10-09T09:22:18.6785816Z Getting action download info
validate-code / unit-tests (test:unit)	UNKNOWN STEP	2026-10-09T09:22:18.8274413Z Download action repository 'actions/checkout@df4cb1c069e1874edd31b4311f1884172cec0e10' (SHA:df4cb1c069e1874edd31b4311f1884172cec0e10)
validate-code / unit-tests (test:unit)	UNKNOWN STEP	2026-10-09T09:22:18.9566327Z Download action repository 'jfrog/setup-jfrog-cli@deda456d982fc5e9a7a020b63eb0d2968aedd33e' (SHA:deda456d982fc5e9a7a020b63eb0d2968aedd33e)
validate-code / unit-tests (test:unit)	UNKNOWN STEP	2026-10-09T09:22:19.7120736Z Download action repository 'pnpm/action-setup@fc06bc1257f339d1d5d8b3a19a8cae5388b55320' (SHA:fc06bc1257f339d1d5d8b3a19a8cae5388b55320)
validate-code / unit-tests (test:unit)	UNKNOWN STEP	2026-10-09T09:22:20.1821194Z Download action repository 'actions/setup-node@48b55a011bda9f5d6aeb4c2d9c7362e8dae4041e' (SHA:48b55a011bda9f5d6aeb4c2d9c7362e8dae4041e)
validate-code / unit-tests (test:unit)	UNKNOWN STEP	2026-10-09T09:22:20.4202789Z Uses: consensys-vertical-apps/shared-services-workflows/.github/workflows/js-validate-code.yml@refs/tags/v1.19.1 (ee5456cf63f32f96987af955f66bd6b1b8b5cbd8)
validate-code / unit-tests (test:unit)	UNKNOWN STEP	2026-10-09T09:22:20.4206868Z ##[group] Inputs
validate-code / unit-tests (test:unit)	UNKNOWN STEP	2026-10-09T09:22:20.4207218Z   run_on: ubuntu-latest
validate-code / unit-tests (test:unit)	UNKNOWN STEP	2026-10-09T09:22:20.4207499Z   node_version: 22
validate-code / unit-tests (test:unit)	UNKNOWN STEP	2026-10-09T09:22:20.4207775Z   security_audit_fail_level: critical
validate-code / unit-tests (test:unit)	UNKNOWN STEP	2026-10-09T09:22:20.4208792Z   security_audit_ignore_failure: false
validate-code / unit-tests (test:unit)	UNKNOWN STEP	2026-10-09T09:22:20.4209334Z   npm_client: npm
validate-code / unit-tests (test:unit)	UNKNOWN STEP	2026-10-09T09:22:20.4210043Z   npm_client_production_flag: --frozen-lockfile
validate-code / unit-tests (test:unit)	UNKNOWN STEP	2026-10-09T09:22:20.4210386Z   yarn_version: 1
validate-code / unit-tests (test:unit)	UNKNOWN STEP	2026-10-09T09:22:20.4210645Z   npm_registry_name: npm
validate-code / unit-tests (test:unit)	UNKNOWN STEP	2026-10-09T09:22:20.4211052Z   npm_registry_url: https://consensys.jfrog.io/artifactory/api/npm/npm/
validate-code / unit-tests (test:unit)	UNKNOWN STEP	2026-10-09T09:22:20.4211559Z   checkout_repository: consensys-vertical-apps/va-mmcx-terminal
validate-code / unit-tests (test:unit)	UNKNOWN STEP	2026-10-09T09:22:20.4211936Z   checkout_ref: 
validate-code / unit-tests (test:unit)	UNKNOWN STEP	2026-10-09T09:22:20.4212178Z   test_names: ['test:unit']
validate-code / unit-tests (test:unit)	UNKNOWN STEP	2026-10-09T09:22:20.4213169Z   test_timeout_minutes: 30
validate-code / unit-tests (test:unit)	UNKNOWN STEP	2026-10-09T09:22:20.4213457Z   eslint_enabled: false
validate-code / unit-tests (test:unit)	UNKNOWN STEP	2026-10-09T09:22:20.4213728Z   prettier_enabled: false
validate-code / unit-tests (test:unit)	UNKNOWN STEP	2026-10-09T09:22:20.4214062Z   tests_report_path: junit.xml
validate-code / unit-tests (test:unit)	UNKNOWN STEP	2026-10-09T09:22:20.4214368Z   tests_coverage_path: coverage/**/*
validate-code / unit-tests (test:unit)	UNKNOWN STEP	2026-10-09T09:22:20.4214715Z   typecheck_command: npm run typecheck
validate-code / unit-tests (test:unit)	UNKNOWN STEP	2026-10-09T09:22:20.4215019Z   typecheck_enabled: true
validate-code / unit-tests (test:unit)	UNKNOWN STEP	2026-10-09T09:22:20.4215278Z   pre_lint_command: 
validate-code / unit-tests (test:unit)	UNKNOWN STEP	2026-10-09T09:22:20.4215546Z   jfrog_oidc_provider_name: github
validate-code / unit-tests (test:unit)	UNKNOWN STEP	2026-10-09T09:22:20.4215853Z ##[endgroup]
validate-code / unit-tests (test:unit)	UNKNOWN STEP	2026-10-09T09:22:20.4216150Z Complete job name: validate-code / unit-tests (test:unit)
validate-code / unit-tests (test:unit)	UNKNOWN STEP	2026-10-09T09:22:20.4734239Z ##[group]Checking docker version
validate-code / unit-tests (test:unit)	UNKNOWN STEP	2026-10-09T09:22:20.4747655Z ##[command]/usr/bin/docker version --format '***.Server.APIVersion***'
validate-code / unit-tests (test:unit)	UNKNOWN STEP	2026-10-09T09:22:20.5705035Z '1.48'
validate-code / unit-tests (test:unit)	UNKNOWN STEP	2026-10-09T09:22:20.5722781Z Docker daemon API version: '1.48'
validate-code / unit-tests (test:unit)	UNKNOWN STEP	2026-10-09T09:22:20.5723489Z ##[command]/usr/bin/docker version --format '***.Client.APIVersion***'
validate-code / unit-tests (test:unit)	UNKNOWN STEP	2026-10-09T09:22:20.5913421Z '1.48'
validate-code / unit-tests (test:unit)	UNKNOWN STEP	2026-10-09T09:22:20.5925938Z Docker client API version: '1.48'
validate-code / unit-tests (test:unit)	UNKNOWN STEP	2026-10-09T09:22:20.5932314Z ##[endgroup]
validate-code / unit-tests (test:unit)	UNKNOWN STEP	2026-10-09T09:22:20.5935027Z ##[group]Clean up resources from previous jobs
validate-code / unit-tests (test:unit)	UNKNOWN STEP	2026-10-09T09:22:20.5940996Z ##[command]/usr/bin/docker ps --all --quiet --no-trunc --filter "label=ecb1ed"
validate-code / unit-tests (test:unit)	UNKNOWN STEP	2026-10-09T09:22:20.6225033Z ##[command]/usr/bin/docker network prune --force --filter "label=ecb1ed"
validate-code / unit-tests (test:unit)	UNKNOWN STEP	2026-10-09T09:22:20.6380357Z ##[endgroup]
validate-code / unit-tests (test:unit)	UNKNOWN STEP	2026-10-09T09:22:20.6380852Z ##[group]Create local container network
validate-code / unit-tests (test:unit)	UNKNOWN STEP	2026-10-09T09:22:20.6391115Z ##[command]/usr/bin/docker network create --label ecb1ed github_network_fc6b5e7adc2a4b4ca09feae5763fa76f
validate-code / unit-tests (test:unit)	UNKNOWN STEP	2026-10-09T09:22:20.7102735Z 1a140107b51e11527aaff66eaa6719bdf511e8d2461478f908153bcd906eec92
validate-code / unit-tests (test:unit)	UNKNOWN STEP	2026-10-09T09:22:20.7134087Z ##[endgroup]
validate-code / unit-tests (test:unit)	UNKNOWN STEP	2026-10-09T09:22:20.7171008Z ##[group]Starting redis service container
validate-code / unit-tests (test:unit)	UNKNOWN STEP	2026-10-09T09:22:20.7191358Z ##[command]/usr/bin/docker pull redis
validate-code / unit-tests (test:unit)	UNKNOWN STEP	2026-10-09T09:22:20.7300552Z Using default tag: latest
validate-code / unit-tests (test:unit)	UNKNOWN STEP	2026-10-09T09:22:21.6194939Z latest: Pulling from library/redis
validate-code / unit-tests (test:unit)	UNKNOWN STEP	2026-10-09T09:22:21.8944022Z ecc510c1e359: Pulling fs layer
validate-code / unit-tests (test:unit)	UNKNOWN STEP	2026-10-09T09:22:21.8945664Z 4ac6ba6b019e: Pulling fs layer
validate-code / unit-tests (test:unit)	UNKNOWN STEP	2026-10-09T09:22:21.8947302Z f55e02ea8cde: Pulling fs layer
validate-code / unit-tests (test:unit)	UNKNOWN STEP	2026-10-09T09:22:21.8948812Z c30201c9cd3c: Pulling fs layer
validate-code / unit-tests (test:unit)	UNKNOWN STEP	2026-10-09T09:22:21.8950195Z c30201c9cd3c: Waiting
validate-code / unit-tests (test:unit)	UNKNOWN STEP	2026-10-09T09:22:21.8960727Z dc611c1ed116: Pulling fs layer
validate-code / unit-tests (test:unit)	UNKNOWN STEP	2026-10-09T09:22:21.8968013Z 4f4fb700ef54: Pulling fs layer
validate-code / unit-tests (test:unit)	UNKNOWN STEP	2026-10-09T09:22:21.8976456Z 0a3621ec1dd4: Pulling fs layer
validate-code / unit-tests (test:unit)	UNKNOWN STEP	2026-10-09T09:22:21.8984274Z dc611c1ed116: Waiting
validate-code / unit-tests (test:unit)	UNKNOWN STEP	2026-10-09T09:22:21.8985375Z 4f4fb700ef54: Waiting
validate-code / unit-tests (test:unit)	UNKNOWN STEP	2026-10-09T09:22:21.8985865Z 0a3621ec1dd4: Waiting
validate-code / unit-tests (test:unit)	UNKNOWN STEP	2026-10-09T09:22:22.1214866Z 4ac6ba6b019e: Verifying Checksum
validate-code / unit-tests (test:unit)	UNKNOWN STEP	2026-10-09T09:22:22.1219641Z 4ac6ba6b019e: Download complete
validate-code / unit-tests (test:unit)	UNKNOWN STEP	2026-10-09T09:22:22.1238060Z f55e02ea8cde: Verifying Checksum
validate-code / unit-tests (test:unit)	UNKNOWN STEP	2026-10-09T09:22:22.1238672Z f55e02ea8cde: Download complete
validate-code / unit-tests (test:unit)	UNKNOWN STEP	2026-10-09T09:22:22.3053436Z ecc510c1e359: Verifying Checksum
validate-code / unit-tests (test:unit)	UNKNOWN STEP	2026-10-09T09:22:22.3055364Z ecc510c1e359: Download complete
validate-code / unit-tests (test:unit)	UNKNOWN STEP	2026-10-09T09:22:22.3589987Z dc611c1ed116: Verifying Checksum
validate-code / unit-tests (test:unit)	UNKNOWN STEP	2026-10-09T09:22:22.3591732Z dc611c1ed116: Download complete
validate-code / unit-tests (test:unit)	UNKNOWN STEP	2026-10-09T09:22:22.5443120Z 4f4fb700ef54: Verifying Checksum
validate-code / unit-tests (test:unit)	UNKNOWN STEP	2026-10-09T09:22:22.5447324Z 4f4fb700ef54: Download complete
validate-code / unit-tests (test:unit)	UNKNOWN STEP	2026-10-09T09:22:22.6630115Z 0a3621ec1dd4: Verifying Checksum
validate-code / unit-tests (test:unit)	UNKNOWN STEP	2026-10-09T09:22:22.6631375Z 0a3621ec1dd4: Download complete
validate-code / unit-tests (test:unit)	UNKNOWN STEP	2026-10-09T09:22:22.6661597Z c30201c9cd3c: Verifying Checksum
validate-code / unit-tests (test:unit)	UNKNOWN STEP	2026-10-09T09:22:22.6672917Z c30201c9cd3c: Download complete
validate-code / unit-tests (test:unit)	UNKNOWN STEP	2026-10-09T09:22:23.7260603Z ecc510c1e359: Pull complete
validate-code / unit-tests (test:unit)	UNKNOWN STEP	2026-10-09T09:22:24.0624481Z 4ac6ba6b019e: Pull complete
validate-code / unit-tests (test:unit)	UNKNOWN STEP	2026-10-09T09:22:24.0985269Z f55e02ea8cde: Pull complete
validate-code / unit-tests (test:unit)	UNKNOWN STEP	2026-10-09T09:22:24.5963815Z c30201c9cd3c: Pull complete
validate-code / unit-tests (test:unit)	UNKNOWN STEP	2026-10-09T09:22:24.6088066Z dc611c1ed116: Pull complete
validate-code / unit-tests (test:unit)	UNKNOWN STEP	2026-10-09T09:22:24.6205885Z 4f4fb700ef54: Pull complete
validate-code / unit-tests (test:unit)	UNKNOWN STEP	2026-10-09T09:22:24.6319617Z 0a3621ec1dd4: Pull complete
validate-code / unit-tests (test:unit)	UNKNOWN STEP	2026-10-09T09:22:24.6363564Z Digest: sha256:2c2dff791878316e3b083188be0d578423b24813cdda5de0e80ea4f7b3e6bfd6
validate-code / unit-tests (test:unit)	UNKNOWN STEP	2026-10-09T09:22:24.6375642Z Status: Downloaded newer image for redis:latest
validate-code / unit-tests (test:unit)	UNKNOWN STEP	2026-10-09T09:22:24.6385818Z docker.io/library/redis:latest
validate-code / unit-tests (test:unit)	UNKNOWN STEP	2026-10-09T09:22:24.6423619Z ##[command]/usr/bin/docker create --name 1490ebc512f048058fe997eb903a2863_redis_8d190c --label ecb1ed --network github_network_fc6b5e7adc2a4b4ca09feae5763fa76f --network-alias redis -p 6379:6379  -e GITHUB_ACTIONS=true -e CI=true redis
validate-code / unit-tests (test:unit)	UNKNOWN STEP	2026-10-09T09:22:24.6696359Z f3cc03a73499eaf3672a86c97da0958d97974a68ad6bcdf45c08eaab5c34e7a1
validate-code / unit-tests (test:unit)	UNKNOWN STEP	2026-10-09T09:22:24.6721385Z ##[command]/usr/bin/docker start f3cc03a73499eaf3672a86c97da0958d97974a68ad6bcdf45c08eaab5c34e7a1
validate-code / unit-tests (test:unit)	UNKNOWN STEP	2026-10-09T09:22:24.9461611Z f3cc03a73499eaf3672a86c97da0958d97974a68ad6bcdf45c08eaab5c34e7a1
validate-code / unit-tests (test:unit)	UNKNOWN STEP	2026-10-09T09:22:24.9504076Z ##[command]/usr/bin/docker ps --all --filter id=f3cc03a73499eaf3672a86c97da0958d97974a68ad6bcdf45c08eaab5c34e7a1 --filter status=running --no-trunc --format "***.ID*** ***.Status***"
validate-code / unit-tests (test:unit)	UNKNOWN STEP	2026-10-09T09:22:24.9725651Z f3cc03a73499eaf3672a86c97da0958d97974a68ad6bcdf45c08eaab5c34e7a1 Up Less than a second
validate-code / unit-tests (test:unit)	UNKNOWN STEP	2026-10-09T09:22:24.9757187Z ##[command]/usr/bin/docker port f3cc03a73499eaf3672a86c97da0958d97974a68ad6bcdf45c08eaab5c34e7a1
validate-code / unit-tests (test:unit)	UNKNOWN STEP	2026-10-09T09:22:24.9957941Z 6379/tcp -> 0.0.0.0:6379
validate-code / unit-tests (test:unit)	UNKNOWN STEP	2026-10-09T09:22:24.9960939Z 6379/tcp -> [::]:6379
validate-code / unit-tests (test:unit)	UNKNOWN STEP	2026-10-09T09:22:25.0032115Z ##[endgroup]
validate-code / unit-tests (test:unit)	UNKNOWN STEP	2026-10-09T09:22:25.0045231Z ##[group]Waiting for all services to be ready
validate-code / unit-tests (test:unit)	UNKNOWN STEP	2026-10-09T09:22:25.0066200Z ##[command]/usr/bin/docker inspect --format="***if .Config.Healthcheck***print .State.Health.Status***end***" f3cc03a73499eaf3672a86c97da0958d97974a68ad6bcdf45c08eaab5c34e7a1
validate-code / unit-tests (test:unit)	UNKNOWN STEP	2026-10-09T09:22:25.0241837Z redis service is healthy.
validate-code / unit-tests (test:unit)	UNKNOWN STEP	2026-10-09T09:22:25.0242643Z ##[endgroup]
validate-code / unit-tests (test:unit)	UNKNOWN STEP	2026-10-09T09:22:25.0541494Z ##[group]Run consensys-vertical-apps/shared-services-workflows/.github/actions/wiz-sensor@ee5456cf63f32f96987af955f66bd6b1b8b5cbd8
validate-code / unit-tests (test:unit)	UNKNOWN STEP	2026-10-09T09:22:25.0542485Z with:
validate-code / unit-tests (test:unit)	UNKNOWN STEP	2026-10-09T09:22:25.0542746Z   enabled: false
validate-code / unit-tests (test:unit)	UNKNOWN STEP	2026-10-09T09:22:25.0545493Z   token: ***
validate-code / unit-tests (test:unit)	UNKNOWN STEP	2026-10-09T09:22:25.0546274Z ##[endgroup]
validate-code / unit-tests (test:unit)	UNKNOWN STEP	2026-10-09T09:22:25.0628452Z ##[start-action display=Skip Wiz sensor;id=__self.__run]
validate-code / unit-tests (test:unit)	UNKNOWN STEP	2026-10-09T09:22:25.0694618Z ##[group]Run if [ "$WIZ_RUNNER_OS" != "Linux" ]; then
validate-code / unit-tests (test:unit)	UNKNOWN STEP	2026-10-09T09:22:25.0695113Z ^[[36;1mif [ "$WIZ_RUNNER_OS" != "Linux" ]; then^[[0m
validate-code / unit-tests (test:unit)	UNKNOWN STEP	2026-10-09T09:22:25.0695705Z ^[[36;1m  echo "::notice title=Wiz sensor::Skipped because the runner OS is $***WIZ_RUNNER_OS***."^[[0m
validate-code / unit-tests (test:unit)	UNKNOWN STEP	2026-10-09T09:22:25.0696260Z ^[[36;1melif [ "$WIZ_SENSOR_ENABLED" != "true" ]; then^[[0m
validate-code / unit-tests (test:unit)	UNKNOWN STEP	2026-10-09T09:22:25.0696750Z ^[[36;1m  echo "::notice title=Wiz sensor::Skipped because WIZ_SENSOR_ENABLED is not true."^[[0m
validate-code / unit-tests (test:unit)	UNKNOWN STEP	2026-10-09T09:22:25.0697223Z ^[[36;1melse^[[0m
validate-code / unit-tests (test:unit)	UNKNOWN STEP	2026-10-09T09:22:25.0697653Z ^[[36;1m  echo "::notice title=Wiz sensor::Skipped because WIZ_SENSOR_TOKEN is not set."^[[0m
validate-code / unit-tests (test:unit)	UNKNOWN STEP	2026-10-09T09:22:25.0698091Z ^[[36;1mfi^[[0m
validate-code / unit-tests (test:unit)	UNKNOWN STEP	2026-10-09T09:22:25.0901402Z shell: /usr/bin/bash --noprofile --norc -e -o pipefail ***0***
validate-code / unit-tests (test:unit)	UNKNOWN STEP	2026-10-09T09:22:25.0902012Z env:
validate-code / unit-tests (test:unit)	UNKNOWN STEP	2026-10-09T09:22:25.0902353Z   WIZ_SENSOR_ENABLED: false
validate-code / unit-tests (test:unit)	UNKNOWN STEP	2026-10-09T09:22:25.0902767Z   WIZ_SENSOR_TOKEN_SET: true
validate-code / unit-tests (test:unit)	UNKNOWN STEP	2026-10-09T09:22:25.0903154Z   WIZ_RUNNER_OS: Linux
validate-code / unit-tests (test:unit)	UNKNOWN STEP	2026-10-09T09:22:25.0903509Z ##[endgroup]
validate-code / unit-tests (test:unit)	UNKNOWN STEP	2026-10-09T09:22:25.1102898Z ##[notice]Skipped because WIZ_SENSOR_ENABLED is not true.
validate-code / unit-tests (test:unit)	UNKNOWN STEP	2026-10-09T09:22:25.1165780Z ##[end-action id=__self.__run;outcome=success;conclusion=success;duration_ms=53]
validate-code / unit-tests (test:unit)	UNKNOWN STEP	2026-10-09T09:22:25.1174838Z ##[start-action display=Mask Wiz sensor token fields;id=__self.mask-wiz-sensor-token]
validate-code / unit-tests (test:unit)	UNKNOWN STEP	2026-10-09T09:22:25.1187229Z ##[end-action id=__self.mask-wiz-sensor-token;outcome=skipped;conclusion=skipped;duration_ms=0]
validate-code / unit-tests (test:unit)	UNKNOWN STEP	2026-10-09T09:22:25.1190689Z ##[start-action display=Start Wiz sensor;id=__self.__wiz-sec-public_wiz-sensor-github-action]
validate-code / unit-tests (test:unit)	UNKNOWN STEP	2026-10-09T09:22:25.1197126Z ##[end-action id=__self.__wiz-sec-public_wiz-sensor-github-action;outcome=skipped;conclusion=skipped;duration_ms=0]
validate-code / unit-tests (test:unit)	UNKNOWN STEP	2026-10-09T09:22:25.1318082Z ##[group]Run actions/checkout@3d3c42e5aac5ba805825da76410c181273ba90b1
validate-code / unit-tests (test:unit)	UNKNOWN STEP	2026-10-09T09:22:25.1318562Z with:
validate-code / unit-tests (test:unit)	UNKNOWN STEP	2026-10-09T09:22:25.1318876Z   repository: consensys-vertical-apps/va-mmcx-terminal
validate-code / unit-tests (test:unit)	UNKNOWN STEP	2026-10-09T09:22:25.1321880Z   token: ***
validate-code / unit-tests (test:unit)	UNKNOWN STEP	2026-10-09T09:22:25.1322134Z   ssh-strict: true
validate-code / unit-tests (test:unit)	UNKNOWN STEP	2026-10-09T09:22:25.1322380Z   ssh-user: git
validate-code / unit-tests (test:unit)	UNKNOWN STEP	2026-10-09T09:22:25.1322637Z   persist-credentials: true
validate-code / unit-tests (test:unit)	UNKNOWN STEP	2026-10-09T09:22:25.1322913Z   clean: true
validate-code / unit-tests (test:unit)	UNKNOWN STEP	2026-10-09T09:22:25.1323170Z   sparse-checkout-cone-mode: true
validate-code / unit-tests (test:unit)	UNKNOWN STEP	2026-10-09T09:22:25.1323464Z   fetch-depth: 1
validate-code / unit-tests (test:unit)	UNKNOWN STEP	2026-10-09T09:22:25.1323707Z   fetch-tags: false
validate-code / unit-tests (test:unit)	UNKNOWN STEP	2026-10-09T09:22:25.1323963Z   show-progress: true
validate-code / unit-tests (test:unit)	UNKNOWN STEP	2026-10-09T09:22:25.1324216Z   lfs: false
validate-code / unit-tests (test:unit)	UNKNOWN STEP	2026-10-09T09:22:25.1324449Z   submodules: false
validate-code / unit-tests (test:unit)	UNKNOWN STEP	2026-10-09T09:22:25.1324713Z   set-safe-directory: true
validate-code / unit-tests (test:unit)	UNKNOWN STEP	2026-10-09T09:22:25.1324997Z   allow-unsafe-pr-checkout: false
validate-code / unit-tests (test:unit)	UNKNOWN STEP	2026-10-09T09:22:25.1325288Z ##[endgroup]
validate-code / unit-tests (test:unit)	UNKNOWN STEP	2026-10-09T09:22:25.2504608Z Syncing repository: consensys-vertical-apps/va-mmcx-terminal
validate-code / unit-tests (test:unit)	UNKNOWN STEP	2026-10-09T09:22:25.2507262Z ##[group]Getting Git version info
validate-code / unit-tests (test:unit)	UNKNOWN STEP	2026-10-09T09:22:25.2511376Z Working directory is '/home/runner/work/va-mmcx-terminal/va-mmcx-terminal'
validate-code / unit-tests (test:unit)	UNKNOWN STEP	2026-10-09T09:22:25.2514210Z [command]/usr/bin/git version
validate-code / unit-tests (test:unit)	UNKNOWN STEP	2026-10-09T09:22:25.2597976Z git version 2.55.0
validate-code / unit-tests (test:unit)	UNKNOWN STEP	2026-10-09T09:22:25.2625267Z ##[endgroup]
validate-code / unit-tests (test:unit)	UNKNOWN STEP	2026-10-09T09:22:25.2640373Z Temporarily overriding HOME='/home/runner/work/_temp/2f7f0f56-a67f-4fd5-aac7-d693760c4d7c' before making global git config changes
validate-code / unit-tests (test:unit)	UNKNOWN STEP	2026-10-09T09:22:25.2642262Z Adding repository directory to the temporary git global config as a safe directory
validate-code / unit-tests (test:unit)	UNKNOWN STEP	2026-10-09T09:22:25.2650023Z [command]/usr/bin/git config --global --add safe.directory /home/runner/work/va-mmcx-terminal/va-mmcx-terminal
validate-code / unit-tests (test:unit)	UNKNOWN STEP	2026-10-09T09:22:25.2707473Z Deleting the contents of '/home/runner/work/va-mmcx-terminal/va-mmcx-terminal'
validate-code / unit-tests (test:unit)	UNKNOWN STEP	2026-10-09T09:22:25.2709986Z ##[group]Determining repository object format
validate-code / unit-tests (test:unit)	UNKNOWN STEP	2026-10-09T09:22:25.2711832Z ##[endgroup]
validate-code / unit-tests (test:unit)	UNKNOWN STEP	2026-10-09T09:22:25.2713030Z ##[group]Initializing the repository
validate-code / unit-tests (test:unit)	UNKNOWN STEP	2026-10-09T09:22:25.2716461Z [command]/usr/bin/git init /home/runner/work/va-mmcx-terminal/va-mmcx-terminal
validate-code / unit-tests (test:unit)	UNKNOWN STEP	2026-10-09T09:22:25.2858967Z hint: Using 'master' as the name for the initial branch. This default branch name
validate-code / unit-tests (test:unit)	UNKNOWN STEP	2026-10-09T09:22:25.2860660Z hint: will change to "main" in Git 3.0. To configure the initial branch name
validate-code / unit-tests (test:unit)	UNKNOWN STEP	2026-10-09T09:22:25.2862226Z hint: to use in all of your new repositories, which will suppress this warning,
validate-code / unit-tests (test:unit)	UNKNOWN STEP	2026-10-09T09:22:25.2863884Z hint: call:
validate-code / unit-tests (test:unit)	UNKNOWN STEP	2026-10-09T09:22:25.2864693Z hint:
validate-code / unit-tests (test:unit)	UNKNOWN STEP	2026-10-09T09:22:25.2865839Z hint: 	git config --global init.defaultBranch <name>
validate-code / unit-tests (test:unit)	UNKNOWN STEP	2026-10-09T09:22:25.2866772Z hint:
validate-code / unit-tests (test:unit)	UNKNOWN STEP	2026-10-09T09:22:25.2867916Z hint: Names commonly chosen instead of 'master' are 'main', 'trunk' and
validate-code / unit-tests (test:unit)	UNKNOWN STEP	2026-10-09T09:22:25.2869236Z hint: 'development'. The just-created branch can be renamed via this command:
validate-code / unit-tests (test:unit)	UNKNOWN STEP	2026-10-09T09:22:25.2871427Z hint:
validate-code / unit-tests (test:unit)	UNKNOWN STEP	2026-10-09T09:22:25.2872217Z hint: 	git branch -m <name>
validate-code / unit-tests (test:unit)	UNKNOWN STEP	2026-10-09T09:22:25.2873329Z hint:
validate-code / unit-tests (test:unit)	UNKNOWN STEP	2026-10-09T09:22:25.2874259Z hint: Disable this message with "git config set advice.defaultBranchName false"
validate-code / unit-tests (test:unit)	UNKNOWN STEP	2026-10-09T09:22:25.2875986Z Initialized empty Git repository in /home/runner/work/va-mmcx-terminal/va-mmcx-terminal/.git/
validate-code / unit-tests (test:unit)	UNKNOWN STEP	2026-10-09T09:22:25.2880226Z [command]/usr/bin/git remote add origin https://github.com/consensys-vertical-apps/va-mmcx-terminal
validate-code / unit-tests (test:unit)	UNKNOWN STEP	2026-10-09T09:22:25.2926396Z ##[endgroup]
validate-code / unit-tests (test:unit)	UNKNOWN STEP	2026-10-09T09:22:25.2927759Z ##[group]Disabling automatic garbage collection
validate-code / unit-tests (test:unit)	UNKNOWN STEP	2026-10-09T09:22:25.2929119Z [command]/usr/bin/git config --local gc.auto 0
validate-code / unit-tests (test:unit)	UNKNOWN STEP	2026-10-09T09:22:25.2962780Z ##[endgroup]
validate-code / unit-tests (test:unit)	UNKNOWN STEP	2026-10-09T09:22:25.2964138Z ##[group]Setting up auth
validate-code / unit-tests (test:unit)	UNKNOWN STEP	2026-10-09T09:22:25.2965511Z Removing SSH command configuration
validate-code / unit-tests (test:unit)	UNKNOWN STEP	2026-10-09T09:22:25.2972153Z [command]/usr/bin/git config --local --name-only --get-regexp core\.sshCommand
validate-code / unit-tests (test:unit)	UNKNOWN STEP	2026-10-09T09:22:25.3010146Z [command]/usr/bin/git submodule foreach --recursive sh -c "git config --local --name-only --get-regexp 'core\.sshCommand' && git config --local --unset-all 'core.sshCommand' || :"
validate-code / unit-tests (test:unit)	UNKNOWN STEP	2026-10-09T09:22:25.3390800Z Removing HTTP extra header
validate-code / unit-tests (test:unit)	UNKNOWN STEP	2026-10-09T09:22:25.3406127Z [command]/usr/bin/git config --local --name-only --get-regexp http\.https\:\/\/github\.com\/\.extraheader
validate-code / unit-tests (test:unit)	UNKNOWN STEP	2026-10-09T09:22:25.3438208Z [command]/usr/bin/git submodule foreach --recursive sh -c "git config --local --name-only --get-regexp 'http\.https\:\/\/github\.com\/\.extraheader' && git config --local --unset-all 'http.https://github.com/.extraheader' || :"
validate-code / unit-tests (test:unit)	UNKNOWN STEP	2026-10-09T09:22:25.3694507Z Removing includeIf entries pointing to credentials config files
validate-code / unit-tests (test:unit)	UNKNOWN STEP	2026-10-09T09:22:25.3707190Z [command]/usr/bin/git config --local --name-only --get-regexp ^includeIf\.gitdir:
validate-code / unit-tests (test:unit)	UNKNOWN STEP	2026-10-09T09:22:25.3737319Z [command]/usr/bin/git submodule foreach --recursive git config --local --show-origin --name-only --get-regexp remote.origin.url
validate-code / unit-tests (test:unit)	UNKNOWN STEP	2026-10-09T09:22:25.3996905Z [command]/usr/bin/git config --file /home/runner/work/_temp/git-credentials-4233e6e2-bf06-4868-a06e-4e0c489b1e25.config http.https://github.com/.extraheader AUTHORIZATION: basic ***
validate-code / unit-tests (test:unit)	UNKNOWN STEP	2026-10-09T09:22:25.4046068Z [command]/usr/bin/git config --local includeIf.gitdir:/home/runner/work/va-mmcx-terminal/va-mmcx-terminal/.git.path /home/runner/work/_temp/git-credentials-4233e6e2-bf06-4868-a06e-4e0c489b1e25.config
validate-code / unit-tests (test:unit)	UNKNOWN STEP	2026-10-09T09:22:25.4083570Z [command]/usr/bin/git config --local includeIf.gitdir:/home/runner/work/va-mmcx-terminal/va-mmcx-terminal/.git/worktrees/*.path /home/runner/work/_temp/git-credentials-4233e6e2-bf06-4868-a06e-4e0c489b1e25.config
validate-code / unit-tests (test:unit)	UNKNOWN STEP	2026-10-09T09:22:25.4128288Z [command]/usr/bin/git config --local includeIf.gitdir:/github/workspace/.git.path /github/runner_temp/git-credentials-4233e6e2-bf06-4868-a06e-4e0c489b1e25.config
validate-code / unit-tests (test:unit)	UNKNOWN STEP	2026-10-09T09:22:25.4167377Z [command]/usr/bin/git config --local includeIf.gitdir:/github/workspace/.git/worktrees/*.path /github/runner_temp/git-credentials-4233e6e2-bf06-4868-a06e-4e0c489b1e25.config
validate-code / unit-tests (test:unit)	UNKNOWN STEP	2026-10-09T09:22:25.4203015Z ##[endgroup]
validate-code / unit-tests (test:unit)	UNKNOWN STEP	2026-10-09T09:22:25.4204208Z ##[group]Fetching the repository
validate-code / unit-tests (test:unit)	UNKNOWN STEP	2026-10-09T09:22:25.4213387Z [command]/usr/bin/git -c protocol.version=2 fetch --no-tags --prune --no-recurse-submodules --depth=1 origin +d45ee39a8ac45323690e3fe9c1d68412389e5b51:refs/remotes/pull/177/merge
validate-code / unit-tests (test:unit)	UNKNOWN STEP	2026-10-09T09:22:26.4708231Z From https://github.com/consensys-vertical-apps/va-mmcx-terminal
validate-code / unit-tests (test:unit)	UNKNOWN STEP	2026-10-09T09:22:26.4709765Z  * [new ref]         d45ee39a8ac45323690e3fe9c1d68412389e5b51 -> pull/177/merge
validate-code / unit-tests (test:unit)	UNKNOWN STEP	2026-10-09T09:22:26.4714886Z ##[endgroup]
validate-code / unit-tests (test:unit)	UNKNOWN STEP	2026-10-09T09:22:26.4715948Z ##[group]Determining the checkout info
validate-code / unit-tests (test:unit)	UNKNOWN STEP	2026-10-09T09:22:26.4716981Z ##[endgroup]
validate-code / unit-tests (test:unit)	UNKNOWN STEP	2026-10-09T09:22:26.4723199Z [command]/usr/bin/git sparse-checkout disable
validate-code / unit-tests (test:unit)	UNKNOWN STEP	2026-10-09T09:22:26.4777804Z [command]/usr/bin/git config --local --unset-all extensions.worktreeConfig
validate-code / unit-tests (test:unit)	UNKNOWN STEP	2026-10-09T09:22:26.4811427Z ##[group]Checking out the ref
validate-code / unit-tests (test:unit)	UNKNOWN STEP	2026-10-09T09:22:26.4815820Z [command]/usr/bin/git checkout --progress --force refs/remotes/pull/177/merge
validate-code / unit-tests (test:unit)	UNKNOWN STEP	2026-10-09T09:22:26.6403435Z Note: switching to 'refs/remotes/pull/177/merge'.
validate-code / unit-tests (test:unit)	UNKNOWN STEP	2026-10-09T09:22:26.6408422Z 
validate-code / unit-tests (test:unit)	UNKNOWN STEP	2026-10-09T09:22:26.6409263Z You are in 'detached HEAD' state. You can look around, make experimental
validate-code / unit-tests (test:unit)	UNKNOWN STEP	2026-10-09T09:22:26.6411162Z changes and commit them, and you can discard any commits you make in this
validate-code / unit-tests (test:unit)	UNKNOWN STEP	2026-10-09T09:22:26.6412687Z state without impacting any branches by switching back to a branch.
validate-code / unit-tests (test:unit)	UNKNOWN STEP	2026-10-09T09:22:26.6413615Z 
validate-code / unit-tests (test:unit)	UNKNOWN STEP	2026-10-09T09:22:26.6414337Z If you want to create a new branch to retain commits you create, you may
validate-code / unit-tests (test:unit)	UNKNOWN STEP	2026-10-09T09:22:26.6428237Z do so (now or later) by using -c with the switch command. Example:
validate-code / unit-tests (test:unit)	UNKNOWN STEP	2026-10-09T09:22:26.6429343Z 
validate-code / unit-tests (test:unit)	UNKNOWN STEP	2026-10-09T09:22:26.6430322Z   git switch -c <new-branch-name>
validate-code / unit-tests (test:unit)	UNKNOWN STEP	2026-10-09T09:22:26.6431181Z 
validate-code / unit-tests (test:unit)	UNKNOWN STEP	2026-10-09T09:22:26.6431663Z Or undo this operation with:
validate-code / unit-tests (test:unit)	UNKNOWN STEP	2026-10-09T09:22:26.6432261Z 
validate-code / unit-tests (test:unit)	UNKNOWN STEP	2026-10-09T09:22:26.6432684Z   git switch -
validate-code / unit-tests (test:unit)	UNKNOWN STEP	2026-10-09T09:22:26.6433518Z 
validate-code / unit-tests (test:unit)	UNKNOWN STEP	2026-10-09T09:22:26.6434199Z Turn off this advice by setting config variable advice.detachedHead to false
validate-code / unit-tests (test:unit)	UNKNOWN STEP	2026-10-09T09:22:26.6435418Z 
validate-code / unit-tests (test:unit)	UNKNOWN STEP	2026-10-09T09:22:26.6436278Z HEAD is now at d45ee39 Merge d40091c5b54ae33f57de1e05ed16e2ac67c149ce into a75930a11972e2310f74768e1303c93054cd1cca
validate-code / unit-tests (test:unit)	UNKNOWN STEP	2026-10-09T09:22:26.6440689Z ##[endgroup]
validate-code / unit-tests (test:unit)	UNKNOWN STEP	2026-10-09T09:22:26.6496466Z [command]/usr/bin/git log -1 --format=%H
validate-code / unit-tests (test:unit)	UNKNOWN STEP	2026-10-09T09:22:26.6528640Z d45ee39a8ac45323690e3fe9c1d68412389e5b51
validate-code / unit-tests (test:unit)	UNKNOWN STEP	2026-10-09T09:22:26.6820573Z ##[group]Run consensys-vertical-apps/shared-services-workflows/.github/actions/node-base-actions@0ad0566241bddeb4f6b3b5f310b368a89283e7df
validate-code / unit-tests (test:unit)	UNKNOWN STEP	2026-10-09T09:22:26.6821315Z with:
validate-code / unit-tests (test:unit)	UNKNOWN STEP	2026-10-09T09:22:26.6821558Z   node_version: 22
validate-code / unit-tests (test:unit)	UNKNOWN STEP	2026-10-09T09:22:26.6821804Z   npm_client: npm
validate-code / unit-tests (test:unit)	UNKNOWN STEP	2026-10-09T09:22:26.6822095Z   npm_client_production_flag: --frozen-lockfile
validate-code / unit-tests (test:unit)	UNKNOWN STEP	2026-10-09T09:22:26.6822438Z   npm_registry_name: npm
validate-code / unit-tests (test:unit)	UNKNOWN STEP	2026-10-09T09:22:26.6822820Z   npm_registry_url: https://consensys.jfrog.io/artifactory/api/npm/npm/
validate-code / unit-tests (test:unit)	UNKNOWN STEP	2026-10-09T09:22:26.6823281Z   node_modules_cache_key_prefix: node-modules-tests
validate-code / unit-tests (test:unit)	UNKNOWN STEP	2026-10-09T09:22:26.6823629Z   jfrog_oidc_provider_name: github
validate-code / unit-tests (test:unit)	UNKNOWN STEP	2026-10-09T09:22:26.6823922Z   yarn_version: 1
validate-code / unit-tests (test:unit)	UNKNOWN STEP	2026-10-09T09:22:26.6824173Z   npm_deploy_registry_name: npm-local
validate-code / unit-tests (test:unit)	UNKNOWN STEP	2026-10-09T09:22:26.6824483Z   jfrog_url: https://consensys.jfrog.io
validate-code / unit-tests (test:unit)	UNKNOWN STEP	2026-10-09T09:22:26.6824813Z   yarn_client_production_flag: --immutable
validate-code / unit-tests (test:unit)	UNKNOWN STEP	2026-10-09T09:22:26.6825117Z ##[endgroup]
validate-code / unit-tests (test:unit)	UNKNOWN STEP	2026-10-09T09:22:26.6834728Z ##[start-action display=Checkout;id=__consensys-vertical-apps_shared-services-workflows.__actions_checkout]
validate-code / unit-tests (test:unit)	UNKNOWN STEP	2026-10-09T09:22:26.6897995Z ##[group]Run actions/checkout@df4cb1c069e1874edd31b4311f1884172cec0e10
validate-code / unit-tests (test:unit)	UNKNOWN STEP	2026-10-09T09:22:26.6898416Z with:
validate-code / unit-tests (test:unit)	UNKNOWN STEP	2026-10-09T09:22:26.6898712Z   repository: consensys-vertical-apps/va-mmcx-terminal
validate-code / unit-tests (test:unit)	UNKNOWN STEP	2026-10-09T09:22:26.6901849Z   token: ***
validate-code / unit-tests (test:unit)	UNKNOWN STEP	2026-10-09T09:22:26.6902123Z   ssh-strict: true
validate-code / unit-tests (test:unit)	UNKNOWN STEP	2026-10-09T09:22:26.6902381Z   ssh-user: git
validate-code / unit-tests (test:unit)	UNKNOWN STEP	2026-10-09T09:22:26.6902641Z   persist-credentials: true
validate-code / unit-tests (test:unit)	UNKNOWN STEP	2026-10-09T09:22:26.6902921Z   clean: true
validate-code / unit-tests (test:unit)	UNKNOWN STEP	2026-10-09T09:22:26.6903182Z   sparse-checkout-cone-mode: true
validate-code / unit-tests (test:unit)	UNKNOWN STEP	2026-10-09T09:22:26.6903487Z   fetch-depth: 1
validate-code / unit-tests (test:unit)	UNKNOWN STEP	2026-10-09T09:22:26.6903750Z   fetch-tags: false
validate-code / unit-tests (test:unit)	UNKNOWN STEP	2026-10-09T09:22:26.6904012Z   show-progress: true
validate-code / unit-tests (test:unit)	UNKNOWN STEP	2026-10-09T09:22:26.6904274Z   lfs: false
validate-code / unit-tests (test:unit)	UNKNOWN STEP	2026-10-09T09:22:26.6904515Z   submodules: false
validate-code / unit-tests (test:unit)	UNKNOWN STEP	2026-10-09T09:22:26.6904778Z   set-safe-directory: true
validate-code / unit-tests (test:unit)	UNKNOWN STEP	2026-10-09T09:22:26.6905059Z ##[endgroup]
validate-code / unit-tests (test:unit)	UNKNOWN STEP	2026-10-09T09:22:26.7902447Z Syncing repository: consensys-vertical-apps/va-mmcx-terminal
validate-code / unit-tests (test:unit)	UNKNOWN STEP	2026-10-09T09:22:26.7905987Z ##[group]Getting Git version info
validate-code / unit-tests (test:unit)	UNKNOWN STEP	2026-10-09T09:22:26.7907149Z Working directory is '/home/runner/work/va-mmcx-terminal/va-mmcx-terminal'
validate-code / unit-tests (test:unit)	UNKNOWN STEP	2026-10-09T09:22:26.7955027Z [command]/usr/bin/git version
validate-code / unit-tests (test:unit)	UNKNOWN STEP	2026-10-09T09:22:26.8000888Z git version 2.55.0
validate-code / unit-tests (test:unit)	UNKNOWN STEP	2026-10-09T09:22:26.8028086Z ##[endgroup]
validate-code / unit-tests (test:unit)	UNKNOWN STEP	2026-10-09T09:22:26.8047091Z Temporarily overriding HOME='/home/runner/work/_temp/cafed498-4b8f-4b8a-8bd8-7e8ae82998ff' before making global git config changes
validate-code / unit-tests (test:unit)	UNKNOWN STEP	2026-10-09T09:22:26.8050777Z Adding repository directory to the temporary git global config as a safe directory
validate-code / unit-tests (test:unit)	UNKNOWN STEP	2026-10-09T09:22:26.8053943Z [command]/usr/bin/git config --global --add safe.directory /home/runner/work/va-mmcx-terminal/va-mmcx-terminal
validate-code / unit-tests (test:unit)	UNKNOWN STEP	2026-10-09T09:22:26.8104083Z [command]/usr/bin/git config --local --get remote.origin.url
validate-code / unit-tests (test:unit)	UNKNOWN STEP	2026-10-09T09:22:26.8134270Z https://github.com/consensys-vertical-apps/va-mmcx-terminal
validate-code / unit-tests (test:unit)	UNKNOWN STEP	2026-10-09T09:22:26.8150344Z ##[group]Removing previously created refs, to avoid conflicts
validate-code / unit-tests (test:unit)	UNKNOWN STEP	2026-10-09T09:22:26.8155849Z [command]/usr/bin/git rev-parse --symbolic-full-name --verify --quiet HEAD
validate-code / unit-tests (test:unit)	UNKNOWN STEP	2026-10-09T09:22:26.8184973Z HEAD
validate-code / unit-tests (test:unit)	UNKNOWN STEP	2026-10-09T09:22:26.8235213Z ##[endgroup]
validate-code / unit-tests (test:unit)	UNKNOWN STEP	2026-10-09T09:22:26.8248650Z [command]/usr/bin/git submodule status
validate-code / unit-tests (test:unit)	UNKNOWN STEP	2026-10-09T09:22:26.8501791Z ##[group]Cleaning the repository
validate-code / unit-tests (test:unit)	UNKNOWN STEP	2026-10-09T09:22:26.8509159Z [command]/usr/bin/git clean -ffdx
validate-code / unit-tests (test:unit)	UNKNOWN STEP	2026-10-09T09:22:26.8593701Z [command]/usr/bin/git reset --hard HEAD
validate-code / unit-tests (test:unit)	UNKNOWN STEP	2026-10-09T09:22:27.0790603Z HEAD is now at d45ee39 Merge d40091c5b54ae33f57de1e05ed16e2ac67c149ce into a75930a11972e2310f74768e1303c93054cd1cca
validate-code / unit-tests (test:unit)	UNKNOWN STEP	2026-10-09T09:22:27.0819174Z ##[endgroup]
validate-code / unit-tests (test:unit)	UNKNOWN STEP	2026-10-09T09:22:27.0820446Z ##[group]Disabling automatic garbage collection
validate-code / unit-tests (test:unit)	UNKNOWN STEP	2026-10-09T09:22:27.0821677Z [command]/usr/bin/git config --local gc.auto 0
validate-code / unit-tests (test:unit)	UNKNOWN STEP	2026-10-09T09:22:27.0860965Z ##[endgroup]
validate-code / unit-tests (test:unit)	UNKNOWN STEP	2026-10-09T09:22:27.0865815Z ##[group]Setting up auth
validate-code / unit-tests (test:unit)	UNKNOWN STEP	2026-10-09T09:22:27.0866593Z Removing SSH command configuration
validate-code / unit-tests (test:unit)	UNKNOWN STEP	2026-10-09T09:22:27.0868176Z [command]/usr/bin/git config --local --name-only --get-regexp core\.sshCommand
validate-code / unit-tests (test:unit)	UNKNOWN STEP	2026-10-09T09:22:27.0910698Z [command]/usr/bin/git submodule foreach --recursive sh -c "git config --local --name-only --get-regexp 'core\.sshCommand' && git config --local --unset-all 'core.sshCommand' || :"
validate-code / unit-tests (test:unit)	UNKNOWN STEP	2026-10-09T09:22:27.1157439Z Removing HTTP extra header
validate-code / unit-tests (test:unit)	UNKNOWN STEP	2026-10-09T09:22:27.1163927Z [command]/usr/bin/git config --local --name-only --get-regexp http\.https\:\/\/github\.com\/\.extraheader
validate-code / unit-tests (test:unit)	UNKNOWN STEP	2026-10-09T09:22:27.1217917Z [command]/usr/bin/git submodule foreach --recursive sh -c "git config --local --name-only --get-regexp 'http\.https\:\/\/github\.com\/\.extraheader' && git config --local --unset-all 'http.https://github.com/.extraheader' || :"
validate-code / unit-tests (test:unit)	UNKNOWN STEP	2026-10-09T09:22:27.1456030Z Removing includeIf entries pointing to credentials config files
validate-code / unit-tests (test:unit)	UNKNOWN STEP	2026-10-09T09:22:27.1463292Z [command]/usr/bin/git config --local --name-only --get-regexp ^includeIf\.gitdir:
validate-code / unit-tests (test:unit)	UNKNOWN STEP	2026-10-09T09:22:27.1490220Z includeif.gitdir:/home/runner/work/va-mmcx-terminal/va-mmcx-terminal/.git.path
validate-code / unit-tests (test:unit)	UNKNOWN STEP	2026-10-09T09:22:27.1491680Z includeif.gitdir:/home/runner/work/va-mmcx-terminal/va-mmcx-terminal/.git/worktrees/*.path
validate-code / unit-tests (test:unit)	UNKNOWN STEP	2026-10-09T09:22:27.1495201Z includeif.gitdir:/github/workspace/.git.path
validate-code / unit-tests (test:unit)	UNKNOWN STEP	2026-10-09T09:22:27.1496108Z includeif.gitdir:/github/workspace/.git/worktrees/*.path
validate-code / unit-tests (test:unit)	UNKNOWN STEP	2026-10-09T09:22:27.1501055Z [command]/usr/bin/git config --local --get-all includeif.gitdir:/home/runner/work/va-mmcx-terminal/va-mmcx-terminal/.git.path
validate-code / unit-tests (test:unit)	UNKNOWN STEP	2026-10-09T09:22:27.1525509Z /home/runner/work/_temp/git-credentials-4233e6e2-bf06-4868-a06e-4e0c489b1e25.config
validate-code / unit-tests (test:unit)	UNKNOWN STEP	2026-10-09T09:22:27.1583617Z [command]/usr/bin/git config --local --unset includeif.gitdir:/home/runner/work/va-mmcx-terminal/va-mmcx-terminal/.git.path /home/runner/work/_temp/git-credentials-4233e6e2-bf06-4868-a06e-4e0c489b1e25.config
validate-code / unit-tests (test:unit)	UNKNOWN STEP	2026-10-09T09:22:27.1616057Z [command]/usr/bin/git config --local --get-all includeif.gitdir:/home/runner/work/va-mmcx-terminal/va-mmcx-terminal/.git/worktrees/*.path
validate-code / unit-tests (test:unit)	UNKNOWN STEP	2026-10-09T09:22:27.1617741Z /home/runner/work/_temp/git-credentials-4233e6e2-bf06-4868-a06e-4e0c489b1e25.config
validate-code / unit-tests (test:unit)	UNKNOWN STEP	2026-10-09T09:22:27.1628806Z [command]/usr/bin/git config --local --unset includeif.gitdir:/home/runner/work/va-mmcx-terminal/va-mmcx-terminal/.git/worktrees/*.path /home/runner/work/_temp/git-credentials-4233e6e2-bf06-4868-a06e-4e0c489b1e25.config
validate-code / unit-tests (test:unit)	UNKNOWN STEP	2026-10-09T09:22:27.1665684Z [command]/usr/bin/git config --local --get-all includeif.gitdir:/github/workspace/.git.path
validate-code / unit-tests (test:unit)	UNKNOWN STEP	2026-10-09T09:22:27.1690489Z /github/runner_temp/git-credentials-4233e6e2-bf06-4868-a06e-4e0c489b1e25.config
validate-code / unit-tests (test:unit)	UNKNOWN STEP	2026-10-09T09:22:27.1698996Z [command]/usr/bin/git config --local --unset includeif.gitdir:/github/workspace/.git.path /github/runner_temp/git-credentials-4233e6e2-bf06-4868-a06e-4e0c489b1e25.config
validate-code / unit-tests (test:unit)	UNKNOWN STEP	2026-10-09T09:22:27.1737035Z [command]/usr/bin/git config --local --get-all includeif.gitdir:/github/workspace/.git/worktrees/*.path
validate-code / unit-tests (test:unit)	UNKNOWN STEP	2026-10-09T09:22:27.1776623Z /github/runner_temp/git-credentials-4233e6e2-bf06-4868-a06e-4e0c489b1e25.config
validate-code / unit-tests (test:unit)	UNKNOWN STEP	2026-10-09T09:22:27.1820761Z [command]/usr/bin/git config --local --unset includeif.gitdir:/github/workspace/.git/worktrees/*.path /github/runner_temp/git-credentials-4233e6e2-bf06-4868-a06e-4e0c489b1e25.config
validate-code / unit-tests (test:unit)	UNKNOWN STEP	2026-10-09T09:22:27.1864247Z [command]/usr/bin/git submodule foreach --recursive git config --local --show-origin --name-only --get-regexp remote.origin.url
validate-code / unit-tests (test:unit)	UNKNOWN STEP	2026-10-09T09:22:27.2151933Z Removing credentials config '/home/runner/work/_temp/git-credentials-4233e6e2-bf06-4868-a06e-4e0c489b1e25.config'
validate-code / unit-tests (test:unit)	UNKNOWN STEP	2026-10-09T09:22:27.2201175Z [command]/usr/bin/git config --file /home/runner/work/_temp/git-credentials-eb0d6f74-9efc-46bf-96d5-53cdc9eb865f.config http.https://github.com/.extraheader AUTHORIZATION: basic ***
validate-code / unit-tests (test:unit)	UNKNOWN STEP	2026-10-09T09:22:27.2226467Z [command]/usr/bin/git config --local includeIf.gitdir:/home/runner/work/va-mmcx-terminal/va-mmcx-terminal/.git.path /home/runner/work/_temp/git-credentials-eb0d6f74-9efc-46bf-96d5-53cdc9eb865f.config
validate-code / unit-tests (test:unit)	UNKNOWN STEP	2026-10-09T09:22:27.2277897Z [command]/usr/bin/git config --local includeIf.gitdir:/home/runner/work/va-mmcx-terminal/va-mmcx-terminal/.git/worktrees/*.path /home/runner/work/_temp/git-credentials-eb0d6f74-9efc-46bf-96d5-53cdc9eb865f.config
validate-code / unit-tests (test:unit)	UNKNOWN STEP	2026-10-09T09:22:27.2321097Z [command]/usr/bin/git config --local includeIf.gitdir:/github/workspace/.git.path /github/runner_temp/git-credentials-eb0d6f74-9efc-46bf-96d5-53cdc9eb865f.config
validate-code / unit-tests (test:unit)	UNKNOWN STEP	2026-10-09T09:22:27.2355946Z [command]/usr/bin/git config --local includeIf.gitdir:/github/workspace/.git/worktrees/*.path /github/runner_temp/git-credentials-eb0d6f74-9efc-46bf-96d5-53cdc9eb865f.config
validate-code / unit-tests (test:unit)	UNKNOWN STEP	2026-10-09T09:22:27.2385425Z ##[endgroup]
validate-code / unit-tests (test:unit)	UNKNOWN STEP	2026-10-09T09:22:27.2386395Z ##[group]Fetching the repository
validate-code / unit-tests (test:unit)	UNKNOWN STEP	2026-10-09T09:22:27.2395697Z [command]/usr/bin/git -c protocol.version=2 fetch --no-tags --prune --no-recurse-submodules --depth=1 origin +d45ee39a8ac45323690e3fe9c1d68412389e5b51:refs/remotes/pull/177/merge
validate-code / unit-tests (test:unit)	UNKNOWN STEP	2026-10-09T09:22:27.5415449Z ##[endgroup]
validate-code / unit-tests (test:unit)	UNKNOWN STEP	2026-10-09T09:22:27.5416452Z ##[group]Determining the checkout info
validate-code / unit-tests (test:unit)	UNKNOWN STEP	2026-10-09T09:22:27.5417587Z ##[endgroup]
validate-code / unit-tests (test:unit)	UNKNOWN STEP	2026-10-09T09:22:27.5423197Z [command]/usr/bin/git sparse-checkout disable
validate-code / unit-tests (test:unit)	UNKNOWN STEP	2026-10-09T09:22:27.5456690Z [command]/usr/bin/git config --local --unset-all extensions.worktreeConfig
validate-code / unit-tests (test:unit)	UNKNOWN STEP	2026-10-09T09:22:27.5492017Z ##[group]Checking out the ref
validate-code / unit-tests (test:unit)	UNKNOWN STEP	2026-10-09T09:22:27.5495899Z [command]/usr/bin/git checkout --progress --force refs/remotes/pull/177/merge
validate-code / unit-tests (test:unit)	UNKNOWN STEP	2026-10-09T09:22:27.5607041Z HEAD is now at d45ee39 Merge d40091c5b54ae33f57de1e05ed16e2ac67c149ce into a75930a11972e2310f74768e1303c93054cd1cca
validate-code / unit-tests (test:unit)	UNKNOWN STEP	2026-10-09T09:22:27.5612400Z ##[endgroup]
validate-code / unit-tests (test:unit)	UNKNOWN STEP	2026-10-09T09:22:27.5652551Z [command]/usr/bin/git log -1 --format=%H
validate-code / unit-tests (test:unit)	UNKNOWN STEP	2026-10-09T09:22:27.5680321Z d45ee39a8ac45323690e3fe9c1d68412389e5b51
validate-code / unit-tests (test:unit)	UNKNOWN STEP	2026-10-09T09:22:27.5803352Z ##[end-action id=__consensys-vertical-apps_shared-services-workflows.__actions_checkout;outcome=success;conclusion=success;duration_ms=896]
validate-code / unit-tests (test:unit)	UNKNOWN STEP	2026-10-09T09:22:27.5807449Z ##[start-action display=NPM client check;id=__consensys-vertical-apps_shared-services-workflows.__run]
validate-code / unit-tests (test:unit)	UNKNOWN STEP	2026-10-09T09:22:27.5829991Z ##[group]Run if [[ ! "$NPM_CLIENT" =~ ^(yarn|npm|pnpm)$ ]]; then
validate-code / unit-tests (test:unit)	UNKNOWN STEP	2026-10-09T09:22:27.5830500Z ^[[36;1mif [[ ! "$NPM_CLIENT" =~ ^(yarn|npm|pnpm)$ ]]; then^[[0m
validate-code / unit-tests (test:unit)	UNKNOWN STEP	2026-10-09T09:22:27.5830952Z ^[[36;1m  echo "Please use a supported NPM client \'npm\' or \'yarn\'"^[[0m
validate-code / unit-tests (test:unit)	UNKNOWN STEP	2026-10-09T09:22:27.5831351Z ^[[36;1m  exit 1^[[0m
validate-code / unit-tests (test:unit)	UNKNOWN STEP	2026-10-09T09:22:27.5831595Z ^[[36;1mfi^[[0m
validate-code / unit-tests (test:unit)	UNKNOWN STEP	2026-10-09T09:22:27.5893326Z shell: /usr/bin/bash --noprofile --norc -e -o pipefail ***0***
validate-code / unit-tests (test:unit)	UNKNOWN STEP	2026-10-09T09:22:27.5893801Z env:
validate-code / unit-tests (test:unit)	UNKNOWN STEP	2026-10-09T09:22:27.5894067Z   NPM_CLIENT: npm
validate-code / unit-tests (test:unit)	UNKNOWN STEP	2026-10-09T09:22:27.5894352Z ##[endgroup]
validate-code / unit-tests (test:unit)	UNKNOWN STEP	2026-10-09T09:22:27.5985427Z ##[end-action id=__consensys-vertical-apps_shared-services-workflows.__run;outcome=success;conclusion=success;duration_ms=17]
validate-code / unit-tests (test:unit)	UNKNOWN STEP	2026-10-09T09:22:27.5989108Z ##[start-action display=JFrog Auth;id=__consensys-vertical-apps_shared-services-workflows.jfrog_token]
validate-code / unit-tests (test:unit)	UNKNOWN STEP	2026-10-09T09:22:27.6035966Z ##[group]Run jfrog/setup-jfrog-cli@deda456d982fc5e9a7a020b63eb0d2968aedd33e
validate-code / unit-tests (test:unit)	UNKNOWN STEP	2026-10-09T09:22:27.6036399Z with:
validate-code / unit-tests (test:unit)	UNKNOWN STEP	2026-10-09T09:22:27.6036649Z   oidc-provider-name: github
validate-code / unit-tests (test:unit)	UNKNOWN STEP	2026-10-09T09:22:27.6036929Z   version: 2.91.0
validate-code / unit-tests (test:unit)	UNKNOWN STEP	2026-10-09T09:22:27.6037183Z   disable-job-summary: false
validate-code / unit-tests (test:unit)	UNKNOWN STEP	2026-10-09T09:22:27.6037490Z   disable-auto-build-publish: false
validate-code / unit-tests (test:unit)	UNKNOWN STEP	2026-10-09T09:22:27.6037817Z   disable-auto-evidence-collection: false
validate-code / unit-tests (test:unit)	UNKNOWN STEP	2026-10-09T09:22:27.6038153Z   enable-package-alias: false
validate-code / unit-tests (test:unit)	UNKNOWN STEP	2026-10-09T09:22:27.6038436Z env:
validate-code / unit-tests (test:unit)	UNKNOWN STEP	2026-10-09T09:22:27.6038695Z   JF_URL: https://consensys.jfrog.io
validate-code / unit-tests (test:unit)	UNKNOWN STEP	2026-10-09T09:22:27.6039014Z ##[endgroup]
validate-code / unit-tests (test:unit)	UNKNOWN STEP	2026-10-09T09:22:27.7815631Z ##[group]Setup JFrog CLI
validate-code / unit-tests (test:unit)	UNKNOWN STEP	2026-10-09T09:22:27.7926319Z Downloading JFrog CLI from https://releases.jfrog.io/artifactory/jfrog-cli/v2/2.91.0/jfrog-cli-linux-amd64/jfrog
validate-code / unit-tests (test:unit)	UNKNOWN STEP	2026-10-09T09:22:30.9906005Z [command]/opt/hostedtoolcache/jf/2.91.0/x64/jf config add setup-jfrog-cli-server --url https://consensys.jfrog.io --interactive=false --overwrite=true --access-token ***
validate-code / unit-tests (test:unit)	UNKNOWN STEP	2026-10-09T09:22:31.0106977Z ##[endgroup]
validate-code / unit-tests (test:unit)	UNKNOWN STEP	2026-10-09T09:22:31.0230894Z ##[end-action id=__consensys-vertical-apps_shared-services-workflows.jfrog_token;outcome=success;conclusion=success;duration_ms=3424]
validate-code / unit-tests (test:unit)	UNKNOWN STEP	2026-10-09T09:22:31.0235896Z ##[start-action display=Corepack enable;id=__consensys-vertical-apps_shared-services-workflows.__run_2]
validate-code / unit-tests (test:unit)	UNKNOWN STEP	2026-10-09T09:22:31.0258386Z ##[group]Run if [ "$NPM_CLIENT" = "yarn" ] && [ "$YARN_VERSION" = "4" ]; then
validate-code / unit-tests (test:unit)	UNKNOWN STEP	2026-10-09T09:22:31.0258943Z ^[[36;1mif [ "$NPM_CLIENT" = "yarn" ] && [ "$YARN_VERSION" = "4" ]; then^[[0m
validate-code / unit-tests (test:unit)	UNKNOWN STEP	2026-10-09T09:22:31.0259350Z ^[[36;1m  corepack enable^[[0m
validate-code / unit-tests (test:unit)	UNKNOWN STEP	2026-10-09T09:22:31.0260100Z ^[[36;1mfi^[[0m
validate-code / unit-tests (test:unit)	UNKNOWN STEP	2026-10-09T09:22:31.0260530Z ^[[36;1mif [ "$NPM_CLIENT" = "pnpm" ]; then^[[0m
validate-code / unit-tests (test:unit)	UNKNOWN STEP	2026-10-09T09:22:31.0260913Z ^[[36;1m  corepack enable^[[0m
validate-code / unit-tests (test:unit)	UNKNOWN STEP	2026-10-09T09:22:31.0261177Z ^[[36;1mfi^[[0m
validate-code / unit-tests (test:unit)	UNKNOWN STEP	2026-10-09T09:22:31.0326164Z shell: /usr/bin/bash --noprofile --norc -e -o pipefail ***0***
validate-code / unit-tests (test:unit)	UNKNOWN STEP	2026-10-09T09:22:31.0326586Z env:
validate-code / unit-tests (test:unit)	UNKNOWN STEP	2026-10-09T09:22:31.0327156Z   JFROG_CLI_ENV_EXCLUDE: *password*;*secret*;*key*;*token*;*auth*;JF_ARTIFACTORY_*;JF_ENV_*;JF_URL;JF_USER;JF_PASSWORD;JF_ACCESS_TOKEN
validate-code / unit-tests (test:unit)	UNKNOWN STEP	2026-10-09T09:22:31.0327797Z   JFROG_CLI_OFFER_CONFIG: false
validate-code / unit-tests (test:unit)	UNKNOWN STEP	2026-10-09T09:22:31.0328118Z   JFROG_CLI_AVOID_NEW_VERSION_WARNING: true
validate-code / unit-tests (test:unit)	UNKNOWN STEP	2026-10-09T09:22:31.0328584Z   JFROG_CLI_SOURCECODE_REPOSITORY: consensys-vertical-apps/va-mmcx-terminal
validate-code / unit-tests (test:unit)	UNKNOWN STEP	2026-10-09T09:22:31.0329046Z   JFROG_CLI_CI_JOB_ID: Validate PR
validate-code / unit-tests (test:unit)	UNKNOWN STEP	2026-10-09T09:22:31.0329350Z   JFROG_CLI_CI_RUN_ID: 37910803683
validate-code / unit-tests (test:unit)	UNKNOWN STEP	2026-10-09T09:22:31.0330014Z   JFROG_CLI_GITHUB_TOKEN: 
validate-code / unit-tests (test:unit)	UNKNOWN STEP	2026-10-09T09:22:31.0330394Z   JFROG_CLI_CI_VCS_REVISION: d45ee39a8ac45323690e3fe9c1d68412389e5b51
validate-code / unit-tests (test:unit)	UNKNOWN STEP	2026-10-09T09:22:31.0330806Z   JFROG_CLI_CI_BRANCH: 177/merge
validate-code / unit-tests (test:unit)	UNKNOWN STEP	2026-10-09T09:22:31.0331262Z   JFROG_CLI_CI_VCS_URL: https://github.com/consensys-vertical-apps/va-mmcx-terminal
validate-code / unit-tests (test:unit)	UNKNOWN STEP	2026-10-09T09:22:31.0331742Z   JFROG_CLI_BUILD_NAME: Validate PR
validate-code / unit-tests (test:unit)	UNKNOWN STEP	2026-10-09T09:22:31.0332048Z   JFROG_CLI_BUILD_NUMBER: 811
validate-code / unit-tests (test:unit)	UNKNOWN STEP	2026-10-09T09:22:31.0332579Z   JFROG_CLI_BUILD_URL: https://github.com/consensys-vertical-apps/va-mmcx-terminal/actions/runs/37910803683
validate-code / unit-tests (test:unit)	UNKNOWN STEP	2026-10-09T09:22:31.0333216Z   JFROG_CLI_USER_AGENT: setup-jfrog-cli-github-action/5.1.0
validate-code / unit-tests (test:unit)	UNKNOWN STEP	2026-10-09T09:22:31.0333672Z   JFROG_CLI_COMMAND_SUMMARY_OUTPUT_DIR: /home/runner/work/_temp
validate-code / unit-tests (test:unit)	UNKNOWN STEP	2026-10-09T09:22:31.0334138Z   JFROG_CLI_USAGE_GH_TOKEN_FOR_CODE_SCANNING_ALERTS_PROVIDED: 
validate-code / unit-tests (test:unit)	UNKNOWN STEP	2026-10-09T09:22:31.0334562Z   SETUP_JFROG_CLI_SERVER_IDS: setup-jfrog-cli-server
validate-code / unit-tests (test:unit)	UNKNOWN STEP	2026-10-09T09:22:31.0334908Z   NPM_CLIENT: npm
validate-code / unit-tests (test:unit)	UNKNOWN STEP	2026-10-09T09:22:31.0335153Z   YARN_VERSION: 1
validate-code / unit-tests (test:unit)	UNKNOWN STEP	2026-10-09T09:22:31.0335395Z ##[endgroup]
validate-code / unit-tests (test:unit)	UNKNOWN STEP	2026-10-09T09:22:31.0436941Z ##[end-action id=__consensys-vertical-apps_shared-services-workflows.__run_2;outcome=success;conclusion=success;duration_ms=19]
validate-code / unit-tests (test:unit)	UNKNOWN STEP	2026-10-09T09:22:31.0440808Z ##[start-action display=Run pnpm/action-setup@fc06bc1257f339d1d5d8b3a19a8cae5388b55320;id=__consensys-vertical-apps_shared-services-workflows.__pnpm_action-setup]
validate-code / unit-tests (test:unit)	UNKNOWN STEP	2026-10-09T09:22:31.0446763Z ##[end-action id=__consensys-vertical-apps_shared-services-workflows.__pnpm_action-setup;outcome=skipped;conclusion=skipped;duration_ms=0]
validate-code / unit-tests (test:unit)	UNKNOWN STEP	2026-10-09T09:22:31.0450720Z ##[start-action display=Setup Node.js;id=__consensys-vertical-apps_shared-services-workflows.__actions_setup-node]
validate-code / unit-tests (test:unit)	UNKNOWN STEP	2026-10-09T09:22:31.0503946Z ##[group]Run actions/setup-node@48b55a011bda9f5d6aeb4c2d9c7362e8dae4041e
validate-code / unit-tests (test:unit)	UNKNOWN STEP	2026-10-09T09:22:31.0504377Z with:
validate-code / unit-tests (test:unit)	UNKNOWN STEP	2026-10-09T09:22:31.0504645Z   node-version: 22
validate-code / unit-tests (test:unit)	UNKNOWN STEP	2026-10-09T09:22:31.0504898Z   cache: npm
validate-code / unit-tests (test:unit)	UNKNOWN STEP	2026-10-09T09:22:31.0505144Z   check-latest: false
validate-code / unit-tests (test:unit)	UNKNOWN STEP	2026-10-09T09:22:31.0507698Z   token: ***
validate-code / unit-tests (test:unit)	UNKNOWN STEP	2026-10-09T09:22:31.0507957Z   package-manager-cache: true
validate-code / unit-tests (test:unit)	UNKNOWN STEP	2026-10-09T09:22:31.0508244Z env:
validate-code / unit-tests (test:unit)	UNKNOWN STEP	2026-10-09T09:22:31.0508772Z   JFROG_CLI_ENV_EXCLUDE: *password*;*secret*;*key*;*token*;*auth*;JF_ARTIFACTORY_*;JF_ENV_*;JF_URL;JF_USER;JF_PASSWORD;JF_ACCESS_TOKEN
validate-code / unit-tests (test:unit)	UNKNOWN STEP	2026-10-09T09:22:31.0509382Z   JFROG_CLI_OFFER_CONFIG: false
validate-code / unit-tests (test:unit)	UNKNOWN STEP	2026-10-09T09:22:31.0509878Z   JFROG_CLI_AVOID_NEW_VERSION_WARNING: true
validate-code / unit-tests (test:unit)	UNKNOWN STEP	2026-10-09T09:22:31.0510356Z   JFROG_CLI_SOURCECODE_REPOSITORY: consensys-vertical-apps/va-mmcx-terminal
validate-code / unit-tests (test:unit)	UNKNOWN STEP	2026-10-09T09:22:31.0511000Z   JFROG_CLI_CI_JOB_ID: Validate PR
validate-code / unit-tests (test:unit)	UNKNOWN STEP	2026-10-09T09:22:31.0511306Z   JFROG_CLI_CI_RUN_ID: 37910803683
validate-code / unit-tests (test:unit)	UNKNOWN STEP	2026-10-09T09:22:31.0511595Z   JFROG_CLI_GITHUB_TOKEN: 
validate-code / unit-tests (test:unit)	UNKNOWN STEP	2026-10-09T09:22:31.0511959Z   JFROG_CLI_CI_VCS_REVISION: d45ee39a8ac45323690e3fe9c1d68412389e5b51
validate-code / unit-tests (test:unit)	UNKNOWN STEP	2026-10-09T09:22:31.0512364Z   JFROG_CLI_CI_BRANCH: 177/merge
validate-code / unit-tests (test:unit)	UNKNOWN STEP	2026-10-09T09:22:31.0512971Z   JFROG_CLI_CI_VCS_URL: https://github.com/consensys-vertical-apps/va-mmcx-terminal
validate-code / unit-tests (test:unit)	UNKNOWN STEP	2026-10-09T09:22:31.0513464Z   JFROG_CLI_BUILD_NAME: Validate PR
validate-code / unit-tests (test:unit)	UNKNOWN STEP	2026-10-09T09:22:31.0513774Z   JFROG_CLI_BUILD_NUMBER: 811
validate-code / unit-tests (test:unit)	UNKNOWN STEP	2026-10-09T09:22:31.0514289Z   JFROG_CLI_BUILD_URL: https://github.com/consensys-vertical-apps/va-mmcx-terminal/actions/runs/37910803683
validate-code / unit-tests (test:unit)	UNKNOWN STEP	2026-10-09T09:22:31.0514953Z   JFROG_CLI_USER_AGENT: setup-jfrog-cli-github-action/5.1.0
validate-code / unit-tests (test:unit)	UNKNOWN STEP	2026-10-09T09:22:31.0515406Z   JFROG_CLI_COMMAND_SUMMARY_OUTPUT_DIR: /home/runner/work/_temp
validate-code / unit-tests (test:unit)	UNKNOWN STEP	2026-10-09T09:22:31.0515864Z   JFROG_CLI_USAGE_GH_TOKEN_FOR_CODE_SCANNING_ALERTS_PROVIDED: 
validate-code / unit-tests (test:unit)	UNKNOWN STEP	2026-10-09T09:22:31.0516304Z   SETUP_JFROG_CLI_SERVER_IDS: setup-jfrog-cli-server
validate-code / unit-tests (test:unit)	UNKNOWN STEP	2026-10-09T09:22:31.0526230Z   JFROG_ACCESS_TOKEN: ***
validate-code / unit-tests (test:unit)	UNKNOWN STEP	2026-10-09T09:22:31.0526510Z ##[endgroup]
validate-code / unit-tests (test:unit)	UNKNOWN STEP	2026-10-09T09:22:31.2356712Z Found in cache @ /opt/hostedtoolcache/node/22.23.3/x64
validate-code / unit-tests (test:unit)	UNKNOWN STEP	2026-10-09T09:22:31.2358024Z ##[group]Environment details
validate-code / unit-tests (test:unit)	UNKNOWN STEP	2026-10-09T09:22:31.6904168Z node: v22.23.3
validate-code / unit-tests (test:unit)	UNKNOWN STEP	2026-10-09T09:22:31.6905971Z npm: 10.9.9
validate-code / unit-tests (test:unit)	UNKNOWN STEP	2026-10-09T09:22:31.6906801Z yarn: 1.22.22
validate-code / unit-tests (test:unit)	UNKNOWN STEP	2026-10-09T09:22:31.6907926Z ##[endgroup]
validate-code / unit-tests (test:unit)	UNKNOWN STEP	2026-10-09T09:22:31.6932212Z [command]/opt/hostedtoolcache/node/22.23.3/x64/bin/npm config get cache
validate-code / unit-tests (test:unit)	UNKNOWN STEP	2026-10-09T09:22:31.8164155Z /home/runner/.npm
validate-code / unit-tests (test:unit)	UNKNOWN STEP	2026-10-09T09:22:32.0914969Z Cache hit for: node-cache-Linux-x64-npm-37a8545c001c84aca180b37119bb59277f0f2a04cabc389c446716dfb08231b2
validate-code / unit-tests (test:unit)	UNKNOWN STEP	2026-10-09T09:22:33.3976926Z Received 0 of 325395524 (0.0%), 0.0 MBs/sec
validate-code / unit-tests (test:unit)	UNKNOWN STEP	2026-10-09T09:22:34.3978820Z Received 96468992 of 325395524 (29.6%), 46.0 MBs/sec
validate-code / unit-tests (test:unit)	UNKNOWN STEP	2026-10-09T09:22:35.3990144Z Received 192937984 of 325395524 (59.3%), 61.3 MBs/sec
validate-code / unit-tests (test:unit)	UNKNOWN STEP	2026-10-09T09:22:36.3354903Z Received 325395524 of 325395524 (100.0%), 78.8 MBs/sec
validate-code / unit-tests (test:unit)	UNKNOWN STEP	2026-10-09T09:22:36.3360379Z Cache Size: ~310 MB (325395524 B)
validate-code / unit-tests (test:unit)	UNKNOWN STEP	2026-10-09T09:22:36.3402311Z [command]/usr/bin/tar -xf /home/runner/work/_temp/3efc5dfa-3f5b-4ae9-acf8-575c575318e3/cache.tzst -P -C /home/runner/work/va-mmcx-terminal/va-mmcx-terminal --use-compress-program unzstd
validate-code / unit-tests (test:unit)	UNKNOWN STEP	2026-10-09T09:22:37.2611636Z Cache restored successfully
validate-code / unit-tests (test:unit)	UNKNOWN STEP	2026-10-09T09:22:37.4423229Z Cache restored from key: node-cache-Linux-x64-npm-37a8545c001c84aca180b37119bb59277f0f2a04cabc389c446716dfb08231b2
validate-code / unit-tests (test:unit)	UNKNOWN STEP	2026-10-09T09:22:37.4618646Z ##[end-action id=__consensys-vertical-apps_shared-services-workflows.__actions_setup-node;outcome=success;conclusion=success;duration_ms=6416]
validate-code / unit-tests (test:unit)	UNKNOWN STEP	2026-10-09T09:22:37.4623825Z ##[start-action display=Setup lock file name;id=__consensys-vertical-apps_shared-services-workflows.lock_file_name]
validate-code / unit-tests (test:unit)	UNKNOWN STEP	2026-10-09T09:22:37.5550915Z ##[group]Run if [ "$NPM_CLIENT" = "yarn" ]; then
validate-code / unit-tests (test:unit)	UNKNOWN STEP	2026-10-09T09:22:37.5551354Z ^[[36;1mif [ "$NPM_CLIENT" = "yarn" ]; then^[[0m
validate-code / unit-tests (test:unit)	UNKNOWN STEP	2026-10-09T09:22:37.5551786Z ^[[36;1m  echo "file_name=**/yarn.lock" >> "$GITHUB_OUTPUT"^[[0m
validate-code / unit-tests (test:unit)	UNKNOWN STEP	2026-10-09T09:22:37.5552201Z ^[[36;1melif [ "$NPM_CLIENT" = "pnpm" ]; then^[[0m
validate-code / unit-tests (test:unit)	UNKNOWN STEP	2026-10-09T09:22:37.5552622Z ^[[36;1m  echo "file_name=**/pnpm-lock.yaml" >> "$GITHUB_OUTPUT"^[[0m
validate-code / unit-tests (test:unit)	UNKNOWN STEP	2026-10-09T09:22:37.5553017Z ^[[36;1melse^[[0m
validate-code / unit-tests (test:unit)	UNKNOWN STEP	2026-10-09T09:22:37.5553370Z ^[[36;1m  echo "file_name=**/package-lock.json" >> "$GITHUB_OUTPUT"^[[0m
validate-code / unit-tests (test:unit)	UNKNOWN STEP	2026-10-09T09:22:37.5553775Z ^[[36;1mfi^[[0m
validate-code / unit-tests (test:unit)	UNKNOWN STEP	2026-10-09T09:22:37.6553633Z shell: /usr/bin/bash --noprofile --norc -e -o pipefail ***0***
validate-code / unit-tests (test:unit)	UNKNOWN STEP	2026-10-09T09:22:37.6554446Z env:
validate-code / unit-tests (test:unit)	UNKNOWN STEP	2026-10-09T09:22:37.6555407Z   JFROG_CLI_ENV_EXCLUDE: *password*;*secret*;*key*;*token*;*auth*;JF_ARTIFACTORY_*;JF_ENV_*;JF_URL;JF_USER;JF_PASSWORD;JF_ACCESS_TOKEN
validate-code / unit-tests (test:unit)	UNKNOWN STEP	2026-10-09T09:22:37.6556505Z   JFROG_CLI_OFFER_CONFIG: false
validate-code / unit-tests (test:unit)	UNKNOWN STEP	2026-10-09T09:22:37.6557093Z   JFROG_CLI_AVOID_NEW_VERSION_WARNING: true
validate-code / unit-tests (test:unit)	UNKNOWN STEP	2026-10-09T09:22:37.6557929Z   JFROG_CLI_SOURCECODE_REPOSITORY: consensys-vertical-apps/va-mmcx-terminal
validate-code / unit-tests (test:unit)	UNKNOWN STEP	2026-10-09T09:22:37.6558850Z   JFROG_CLI_CI_JOB_ID: Validate PR
validate-code / unit-tests (test:unit)	UNKNOWN STEP	2026-10-09T09:22:37.6560111Z   JFROG_CLI_CI_RUN_ID: 37910803683
validate-code / unit-tests (test:unit)	UNKNOWN STEP	2026-10-09T09:22:37.6560672Z   JFROG_CLI_GITHUB_TOKEN: 
validate-code / unit-tests (test:unit)	UNKNOWN STEP	2026-10-09T09:22:37.6561341Z   JFROG_CLI_CI_VCS_REVISION: d45ee39a8ac45323690e3fe9c1d68412389e5b51
validate-code / unit-tests (test:unit)	UNKNOWN STEP	2026-10-09T09:22:37.6562118Z   JFROG_CLI_CI_BRANCH: 177/merge
validate-code / unit-tests (test:unit)	UNKNOWN STEP	2026-10-09T09:22:37.6563224Z   JFROG_CLI_CI_VCS_URL: https://github.com/consensys-vertical-apps/va-mmcx-terminal
validate-code / unit-tests (test:unit)	UNKNOWN STEP	2026-10-09T09:22:37.6564151Z   JFROG_CLI_BUILD_NAME: Validate PR
validate-code / unit-tests (test:unit)	UNKNOWN STEP	2026-10-09T09:22:37.6564726Z   JFROG_CLI_BUILD_NUMBER: 811
validate-code / unit-tests (test:unit)	UNKNOWN STEP	2026-10-09T09:22:37.6565697Z   JFROG_CLI_BUILD_URL: https://github.com/consensys-vertical-apps/va-mmcx-terminal/actions/runs/37910803683
validate-code / unit-tests (test:unit)	UNKNOWN STEP	2026-10-09T09:22:37.6566860Z   JFROG_CLI_USER_AGENT: setup-jfrog-cli-github-action/5.1.0
validate-code / unit-tests (test:unit)	UNKNOWN STEP	2026-10-09T09:22:37.6567711Z   JFROG_CLI_COMMAND_SUMMARY_OUTPUT_DIR: /home/runner/work/_temp
validate-code / unit-tests (test:unit)	UNKNOWN STEP	2026-10-09T09:22:37.6568522Z   JFROG_CLI_USAGE_GH_TOKEN_FOR_CODE_SCANNING_ALERTS_PROVIDED: 
validate-code / unit-tests (test:unit)	UNKNOWN STEP	2026-10-09T09:22:37.6569306Z   SETUP_JFROG_CLI_SERVER_IDS: setup-jfrog-cli-server
validate-code / unit-tests (test:unit)	UNKNOWN STEP	2026-10-09T09:22:37.6570351Z   NPM_CLIENT: npm
validate-code / unit-tests (test:unit)	UNKNOWN STEP	2026-10-09T09:22:37.6570806Z ##[endgroup]
validate-code / unit-tests (test:unit)	UNKNOWN STEP	2026-10-09T09:22:37.6717951Z ##[end-action id=__consensys-vertical-apps_shared-services-workflows.lock_file_name;outcome=success;conclusion=success;duration_ms=209]
validate-code / unit-tests (test:unit)	UNKNOWN STEP	2026-10-09T09:22:37.6722392Z ##[start-action display=Set jf npm config;id=__consensys-vertical-apps_shared-services-workflows.__run_3]
validate-code / unit-tests (test:unit)	UNKNOWN STEP	2026-10-09T09:22:37.6744013Z ##[group]Run jf npm-config --global=true --repo-resolve="$JFROG_NPM_REPO" --repo-deploy="$JFROG_NPM_DEPLOY_REPO"
validate-code / unit-tests (test:unit)	UNKNOWN STEP	2026-10-09T09:22:37.6744862Z ^[[36;1mjf npm-config --global=true --repo-resolve="$JFROG_NPM_REPO" --repo-deploy="$JFROG_NPM_DEPLOY_REPO"^[[0m
validate-code / unit-tests (test:unit)	UNKNOWN STEP	2026-10-09T09:22:37.6807822Z shell: /usr/bin/bash --noprofile --norc -e -o pipefail ***0***
validate-code / unit-tests (test:unit)	UNKNOWN STEP	2026-10-09T09:22:37.6808260Z env:
validate-code / unit-tests (test:unit)	UNKNOWN STEP	2026-10-09T09:22:37.6808846Z   JFROG_CLI_ENV_EXCLUDE: *password*;*secret*;*key*;*token*;*auth*;JF_ARTIFACTORY_*;JF_ENV_*;JF_URL;JF_USER;JF_PASSWORD;JF_ACCESS_TOKEN
validate-code / unit-tests (test:unit)	UNKNOWN STEP	2026-10-09T09:22:37.6809917Z   JFROG_CLI_OFFER_CONFIG: false
validate-code / unit-tests (test:unit)	UNKNOWN STEP	2026-10-09T09:22:37.6810298Z   JFROG_CLI_AVOID_NEW_VERSION_WARNING: true
validate-code / unit-tests (test:unit)	UNKNOWN STEP	2026-10-09T09:22:37.6810814Z   JFROG_CLI_SOURCECODE_REPOSITORY: consensys-vertical-apps/va-mmcx-terminal
validate-code / unit-tests (test:unit)	UNKNOWN STEP	2026-10-09T09:22:37.6811306Z   JFROG_CLI_CI_JOB_ID: Validate PR
validate-code / unit-tests (test:unit)	UNKNOWN STEP	2026-10-09T09:22:37.6811631Z   JFROG_CLI_CI_RUN_ID: 37910803683
validate-code / unit-tests (test:unit)	UNKNOWN STEP	2026-10-09T09:22:37.6811944Z   JFROG_CLI_GITHUB_TOKEN: 
validate-code / unit-tests (test:unit)	UNKNOWN STEP	2026-10-09T09:22:37.6812356Z   JFROG_CLI_CI_VCS_REVISION: d45ee39a8ac45323690e3fe9c1d68412389e5b51
validate-code / unit-tests (test:unit)	UNKNOWN STEP	2026-10-09T09:22:37.6812788Z   JFROG_CLI_CI_BRANCH: 177/merge
validate-code / unit-tests (test:unit)	UNKNOWN STEP	2026-10-09T09:22:37.6813257Z   JFROG_CLI_CI_VCS_URL: https://github.com/consensys-vertical-apps/va-mmcx-terminal
validate-code / unit-tests (test:unit)	UNKNOWN STEP	2026-10-09T09:22:37.6813766Z   JFROG_CLI_BUILD_NAME: Validate PR
validate-code / unit-tests (test:unit)	UNKNOWN STEP	2026-10-09T09:22:37.6814089Z   JFROG_CLI_BUILD_NUMBER: 811
validate-code / unit-tests (test:unit)	UNKNOWN STEP	2026-10-09T09:22:37.6814636Z   JFROG_CLI_BUILD_URL: https://github.com/consensys-vertical-apps/va-mmcx-terminal/actions/runs/37910803683
validate-code / unit-tests (test:unit)	UNKNOWN STEP	2026-10-09T09:22:37.6815289Z   JFROG_CLI_USER_AGENT: setup-jfrog-cli-github-action/5.1.0
validate-code / unit-tests (test:unit)	UNKNOWN STEP	2026-10-09T09:22:37.6815760Z   JFROG_CLI_COMMAND_SUMMARY_OUTPUT_DIR: /home/runner/work/_temp
validate-code / unit-tests (test:unit)	UNKNOWN STEP	2026-10-09T09:22:37.6816252Z   JFROG_CLI_USAGE_GH_TOKEN_FOR_CODE_SCANNING_ALERTS_PROVIDED: 
validate-code / unit-tests (test:unit)	UNKNOWN STEP	2026-10-09T09:22:37.6816698Z   SETUP_JFROG_CLI_SERVER_IDS: setup-jfrog-cli-server
validate-code / unit-tests (test:unit)	UNKNOWN STEP	2026-10-09T09:22:37.6817068Z   JFROG_NPM_REPO: npm
validate-code / unit-tests (test:unit)	UNKNOWN STEP	2026-10-09T09:22:37.6817354Z   JFROG_NPM_DEPLOY_REPO: npm-local
validate-code / unit-tests (test:unit)	UNKNOWN STEP	2026-10-09T09:22:37.6817676Z ##[endgroup]
validate-code / unit-tests (test:unit)	UNKNOWN STEP	2026-10-09T09:22:37.7100534Z 09:22:37 [Info] npm build config successfully created.
validate-code / unit-tests (test:unit)	UNKNOWN STEP	2026-10-09T09:22:37.7107659Z ##[end-action id=__consensys-vertical-apps_shared-services-workflows.__run_3;outcome=success;conclusion=success;duration_ms=38]
validate-code / unit-tests (test:unit)	UNKNOWN STEP	2026-10-09T09:22:37.7112397Z ##[start-action display=Set npmrc config;id=__consensys-vertical-apps_shared-services-workflows.__run_4]
validate-code / unit-tests (test:unit)	UNKNOWN STEP	2026-10-09T09:22:37.7133570Z ##[group]Run npm config set registry "$REGISTRY_URL"
validate-code / unit-tests (test:unit)	UNKNOWN STEP	2026-10-09T09:22:37.7134027Z ^[[36;1mnpm config set registry "$REGISTRY_URL"^[[0m
validate-code / unit-tests (test:unit)	UNKNOWN STEP	2026-10-09T09:22:37.7134546Z ^[[36;1mnpm config set $***REGISTRY_URL#http*:***:_authToken $JFROG_ACCESS_TOKEN^[[0m
validate-code / unit-tests (test:unit)	UNKNOWN STEP	2026-10-09T09:22:37.7135210Z ^[[36;1m^[[0m
validate-code / unit-tests (test:unit)	UNKNOWN STEP	2026-10-09T09:22:37.7135484Z ^[[36;1m# Find the user-level .npmrc file^[[0m
validate-code / unit-tests (test:unit)	UNKNOWN STEP	2026-10-09T09:22:37.7135857Z ^[[36;1mNPMRC_PATH=$(npm config get userconfig)^[[0m
validate-code / unit-tests (test:unit)	UNKNOWN STEP	2026-10-09T09:22:37.7136210Z ^[[36;1m^[[0m
validate-code / unit-tests (test:unit)	UNKNOWN STEP	2026-10-09T09:22:37.7136493Z ^[[36;1mif [ -n "$NPMRC_PATH" ]; then^[[0m
validate-code / unit-tests (test:unit)	UNKNOWN STEP	2026-10-09T09:22:37.7137003Z ^[[36;1m  echo "always-auth=true" >> "$NPMRC_PATH"^[[0m
validate-code / unit-tests (test:unit)	UNKNOWN STEP	2026-10-09T09:22:37.7137393Z ^[[36;1m  echo "Updated .npmrc at $NPMRC_PATH"^[[0m
validate-code / unit-tests (test:unit)	UNKNOWN STEP	2026-10-09T09:22:37.7137727Z ^[[36;1melse^[[0m
validate-code / unit-tests (test:unit)	UNKNOWN STEP	2026-10-09T09:22:37.7138158Z ^[[36;1m  echo "Warning: Could not find user-level .npmrc. Creating one in the home directory."^[[0m
validate-code / unit-tests (test:unit)	UNKNOWN STEP	2026-10-09T09:22:37.7138668Z ^[[36;1m  NPMRC_PATH="$HOME/.npmrc"^[[0m
validate-code / unit-tests (test:unit)	UNKNOWN STEP	2026-10-09T09:22:37.7139019Z ^[[36;1m  echo "always-auth=true" >> "$NPMRC_PATH"^[[0m
validate-code / unit-tests (test:unit)	UNKNOWN STEP	2026-10-09T09:22:37.7139350Z ^[[36;1mfi^[[0m
validate-code / unit-tests (test:unit)	UNKNOWN STEP	2026-10-09T09:22:37.7202240Z shell: /usr/bin/bash --noprofile --norc -e -o pipefail ***0***
validate-code / unit-tests (test:unit)	UNKNOWN STEP	2026-10-09T09:22:37.7202675Z env:
validate-code / unit-tests (test:unit)	UNKNOWN STEP	2026-10-09T09:22:37.7203247Z   JFROG_CLI_ENV_EXCLUDE: *password*;*secret*;*key*;*token*;*auth*;JF_ARTIFACTORY_*;JF_ENV_*;JF_URL;JF_USER;JF_PASSWORD;JF_ACCESS_TOKEN
validate-code / unit-tests (test:unit)	UNKNOWN STEP	2026-10-09T09:22:37.7203930Z   JFROG_CLI_OFFER_CONFIG: false
validate-code / unit-tests (test:unit)	UNKNOWN STEP	2026-10-09T09:22:37.7204267Z   JFROG_CLI_AVOID_NEW_VERSION_WARNING: true
validate-code / unit-tests (test:unit)	UNKNOWN STEP	2026-10-09T09:22:37.7204745Z   JFROG_CLI_SOURCECODE_REPOSITORY: consensys-vertical-apps/va-mmcx-terminal
validate-code / unit-tests (test:unit)	UNKNOWN STEP	2026-10-09T09:22:37.7205241Z   JFROG_CLI_CI_JOB_ID: Validate PR
validate-code / unit-tests (test:unit)	UNKNOWN STEP	2026-10-09T09:22:37.7205562Z   JFROG_CLI_CI_RUN_ID: 37910803683
validate-code / unit-tests (test:unit)	UNKNOWN STEP	2026-10-09T09:22:37.7205881Z   JFROG_CLI_GITHUB_TOKEN: 
validate-code / unit-tests (test:unit)	UNKNOWN STEP	2026-10-09T09:22:37.7206260Z   JFROG_CLI_CI_VCS_REVISION: d45ee39a8ac45323690e3fe9c1d68412389e5b51
validate-code / unit-tests (test:unit)	UNKNOWN STEP	2026-10-09T09:22:37.7206688Z   JFROG_CLI_CI_BRANCH: 177/merge
validate-code / unit-tests (test:unit)	UNKNOWN STEP	2026-10-09T09:22:37.7207167Z   JFROG_CLI_CI_VCS_URL: https://github.com/consensys-vertical-apps/va-mmcx-terminal
validate-code / unit-tests (test:unit)	UNKNOWN STEP	2026-10-09T09:22:37.7207696Z   JFROG_CLI_BUILD_NAME: Validate PR
validate-code / unit-tests (test:unit)	UNKNOWN STEP	2026-10-09T09:22:37.7208018Z   JFROG_CLI_BUILD_NUMBER: 811
validate-code / unit-tests (test:unit)	UNKNOWN STEP	2026-10-09T09:22:37.7208564Z   JFROG_CLI_BUILD_URL: https://github.com/consensys-vertical-apps/va-mmcx-terminal/actions/runs/37910803683
validate-code / unit-tests (test:unit)	UNKNOWN STEP	2026-10-09T09:22:37.7209237Z   JFROG_CLI_USER_AGENT: setup-jfrog-cli-github-action/5.1.0
validate-code / unit-tests (test:unit)	UNKNOWN STEP	2026-10-09T09:22:37.7210078Z   JFROG_CLI_COMMAND_SUMMARY_OUTPUT_DIR: /home/runner/work/_temp
validate-code / unit-tests (test:unit)	UNKNOWN STEP	2026-10-09T09:22:37.7210575Z   JFROG_CLI_USAGE_GH_TOKEN_FOR_CODE_SCANNING_ALERTS_PROVIDED: 
validate-code / unit-tests (test:unit)	UNKNOWN STEP	2026-10-09T09:22:37.7211040Z   SETUP_JFROG_CLI_SERVER_IDS: setup-jfrog-cli-server
validate-code / unit-tests (test:unit)	UNKNOWN STEP	2026-10-09T09:22:37.7211540Z   REGISTRY_URL: https://consensys.jfrog.io/artifactory/api/npm/npm/
validate-code / unit-tests (test:unit)	UNKNOWN STEP	2026-10-09T09:22:37.7222296Z   JFROG_ACCESS_TOKEN: ***
validate-code / unit-tests (test:unit)	UNKNOWN STEP	2026-10-09T09:22:37.7222588Z ##[endgroup]
validate-code / unit-tests (test:unit)	UNKNOWN STEP	2026-10-09T09:22:38.1182465Z Updated .npmrc at /home/runner/.npmrc
validate-code / unit-tests (test:unit)	UNKNOWN STEP	2026-10-09T09:22:38.1193672Z ##[end-action id=__consensys-vertical-apps_shared-services-workflows.__run_4;outcome=success;conclusion=success;duration_ms=407]
validate-code / unit-tests (test:unit)	UNKNOWN STEP	2026-10-09T09:22:38.1200694Z ##[start-action display=Set yarn 4 config;id=__consensys-vertical-apps_shared-services-workflows.__run_5]
validate-code / unit-tests (test:unit)	UNKNOWN STEP	2026-10-09T09:22:38.1208777Z ##[end-action id=__consensys-vertical-apps_shared-services-workflows.__run_5;outcome=skipped;conclusion=skipped;duration_ms=0]
validate-code / unit-tests (test:unit)	UNKNOWN STEP	2026-10-09T09:22:38.1215244Z ##[start-action display=NPM client install;id=__consensys-vertical-apps_shared-services-workflows.__run_6]
validate-code / unit-tests (test:unit)	UNKNOWN STEP	2026-10-09T09:22:38.1267055Z ##[group]Run if [ "$NPM_CLIENT" = "yarn" ]; then
validate-code / unit-tests (test:unit)	UNKNOWN STEP	2026-10-09T09:22:38.1267480Z ^[[36;1mif [ "$NPM_CLIENT" = "yarn" ]; then^[[0m
validate-code / unit-tests (test:unit)	UNKNOWN STEP	2026-10-09T09:22:38.1267825Z ^[[36;1m  if [ "$YARN_VERSION" = "4" ]; then^[[0m
validate-code / unit-tests (test:unit)	UNKNOWN STEP	2026-10-09T09:22:38.1268188Z ^[[36;1m    yarn install --immutable^[[0m
validate-code / unit-tests (test:unit)	UNKNOWN STEP	2026-10-09T09:22:38.1268501Z ^[[36;1m  else^[[0m
validate-code / unit-tests (test:unit)	UNKNOWN STEP	2026-10-09T09:22:38.1268778Z ^[[36;1m    yarn install --frozen-lockfile^[[0m
validate-code / unit-tests (test:unit)	UNKNOWN STEP	2026-10-09T09:22:38.1269102Z ^[[36;1m  fi^[[0m
validate-code / unit-tests (test:unit)	UNKNOWN STEP	2026-10-09T09:22:38.1269385Z ^[[36;1melif [ "$NPM_CLIENT" = "pnpm" ]; then^[[0m
validate-code / unit-tests (test:unit)	UNKNOWN STEP	2026-10-09T09:22:38.1270191Z ^[[36;1m  pnpm install --frozen-lockfile^[[0m
validate-code / unit-tests (test:unit)	UNKNOWN STEP	2026-10-09T09:22:38.1270516Z ^[[36;1melse^[[0m
validate-code / unit-tests (test:unit)	UNKNOWN STEP	2026-10-09T09:22:38.1270764Z ^[[36;1m  jf npm ci --audit=false^[[0m
validate-code / unit-tests (test:unit)	UNKNOWN STEP	2026-10-09T09:22:38.1271052Z ^[[36;1mfi^[[0m
validate-code / unit-tests (test:unit)	UNKNOWN STEP	2026-10-09T09:22:38.1334517Z shell: /usr/bin/bash --noprofile --norc -e -o pipefail ***0***
validate-code / unit-tests (test:unit)	UNKNOWN STEP	2026-10-09T09:22:38.1335244Z env:
validate-code / unit-tests (test:unit)	UNKNOWN STEP	2026-10-09T09:22:38.1335802Z   JFROG_CLI_ENV_EXCLUDE: *password*;*secret*;*key*;*token*;*auth*;JF_ARTIFACTORY_*;JF_ENV_*;JF_URL;JF_USER;JF_PASSWORD;JF_ACCESS_TOKEN
validate-code / unit-tests (test:unit)	UNKNOWN STEP	2026-10-09T09:22:38.1336423Z   JFROG_CLI_OFFER_CONFIG: false
validate-code / unit-tests (test:unit)	UNKNOWN STEP	2026-10-09T09:22:38.1336886Z   JFROG_CLI_AVOID_NEW_VERSION_WARNING: true
validate-code / unit-tests (test:unit)	UNKNOWN STEP	2026-10-09T09:22:38.1337343Z   JFROG_CLI_SOURCECODE_REPOSITORY: consensys-vertical-apps/va-mmcx-terminal
validate-code / unit-tests (test:unit)	UNKNOWN STEP	2026-10-09T09:22:38.1337824Z   JFROG_CLI_CI_JOB_ID: Validate PR
validate-code / unit-tests (test:unit)	UNKNOWN STEP	2026-10-09T09:22:38.1338129Z   JFROG_CLI_CI_RUN_ID: 37910803683
validate-code / unit-tests (test:unit)	UNKNOWN STEP	2026-10-09T09:22:38.1338424Z   JFROG_CLI_GITHUB_TOKEN: 
validate-code / unit-tests (test:unit)	UNKNOWN STEP	2026-10-09T09:22:38.1338784Z   JFROG_CLI_CI_VCS_REVISION: d45ee39a8ac45323690e3fe9c1d68412389e5b51
validate-code / unit-tests (test:unit)	UNKNOWN STEP	2026-10-09T09:22:38.1339204Z   JFROG_CLI_CI_BRANCH: 177/merge
validate-code / unit-tests (test:unit)	UNKNOWN STEP	2026-10-09T09:22:38.1340046Z   JFROG_CLI_CI_VCS_URL: https://github.com/consensys-vertical-apps/va-mmcx-terminal
validate-code / unit-tests (test:unit)	UNKNOWN STEP	2026-10-09T09:22:38.1340547Z   JFROG_CLI_BUILD_NAME: Validate PR
validate-code / unit-tests (test:unit)	UNKNOWN STEP	2026-10-09T09:22:38.1340882Z   JFROG_CLI_BUILD_NUMBER: 811
validate-code / unit-tests (test:unit)	UNKNOWN STEP	2026-10-09T09:22:38.1341428Z   JFROG_CLI_BUILD_URL: https://github.com/consensys-vertical-apps/va-mmcx-terminal/actions/runs/37910803683
validate-code / unit-tests (test:unit)	UNKNOWN STEP	2026-10-09T09:22:38.1342079Z   JFROG_CLI_USER_AGENT: setup-jfrog-cli-github-action/5.1.0
validate-code / unit-tests (test:unit)	UNKNOWN STEP	2026-10-09T09:22:38.1342586Z   JFROG_CLI_COMMAND_SUMMARY_OUTPUT_DIR: /home/runner/work/_temp
validate-code / unit-tests (test:unit)	UNKNOWN STEP	2026-10-09T09:22:38.1343055Z   JFROG_CLI_USAGE_GH_TOKEN_FOR_CODE_SCANNING_ALERTS_PROVIDED: 
validate-code / unit-tests (test:unit)	UNKNOWN STEP	2026-10-09T09:22:38.1343481Z   SETUP_JFROG_CLI_SERVER_IDS: setup-jfrog-cli-server
validate-code / unit-tests (test:unit)	UNKNOWN STEP	2026-10-09T09:22:38.1343841Z   NPM_CLIENT: npm
validate-code / unit-tests (test:unit)	UNKNOWN STEP	2026-10-09T09:22:38.1344099Z   YARN_VERSION: 1
validate-code / unit-tests (test:unit)	UNKNOWN STEP	2026-10-09T09:22:38.1354482Z   NODE_AUTH_TOKEN: ***
validate-code / unit-tests (test:unit)	UNKNOWN STEP	2026-10-09T09:22:38.1364501Z   JFROG_ACCESS_TOKEN: ***
validate-code / unit-tests (test:unit)	UNKNOWN STEP	2026-10-09T09:22:38.1364812Z ##[endgroup]
validate-code / unit-tests (test:unit)	UNKNOWN STEP	2026-10-09T09:23:56.2381048Z added 2031 packages in 1m
validate-code / unit-tests (test:unit)	UNKNOWN STEP	2026-10-09T09:23:56.2381882Z 
validate-code / unit-tests (test:unit)	UNKNOWN STEP	2026-10-09T09:23:56.2382853Z 350 packages are looking for funding
validate-code / unit-tests (test:unit)	UNKNOWN STEP	2026-10-09T09:23:56.2384135Z   run `npm fund` for details
validate-code / unit-tests (test:unit)	UNKNOWN STEP	2026-10-09T09:23:58.2196647Z 09:23:58 [Warn] error while running '/opt/hostedtoolcache/node/22.23.3/x64/bin/npm ls --audit=false --json --all --long': exit status 1
validate-code / unit-tests (test:unit)	UNKNOWN STEP	2026-10-09T09:23:58.2198087Z npm error code ELSPROBLEMS
validate-code / unit-tests (test:unit)	UNKNOWN STEP	2026-10-09T09:23:58.2205250Z npm error extraneous: @emnapi/core@1.9.2 /home/runner/work/va-mmcx-terminal/va-mmcx-terminal/node_modules/@emnapi/core
validate-code / unit-tests (test:unit)	UNKNOWN STEP	2026-10-09T09:23:58.2207230Z npm error extraneous: @emnapi/runtime@1.11.3 /home/runner/work/va-mmcx-terminal/va-mmcx-terminal/node_modules/@emnapi/runtime
validate-code / unit-tests (test:unit)	UNKNOWN STEP	2026-10-09T09:23:58.2209649Z npm error extraneous: @emnapi/wasi-threads@1.2.1 /home/runner/work/va-mmcx-terminal/va-mmcx-terminal/node_modules/@emnapi/wasi-threads
validate-code / unit-tests (test:unit)	UNKNOWN STEP	2026-10-09T09:23:58.2211847Z npm error extraneous: @img/sharp-wasm32@0.35.5 /home/runner/work/va-mmcx-terminal/va-mmcx-terminal/node_modules/@img/sharp-wasm32
validate-code / unit-tests (test:unit)	UNKNOWN STEP	2026-10-09T09:23:58.2214465Z npm error extraneous: @napi-rs/wasm-runtime@1.2.5 /home/runner/work/va-mmcx-terminal/va-mmcx-terminal/node_modules/@napi-rs/wasm-runtime
validate-code / unit-tests (test:unit)	UNKNOWN STEP	2026-10-09T09:23:58.2226956Z npm error extraneous: @tybys/wasm-util@0.10.4 /home/runner/work/va-mmcx-terminal/va-mmcx-terminal/node_modules/@tybys/wasm-util
validate-code / unit-tests (test:unit)	UNKNOWN STEP	2026-10-09T09:23:58.2228945Z npm error missing: @metamask/design-system-tailwind-preset@^0.12.0, required by @metamask/design-system-react@0.38.1
validate-code / unit-tests (test:unit)	UNKNOWN STEP	2026-10-09T09:23:58.2231005Z npm error invalid: bs58@4.0.1 /home/runner/work/va-mmcx-terminal/va-mmcx-terminal/node_modules/bs58
validate-code / unit-tests (test:unit)	UNKNOWN STEP	2026-10-09T09:23:58.2232877Z npm error missing: electron-builder-squirrel-windows@26.15.3, required by app-builder-lib@26.15.3
validate-code / unit-tests (test:unit)	UNKNOWN STEP	2026-10-09T09:23:58.2234677Z npm error invalid: picomatch@2.3.2 /home/runner/work/va-mmcx-terminal/va-mmcx-terminal/node_modules/picomatch
validate-code / unit-tests (test:unit)	UNKNOWN STEP	2026-10-09T09:23:58.2236506Z npm error invalid: ox@0.14.45 /home/runner/work/va-mmcx-terminal/va-mmcx-terminal/node_modules/ox
validate-code / unit-tests (test:unit)	UNKNOWN STEP	2026-10-09T09:23:58.2238173Z npm error invalid: react@19.2.0 /home/runner/work/va-mmcx-terminal/va-mmcx-terminal/node_modules/react
validate-code / unit-tests (test:unit)	UNKNOWN STEP	2026-10-09T09:23:58.2239991Z npm error invalid: zod@4.1.12 /home/runner/work/va-mmcx-terminal/va-mmcx-terminal/node_modules/zod
validate-code / unit-tests (test:unit)	UNKNOWN STEP	2026-10-09T09:23:58.2242629Z npm error A complete log of this run can be found in: /home/runner/.npm/_logs/2026-10-09T09_23_56_392Z-debug-0.log
validate-code / unit-tests (test:unit)	UNKNOWN STEP	2026-10-09T09:23:59.5685127Z 09:23:59 [Warn] The following dependencies will not be included in the build-info, because they are missing in the npm cache: '@metamask/design-system-tailwind-preset:4c32e8f6d6e7e251790cc3332433406c924c670d,electron-builder-squirrel-windows:4c928c188a358fab7251e68ae55d324c8307c8b6'.
validate-code / unit-tests (test:unit)	UNKNOWN STEP	2026-10-09T09:23:59.5688558Z Hint: Try deleting 'node_modules' and/or 'package-lock.json'.
validate-code / unit-tests (test:unit)	UNKNOWN STEP	2026-10-09T09:23:59.5806881Z ##[end-action id=__consensys-vertical-apps_shared-services-workflows.__run_6;outcome=success;conclusion=success;duration_ms=81458]
validate-code / unit-tests (test:unit)	UNKNOWN STEP	2026-10-09T09:23:59.5863740Z ##[group]Run if [[ $ENV_VARS ]]; then
validate-code / unit-tests (test:unit)	UNKNOWN STEP	2026-10-09T09:23:59.5864403Z ^[[36;1mif [[ $ENV_VARS ]]; then^[[0m
validate-code / unit-tests (test:unit)	UNKNOWN STEP	2026-10-09T09:23:59.5865185Z ^[[36;1m  echo "$***ENV_VARS***" | jq -r 'keys[] as $k | "\($k)=\(.[$k])"' >> .env^[[0m
validate-code / unit-tests (test:unit)	UNKNOWN STEP	2026-10-09T09:23:59.5865930Z ^[[36;1mfi^[[0m
validate-code / unit-tests (test:unit)	UNKNOWN STEP	2026-10-09T09:23:59.5996479Z shell: /usr/bin/bash -e ***0***
validate-code / unit-tests (test:unit)	UNKNOWN STEP	2026-10-09T09:23:59.5996848Z env:
validate-code / unit-tests (test:unit)	UNKNOWN STEP	2026-10-09T09:23:59.5997407Z   JFROG_CLI_ENV_EXCLUDE: *password*;*secret*;*key*;*token*;*auth*;JF_ARTIFACTORY_*;JF_ENV_*;JF_URL;JF_USER;JF_PASSWORD;JF_ACCESS_TOKEN
validate-code / unit-tests (test:unit)	UNKNOWN STEP	2026-10-09T09:23:59.5998042Z   JFROG_CLI_OFFER_CONFIG: false
validate-code / unit-tests (test:unit)	UNKNOWN STEP	2026-10-09T09:23:59.5998367Z   JFROG_CLI_AVOID_NEW_VERSION_WARNING: true
validate-code / unit-tests (test:unit)	UNKNOWN STEP	2026-10-09T09:23:59.5998822Z   JFROG_CLI_SOURCECODE_REPOSITORY: consensys-vertical-apps/va-mmcx-terminal
validate-code / unit-tests (test:unit)	UNKNOWN STEP	2026-10-09T09:23:59.5999287Z   JFROG_CLI_CI_JOB_ID: Validate PR
validate-code / unit-tests (test:unit)	UNKNOWN STEP	2026-10-09T09:23:59.5999778Z   JFROG_CLI_CI_RUN_ID: 37910803683
validate-code / unit-tests (test:unit)	UNKNOWN STEP	2026-10-09T09:23:59.6000084Z   JFROG_CLI_GITHUB_TOKEN: 
validate-code / unit-tests (test:unit)	UNKNOWN STEP	2026-10-09T09:23:59.6000521Z   JFROG_CLI_CI_VCS_REVISION: d45ee39a8ac45323690e3fe9c1d68412389e5b51
validate-code / unit-tests (test:unit)	UNKNOWN STEP	2026-10-09T09:23:59.6000932Z   JFROG_CLI_CI_BRANCH: 177/merge
validate-code / unit-tests (test:unit)	UNKNOWN STEP	2026-10-09T09:23:59.6001393Z   JFROG_CLI_CI_VCS_URL: https://github.com/consensys-vertical-apps/va-mmcx-terminal
validate-code / unit-tests (test:unit)	UNKNOWN STEP	2026-10-09T09:23:59.6001884Z   JFROG_CLI_BUILD_NAME: Validate PR
validate-code / unit-tests (test:unit)	UNKNOWN STEP	2026-10-09T09:23:59.6002208Z   JFROG_CLI_BUILD_NUMBER: 811
validate-code / unit-tests (test:unit)	UNKNOWN STEP	2026-10-09T09:23:59.6002732Z   JFROG_CLI_BUILD_URL: https://github.com/consensys-vertical-apps/va-mmcx-terminal/actions/runs/37910803683
validate-code / unit-tests (test:unit)	UNKNOWN STEP	2026-10-09T09:23:59.6003362Z   JFROG_CLI_USER_AGENT: setup-jfrog-cli-github-action/5.1.0
validate-code / unit-tests (test:unit)	UNKNOWN STEP	2026-10-09T09:23:59.6003812Z   JFROG_CLI_COMMAND_SUMMARY_OUTPUT_DIR: /home/runner/work/_temp
validate-code / unit-tests (test:unit)	UNKNOWN STEP	2026-10-09T09:23:59.6004263Z   JFROG_CLI_USAGE_GH_TOKEN_FOR_CODE_SCANNING_ALERTS_PROVIDED: 
validate-code / unit-tests (test:unit)	UNKNOWN STEP	2026-10-09T09:23:59.6004691Z   SETUP_JFROG_CLI_SERVER_IDS: setup-jfrog-cli-server
validate-code / unit-tests (test:unit)	UNKNOWN STEP	2026-10-09T09:23:59.6005046Z   ENV_VARS: 
validate-code / unit-tests (test:unit)	UNKNOWN STEP	2026-10-09T09:23:59.6005287Z ##[endgroup]
validate-code / unit-tests (test:unit)	UNKNOWN STEP	2026-10-09T09:23:59.6137750Z ##[group]Run echo "TEST_NAME=$(echo 'test:unit' | sed 's/:/ /g')" >> $GITHUB_ENV
validate-code / unit-tests (test:unit)	UNKNOWN STEP	2026-10-09T09:23:59.6138365Z ^[[36;1mecho "TEST_NAME=$(echo 'test:unit' | sed 's/:/ /g')" >> $GITHUB_ENV^[[0m
validate-code / unit-tests (test:unit)	UNKNOWN STEP	2026-10-09T09:23:59.6138907Z ^[[36;1mecho "TEST_ARTEFACT_NAME=$(echo 'test:unit' | sed 's/:/-/g')" >> $GITHUB_ENV^[[0m
validate-code / unit-tests (test:unit)	UNKNOWN STEP	2026-10-09T09:23:59.6204948Z shell: /usr/bin/bash -e ***0***
validate-code / unit-tests (test:unit)	UNKNOWN STEP	2026-10-09T09:23:59.6205343Z env:
validate-code / unit-tests (test:unit)	UNKNOWN STEP	2026-10-09T09:23:59.6205963Z   JFROG_CLI_ENV_EXCLUDE: *password*;*secret*;*key*;*token*;*auth*;JF_ARTIFACTORY_*;JF_ENV_*;JF_URL;JF_USER;JF_PASSWORD;JF_ACCESS_TOKEN
validate-code / unit-tests (test:unit)	UNKNOWN STEP	2026-10-09T09:23:59.6206667Z   JFROG_CLI_OFFER_CONFIG: false
validate-code / unit-tests (test:unit)	UNKNOWN STEP	2026-10-09T09:23:59.6207027Z   JFROG_CLI_AVOID_NEW_VERSION_WARNING: true
validate-code / unit-tests (test:unit)	UNKNOWN STEP	2026-10-09T09:23:59.6207535Z   JFROG_CLI_SOURCECODE_REPOSITORY: consensys-vertical-apps/va-mmcx-terminal
validate-code / unit-tests (test:unit)	UNKNOWN STEP	2026-10-09T09:23:59.6208050Z   JFROG_CLI_CI_JOB_ID: Validate PR
validate-code / unit-tests (test:unit)	UNKNOWN STEP	2026-10-09T09:23:59.6208389Z   JFROG_CLI_CI_RUN_ID: 37910803683
validate-code / unit-tests (test:unit)	UNKNOWN STEP	2026-10-09T09:23:59.6208725Z   JFROG_CLI_GITHUB_TOKEN: 
validate-code / unit-tests (test:unit)	UNKNOWN STEP	2026-10-09T09:23:59.6209187Z   JFROG_CLI_CI_VCS_REVISION: d45ee39a8ac45323690e3fe9c1d68412389e5b51
validate-code / unit-tests (test:unit)	UNKNOWN STEP	2026-10-09T09:23:59.6209832Z   JFROG_CLI_CI_BRANCH: 177/merge
validate-code / unit-tests (test:unit)	UNKNOWN STEP	2026-10-09T09:23:59.6210384Z   JFROG_CLI_CI_VCS_URL: https://github.com/consensys-vertical-apps/va-mmcx-terminal
validate-code / unit-tests (test:unit)	UNKNOWN STEP	2026-10-09T09:23:59.6210938Z   JFROG_CLI_BUILD_NAME: Validate PR
validate-code / unit-tests (test:unit)	UNKNOWN STEP	2026-10-09T09:23:59.6211282Z   JFROG_CLI_BUILD_NUMBER: 811
validate-code / unit-tests (test:unit)	UNKNOWN STEP	2026-10-09T09:23:59.6212146Z   JFROG_CLI_BUILD_URL: https://github.com/consensys-vertical-apps/va-mmcx-terminal/actions/runs/37910803683
validate-code / unit-tests (test:unit)	UNKNOWN STEP	2026-10-09T09:23:59.6212842Z   JFROG_CLI_USER_AGENT: setup-jfrog-cli-github-action/5.1.0
validate-code / unit-tests (test:unit)	UNKNOWN STEP	2026-10-09T09:23:59.6213339Z   JFROG_CLI_COMMAND_SUMMARY_OUTPUT_DIR: /home/runner/work/_temp
validate-code / unit-tests (test:unit)	UNKNOWN STEP	2026-10-09T09:23:59.6213845Z   JFROG_CLI_USAGE_GH_TOKEN_FOR_CODE_SCANNING_ALERTS_PROVIDED: 
validate-code / unit-tests (test:unit)	UNKNOWN STEP	2026-10-09T09:23:59.6214313Z   SETUP_JFROG_CLI_SERVER_IDS: setup-jfrog-cli-server
validate-code / unit-tests (test:unit)	UNKNOWN STEP	2026-10-09T09:23:59.6214700Z ##[endgroup]
validate-code / unit-tests (test:unit)	UNKNOWN STEP	2026-10-09T09:23:59.6403161Z ##[group]Run npm run test:unit
validate-code / unit-tests (test:unit)	UNKNOWN STEP	2026-10-09T09:23:59.6403525Z ^[[36;1mnpm run test:unit^[[0m
validate-code / unit-tests (test:unit)	UNKNOWN STEP	2026-10-09T09:23:59.6468352Z shell: /usr/bin/bash -e ***0***
validate-code / unit-tests (test:unit)	UNKNOWN STEP	2026-10-09T09:23:59.6468738Z env:
validate-code / unit-tests (test:unit)	UNKNOWN STEP	2026-10-09T09:23:59.6469376Z   JFROG_CLI_ENV_EXCLUDE: *password*;*secret*;*key*;*token*;*auth*;JF_ARTIFACTORY_*;JF_ENV_*;JF_URL;JF_USER;JF_PASSWORD;JF_ACCESS_TOKEN
validate-code / unit-tests (test:unit)	UNKNOWN STEP	2026-10-09T09:23:59.6470510Z   JFROG_CLI_OFFER_CONFIG: false
validate-code / unit-tests (test:unit)	UNKNOWN STEP	2026-10-09T09:23:59.6470910Z   JFROG_CLI_AVOID_NEW_VERSION_WARNING: true
validate-code / unit-tests (test:unit)	UNKNOWN STEP	2026-10-09T09:23:59.6471482Z   JFROG_CLI_SOURCECODE_REPOSITORY: consensys-vertical-apps/va-mmcx-terminal
validate-code / unit-tests (test:unit)	UNKNOWN STEP	2026-10-09T09:23:59.6472053Z   JFROG_CLI_CI_JOB_ID: Validate PR
validate-code / unit-tests (test:unit)	UNKNOWN STEP	2026-10-09T09:23:59.6472420Z   JFROG_CLI_CI_RUN_ID: 37910803683
validate-code / unit-tests (test:unit)	UNKNOWN STEP	2026-10-09T09:23:59.6472778Z   JFROG_CLI_GITHUB_TOKEN: 
validate-code / unit-tests (test:unit)	UNKNOWN STEP	2026-10-09T09:23:59.6473215Z   JFROG_CLI_CI_VCS_REVISION: d45ee39a8ac45323690e3fe9c1d68412389e5b51
validate-code / unit-tests (test:unit)	UNKNOWN STEP	2026-10-09T09:23:59.6473714Z   JFROG_CLI_CI_BRANCH: 177/merge
validate-code / unit-tests (test:unit)	UNKNOWN STEP	2026-10-09T09:23:59.6474319Z   JFROG_CLI_CI_VCS_URL: https://github.com/consensys-vertical-apps/va-mmcx-terminal
validate-code / unit-tests (test:unit)	UNKNOWN STEP	2026-10-09T09:23:59.6474895Z   JFROG_CLI_BUILD_NAME: Validate PR
validate-code / unit-tests (test:unit)	UNKNOWN STEP	2026-10-09T09:23:59.6475263Z   JFROG_CLI_BUILD_NUMBER: 811
validate-code / unit-tests (test:unit)	UNKNOWN STEP	2026-10-09T09:23:59.6475901Z   JFROG_CLI_BUILD_URL: https://github.com/consensys-vertical-apps/va-mmcx-terminal/actions/runs/37910803683
validate-code / unit-tests (test:unit)	UNKNOWN STEP	2026-10-09T09:23:59.6476663Z   JFROG_CLI_USER_AGENT: setup-jfrog-cli-github-action/5.1.0
validate-code / unit-tests (test:unit)	UNKNOWN STEP	2026-10-09T09:23:59.6477208Z   JFROG_CLI_COMMAND_SUMMARY_OUTPUT_DIR: /home/runner/work/_temp
validate-code / unit-tests (test:unit)	UNKNOWN STEP	2026-10-09T09:23:59.6477763Z   JFROG_CLI_USAGE_GH_TOKEN_FOR_CODE_SCANNING_ALERTS_PROVIDED: 
validate-code / unit-tests (test:unit)	UNKNOWN STEP	2026-10-09T09:23:59.6478279Z   SETUP_JFROG_CLI_SERVER_IDS: setup-jfrog-cli-server
validate-code / unit-tests (test:unit)	UNKNOWN STEP	2026-10-09T09:23:59.6478710Z   TEST_NAME: test unit
validate-code / unit-tests (test:unit)	UNKNOWN STEP	2026-10-09T09:23:59.6479033Z   TEST_ARTEFACT_NAME: test-unit
validate-code / unit-tests (test:unit)	UNKNOWN STEP	2026-10-09T09:23:59.6479370Z   REGISTRY_TOKEN: 
validate-code / unit-tests (test:unit)	UNKNOWN STEP	2026-10-09T09:23:59.6479914Z ##[endgroup]
validate-code / unit-tests (test:unit)	UNKNOWN STEP	2026-10-09T09:23:59.7668585Z 
validate-code / unit-tests (test:unit)	UNKNOWN STEP	2026-10-09T09:23:59.7669915Z > terminal@0.1.0 test:unit
validate-code / unit-tests (test:unit)	UNKNOWN STEP	2026-10-09T09:23:59.7672929Z > vitest run --coverage
validate-code / unit-tests (test:unit)	UNKNOWN STEP	2026-10-09T09:23:59.7673319Z 
validate-code / unit-tests (test:unit)	UNKNOWN STEP	2026-10-09T09:24:00.4024089Z 
validate-code / unit-tests (test:unit)	UNKNOWN STEP	2026-10-09T09:24:00.4037606Z ^[[1m^[[46m RUN ^[[49m^[[22m ^[[36mv3.2.7 ^[[39m^[[90m/home/runner/work/va-mmcx-terminal/va-mmcx-terminal^[[39m
validate-code / unit-tests (test:unit)	UNKNOWN STEP	2026-10-09T09:24:00.4138068Z       ^[[2mCoverage enabled with ^[[22m^[[33mv8^[[39m
validate-code / unit-tests (test:unit)	UNKNOWN STEP	2026-10-09T09:24:00.4139205Z 
validate-code / unit-tests (test:unit)	UNKNOWN STEP	2026-10-09T09:24:03.8262870Z  ^[[32m✓^[[39m src/features/perpetuals/infra/perps-controller/ControllerPerpsProvider.test.ts ^[[2m(^[[22m^[[2m70 tests^[[22m^[[2m)^[[22m^[[33m 342^[[2mms^[[22m^[[39m
validate-code / unit-tests (test:unit)	UNKNOWN STEP	2026-10-09T09:24:05.1408246Z  ^[[32m✓^[[39m src/features/perpetuals/domain/OrderBook/helpers/OrderBookHelper.test.ts ^[[2m(^[[22m^[[2m83 tests^[[22m^[[2m)^[[22m^[[32m 34^[[2mms^[[22m^[[39m
validate-code / unit-tests (test:unit)	UNKNOWN STEP	2026-10-09T09:24:06.5502378Z ^[[90mstdout^[[2m | electron/services/bot-runner.test.ts^[[2m > ^[[22m^[[2mBotRunner^[[2m > ^[[22m^[[2mdoes not decrease isolated leverage on an existing position when starting
validate-code / unit-tests (test:unit)	UNKNOWN STEP	2026-10-09T09:24:06.5504823Z ^[[22m^[[39m[BotRunner] Auto-adopted orphan BTC position for bot BTC Simple Buy/Sell (buy 0.25 @ 100).
validate-code / unit-tests (test:unit)	UNKNOWN STEP	2026-10-09T09:24:06.5505561Z 
validate-code / unit-tests (test:unit)	UNKNOWN STEP	2026-10-09T09:24:06.6301070Z  ^[[32m✓^[[39m electron/services/bot-runner.test.ts ^[[2m(^[[22m^[[2m12 tests^[[22m^[[2m)^[[22m^[[32m 106^[[2mms^[[22m^[[39m
validate-code / unit-tests (test:unit)	UNKNOWN STEP	2026-10-09T09:24:11.3758202Z  ^[[32m✓^[[39m src/features/perpetuals/order/components/OrderBook/OrderBook.test.tsx ^[[2m(^[[22m^[[2m34 tests^[[22m^[[2m)^[[22m^[[33m 1449^[[2mms^[[22m^[[39m
validate-code / unit-tests (test:unit)	UNKNOWN STEP	2026-10-09T09:24:16.1656654Z ^[[90mstderr^[[2m | src/features/perpetuals/order/components/OrderPage/OrderPage.test.tsx^[[2m > ^[[22m^[[2mOrderPage^[[2m > ^[[22m^[[2mrenders the header data when the symbol is present in the API response
validate-code / unit-tests (test:unit)	UNKNOWN STEP	2026-10-09T09:24:16.1659944Z ^[[22m^[[39mReceived `true` for a non-boolean attribute `unoptimized`.
validate-code / unit-tests (test:unit)	UNKNOWN STEP	2026-10-09T09:24:16.1660731Z 
validate-code / unit-tests (test:unit)	UNKNOWN STEP	2026-10-09T09:24:16.1661786Z If you want to write it to the DOM, pass a string instead: unoptimized="true" or unoptimized=***value.toString()***.
validate-code / unit-tests (test:unit)	UNKNOWN STEP	2026-10-09T09:24:16.1662743Z 
validate-code / unit-tests (test:unit)	UNKNOWN STEP	2026-10-09T09:24:18.1290371Z ^[[90mstderr^[[2m | src/features/perpetuals/order/components/OrderPage/OrderPage.test.tsx^[[2m > ^[[22m^[[2mOrderPageLayout - Tab Synchronization^[[2m > ^[[22m^[[2mpasses a chart-selected price to the order form
validate-code / unit-tests (test:unit)	UNKNOWN STEP	2026-10-09T09:24:18.1301546Z ^[[22m^[[39m[MSW] Warning: intercepted a request without a matching request handler:
validate-code / unit-tests (test:unit)	UNKNOWN STEP	2026-10-09T09:24:18.1320261Z 
validate-code / unit-tests (test:unit)	UNKNOWN STEP	2026-10-09T09:24:18.1331268Z   • GET wss://api.hyperliquid.xyz/ws
validate-code / unit-tests (test:unit)	UNKNOWN STEP	2026-10-09T09:24:18.1331981Z 
validate-code / unit-tests (test:unit)	UNKNOWN STEP	2026-10-09T09:24:18.1332831Z If you still wish to intercept this unhandled request, please create a request handler for it.
validate-code / unit-tests (test:unit)	UNKNOWN STEP	2026-10-09T09:24:18.1334351Z Read more: https://mswjs.io/docs/http/intercepting-requests
validate-code / unit-tests (test:unit)	UNKNOWN STEP	2026-10-09T09:24:18.1335251Z 
validate-code / unit-tests (test:unit)	UNKNOWN STEP	2026-10-09T09:24:18.1747052Z ^[[90mstderr^[[2m | src/features/perpetuals/order/components/OrderPage/OrderPage.test.tsx^[[2m > ^[[22m^[[2mOrderPageLayout - Tab Synchronization^[[2m > ^[[22m^[[2mpasses a chart-selected price to the order form
validate-code / unit-tests (test:unit)	UNKNOWN STEP	2026-10-09T09:24:18.1749826Z ^[[22m^[[39m[MSW] Warning: intercepted a request without a matching request handler:
validate-code / unit-tests (test:unit)	UNKNOWN STEP	2026-10-09T09:24:18.1750674Z 
validate-code / unit-tests (test:unit)	UNKNOWN STEP	2026-10-09T09:24:18.1751254Z   • GET https://api.hyperliquid.xyz/ws
validate-code / unit-tests (test:unit)	UNKNOWN STEP	2026-10-09T09:24:18.1751777Z 
validate-code / unit-tests (test:unit)	UNKNOWN STEP	2026-10-09T09:24:18.1752640Z If you still wish to intercept this unhandled request, please create a request handler for it.
validate-code / unit-tests (test:unit)	UNKNOWN STEP	2026-10-09T09:24:18.1753935Z Read more: https://mswjs.io/docs/http/intercepting-requests
validate-code / unit-tests (test:unit)	UNKNOWN STEP	2026-10-09T09:24:18.1754590Z 
validate-code / unit-tests (test:unit)	UNKNOWN STEP	2026-10-09T09:24:21.6581146Z  ^[[32m✓^[[39m src/features/perpetuals/order/components/OrderPage/OrderPage.test.tsx ^[[2m(^[[22m^[[2m20 tests^[[22m^[[2m)^[[22m^[[33m 5518^[[2mms^[[22m^[[39m
validate-code / unit-tests (test:unit)	UNKNOWN STEP	2026-10-09T09:24:21.6583412Z    ^[[33m^[[2m✓^[[22m^[[39m OrderPage^[[2m > ^[[22mrenders the header data when the symbol is present in the API response ^[[33m 351^[[2mms^[[22m^[[39m
validate-code / unit-tests (test:unit)	UNKNOWN STEP	2026-10-09T09:24:21.6591170Z    ^[[33m^[[2m✓^[[22m^[[39m OrderPage^[[2m > ^[[22mopens the markets drawer from the header market selector ^[[33m 1295^[[2mms^[[22m^[[39m
validate-code / unit-tests (test:unit)	UNKNOWN STEP	2026-10-09T09:24:21.6593488Z    ^[[33m^[[2m✓^[[22m^[[39m OrderPageLayout - Tab Synchronization^[[2m > ^[[22mrenders orders, positions, and holdings tabs in bot strategy mode for the selected bot ^[[33m 697^[[2mms^[[22m^[[39m
validate-code / unit-tests (test:unit)	UNKNOWN STEP	2026-10-09T09:24:24.3375433Z  ^[[32m✓^[[39m src/features/perpetuals/queries/submit-order-mutation.test.tsx ^[[2m(^[[22m^[[2m26 tests^[[22m^[[2m)^[[22m^[[33m 308^[[2mms^[[22m^[[39m
validate-code / unit-tests (test:unit)	UNKNOWN STEP	2026-10-09T09:24:28.3936445Z  ^[[31m❯^[[39m src/features/perpetuals/queries/live-orders-query.test.tsx ^[[2m(^[[22m^[[2m23 tests^[[22m^[[2m | ^[[22m^[[31m1 failed^[[39m^[[2m)^[[22m^[[33m 2596^[[2mms^[[22m^[[39m
validate-code / unit-tests (test:unit)	UNKNOWN STEP	2026-10-09T09:24:28.3938911Z    ^[[32m✓^[[39m useLiveOrders^[[2m > ^[[22mdisabled state^[[2m > ^[[22mreturns empty orders when enabled is false^[[32m 25^[[2mms^[[22m^[[39m
validate-code / unit-tests (test:unit)	UNKNOWN STEP	2026-10-09T09:24:28.3941043Z    ^[[32m✓^[[39m useLiveOrders^[[2m > ^[[22mdisabled state^[[2m > ^[[22mreturns empty orders when userAddress is empty^[[32m 3^[[2mms^[[22m^[[39m
validate-code / unit-tests (test:unit)	UNKNOWN STEP	2026-10-09T09:24:28.3943110Z    ^[[32m✓^[[39m useLiveOrders^[[2m > ^[[22mdisabled state^[[2m > ^[[22mdoes not subscribe when disabled^[[32m 3^[[2mms^[[22m^[[39m
validate-code / unit-tests (test:unit)	UNKNOWN STEP	2026-10-09T09:24:28.3945052Z    ^[[32m✓^[[39m useLiveOrders^[[2m > ^[[22msubscription management^[[2m > ^[[22msubscribes with correct parameters when enabled^[[32m 6^[[2mms^[[22m^[[39m
validate-code / unit-tests (test:unit)	UNKNOWN STEP	2026-10-09T09:24:28.3947065Z    ^[[32m✓^[[39m useLiveOrders^[[2m > ^[[22msubscription management^[[2m > ^[[22mpasses undefined throttleMs when not specified^[[32m 3^[[2mms^[[22m^[[39m
validate-code / unit-tests (test:unit)	UNKNOWN STEP	2026-10-09T09:24:28.3948873Z    ^[[32m✓^[[39m useLiveOrders^[[2m > ^[[22msubscription management^[[2m > ^[[22munsubscribes on unmount^[[32m 3^[[2mms^[[22m^[[39m
validate-code / unit-tests (test:unit)	UNKNOWN STEP	2026-10-09T09:24:28.3951387Z    ^[[32m✓^[[39m useLiveOrders^[[2m > ^[[22msubscription management^[[2m > ^[[22mresubscribes when userAddress changes^[[32m 4^[[2mms^[[22m^[[39m
validate-code / unit-tests (test:unit)	UNKNOWN STEP	2026-10-09T09:24:28.3962457Z    ^[[32m✓^[[39m useLiveOrders^[[2m > ^[[22mconnection and error states^[[2m > ^[[22msets isConnected to true when receiving valid orders^[[32m 104^[[2mms^[[22m^[[39m
validate-code / unit-tests (test:unit)	UNKNOWN STEP	2026-10-09T09:24:28.3965274Z    ^[[32m✓^[[39m useLiveOrders^[[2m > ^[[22mconnection and error states^[[2m > ^[[22mdoes not set isError when WebSocket fails but REST succeeds^[[32m 3^[[2mms^[[22m^[[39m
validate-code / unit-tests (test:unit)	UNKNOWN STEP	2026-10-09T09:24:28.3967447Z    ^[[32m✓^[[39m useLiveOrders^[[2m > ^[[22mconnection and error states^[[2m > ^[[22msets isError to true when WebSocket and REST both fail^[[32m 54^[[2mms^[[22m^[[39m
validate-code / unit-tests (test:unit)	UNKNOWN STEP	2026-10-09T09:24:28.3992032Z    ^[[32m✓^[[39m useLiveOrders^[[2m > ^[[22mconnection and error states^[[2m > ^[[22muses REST orders when WebSocket has not connected^[[32m 55^[[2mms^[[22m^[[39m
validate-code / unit-tests (test:unit)	UNKNOWN STEP	2026-10-09T09:24:28.3994264Z    ^[[32m✓^[[39m useLiveOrders^[[2m > ^[[22mconnection and error states^[[2m > ^[[22mkeeps REST orders when the first WebSocket snapshot is empty^[[32m 55^[[2mms^[[22m^[[39m
validate-code / unit-tests (test:unit)	UNKNOWN STEP	2026-10-09T09:24:28.3996811Z    ^[[33m^[[2m✓^[[22m^[[39m useLiveOrders^[[2m > ^[[22mconnection and error states^[[2m > ^[[22mrecovers from error state when receiving valid orders ^[[33m 360^[[2mms^[[22m^[[39m
validate-code / unit-tests (test:unit)	UNKNOWN STEP	2026-10-09T09:24:28.4018271Z    ^[[32m✓^[[39m useLiveOrders^[[2m > ^[[22mloading states^[[2m > ^[[22mshows isInitialLoading when not connected and no data^[[32m 3^[[2mms^[[22m^[[39m
validate-code / unit-tests (test:unit)	UNKNOWN STEP	2026-10-09T09:24:28.4020526Z    ^[[32m✓^[[39m useLiveOrders^[[2m > ^[[22mloading states^[[2m > ^[[22mhides isInitialLoading when connected^[[32m 54^[[2mms^[[22m^[[39m
validate-code / unit-tests (test:unit)	UNKNOWN STEP	2026-10-09T09:24:28.4022446Z    ^[[32m✓^[[39m useLiveOrders^[[2m > ^[[22morder filtering^[[2m > ^[[22mreturns all orders when hideTpSl is false^[[32m 54^[[2mms^[[22m^[[39m
validate-code / unit-tests (test:unit)	UNKNOWN STEP	2026-10-09T09:24:28.4024626Z    ^[[33m^[[2m✓^[[22m^[[39m useLiveOrders^[[2m > ^[[22morder filtering^[[2m > ^[[22mfilters out position-attached TP/SL when hideTpSl is true ^[[33m 356^[[2mms^[[22m^[[39m
validate-code / unit-tests (test:unit)	UNKNOWN STEP	2026-10-09T09:24:28.4026841Z    ^[[32m✓^[[39m useLiveOrders^[[2m > ^[[22morder filtering^[[2m > ^[[22mhandles orders without detailedOrderType when filtering^[[32m 56^[[2mms^[[22m^[[39m
validate-code / unit-tests (test:unit)	UNKNOWN STEP	2026-10-09T09:24:28.4029067Z    ^[[32m✓^[[39m useLiveOrders^[[2m > ^[[22mcaching behavior^[[2m > ^[[22mreads data from React Query cache when WebSocket updates arrive^[[32m 205^[[2mms^[[22m^[[39m
validate-code / unit-tests (test:unit)	UNKNOWN STEP	2026-10-09T09:24:28.4036750Z    ^[[32m✓^[[39m useLiveOrders^[[2m > ^[[22mcaching behavior^[[2m > ^[[22mreturns empty array before WebSocket delivers data^[[32m 3^[[2mms^[[22m^[[39m
validate-code / unit-tests (test:unit)	UNKNOWN STEP	2026-10-09T09:24:28.4038957Z    ^[[32m✓^[[39m useLiveOrders^[[2m > ^[[22mcaching behavior^[[2m > ^[[22muses pre-existing cache when subscribing^[[32m 5^[[2mms^[[22m^[[39m
validate-code / unit-tests (test:unit)	UNKNOWN STEP	2026-10-09T09:24:28.4041748Z    ^[[32m✓^[[39m useLiveOrders^[[2m > ^[[22mstate reset on disable^[[2m > ^[[22mresets connection state when becoming disabled^[[32m 155^[[2mms^[[22m^[[39m
validate-code / unit-tests (test:unit)	UNKNOWN STEP	2026-10-09T09:24:28.4053508Z ^[[31m   ^[[31m×^[[31m useLiveOrders^[[2m > ^[[22mstate reset on disable^[[2m > ^[[22mresets error state when becoming disabled^[[39m^[[33m 1020^[[2mms^[[22m^[[39m
validate-code / unit-tests (test:unit)	UNKNOWN STEP	2026-10-09T09:24:28.4055658Z ^[[31m     → expected false to be true // Object.is equality
validate-code / unit-tests (test:unit)	UNKNOWN STEP	2026-10-09T09:24:28.4056445Z 
validate-code / unit-tests (test:unit)	UNKNOWN STEP	2026-10-09T09:24:28.4057231Z Ignored nodes: comments, script, style
validate-code / unit-tests (test:unit)	UNKNOWN STEP	2026-10-09T09:24:28.4058121Z ^[[36m<html>^[[31m
validate-code / unit-tests (test:unit)	UNKNOWN STEP	2026-10-09T09:24:28.4059089Z   ^[[36m<head />^[[31m
validate-code / unit-tests (test:unit)	UNKNOWN STEP	2026-10-09T09:24:28.4060209Z   ^[[36m<body>^[[31m
validate-code / unit-tests (test:unit)	UNKNOWN STEP	2026-10-09T09:24:28.4061178Z     ^[[36m<div />^[[31m
validate-code / unit-tests (test:unit)	UNKNOWN STEP	2026-10-09T09:24:28.4061896Z   ^[[36m</body>^[[31m
validate-code / unit-tests (test:unit)	UNKNOWN STEP	2026-10-09T09:24:28.4062877Z ^[[36m</html>^[[31m^[[39m
validate-code / unit-tests (test:unit)	UNKNOWN STEP	2026-10-09T09:24:33.0748774Z  ^[[32m✓^[[39m src/components/ui/Table/Table.test.tsx ^[[2m(^[[22m^[[2m21 tests^[[22m^[[2m)^[[22m^[[33m 1842^[[2mms^[[22m^[[39m
validate-code / unit-tests (test:unit)	UNKNOWN STEP	2026-10-09T09:24:39.1461432Z  ^[[32m✓^[[39m src/features/perpetuals/order/components/OrderBook/OrderBookFilters.test.tsx ^[[2m(^[[22m^[[2m24 tests^[[22m^[[2m)^[[22m^[[33m 3117^[[2mms^[[22m^[[39m
validate-code / unit-tests (test:unit)	UNKNOWN STEP	2026-10-09T09:24:39.1493870Z    ^[[33m^[[2m✓^[[22m^[[39m OrderBookFilters^[[2m > ^[[22mcalls onAggregationChange when aggregation is selected ^[[33m 333^[[2mms^[[22m^[[39m
validate-code / unit-tests (test:unit)	UNKNOWN STEP	2026-10-09T09:24:41.7555488Z  ^[[32m✓^[[39m src/features/perpetuals/queries/close-position-mutation.test.tsx ^[[2m(^[[22m^[[2m16 tests^[[22m^[[2m)^[[22m^[[32m 219^[[2mms^[[22m^[[39m
validate-code / unit-tests (test:unit)	UNKNOWN STEP	2026-10-09T09:24:44.0642830Z ^[[90mstderr^[[2m | src/features/perpetuals/infra/perps-controller/controller-host.test.ts^[[2m > ^[[22m^[[2mPerpsControllerHost^[[2m > ^[[22m^[[2mretries prepareTradingWallet while it is not ready
validate-code / unit-tests (test:unit)	UNKNOWN STEP	2026-10-09T09:24:44.0646039Z ^[[22m^[[39m[perps] prepareTradingWallet not ready: ^[[90mundefined^[[39m
validate-code / unit-tests (test:unit)	UNKNOWN STEP	2026-10-09T09:24:44.0646941Z 
validate-code / unit-tests (test:unit)	UNKNOWN STEP	2026-10-09T09:24:44.0649385Z ^[[90mstderr^[[2m | src/features/perpetuals/infra/perps-controller/controller-host.test.ts^[[2m > ^[[22m^[[2mPerpsControllerHost^[[2m > ^[[22m^[[2mretries prepareTradingWallet while it is not ready
validate-code / unit-tests (test:unit)	UNKNOWN STEP	2026-10-09T09:24:44.0651879Z ^[[22m^[[39m[perps] prepareTradingWallet not ready: ^[[90mundefined^[[39m
validate-code / unit-tests (test:unit)	UNKNOWN STEP	2026-10-09T09:24:44.0652685Z 
validate-code / unit-tests (test:unit)	UNKNOWN STEP	2026-10-09T09:24:44.1822581Z  ^[[32m✓^[[39m src/features/perpetuals/infra/perps-controller/controller-host.test.ts ^[[2m(^[[22m^[[2m19 tests^[[22m^[[2m)^[[22m^[[32m 51^[[2mms^[[22m^[[39m
validate-code / unit-tests (test:unit)	UNKNOWN STEP	2026-10-09T09:24:49.8860420Z  ^[[32m✓^[[39m src/components/layout/HeaderNav.test.tsx ^[[2m(^[[22m^[[2m27 tests^[[22m^[[2m)^[[22m^[[33m 2720^[[2mms^[[22m^[[39m
validate-code / unit-tests (test:unit)	UNKNOWN STEP	2026-10-09T09:24:51.7423706Z  ^[[32m✓^[[39m src/core/clients/rewards-api/RewardsApiClient.test.ts ^[[2m(^[[22m^[[2m34 tests^[[22m^[[2m)^[[22m^[[33m 539^[[2mms^[[22m^[[39m
validate-code / unit-tests (test:unit)	UNKNOWN STEP	2026-10-09T09:24:54.8917969Z  ^[[32m✓^[[39m src/components/ui/Modal/Modal.test.tsx ^[[2m(^[[22m^[[2m25 tests^[[22m^[[2m)^[[22m^[[33m 1276^[[2mms^[[22m^[[39m
validate-code / unit-tests (test:unit)	UNKNOWN STEP	2026-10-09T09:24:59.5176561Z  ^[[32m✓^[[39m src/features/perpetuals/order/components/UserPositions/CurrentPosition.test.tsx ^[[2m(^[[22m^[[2m27 tests^[[22m^[[2m)^[[22m^[[33m 1461^[[2mms^[[22m^[[39m
validate-code / unit-tests (test:unit)	UNKNOWN STEP	2026-10-09T09:25:03.8846879Z  ^[[32m✓^[[39m src/components/ui/Tooltip/Tooltip.test.tsx ^[[2m(^[[22m^[[2m19 tests^[[22m^[[2m)^[[22m^[[33m 1557^[[2mms^[[22m^[[39m
validate-code / unit-tests (test:unit)	UNKNOWN STEP	2026-10-09T09:25:08.0627122Z  ^[[32m✓^[[39m src/features/perpetuals/order/components/OrderForm/OrderFormInner/OrderFormInner.test.tsx ^[[2m(^[[22m^[[2m21 tests^[[22m^[[2m)^[[22m^[[33m 1027^[[2mms^[[22m^[[39m
validate-code / unit-tests (test:unit)	UNKNOWN STEP	2026-10-09T09:25:10.4342338Z  ^[[32m✓^[[39m src/features/charting/components/TradingViewChart/TradingViewChart.test.tsx ^[[2m(^[[22m^[[2m15 tests^[[22m^[[2m | ^[[22m^[[33m7 skipped^[[39m^[[2m)^[[22m^[[32m 182^[[2mms^[[22m^[[39m
validate-code / unit-tests (test:unit)	UNKNOWN STEP	2026-10-09T09:25:13.1555630Z  ^[[32m✓^[[39m src/features/perpetuals/queries/live-trades-query.test.tsx ^[[2m(^[[22m^[[2m19 tests^[[22m^[[2m)^[[22m^[[32m 141^[[2mms^[[22m^[[39m
validate-code / unit-tests (test:unit)	UNKNOWN STEP	2026-10-09T09:25:14.3748973Z  ^[[32m✓^[[39m src/features/perpetuals/infra/hyperliquid/market-data/aggregation.test.ts ^[[2m(^[[22m^[[2m51 tests^[[22m^[[2m)^[[22m^[[32m 20^[[2mms^[[22m^[[39m
validate-code / unit-tests (test:unit)	UNKNOWN STEP	2026-10-09T09:25:18.1143162Z  ^[[32m✓^[[39m src/features/perpetuals/order/components/OrderForm/OrderFormEditors/OrderFormEditors.test.tsx ^[[2m(^[[22m^[[2m25 tests^[[22m^[[2m)^[[22m^[[33m 949^[[2mms^[[22m^[[39m
validate-code / unit-tests (test:unit)	UNKNOWN STEP	2026-10-09T09:25:22.4517788Z  ^[[32m✓^[[39m src/features/perpetuals/order/components/OrderForm/OrderFormSummary/OrderFormSummary.test.tsx ^[[2m(^[[22m^[[2m21 tests^[[22m^[[2m)^[[22m^[[33m 1119^[[2mms^[[22m^[[39m
validate-code / unit-tests (test:unit)	UNKNOWN STEP	2026-10-09T09:25:26.0280438Z  ^[[32m✓^[[39m src/features/perpetuals/order/components/PaneErrorBoundary/PaneErrorBoundary.test.tsx ^[[2m(^[[22m^[[2m15 tests^[[22m^[[2m)^[[22m^[[33m 817^[[2mms^[[22m^[[39m
validate-code / unit-tests (test:unit)	UNKNOWN STEP	2026-10-09T09:25:27.4787061Z  ^[[32m✓^[[39m electron/services/bot-store.test.ts ^[[2m(^[[22m^[[2m5 tests^[[22m^[[2m)^[[22m^[[32m 13^[[2mms^[[22m^[[39m
validate-code / unit-tests (test:unit)	UNKNOWN STEP	2026-10-09T09:25:28.7021987Z  ^[[32m✓^[[39m src/features/charting/overlays/ChartOverlayManager.test.ts ^[[2m(^[[22m^[[2m7 tests^[[22m^[[2m)^[[22m^[[32m 22^[[2mms^[[22m^[[39m
validate-code / unit-tests (test:unit)	UNKNOWN STEP	2026-10-09T09:25:32.8271754Z  ^[[32m✓^[[39m src/features/perpetuals/order/components/BotStrategyPanel/BotStrategyPanel.test.tsx ^[[2m(^[[22m^[[2m7 tests^[[22m^[[2m)^[[22m^[[33m 1206^[[2mms^[[22m^[[39m
validate-code / unit-tests (test:unit)	UNKNOWN STEP	2026-10-09T09:25:32.8274566Z    ^[[33m^[[2m✓^[[22m^[[39m BotStrategyPanel^[[2m > ^[[22mshows a delete action in the overflow menu ^[[33m 424^[[2mms^[[22m^[[39m
validate-code / unit-tests (test:unit)	UNKNOWN STEP	2026-10-09T09:25:36.2837251Z  ^[[32m✓^[[39m src/features/bots/components/StrategyConfigurator/StrategyConfigurator.test.tsx ^[[2m(^[[22m^[[2m10 tests^[[22m^[[2m)^[[22m^[[33m 1511^[[2mms^[[22m^[[39m
validate-code / unit-tests (test:unit)	UNKNOWN STEP	2026-10-09T09:25:39.0015184Z  ^[[32m✓^[[39m src/features/perpetuals/queries/live-orderbook-query.test.tsx ^[[2m(^[[22m^[[2m14 tests^[[22m^[[2m)^[[22m^[[32m 126^[[2mms^[[22m^[[39m
validate-code / unit-tests (test:unit)	UNKNOWN STEP	2026-10-09T09:25:43.0738430Z  ^[[32m✓^[[39m src/features/perpetuals/order/components/OrderForm/AmountInput/AmountInput.test.tsx ^[[2m(^[[22m^[[2m19 tests^[[22m^[[2m)^[[22m^[[33m 1102^[[2mms^[[22m^[[39m
validate-code / unit-tests (test:unit)	UNKNOWN STEP	2026-10-09T09:25:47.2737557Z  ^[[32m✓^[[39m src/features/perpetuals/order/components/UserPositions/LimitOrders.test.tsx ^[[2m(^[[22m^[[2m18 tests^[[22m^[[2m)^[[22m^[[33m 1156^[[2mms^[[22m^[[39m
validate-code / unit-tests (test:unit)	UNKNOWN STEP	2026-10-09T09:25:50.0059391Z  ^[[32m✓^[[39m src/features/perpetuals/queries/live-positions-query.test.tsx ^[[2m(^[[22m^[[2m14 tests^[[22m^[[2m)^[[22m^[[33m 371^[[2mms^[[22m^[[39m
validate-code / unit-tests (test:unit)	UNKNOWN STEP	2026-10-09T09:25:53.9491238Z  ^[[32m✓^[[39m src/components/ButtonToggle/ButtonToggle.test.tsx ^[[2m(^[[22m^[[2m18 tests^[[22m^[[2m)^[[22m^[[33m 1001^[[2mms^[[22m^[[39m
validate-code / unit-tests (test:unit)	UNKNOWN STEP	2026-10-09T09:25:55.1375773Z ^[[90mstderr^[[2m | src/features/perpetuals/infra/hyperliquid/market-data/trades.test.ts^[[2m > ^[[22m^[[2madaptRecentTradesResponse^[[2m > ^[[22m^[[2mmalformed data handling^[[2m > ^[[22m^[[2mskips trades with invalid price (NaN)
validate-code / unit-tests (test:unit)	UNKNOWN STEP	2026-10-09T09:25:55.1387748Z ^[[22m^[[39mSkipping malformed trade: ***"coin":"BTC","side":"B","px":"not-a-number","sz":"1.5","time":1234567890,"hash":"0xabc123","tid":1,"users":["0xmaker","0xtaker"]***
validate-code / unit-tests (test:unit)	UNKNOWN STEP	2026-10-09T09:25:55.1388848Z 
validate-code / unit-tests (test:unit)	UNKNOWN STEP	2026-10-09T09:25:55.1391161Z ^[[90mstderr^[[2m | src/features/perpetuals/infra/hyperliquid/market-data/trades.test.ts^[[2m > ^[[22m^[[2madaptRecentTradesResponse^[[2m > ^[[22m^[[2mmalformed data handling^[[2m > ^[[22m^[[2mskips trades with zero price
validate-code / unit-tests (test:unit)	UNKNOWN STEP	2026-10-09T09:25:55.1394036Z ^[[22m^[[39mSkipping malformed trade: ***"coin":"BTC","side":"B","px":"0","sz":"1.5","time":1234567890,"hash":"0xabc123","tid":1,"users":["0xmaker","0xtaker"]***
validate-code / unit-tests (test:unit)	UNKNOWN STEP	2026-10-09T09:25:55.1395004Z 
validate-code / unit-tests (test:unit)	UNKNOWN STEP	2026-10-09T09:25:55.1396730Z ^[[90mstderr^[[2m | src/features/perpetuals/infra/hyperliquid/market-data/trades.test.ts^[[2m > ^[[22m^[[2madaptRecentTradesResponse^[[2m > ^[[22m^[[2mmalformed data handling^[[2m > ^[[22m^[[2mskips trades with negative price
validate-code / unit-tests (test:unit)	UNKNOWN STEP	2026-10-09T09:25:55.1398298Z ^[[22m^[[39mSkipping malformed trade: ***"coin":"BTC","side":"B","px":"-100","sz":"1.5","time":1234567890,"hash":"0xabc123","tid":1,"users":["0xmaker","0xtaker"]***
validate-code / unit-tests (test:unit)	UNKNOWN STEP	2026-10-09T09:25:55.1398846Z 
validate-code / unit-tests (test:unit)	UNKNOWN STEP	2026-10-09T09:25:55.1400739Z ^[[90mstderr^[[2m | src/features/perpetuals/infra/hyperliquid/market-data/trades.test.ts^[[2m > ^[[22m^[[2madaptRecentTradesResponse^[[2m > ^[[22m^[[2mmalformed data handling^[[2m > ^[[22m^[[2mskips trades with invalid size (NaN)
validate-code / unit-tests (test:unit)	UNKNOWN STEP	2026-10-09T09:25:55.1403790Z ^[[22m^[[39mSkipping malformed trade: ***"coin":"BTC","side":"B","px":"50000","sz":"invalid","time":1234567890,"hash":"0xabc123","tid":1,"users":["0xmaker","0xtaker"]***
validate-code / unit-tests (test:unit)	UNKNOWN STEP	2026-10-09T09:25:55.1404841Z 
validate-code / unit-tests (test:unit)	UNKNOWN STEP	2026-10-09T09:25:55.1424074Z ^[[90mstderr^[[2m | src/features/perpetuals/infra/hyperliquid/market-data/trades.test.ts^[[2m > ^[[22m^[[2madaptRecentTradesResponse^[[2m > ^[[22m^[[2mmalformed data handling^[[2m > ^[[22m^[[2mskips trades with zero size
validate-code / unit-tests (test:unit)	UNKNOWN STEP	2026-10-09T09:25:55.1431536Z ^[[22m^[[39mSkipping malformed trade: ***"coin":"BTC","side":"B","px":"50000","sz":"0","time":1234567890,"hash":"0xabc123","tid":1,"users":["0xmaker","0xtaker"]***
validate-code / unit-tests (test:unit)	UNKNOWN STEP	2026-10-09T09:25:55.1432540Z 
validate-code / unit-tests (test:unit)	UNKNOWN STEP	2026-10-09T09:25:55.1434529Z ^[[90mstderr^[[2m | src/features/perpetuals/infra/hyperliquid/market-data/trades.test.ts^[[2m > ^[[22m^[[2madaptRecentTradesResponse^[[2m > ^[[22m^[[2mmalformed data handling^[[2m > ^[[22m^[[2mskips trades with negative size
validate-code / unit-tests (test:unit)	UNKNOWN STEP	2026-10-09T09:25:55.1437464Z ^[[22m^[[39mSkipping malformed trade: ***"coin":"BTC","side":"B","px":"50000","sz":"-1.5","time":1234567890,"hash":"0xabc123","tid":1,"users":["0xmaker","0xtaker"]***
validate-code / unit-tests (test:unit)	UNKNOWN STEP	2026-10-09T09:25:55.1438533Z 
validate-code / unit-tests (test:unit)	UNKNOWN STEP	2026-10-09T09:25:55.1440817Z ^[[90mstderr^[[2m | src/features/perpetuals/infra/hyperliquid/market-data/trades.test.ts^[[2m > ^[[22m^[[2madaptRecentTradesResponse^[[2m > ^[[22m^[[2mmalformed data handling^[[2m > ^[[22m^[[2mskips trades with invalid side
validate-code / unit-tests (test:unit)	UNKNOWN STEP	2026-10-09T09:25:55.1443739Z ^[[22m^[[39mSkipping malformed trade: ***"coin":"BTC","side":"X","px":"50000","sz":"1.5","time":1234567890,"hash":"0xabc123","tid":1,"users":["0xmaker","0xtaker"]***
validate-code / unit-tests (test:unit)	UNKNOWN STEP	2026-10-09T09:25:55.1444784Z 
validate-code / unit-tests (test:unit)	UNKNOWN STEP	2026-10-09T09:25:55.1446929Z ^[[90mstderr^[[2m | src/features/perpetuals/infra/hyperliquid/market-data/trades.test.ts^[[2m > ^[[22m^[[2madaptRecentTradesResponse^[[2m > ^[[22m^[[2mmalformed data handling^[[2m > ^[[22m^[[2mskips trades with non-numeric tid
validate-code / unit-tests (test:unit)	UNKNOWN STEP	2026-10-09T09:25:55.1451553Z ^[[22m^[[39mSkipping malformed trade: ***"coin":"BTC","side":"B","px":"50000","sz":"1.5","time":1234567890,"hash":"0xabc123","tid":"not-a-number","users":["0xmaker","0xtaker"]***
validate-code / unit-tests (test:unit)	UNKNOWN STEP	2026-10-09T09:25:55.1461633Z 
validate-code / unit-tests (test:unit)	UNKNOWN STEP	2026-10-09T09:25:55.1485704Z ^[[90mstderr^[[2m | src/features/perpetuals/infra/hyperliquid/market-data/trades.test.ts^[[2m > ^[[22m^[[2madaptRecentTradesResponse^[[2m > ^[[22m^[[2mmalformed data handling^[[2m > ^[[22m^[[2mreturns empty array when all trades are malformed
validate-code / unit-tests (test:unit)	UNKNOWN STEP	2026-10-09T09:25:55.1488460Z ^[[22m^[[39mSkipping malformed trade: ***"coin":"BTC","side":"B","px":"invalid","sz":"1.5","time":1234567890,"hash":"0xabc123","tid":1,"users":["0xmaker","0xtaker"]***
validate-code / unit-tests (test:unit)	UNKNOWN STEP	2026-10-09T09:25:55.1490829Z Skipping malformed trade: ***"coin":"BTC","side":"B","px":"50000","sz":"0","time":1234567890,"hash":"0xabc123","tid":2,"users":["0xmaker","0xtaker"]***
validate-code / unit-tests (test:unit)	UNKNOWN STEP	2026-10-09T09:25:55.1493071Z Skipping malformed trade: ***"coin":"BTC","side":"X","px":"50000","sz":"1.5","time":1234567890,"hash":"0xabc123","tid":3,"users":["0xmaker","0xtaker"]***
validate-code / unit-tests (test:unit)	UNKNOWN STEP	2026-10-09T09:25:55.1494013Z 
validate-code / unit-tests (test:unit)	UNKNOWN STEP	2026-10-09T09:25:55.1513116Z ^[[90mstderr^[[2m | src/features/perpetuals/infra/hyperliquid/market-data/trades.test.ts^[[2m > ^[[22m^[[2madaptTradesEvent^[[2m > ^[[22m^[[2mmalformed data handling^[[2m > ^[[22m^[[2mskips malformed trades gracefully
validate-code / unit-tests (test:unit)	UNKNOWN STEP	2026-10-09T09:25:55.1521552Z ^[[22m^[[39mSkipping malformed trade: ***"coin":"BTC","side":"B","px":"invalid","sz":"1.5","time":1234567890,"hash":"0xabc123","tid":1,"users":["0xmaker","0xtaker"]***
validate-code / unit-tests (test:unit)	UNKNOWN STEP	2026-10-09T09:25:55.1522621Z 
validate-code / unit-tests (test:unit)	UNKNOWN STEP	2026-10-09T09:25:55.2110047Z  ^[[32m✓^[[39m src/features/perpetuals/infra/hyperliquid/market-data/trades.test.ts ^[[2m(^[[22m^[[2m25 tests^[[22m^[[2m)^[[22m^[[32m 22^[[2mms^[[22m^[[39m
validate-code / unit-tests (test:unit)	UNKNOWN STEP	2026-10-09T09:25:56.5766132Z  ^[[32m✓^[[39m src/features/perpetuals/infra/perps-controller/mappers.test.ts ^[[2m(^[[22m^[[2m19 tests^[[22m^[[2m)^[[22m^[[32m 18^[[2mms^[[22m^[[39m
validate-code / unit-tests (test:unit)	UNKNOWN STEP	2026-10-09T09:26:01.8685073Z  ^[[32m✓^[[39m src/features/perpetuals/order/components/MarketDataTabs/MarketDataTabs.test.tsx ^[[2m(^[[22m^[[2m22 tests^[[22m^[[2m)^[[22m^[[33m 2139^[[2mms^[[22m^[[39m
validate-code / unit-tests (test:unit)	UNKNOWN STEP	2026-10-09T09:26:05.1013699Z  ^[[32m✓^[[39m src/features/perpetuals/order/hooks/use-order-bot-strategy.test.tsx ^[[2m(^[[22m^[[2m3 tests^[[22m^[[2m)^[[22m^[[32m 246^[[2mms^[[22m^[[39m
validate-code / unit-tests (test:unit)	UNKNOWN STEP	2026-10-09T09:26:06.3843938Z  ^[[32m✓^[[39m src/features/perpetuals/infra/hyperliquid/market-data/orderBook.test.ts ^[[2m(^[[22m^[[2m22 tests^[[22m^[[2m)^[[22m^[[32m 14^[[2mms^[[22m^[[39m
validate-code / unit-tests (test:unit)	UNKNOWN STEP	2026-10-09T09:26:11.3755192Z  ^[[32m✓^[[39m src/features/perpetuals/order/components/OrderPage/OrderPage.streaming.test.tsx ^[[2m(^[[22m^[[2m6 tests^[[22m^[[2m)^[[22m^[[33m 852^[[2mms^[[22m^[[39m
validate-code / unit-tests (test:unit)	UNKNOWN STEP	2026-10-09T09:26:12.7053433Z  ^[[32m✓^[[39m src/features/perpetuals/queries/live-trading-cache.test.ts ^[[2m(^[[22m^[[2m7 tests^[[22m^[[2m)^[[22m^[[32m 13^[[2mms^[[22m^[[39m
validate-code / unit-tests (test:unit)	UNKNOWN STEP	2026-10-09T09:26:15.3730273Z  ^[[32m✓^[[39m src/features/perpetuals/queries/cancel-order-mutation.test.tsx ^[[2m(^[[22m^[[2m11 tests^[[22m^[[2m)^[[22m^[[32m 248^[[2mms^[[22m^[[39m
validate-code / unit-tests (test:unit)	UNKNOWN STEP	2026-10-09T09:26:16.6541248Z  ^[[32m✓^[[39m electron/services/agentic-cli-service.test.ts ^[[2m(^[[22m^[[2m7 tests^[[22m^[[2m)^[[22m^[[32m 25^[[2mms^[[22m^[[39m
validate-code / unit-tests (test:unit)	UNKNOWN STEP	2026-10-09T09:26:20.3773488Z  ^[[32m✓^[[39m src/features/perpetuals/order/components/OrderForm/OrderFormAmountField/OrderFormAmountField.test.tsx ^[[2m(^[[22m^[[2m11 tests^[[22m^[[2m)^[[22m^[[33m 727^[[2mms^[[22m^[[39m
validate-code / unit-tests (test:unit)	UNKNOWN STEP	2026-10-09T09:26:21.6673802Z  ^[[32m✓^[[39m electron/strategies/simple-buy-sell.test.ts ^[[2m(^[[22m^[[2m11 tests^[[22m^[[2m)^[[22m^[[32m 15^[[2mms^[[22m^[[39m
validate-code / unit-tests (test:unit)	UNKNOWN STEP	2026-10-09T09:26:26.0550732Z  ^[[32m✓^[[39m src/features/perpetuals/order/components/OrderForm/OrderParametersModals/OrderFormLeverageEditor.test.tsx ^[[2m(^[[22m^[[2m10 tests^[[22m^[[2m)^[[22m^[[33m 1285^[[2mms^[[22m^[[39m
validate-code / unit-tests (test:unit)	UNKNOWN STEP	2026-10-09T09:26:26.0553606Z    ^[[33m^[[2m✓^[[22m^[[39m OrderFormLeverageEditor^[[2m > ^[[22mupdates local leverage via quick selection buttons without changing form value until confirmed ^[[33m 319^[[2mms^[[22m^[[39m
validate-code / unit-tests (test:unit)	UNKNOWN STEP	2026-10-09T09:26:30.8694852Z  ^[[32m✓^[[39m src/features/perpetuals/order/components/OrderForm/OrderParametersModals/OrderFormLimitPriceEditor.test.tsx ^[[2m(^[[22m^[[2m11 tests^[[22m^[[2m)^[[22m^[[33m 1702^[[2mms^[[22m^[[39m
validate-code / unit-tests (test:unit)	UNKNOWN STEP	2026-10-09T09:26:30.8703222Z    ^[[33m^[[2m✓^[[22m^[[39m OrderFormLimitPriceEditor^[[2m > ^[[22mapplies selected percentage to the mid price ^[[33m 485^[[2mms^[[22m^[[39m
validate-code / unit-tests (test:unit)	UNKNOWN STEP	2026-10-09T09:26:35.1481868Z  ^[[32m✓^[[39m src/features/perpetuals/order/components/OrderForm/OrderFormManualPanel/OrderFormManualPanel.test.tsx ^[[2m(^[[22m^[[2m11 tests^[[22m^[[2m)^[[22m^[[33m 1157^[[2mms^[[22m^[[39m
validate-code / unit-tests (test:unit)	UNKNOWN STEP	2026-10-09T09:26:37.8499721Z  ^[[32m✓^[[39m src/features/perpetuals/queries/live-prices-query.test.tsx ^[[2m(^[[22m^[[2m11 tests^[[22m^[[2m)^[[22m^[[32m 158^[[2mms^[[22m^[[39m
validate-code / unit-tests (test:unit)	UNKNOWN STEP	2026-10-09T09:26:39.1455532Z  ^[[32m✓^[[39m src/features/perpetuals/infra/PerpsProviderRegistry.test.ts ^[[2m(^[[22m^[[2m17 tests^[[22m^[[2m)^[[22m^[[32m 19^[[2mms^[[22m^[[39m
validate-code / unit-tests (test:unit)	UNKNOWN STEP	2026-10-09T09:26:43.7485509Z  ^[[32m✓^[[39m src/features/tokens/components/TokenDetailView/TokenDetailView.test.tsx ^[[2m(^[[22m^[[2m8 tests^[[22m^[[2m)^[[22m^[[33m 1126^[[2mms^[[22m^[[39m
validate-code / unit-tests (test:unit)	UNKNOWN STEP	2026-10-09T09:26:44.9988500Z  ^[[32m✓^[[39m src/features/bots/utils/simple-buy-sell-defaults.test.ts ^[[2m(^[[22m^[[2m10 tests^[[22m^[[2m)^[[22m^[[32m 15^[[2mms^[[22m^[[39m
validate-code / unit-tests (test:unit)	UNKNOWN STEP	2026-10-09T09:26:48.6902001Z  ^[[32m✓^[[39m src/features/perpetuals/order/components/UserPositions/OtherPositions.test.tsx ^[[2m(^[[22m^[[2m11 tests^[[22m^[[2m)^[[22m^[[33m 629^[[2mms^[[22m^[[39m
validate-code / unit-tests (test:unit)	UNKNOWN STEP	2026-10-09T09:26:52.7867410Z  ^[[32m✓^[[39m src/features/perpetuals/order/components/OrderBook/stacked/OrderBookLevelsStacked.test.tsx ^[[2m(^[[22m^[[2m12 tests^[[22m^[[2m)^[[22m^[[33m 1021^[[2mms^[[22m^[[39m
validate-code / unit-tests (test:unit)	UNKNOWN STEP	2026-10-09T09:26:55.3449795Z  ^[[32m✓^[[39m src/features/perpetuals/infra/perps-controller/ControllerPerpsProvider.agent-refusal.test.ts ^[[2m(^[[22m^[[2m3 tests^[[22m^[[2m)^[[22m^[[33m 1015^[[2mms^[[22m^[[39m
validate-code / unit-tests (test:unit)	UNKNOWN STEP	2026-10-09T09:26:59.1397616Z  ^[[32m✓^[[39m src/features/perpetuals/order/components/OrderBook/OrderBookRow.test.tsx ^[[2m(^[[22m^[[2m16 tests^[[22m^[[2m)^[[22m^[[33m 859^[[2mms^[[22m^[[39m
validate-code / unit-tests (test:unit)	UNKNOWN STEP	2026-10-09T09:27:03.5327627Z  ^[[32m✓^[[39m src/features/perpetuals/order/components/OrderForm/OrderParametersModals/OrderFormAutoCloseEditor.test.tsx ^[[2m(^[[22m^[[2m7 tests^[[22m^[[2m)^[[22m^[[33m 1471^[[2mms^[[22m^[[39m
validate-code / unit-tests (test:unit)	UNKNOWN STEP	2026-10-09T09:27:03.5332337Z    ^[[33m^[[2m✓^[[22m^[[39m OrderFormAutoCloseEditor^[[2m > ^[[22mapplies quick percentage buttons based on the live market price ^[[33m 451^[[2mms^[[22m^[[39m
validate-code / unit-tests (test:unit)	UNKNOWN STEP	2026-10-09T09:27:04.8448600Z  ^[[32m✓^[[39m electron/services/mm-perps-executor.test.ts ^[[2m(^[[22m^[[2m7 tests^[[22m^[[2m)^[[22m^[[32m 69^[[2mms^[[22m^[[39m
validate-code / unit-tests (test:unit)	UNKNOWN STEP	2026-10-09T09:27:06.2144795Z  ^[[32m✓^[[39m src/features/perpetuals/order/components/OrderBook/useOrderBookLayout.test.ts ^[[2m(^[[22m^[[2m14 tests^[[22m^[[2m)^[[22m^[[32m 55^[[2mms^[[22m^[[39m
validate-code / unit-tests (test:unit)	UNKNOWN STEP	2026-10-09T09:27:09.6802412Z  ^[[32m✓^[[39m src/features/portfolio/components/PortfolioBreakdown/PortfolioBreakdown.test.tsx ^[[2m(^[[22m^[[2m6 tests^[[22m^[[2m)^[[22m^[[33m 450^[[2mms^[[22m^[[39m
validate-code / unit-tests (test:unit)	UNKNOWN STEP	2026-10-09T09:27:17.2603305Z  ^[[32m✓^[[39m src/features/perpetuals/components/MarketsDrawer/MarketsDrawer.test.tsx ^[[2m(^[[22m^[[2m9 tests^[[22m^[[2m)^[[22m^[[33m 4632^[[2mms^[[22m^[[39m
validate-code / unit-tests (test:unit)	UNKNOWN STEP	2026-10-09T09:27:17.2611308Z    ^[[33m^[[2m✓^[[22m^[[39m MarketsDrawer^[[2m > ^[[22mopens with search focused, tabs, sort options and markets by volume ^[[33m 602^[[2mms^[[22m^[[39m
validate-code / unit-tests (test:unit)	UNKNOWN STEP	2026-10-09T09:27:17.2613323Z    ^[[33m^[[2m✓^[[22m^[[39m MarketsDrawer^[[2m > ^[[22mfilters by search and sorts by top movers ^[[33m 617^[[2mms^[[22m^[[39m
validate-code / unit-tests (test:unit)	UNKNOWN STEP	2026-10-09T09:27:17.2615104Z    ^[[33m^[[2m✓^[[22m^[[39m MarketsDrawer^[[2m > ^[[22mshows losers only on the Losers tab ^[[33m 370^[[2mms^[[22m^[[39m
validate-code / unit-tests (test:unit)	UNKNOWN STEP	2026-10-09T09:27:17.2616863Z    ^[[33m^[[2m✓^[[22m^[[39m MarketsDrawer^[[2m > ^[[22mkeeps starred markets in a persisted watchlist ^[[33m 1003^[[2mms^[[22m^[[39m
validate-code / unit-tests (test:unit)	UNKNOWN STEP	2026-10-09T09:27:17.2618780Z    ^[[33m^[[2m✓^[[22m^[[39m MarketsDrawer^[[2m > ^[[22mswitches market client-side and closes on select ^[[33m 358^[[2mms^[[22m^[[39m
validate-code / unit-tests (test:unit)	UNKNOWN STEP	2026-10-09T09:27:17.2623811Z    ^[[33m^[[2m✓^[[22m^[[39m MarketsDrawer^[[2m > ^[[22monly closes when the active market is selected ^[[33m 329^[[2mms^[[22m^[[39m
validate-code / unit-tests (test:unit)	UNKNOWN STEP	2026-10-09T09:27:17.2625858Z    ^[[33m^[[2m✓^[[22m^[[39m MarketsDrawer^[[2m > ^[[22mcloses from the close button and with Escape ^[[33m 629^[[2mms^[[22m^[[39m
validate-code / unit-tests (test:unit)	UNKNOWN STEP	2026-10-09T09:27:17.2627598Z    ^[[33m^[[2m✓^[[22m^[[39m MarketsDrawer^[[2m > ^[[22mhas no accessibility violations ^[[33m 646^[[2mms^[[22m^[[39m
validate-code / unit-tests (test:unit)	UNKNOWN STEP	2026-10-09T09:27:20.1893111Z ^[[90mstderr^[[2m | src/features/perpetuals/infra/perps-controller/controller-host.console.test.ts^[[2m > ^[[22m^[[2mPerpsControllerHost with the real controller^[[2m > ^[[22m^[[2mplaces an order without the controller logging an error
validate-code / unit-tests (test:unit)	UNKNOWN STEP	2026-10-09T09:27:20.1921349Z ^[[22m^[[39m[MSW] Warning: intercepted a request without a matching request handler:
validate-code / unit-tests (test:unit)	UNKNOWN STEP	2026-10-09T09:27:20.1925709Z 
validate-code / unit-tests (test:unit)	UNKNOWN STEP	2026-10-09T09:27:20.1926398Z   • GET wss://api.hyperliquid-testnet.xyz/ws
validate-code / unit-tests (test:unit)	UNKNOWN STEP	2026-10-09T09:27:20.1927189Z 
validate-code / unit-tests (test:unit)	UNKNOWN STEP	2026-10-09T09:27:20.1928121Z If you still wish to intercept this unhandled request, please create a request handler for it.
validate-code / unit-tests (test:unit)	UNKNOWN STEP	2026-10-09T09:27:20.1929702Z Read more: https://mswjs.io/docs/http/intercepting-requests
validate-code / unit-tests (test:unit)	UNKNOWN STEP	2026-10-09T09:27:20.1930492Z 
validate-code / unit-tests (test:unit)	UNKNOWN STEP	2026-10-09T09:27:20.3047184Z ^[[90mstderr^[[2m | src/features/perpetuals/infra/perps-controller/controller-host.console.test.ts^[[2m > ^[[22m^[[2mPerpsControllerHost with the real controller^[[2m > ^[[22m^[[2mplaces an order without the controller logging an error
validate-code / unit-tests (test:unit)	UNKNOWN STEP	2026-10-09T09:27:20.3050622Z ^[[22m^[[39m[MSW] Warning: intercepted a request without a matching request handler:
validate-code / unit-tests (test:unit)	UNKNOWN STEP	2026-10-09T09:27:20.3051514Z 
validate-code / unit-tests (test:unit)	UNKNOWN STEP	2026-10-09T09:27:20.3052173Z   • GET https://api.hyperliquid-testnet.xyz/ws
validate-code / unit-tests (test:unit)	UNKNOWN STEP	2026-10-09T09:27:20.3052859Z 
validate-code / unit-tests (test:unit)	UNKNOWN STEP	2026-10-09T09:27:20.3053698Z If you still wish to intercept this unhandled request, please create a request handler for it.
validate-code / unit-tests (test:unit)	UNKNOWN STEP	2026-10-09T09:27:20.3055079Z Read more: https://mswjs.io/docs/http/intercepting-requests
validate-code / unit-tests (test:unit)	UNKNOWN STEP	2026-10-09T09:27:20.3055818Z 
validate-code / unit-tests (test:unit)	UNKNOWN STEP	2026-10-09T09:27:21.5481905Z ^[[90mstderr^[[2m | src/features/perpetuals/infra/perps-controller/controller-host.console.test.ts^[[2m > ^[[22m^[[2mPerpsControllerHost with the real controller^[[2m > ^[[22m^[[2mquotes a fee preview without the controller logging an error
validate-code / unit-tests (test:unit)	UNKNOWN STEP	2026-10-09T09:27:21.5501040Z ^[[22m^[[39m[MSW] Warning: intercepted a request without a matching request handler:
validate-code / unit-tests (test:unit)	UNKNOWN STEP	2026-10-09T09:27:21.5501626Z 
validate-code / unit-tests (test:unit)	UNKNOWN STEP	2026-10-09T09:27:21.5502775Z   • GET wss://api.hyperliquid-testnet.xyz/ws
validate-code / unit-tests (test:unit)	UNKNOWN STEP	2026-10-09T09:27:21.5503417Z 
validate-code / unit-tests (test:unit)	UNKNOWN STEP	2026-10-09T09:27:21.5504305Z If you still wish to intercept this unhandled request, please create a request handler for it.
validate-code / unit-tests (test:unit)	UNKNOWN STEP	2026-10-09T09:27:21.5505646Z Read more: https://mswjs.io/docs/http/intercepting-requests
validate-code / unit-tests (test:unit)	UNKNOWN STEP	2026-10-09T09:27:21.5506448Z 
validate-code / unit-tests (test:unit)	UNKNOWN STEP	2026-10-09T09:27:21.5952315Z ^[[90mstderr^[[2m | src/features/perpetuals/infra/perps-controller/controller-host.console.test.ts^[[2m > ^[[22m^[[2mPerpsControllerHost with the real controller^[[2m > ^[[22m^[[2mquotes a fee preview without the controller logging an error
validate-code / unit-tests (test:unit)	UNKNOWN STEP	2026-10-09T09:27:21.5972471Z ^[[22m^[[39m[MSW] Warning: intercepted a request without a matching request handler:
validate-code / unit-tests (test:unit)	UNKNOWN STEP	2026-10-09T09:27:21.5973721Z 
validate-code / unit-tests (test:unit)	UNKNOWN STEP	2026-10-09T09:27:21.5974384Z   • GET https://api.hyperliquid-testnet.xyz/ws
validate-code / unit-tests (test:unit)	UNKNOWN STEP	2026-10-09T09:27:21.5990013Z 
validate-code / unit-tests (test:unit)	UNKNOWN STEP	2026-10-09T09:27:21.5996061Z If you still wish to intercept this unhandled request, please create a request handler for it.
validate-code / unit-tests (test:unit)	UNKNOWN STEP	2026-10-09T09:27:21.5997435Z Read more: https://mswjs.io/docs/http/intercepting-requests
validate-code / unit-tests (test:unit)	UNKNOWN STEP	2026-10-09T09:27:21.5998218Z 
validate-code / unit-tests (test:unit)	UNKNOWN STEP	2026-10-09T09:27:22.6714369Z ^[[90mstderr^[[2m | src/features/perpetuals/infra/perps-controller/controller-host.console.test.ts^[[2m > ^[[22m^[[2mPerpsControllerHost with the real controller^[[2m > ^[[22m^[[2manswers a venue refusal of the agent as this order's own KEYRING_LOCKED and drops the agent
validate-code / unit-tests (test:unit)	UNKNOWN STEP	2026-10-09T09:27:22.6718050Z ^[[22m^[[39m[MSW] Warning: intercepted a request without a matching request handler:
validate-code / unit-tests (test:unit)	UNKNOWN STEP	2026-10-09T09:27:22.6718825Z 
validate-code / unit-tests (test:unit)	UNKNOWN STEP	2026-10-09T09:27:22.6719385Z   • GET wss://api.hyperliquid-testnet.xyz/ws
validate-code / unit-tests (test:unit)	UNKNOWN STEP	2026-10-09T09:27:22.6720256Z 
validate-code / unit-tests (test:unit)	UNKNOWN STEP	2026-10-09T09:27:22.6721062Z If you still wish to intercept this unhandled request, please create a request handler for it.
validate-code / unit-tests (test:unit)	UNKNOWN STEP	2026-10-09T09:27:22.6722338Z Read more: https://mswjs.io/docs/http/intercepting-requests
validate-code / unit-tests (test:unit)	UNKNOWN STEP	2026-10-09T09:27:22.6723048Z 
validate-code / unit-tests (test:unit)	UNKNOWN STEP	2026-10-09T09:27:22.7106630Z ^[[90mstderr^[[2m | src/features/perpetuals/infra/perps-controller/controller-host.console.test.ts^[[2m > ^[[22m^[[2mPerpsControllerHost with the real controller^[[2m > ^[[22m^[[2manswers a venue refusal of the agent as this order's own KEYRING_LOCKED and drops the agent
validate-code / unit-tests (test:unit)	UNKNOWN STEP	2026-10-09T09:27:22.7115232Z ^[[22m^[[39m[MSW] Warning: intercepted a request without a matching request handler:
validate-code / unit-tests (test:unit)	UNKNOWN STEP	2026-10-09T09:27:22.7116913Z 
validate-code / unit-tests (test:unit)	UNKNOWN STEP	2026-10-09T09:27:22.7117886Z   • GET https://api.hyperliquid-testnet.xyz/ws
validate-code / unit-tests (test:unit)	UNKNOWN STEP	2026-10-09T09:27:22.7119196Z 
validate-code / unit-tests (test:unit)	UNKNOWN STEP	2026-10-09T09:27:22.7120314Z If you still wish to intercept this unhandled request, please create a request handler for it.
validate-code / unit-tests (test:unit)	UNKNOWN STEP	2026-10-09T09:27:22.7121395Z Read more: https://mswjs.io/docs/http/intercepting-requests
validate-code / unit-tests (test:unit)	UNKNOWN STEP	2026-10-09T09:27:22.7122121Z 
validate-code / unit-tests (test:unit)	UNKNOWN STEP	2026-10-09T09:27:23.8199785Z ^[[90mstderr^[[2m | src/features/perpetuals/infra/perps-controller/controller-host.console.test.ts^[[2m > ^[[22m^[[2mPerpsControllerHost with the real controller^[[2m > ^[[22m^[[2mreports a successful mainnet order without a sign-in token quietly
validate-code / unit-tests (test:unit)	UNKNOWN STEP	2026-10-09T09:27:23.8203938Z ^[[22m^[[39m[MSW] Warning: intercepted a request without a matching request handler:
validate-code / unit-tests (test:unit)	UNKNOWN STEP	2026-10-09T09:27:23.8204865Z 
validate-code / unit-tests (test:unit)	UNKNOWN STEP	2026-10-09T09:27:23.8205526Z   • GET wss://api.hyperliquid.xyz/ws
validate-code / unit-tests (test:unit)	UNKNOWN STEP	2026-10-09T09:27:23.8206128Z 
validate-code / unit-tests (test:unit)	UNKNOWN STEP	2026-10-09T09:27:23.8207055Z If you still wish to intercept this unhandled request, please create a request handler for it.
validate-code / unit-tests (test:unit)	UNKNOWN STEP	2026-10-09T09:27:23.8208430Z Read more: https://mswjs.io/docs/http/intercepting-requests
validate-code / unit-tests (test:unit)	UNKNOWN STEP	2026-10-09T09:27:23.8209153Z 
validate-code / unit-tests (test:unit)	UNKNOWN STEP	2026-10-09T09:27:23.8544989Z ^[[90mstderr^[[2m | src/features/perpetuals/infra/perps-controller/controller-host.console.test.ts^[[2m > ^[[22m^[[2mPerpsControllerHost with the real controller^[[2m > ^[[22m^[[2mreports a successful mainnet order without a sign-in token quietly
validate-code / unit-tests (test:unit)	UNKNOWN STEP	2026-10-09T09:27:23.8548935Z ^[[22m^[[39m[MSW] Warning: intercepted a request without a matching request handler:
validate-code / unit-tests (test:unit)	UNKNOWN STEP	2026-10-09T09:27:23.8550134Z 
validate-code / unit-tests (test:unit)	UNKNOWN STEP	2026-10-09T09:27:23.8550820Z   • GET https://api.hyperliquid.xyz/ws
validate-code / unit-tests (test:unit)	UNKNOWN STEP	2026-10-09T09:27:23.8551384Z 
validate-code / unit-tests (test:unit)	UNKNOWN STEP	2026-10-09T09:27:23.8552135Z If you still wish to intercept this unhandled request, please create a request handler for it.
validate-code / unit-tests (test:unit)	UNKNOWN STEP	2026-10-09T09:27:23.8553291Z Read more: https://mswjs.io/docs/http/intercepting-requests
validate-code / unit-tests (test:unit)	UNKNOWN STEP	2026-10-09T09:27:23.8554116Z 
validate-code / unit-tests (test:unit)	UNKNOWN STEP	2026-10-09T09:27:25.8491283Z  ^[[32m✓^[[39m src/features/perpetuals/infra/perps-controller/controller-host.console.test.ts ^[[2m(^[[22m^[[2m4 tests^[[22m^[[2m)^[[22m^[[33m 6084^[[2mms^[[22m^[[39m
validate-code / unit-tests (test:unit)	UNKNOWN STEP	2026-10-09T09:27:25.8493971Z    ^[[33m^[[2m✓^[[22m^[[39m PerpsControllerHost with the real controller^[[2m > ^[[22mplaces an order without the controller logging an error ^[[33m 1381^[[2mms^[[22m^[[39m
validate-code / unit-tests (test:unit)	UNKNOWN STEP	2026-10-09T09:27:25.8496793Z    ^[[33m^[[2m✓^[[22m^[[39m PerpsControllerHost with the real controller^[[2m > ^[[22mquotes a fee preview without the controller logging an error ^[[33m 1127^[[2mms^[[22m^[[39m
validate-code / unit-tests (test:unit)	UNKNOWN STEP	2026-10-09T09:27:25.8500103Z    ^[[33m^[[2m✓^[[22m^[[39m PerpsControllerHost with the real controller^[[2m > ^[[22manswers a venue refusal of the agent as this order's own KEYRING_LOCKED and drops the agent ^[[33m 1150^[[2mms^[[22m^[[39m
validate-code / unit-tests (test:unit)	UNKNOWN STEP	2026-10-09T09:27:25.8503008Z    ^[[33m^[[2m✓^[[22m^[[39m PerpsControllerHost with the real controller^[[2m > ^[[22mreports a successful mainnet order without a sign-in token quietly ^[[33m 2421^[[2mms^[[22m^[[39m
validate-code / unit-tests (test:unit)	UNKNOWN STEP	2026-10-09T09:27:27.0778192Z  ^[[32m✓^[[39m src/features/charting/tradingview/providers/HyperliquidTradingDataProvider.test.ts ^[[2m(^[[22m^[[2m6 tests^[[22m^[[2m)^[[22m^[[32m 16^[[2mms^[[22m^[[39m
validate-code / unit-tests (test:unit)	UNKNOWN STEP	2026-10-09T09:27:30.5195488Z  ^[[32m✓^[[39m src/features/ecosystems/components/EcosystemCard/EcosystemCard.test.tsx ^[[2m(^[[22m^[[2m14 tests^[[22m^[[2m)^[[22m^[[33m 700^[[2mms^[[22m^[[39m
validate-code / unit-tests (test:unit)	UNKNOWN STEP	2026-10-09T09:27:34.1635883Z  ^[[32m✓^[[39m src/core/hooks/useCurrency.test.tsx ^[[2m(^[[22m^[[2m15 tests^[[22m^[[2m)^[[22m^[[33m 694^[[2mms^[[22m^[[39m
validate-code / unit-tests (test:unit)	UNKNOWN STEP	2026-10-09T09:27:35.4138488Z  ^[[32m✓^[[39m src/features/perpetuals/domain/OrderBook/helpers/OrderBookLevelHelper.test.ts ^[[2m(^[[22m^[[2m19 tests^[[22m^[[2m)^[[22m^[[32m 13^[[2mms^[[22m^[[39m
validate-code / unit-tests (test:unit)	UNKNOWN STEP	2026-10-09T09:27:36.6597295Z  ^[[32m✓^[[39m src/features/charting/components/TradingViewChart/chart-order-lines.test.ts ^[[2m(^[[22m^[[2m5 tests^[[22m^[[2m)^[[22m^[[32m 13^[[2mms^[[22m^[[39m
validate-code / unit-tests (test:unit)	UNKNOWN STEP	2026-10-09T09:27:40.5735630Z  ^[[32m✓^[[39m src/features/perpetuals/components/PerpetualsTable/PerpetualsTable.test.tsx ^[[2m(^[[22m^[[2m10 tests^[[22m^[[2m)^[[22m^[[33m 1083^[[2mms^[[22m^[[39m
validate-code / unit-tests (test:unit)	UNKNOWN STEP	2026-10-09T09:27:44.0797074Z  ^[[32m✓^[[39m src/features/portfolio/components/PortfolioTotalValue/PortfolioTotalValue.test.tsx ^[[2m(^[[22m^[[2m11 tests^[[22m^[[2m)^[[22m^[[33m 635^[[2mms^[[22m^[[39m
validate-code / unit-tests (test:unit)	UNKNOWN STEP	2026-10-09T09:27:47.5320684Z  ^[[32m✓^[[39m src/features/perpetuals/order/components/OrderForm/OrderFormSubmitButton/OrderFormSubmitButton.test.tsx ^[[2m(^[[22m^[[2m14 tests^[[22m^[[2m)^[[22m^[[33m 713^[[2mms^[[22m^[[39m
validate-code / unit-tests (test:unit)	UNKNOWN STEP	2026-10-09T09:27:50.5439797Z  ^[[32m✓^[[39m src/features/ecosystems/services/ecosystem.service.test.ts ^[[2m(^[[22m^[[2m6 tests^[[22m^[[2m)^[[22m^[[32m 54^[[2mms^[[22m^[[39m
validate-code / unit-tests (test:unit)	UNKNOWN STEP	2026-10-09T09:27:51.8870440Z  ^[[32m✓^[[39m src/features/charting/components/TradingViewChart/useChartOrderLines.test.tsx ^[[2m(^[[22m^[[2m4 tests^[[22m^[[2m)^[[22m^[[32m 37^[[2mms^[[22m^[[39m
validate-code / unit-tests (test:unit)	UNKNOWN STEP	2026-10-09T09:27:55.7437628Z  ^[[32m✓^[[39m src/features/auth/components/AccountMenu.test.tsx ^[[2m(^[[22m^[[2m6 tests^[[22m^[[2m)^[[22m^[[33m 782^[[2mms^[[22m^[[39m
validate-code / unit-tests (test:unit)	UNKNOWN STEP	2026-10-09T09:27:58.8355345Z  ^[[32m✓^[[39m src/features/accounts/AccountSessionProvider.test.tsx ^[[2m(^[[22m^[[2m6 tests^[[22m^[[2m)^[[22m^[[33m 361^[[2mms^[[22m^[[39m
validate-code / unit-tests (test:unit)	UNKNOWN STEP	2026-10-09T09:28:02.6770667Z  ^[[32m✓^[[39m src/components/ui/Menu/Menu.test.tsx ^[[2m(^[[22m^[[2m8 tests^[[22m^[[2m)^[[22m^[[33m 1147^[[2mms^[[22m^[[39m
validate-code / unit-tests (test:unit)	UNKNOWN STEP	2026-10-09T09:28:02.6773793Z    ^[[33m^[[2m✓^[[22m^[[39m Menu^[[2m > ^[[22mrenders menu items ^[[33m 321^[[2mms^[[22m^[[39m
validate-code / unit-tests (test:unit)	UNKNOWN STEP	2026-10-09T09:28:05.6656783Z  ^[[32m✓^[[39m src/features/card/components/CardPage/CardPage.test.tsx ^[[2m(^[[22m^[[2m2 tests^[[22m^[[2m)^[[22m^[[32m 120^[[2mms^[[22m^[[39m
validate-code / unit-tests (test:unit)	UNKNOWN STEP	2026-10-09T09:28:08.8234491Z  ^[[32m✓^[[39m src/features/perpetuals/order/components/OrderForm/AccountSummaryPanel/AccountSummaryPanel.test.tsx ^[[2m(^[[22m^[[2m6 tests^[[22m^[[2m)^[[22m^[[33m 378^[[2mms^[[22m^[[39m
validate-code / unit-tests (test:unit)	UNKNOWN STEP	2026-10-09T09:28:12.3696832Z  ^[[32m✓^[[39m src/features/perpetuals/order/components/OrderForm/OrderParametersModals/ParameterEditor.test.tsx ^[[2m(^[[22m^[[2m12 tests^[[22m^[[2m)^[[22m^[[33m 726^[[2mms^[[22m^[[39m
validate-code / unit-tests (test:unit)	UNKNOWN STEP	2026-10-09T09:28:15.6042329Z  ^[[32m✓^[[39m src/features/explorer/components/TransactionDetailView/TransactionDetailView.test.tsx ^[[2m(^[[22m^[[2m2 tests^[[22m^[[2m)^[[22m^[[33m 446^[[2mms^[[22m^[[39m
validate-code / unit-tests (test:unit)	UNKNOWN STEP	2026-10-09T09:28:15.6048641Z    ^[[33m^[[2m✓^[[22m^[[39m TransactionDetailView^[[2m > ^[[22mrenders overview, gas, transfers, and logs with Terminal table chrome ^[[33m 376^[[2mms^[[22m^[[39m
validate-code / unit-tests (test:unit)	UNKNOWN STEP	2026-10-09T09:28:18.9254043Z  ^[[32m✓^[[39m src/features/perpetuals/order/components/OrderForm/OrderFormWrapper/OrderFormWrapper.test.tsx ^[[2m(^[[22m^[[2m7 tests^[[22m^[[2m)^[[22m^[[33m 360^[[2mms^[[22m^[[39m
validate-code / unit-tests (test:unit)	UNKNOWN STEP	2026-10-09T09:28:20.5073700Z  ^[[32m✓^[[39m src/features/perpetuals/infra/perps-controller/agent-approval.test.ts ^[[2m(^[[22m^[[2m5 tests^[[22m^[[2m)^[[22m^[[32m 102^[[2mms^[[22m^[[39m
validate-code / unit-tests (test:unit)	UNKNOWN STEP	2026-10-09T09:28:25.0958599Z  ^[[32m✓^[[39m src/features/portfolio/components/AccountsPane.test.tsx ^[[2m(^[[22m^[[2m6 tests^[[22m^[[2m)^[[22m^[[33m 1320^[[2mms^[[22m^[[39m
validate-code / unit-tests (test:unit)	UNKNOWN STEP	2026-10-09T09:28:25.0961180Z    ^[[33m^[[2m✓^[[22m^[[39m AccountsPane^[[2m > ^[[22mkeeps a deselected account's sidebar balance ^[[33m 503^[[2mms^[[22m^[[39m
validate-code / unit-tests (test:unit)	UNKNOWN STEP	2026-10-09T09:28:27.4165403Z  ^[[32m✓^[[39m src/features/perpetuals/queries/modify-order-mutation.test.tsx ^[[2m(^[[22m^[[2m4 tests^[[22m^[[2m)^[[22m^[[32m 56^[[2mms^[[22m^[[39m
validate-code / unit-tests (test:unit)	UNKNOWN STEP	2026-10-09T09:28:28.7332553Z  ^[[32m✓^[[39m src/core/hooks/useViewportTier.test.ts ^[[2m(^[[22m^[[2m6 tests^[[22m^[[2m)^[[22m^[[32m 49^[[2mms^[[22m^[[39m
validate-code / unit-tests (test:unit)	UNKNOWN STEP	2026-10-09T09:28:30.9058429Z  ^[[32m✓^[[39m src/features/perpetuals/infra/perps-controller/account-signer.test.ts ^[[2m(^[[22m^[[2m6 tests^[[22m^[[2m)^[[22m^[[32m 44^[[2mms^[[22m^[[39m
validate-code / unit-tests (test:unit)	UNKNOWN STEP	2026-10-09T09:28:32.0604235Z  ^[[32m✓^[[39m electron/strategies/bollinger-band.test.ts ^[[2m(^[[22m^[[2m5 tests^[[22m^[[2m)^[[22m^[[32m 12^[[2mms^[[22m^[[39m
validate-code / unit-tests (test:unit)	UNKNOWN STEP	2026-10-09T09:28:35.5330709Z  ^[[32m✓^[[39m src/components/ui/Skeleton/Skeleton.test.tsx ^[[2m(^[[22m^[[2m19 tests^[[22m^[[2m)^[[22m^[[33m 762^[[2mms^[[22m^[[39m
validate-code / unit-tests (test:unit)	UNKNOWN STEP	2026-10-09T09:28:36.7901656Z  ^[[32m✓^[[39m electron/services/app-updater.test.ts ^[[2m(^[[22m^[[2m6 tests^[[22m^[[2m)^[[22m^[[32m 24^[[2mms^[[22m^[[39m
validate-code / unit-tests (test:unit)	UNKNOWN STEP	2026-10-09T09:28:39.5541569Z ^[[90mstderr^[[2m | src/features/tokens/components/TokenSearchBar/TokenSearchBar.test.tsx^[[2m > ^[[22m^[[2mTokenSearchBar^[[2m > ^[[22m^[[2msubmits the query to the search results page
validate-code / unit-tests (test:unit)	UNKNOWN STEP	2026-10-09T09:28:39.5544621Z ^[[22m^[[39mThe tag <search> is unrecognized in this browser. If you meant to render a React component, start its name with an uppercase letter.
validate-code / unit-tests (test:unit)	UNKNOWN STEP	2026-10-09T09:28:39.5546008Z 
validate-code / unit-tests (test:unit)	UNKNOWN STEP	2026-10-09T09:28:41.8852744Z  ^[[32m✓^[[39m src/features/tokens/components/TokenSearchBar/TokenSearchBar.test.tsx ^[[2m(^[[22m^[[2m6 tests^[[22m^[[2m)^[[22m^[[33m 2307^[[2mms^[[22m^[[39m
validate-code / unit-tests (test:unit)	UNKNOWN STEP	2026-10-09T09:28:41.8855297Z    ^[[33m^[[2m✓^[[22m^[[39m TokenSearchBar^[[2m > ^[[22mshows token results that link to network-specific pages ^[[33m 615^[[2mms^[[22m^[[39m
validate-code / unit-tests (test:unit)	UNKNOWN STEP	2026-10-09T09:28:41.8860402Z    ^[[33m^[[2m✓^[[22m^[[39m TokenSearchBar^[[2m > ^[[22mkeeps one market request alive while a zero-hit search is pending ^[[33m 585^[[2mms^[[22m^[[39m
validate-code / unit-tests (test:unit)	UNKNOWN STEP	2026-10-09T09:28:41.8862817Z    ^[[33m^[[2m✓^[[22m^[[39m TokenSearchBar^[[2m > ^[[22mstill shows markets when the focus prefetch fails ^[[33m 461^[[2mms^[[22m^[[39m
validate-code / unit-tests (test:unit)	UNKNOWN STEP	2026-10-09T09:28:41.8865099Z    ^[[33m^[[2m✓^[[22m^[[39m TokenSearchBar^[[2m > ^[[22mroutes a transaction hash to the transaction details page ^[[33m 363^[[2mms^[[22m^[[39m
validate-code / unit-tests (test:unit)	UNKNOWN STEP	2026-10-09T09:28:45.1024931Z  ^[[32m✓^[[39m src/features/card/components/CardHeroSection/CardHeroSection.test.tsx ^[[2m(^[[22m^[[2m4 tests^[[22m^[[2m)^[[22m^[[33m 413^[[2mms^[[22m^[[39m
validate-code / unit-tests (test:unit)	UNKNOWN STEP	2026-10-09T09:28:48.5100149Z  ^[[32m✓^[[39m src/features/perpetuals/order/components/OrderForm/OrderFormParameters/OrderFormParameters.test.tsx ^[[2m(^[[22m^[[2m4 tests^[[22m^[[2m)^[[22m^[[33m 559^[[2mms^[[22m^[[39m
validate-code / unit-tests (test:unit)	UNKNOWN STEP	2026-10-09T09:28:48.5102624Z    ^[[33m^[[2m✓^[[22m^[[39m OrderFormParameters^[[2m > ^[[22mcalls onOpenParameterModal with the correct parameter keys ^[[33m 351^[[2mms^[[22m^[[39m
validate-code / unit-tests (test:unit)	UNKNOWN STEP	2026-10-09T09:28:51.4865350Z  ^[[32m✓^[[39m src/features/ecosystems/components/EcosystemsNetworkPage/EcosystemsNetworkPage.test.tsx ^[[2m(^[[22m^[[2m2 tests^[[22m^[[2m)^[[22m^[[32m 217^[[2mms^[[22m^[[39m
validate-code / unit-tests (test:unit)	UNKNOWN STEP	2026-10-09T09:28:54.3474176Z  ^[[32m✓^[[39m src/features/perpetuals/order/components/UserPositions/UserPositionsWrapper.test.tsx ^[[2m(^[[22m^[[2m3 tests^[[22m^[[2m)^[[22m^[[32m 165^[[2mms^[[22m^[[39m
validate-code / unit-tests (test:unit)	UNKNOWN STEP	2026-10-09T09:28:57.0318028Z ^[[90mstderr^[[2m | src/features/perpetuals/order/components/OrderHeader/OrderHeader.integration.test.tsx^[[2m > ^[[22m^[[2mOrderHeader Integration Tests^[[2m > ^[[22m^[[2muses cached perpetuals data from trade page without refetching
validate-code / unit-tests (test:unit)	UNKNOWN STEP	2026-10-09T09:28:57.0321361Z ^[[22m^[[39mReceived `true` for a non-boolean attribute `unoptimized`.
validate-code / unit-tests (test:unit)	UNKNOWN STEP	2026-10-09T09:28:57.0379910Z 
validate-code / unit-tests (test:unit)	UNKNOWN STEP	2026-10-09T09:28:57.0385978Z If you want to write it to the DOM, pass a string instead: unoptimized="true" or unoptimized=***value.toString()***.
validate-code / unit-tests (test:unit)	UNKNOWN STEP	2026-10-09T09:28:57.0387434Z 
validate-code / unit-tests (test:unit)	UNKNOWN STEP	2026-10-09T09:28:57.2104772Z  ^[[32m✓^[[39m src/features/perpetuals/order/components/OrderHeader/OrderHeader.integration.test.tsx ^[[2m(^[[22m^[[2m3 tests^[[22m^[[2m)^[[22m^[[32m 132^[[2mms^[[22m^[[39m
validate-code / unit-tests (test:unit)	UNKNOWN STEP	2026-10-09T09:28:59.8562261Z  ^[[32m✓^[[39m src/features/card/components/HubspotForm/HubspotWaitlistModal.test.tsx ^[[2m(^[[22m^[[2m3 tests^[[22m^[[2m)^[[22m^[[33m 326^[[2mms^[[22m^[[39m
validate-code / unit-tests (test:unit)	UNKNOWN STEP	2026-10-09T09:29:01.0759203Z  ^[[32m✓^[[39m src/features/perpetuals/domain/OrderBook/helpers/OrderBookSpreadHelper.test.ts ^[[2m(^[[22m^[[2m14 tests^[[22m^[[2m)^[[22m^[[32m 11^[[2mms^[[22m^[[39m
validate-code / unit-tests (test:unit)	UNKNOWN STEP	2026-10-09T09:29:02.2362412Z  ^[[32m✓^[[39m src/features/bots/utils/bot-chart.test.ts ^[[2m(^[[22m^[[2m5 tests^[[22m^[[2m)^[[22m^[[32m 11^[[2mms^[[22m^[[39m
validate-code / unit-tests (test:unit)	UNKNOWN STEP	2026-10-09T09:29:05.2825873Z ^[[90mstderr^[[2m | src/features/perpetuals/order/components/OrderHeader/OrderHeader.test.tsx^[[2m > ^[[22m^[[2mOrderHeader^[[2m > ^[[22m^[[2mrenders the header stats when data is available
validate-code / unit-tests (test:unit)	UNKNOWN STEP	2026-10-09T09:29:05.2851073Z ^[[22m^[[39mReceived `true` for a non-boolean attribute `unoptimized`.
validate-code / unit-tests (test:unit)	UNKNOWN STEP	2026-10-09T09:29:05.2870254Z 
validate-code / unit-tests (test:unit)	UNKNOWN STEP	2026-10-09T09:29:05.2871536Z If you want to write it to the DOM, pass a string instead: unoptimized="true" or unoptimized=***value.toString()***.
validate-code / unit-tests (test:unit)	UNKNOWN STEP	2026-10-09T09:29:05.2886717Z 
validate-code / unit-tests (test:unit)	UNKNOWN STEP	2026-10-09T09:29:05.6061221Z  ^[[32m✓^[[39m src/features/perpetuals/order/components/OrderHeader/OrderHeader.test.tsx ^[[2m(^[[22m^[[2m5 tests^[[22m^[[2m)^[[22m^[[33m 381^[[2mms^[[22m^[[39m
validate-code / unit-tests (test:unit)	UNKNOWN STEP	2026-10-09T09:29:06.9254789Z  ^[[32m✓^[[39m src/features/perpetuals/order/components/OrderBook/useHasConnected.test.ts ^[[2m(^[[22m^[[2m8 tests^[[22m^[[2m)^[[22m^[[32m 35^[[2mms^[[22m^[[39m
validate-code / unit-tests (test:unit)	UNKNOWN STEP	2026-10-09T09:29:09.9861832Z  ^[[32m✓^[[39m src/features/perpetuals/order/components/Trades/Trades.test.tsx ^[[2m(^[[22m^[[2m5 tests^[[22m^[[2m)^[[22m^[[33m 310^[[2mms^[[22m^[[39m
validate-code / unit-tests (test:unit)	UNKNOWN STEP	2026-10-09T09:29:11.1818560Z  ^[[32m✓^[[39m src/features/charting/tradingview/MockTradingViewDatafeed.test.ts ^[[2m(^[[22m^[[2m5 tests^[[22m^[[2m)^[[22m^[[32m 14^[[2mms^[[22m^[[39m
validate-code / unit-tests (test:unit)	UNKNOWN STEP	2026-10-09T09:29:18.0061734Z  ^[[32m✓^[[39m src/features/trade/components/TradePage/TradePage.test.tsx ^[[2m(^[[22m^[[2m5 tests^[[22m^[[2m)^[[22m^[[33m 3870^[[2mms^[[22m^[[39m
validate-code / unit-tests (test:unit)	UNKNOWN STEP	2026-10-09T09:29:18.0063728Z    ^[[33m^[[2m✓^[[22m^[[39m TradePage^[[2m > ^[[22mrenders trending perps, discovery, and explore tokens ^[[33m 1153^[[2mms^[[22m^[[39m
validate-code / unit-tests (test:unit)	UNKNOWN STEP	2026-10-09T09:29:18.0065476Z    ^[[33m^[[2m✓^[[22m^[[39m TradePage^[[2m > ^[[22mdeep-links spot tokens to in-app token detail ^[[33m 791^[[2mms^[[22m^[[39m
validate-code / unit-tests (test:unit)	UNKNOWN STEP	2026-10-09T09:29:18.0070799Z    ^[[33m^[[2m✓^[[22m^[[39m TradePage^[[2m > ^[[22mopens a wallet swap deep link from the quick buy icon ^[[33m 760^[[2mms^[[22m^[[39m
validate-code / unit-tests (test:unit)	UNKNOWN STEP	2026-10-09T09:29:18.0101088Z    ^[[33m^[[2m✓^[[22m^[[39m TradePage^[[2m > ^[[22mnavigates trending perpetual cards to the order page ^[[33m 668^[[2mms^[[22m^[[39m
validate-code / unit-tests (test:unit)	UNKNOWN STEP	2026-10-09T09:29:18.0102900Z    ^[[33m^[[2m✓^[[22m^[[39m TradePage^[[2m > ^[[22mshows watched tokens in the first row ^[[33m 492^[[2mms^[[22m^[[39m
validate-code / unit-tests (test:unit)	UNKNOWN STEP	2026-10-09T09:29:20.9635867Z  ^[[32m✓^[[39m src/features/ecosystems/components/FeaturedSitesSection.test.tsx ^[[2m(^[[22m^[[2m2 tests^[[22m^[[2m)^[[22m^[[32m 112^[[2mms^[[22m^[[39m
validate-code / unit-tests (test:unit)	UNKNOWN STEP	2026-10-09T09:29:24.2646993Z  ^[[32m✓^[[39m src/features/explorer/components/BlockDetailView/BlockDetailView.test.tsx ^[[2m(^[[22m^[[2m3 tests^[[22m^[[2m)^[[22m^[[33m 332^[[2mms^[[22m^[[39m
validate-code / unit-tests (test:unit)	UNKNOWN STEP	2026-10-09T09:29:27.5873438Z  ^[[32m✓^[[39m src/features/tokens/components/TokenActivity/TokenActivity.test.tsx ^[[2m(^[[22m^[[2m3 tests^[[22m^[[2m)^[[22m^[[33m 514^[[2mms^[[22m^[[39m
validate-code / unit-tests (test:unit)	UNKNOWN STEP	2026-10-09T09:29:28.9978482Z  ^[[32m✓^[[39m src/features/portfolio/domain/derive-portfolio.test.ts ^[[2m(^[[22m^[[2m2 tests^[[22m^[[2m)^[[22m^[[32m 21^[[2mms^[[22m^[[39m
validate-code / unit-tests (test:unit)	UNKNOWN STEP	2026-10-09T09:29:30.2012901Z  ^[[32m✓^[[39m src/features/charting/components/TradingViewMarketChart/depthChart.test.ts ^[[2m(^[[22m^[[2m7 tests^[[22m^[[2m)^[[22m^[[32m 10^[[2mms^[[22m^[[39m
validate-code / unit-tests (test:unit)	UNKNOWN STEP	2026-10-09T09:29:31.3794525Z  ^[[32m✓^[[39m src/features/perpetuals/domain/Position/helpers/tpslFromOrders.test.ts ^[[2m(^[[22m^[[2m5 tests^[[22m^[[2m)^[[22m^[[32m 9^[[2mms^[[22m^[[39m
validate-code / unit-tests (test:unit)	UNKNOWN STEP	2026-10-09T09:29:32.5502861Z  ^[[32m✓^[[39m src/lib/throttled-callback.test.ts ^[[2m(^[[22m^[[2m10 tests^[[22m^[[2m)^[[22m^[[32m 16^[[2mms^[[22m^[[39m
validate-code / unit-tests (test:unit)	UNKNOWN STEP	2026-10-09T09:29:34.3694876Z  ^[[32m✓^[[39m src/features/perpetuals/infra/perps-controller/trigger-edit.test.ts ^[[2m(^[[22m^[[2m14 tests^[[22m^[[2m)^[[22m^[[32m 9^[[2mms^[[22m^[[39m
validate-code / unit-tests (test:unit)	UNKNOWN STEP	2026-10-09T09:29:37.7214801Z  ^[[32m✓^[[39m src/features/bots/components/TradeHistoryTable/TradeHistoryTable.test.tsx ^[[2m(^[[22m^[[2m5 tests^[[22m^[[2m)^[[22m^[[33m 520^[[2mms^[[22m^[[39m
validate-code / unit-tests (test:unit)	UNKNOWN STEP	2026-10-09T09:29:40.8937444Z  ^[[32m✓^[[39m src/features/card/components/MetalCardSection/MetalCardSection.test.tsx ^[[2m(^[[22m^[[2m3 tests^[[22m^[[2m)^[[22m^[[33m 336^[[2mms^[[22m^[[39m
validate-code / unit-tests (test:unit)	UNKNOWN STEP	2026-10-09T09:29:43.8164565Z  ^[[32m✓^[[39m src/features/ecosystems/components/ExploreSitesSection.test.tsx ^[[2m(^[[22m^[[2m2 tests^[[22m^[[2m)^[[22m^[[32m 117^[[2mms^[[22m^[[39m
validate-code / unit-tests (test:unit)	UNKNOWN STEP	2026-10-09T09:29:46.7147951Z  ^[[32m✓^[[39m src/features/card/hooks/useSupportedRegions.test.tsx ^[[2m(^[[22m^[[2m3 tests^[[22m^[[2m)^[[22m^[[32m 141^[[2mms^[[22m^[[39m
validate-code / unit-tests (test:unit)	UNKNOWN STEP	2026-10-09T09:29:49.7758523Z  ^[[32m✓^[[39m src/features/ecosystems/components/EventsSection.test.tsx ^[[2m(^[[22m^[[2m2 tests^[[22m^[[2m)^[[22m^[[32m 127^[[2mms^[[22m^[[39m
validate-code / unit-tests (test:unit)	UNKNOWN STEP	2026-10-09T09:29:52.7876919Z  ^[[32m✓^[[39m src/features/ecosystems/components/PremiumPartnersSection.test.tsx ^[[2m(^[[22m^[[2m2 tests^[[22m^[[2m)^[[22m^[[32m 117^[[2mms^[[22m^[[39m
validate-code / unit-tests (test:unit)	UNKNOWN STEP	2026-10-09T09:29:56.0715417Z ^[[90mstderr^[[2m | src/core/providers/client.ssr.test.tsx^[[2m > ^[[22m^[[2mAppProviders server render^[[2m > ^[[22m^[[2mdoes not carry one request's wallet connection into the next
validate-code / unit-tests (test:unit)	UNKNOWN STEP	2026-10-09T09:29:56.0717984Z ^[[22m^[[39mThe current testing environment is not configured to support act(...)
validate-code / unit-tests (test:unit)	UNKNOWN STEP	2026-10-09T09:29:56.0719907Z The current testing environment is not configured to support act(...)
validate-code / unit-tests (test:unit)	UNKNOWN STEP	2026-10-09T09:29:56.0721411Z The current testing environment is not configured to support act(...)
validate-code / unit-tests (test:unit)	UNKNOWN STEP	2026-10-09T09:29:56.0722804Z The current testing environment is not configured to support act(...)
validate-code / unit-tests (test:unit)	UNKNOWN STEP	2026-10-09T09:29:56.0724191Z The current testing environment is not configured to support act(...)
validate-code / unit-tests (test:unit)	UNKNOWN STEP	2026-10-09T09:29:56.0725531Z The current testing environment is not configured to support act(...)
validate-code / unit-tests (test:unit)	UNKNOWN STEP	2026-10-09T09:29:56.0726917Z The current testing environment is not configured to support act(...)
validate-code / unit-tests (test:unit)	UNKNOWN STEP	2026-10-09T09:29:56.0728873Z The current testing environment is not configured to support act(...)
validate-code / unit-tests (test:unit)	UNKNOWN STEP	2026-10-09T09:29:56.0730657Z The current testing environment is not configured to support act(...)
validate-code / unit-tests (test:unit)	UNKNOWN STEP	2026-10-09T09:29:56.0731941Z The current testing environment is not configured to support act(...)
validate-code / unit-tests (test:unit)	UNKNOWN STEP	2026-10-09T09:29:56.0733298Z The current testing environment is not configured to support act(...)
validate-code / unit-tests (test:unit)	UNKNOWN STEP	2026-10-09T09:29:56.0734993Z The current testing environment is not configured to support act(...)
validate-code / unit-tests (test:unit)	UNKNOWN STEP	2026-10-09T09:29:56.0735918Z 
validate-code / unit-tests (test:unit)	UNKNOWN STEP	2026-10-09T09:29:56.0767568Z ^[[90mstderr^[[2m | src/core/providers/client.ssr.test.tsx^[[2m > ^[[22m^[[2mAppProviders server render^[[2m > ^[[22m^[[2mdoes not carry one request's wallet connection into the next
validate-code / unit-tests (test:unit)	UNKNOWN STEP	2026-10-09T09:29:56.0770959Z ^[[22m^[[39mThe current testing environment is not configured to support act(...)
validate-code / unit-tests (test:unit)	UNKNOWN STEP	2026-10-09T09:29:56.0771896Z 
validate-code / unit-tests (test:unit)	UNKNOWN STEP	2026-10-09T09:29:56.2336109Z  ^[[32m✓^[[39m src/core/providers/client.ssr.test.tsx ^[[2m(^[[22m^[[2m1 test^[[22m^[[2m)^[[22m^[[32m 195^[[2mms^[[22m^[[39m
validate-code / unit-tests (test:unit)	UNKNOWN STEP	2026-10-09T09:29:57.6902375Z  ^[[32m✓^[[39m electron/services/wallet-signer.test.ts ^[[2m(^[[22m^[[2m5 tests^[[22m^[[2m)^[[22m^[[32m 10^[[2mms^[[22m^[[39m
validate-code / unit-tests (test:unit)	UNKNOWN STEP	2026-10-09T09:29:58.9093127Z  ^[[32m✓^[[39m src/core/services/featureFlag.server.test.ts ^[[2m(^[[22m^[[2m5 tests^[[22m^[[2m)^[[22m^[[32m 42^[[2mms^[[22m^[[39m
validate-code / unit-tests (test:unit)	UNKNOWN STEP	2026-10-09T09:30:00.0861361Z  ^[[32m✓^[[39m src/features/perpetuals/domain/Order/order-line.test.ts ^[[2m(^[[22m^[[2m11 tests^[[22m^[[2m)^[[22m^[[32m 10^[[2mms^[[22m^[[39m
validate-code / unit-tests (test:unit)	UNKNOWN STEP	2026-10-09T09:30:03.4549005Z  ^[[32m✓^[[39m src/features/portfolio/components/tabs/TokensTab.hyperliquid.test.tsx ^[[2m(^[[22m^[[2m3 tests^[[22m^[[2m)^[[22m^[[33m 456^[[2mms^[[22m^[[39m
validate-code / unit-tests (test:unit)	UNKNOWN STEP	2026-10-09T09:30:06.9184612Z  ^[[32m✓^[[39m src/components/ui/Popover/Popover.test.tsx ^[[2m(^[[22m^[[2m4 tests^[[22m^[[2m)^[[22m^[[33m 688^[[2mms^[[22m^[[39m
validate-code / unit-tests (test:unit)	UNKNOWN STEP	2026-10-09T09:30:06.9192046Z    ^[[33m^[[2m✓^[[22m^[[39m Popover^[[2m > ^[[22mrenders with content ^[[33m 301^[[2mms^[[22m^[[39m
validate-code / unit-tests (test:unit)	UNKNOWN STEP	2026-10-09T09:30:08.0939362Z  ^[[32m✓^[[39m src/features/accounts/other-networks.test.ts ^[[2m(^[[22m^[[2m6 tests^[[22m^[[2m)^[[22m^[[32m 14^[[2mms^[[22m^[[39m
validate-code / unit-tests (test:unit)	UNKNOWN STEP	2026-10-09T09:30:09.3133132Z  ^[[32m✓^[[39m src/features/charting/tradingview/providers/PriceApiTradingDataProvider.test.ts ^[[2m(^[[22m^[[2m2 tests^[[22m^[[2m)^[[22m^[[32m 50^[[2mms^[[22m^[[39m
validate-code / unit-tests (test:unit)	UNKNOWN STEP	2026-10-09T09:30:12.7671583Z  ^[[32m✓^[[39m src/features/perpetuals/order/components/OrderForm/OrderFormTabs/OrderFormTabs.test.tsx ^[[2m(^[[22m^[[2m5 tests^[[22m^[[2m)^[[22m^[[33m 577^[[2mms^[[22m^[[39m
validate-code / unit-tests (test:unit)	UNKNOWN STEP	2026-10-09T09:30:14.1503057Z  ^[[32m✓^[[39m src/core/shortcuts/useTradingShortcuts.test.tsx ^[[2m(^[[22m^[[2m6 tests^[[22m^[[2m)^[[22m^[[32m 56^[[2mms^[[22m^[[39m
validate-code / unit-tests (test:unit)	UNKNOWN STEP	2026-10-09T09:30:17.1177263Z  ^[[32m✓^[[39m src/features/card/components/CardGeoAvailableSection/CardGeoAvailableSection.test.tsx ^[[2m(^[[22m^[[2m2 tests^[[22m^[[2m)^[[22m^[[32m 196^[[2mms^[[22m^[[39m
validate-code / unit-tests (test:unit)	UNKNOWN STEP	2026-10-09T09:30:20.4640571Z  ^[[32m✓^[[39m src/features/perpetuals/order/components/OrderForm/OrderFormDirectionToggle/OrderFormDirectionToggle.test.tsx ^[[2m(^[[22m^[[2m3 tests^[[22m^[[2m)^[[22m^[[33m 346^[[2mms^[[22m^[[39m
validate-code / unit-tests (test:unit)	UNKNOWN STEP	2026-10-09T09:30:21.6917872Z  ^[[32m✓^[[39m src/core/integrations/launchdarkly.server.test.ts ^[[2m(^[[22m^[[2m3 tests^[[22m^[[2m)^[[22m^[[32m 23^[[2mms^[[22m^[[39m
validate-code / unit-tests (test:unit)	UNKNOWN STEP	2026-10-09T09:30:22.8892084Z  ^[[32m✓^[[39m src/features/perpetuals/domain/Order/helpers/OrderBuilder.test.ts ^[[2m(^[[22m^[[2m6 tests^[[22m^[[2m)^[[22m^[[32m 10^[[2mms^[[22m^[[39m
validate-code / unit-tests (test:unit)	UNKNOWN STEP	2026-10-09T09:30:26.0938779Z  ^[[32m✓^[[39m src/components/layout/AppUpdateButton.test.tsx ^[[2m(^[[22m^[[2m4 tests^[[22m^[[2m)^[[22m^[[33m 404^[[2mms^[[22m^[[39m
validate-code / unit-tests (test:unit)	UNKNOWN STEP	2026-10-09T09:30:29.2612635Z  ^[[32m✓^[[39m src/features/ecosystems/components/NetworkSelector/NetworkSelector.test.tsx ^[[2m(^[[22m^[[2m3 tests^[[22m^[[2m)^[[22m^[[32m 274^[[2mms^[[22m^[[39m
validate-code / unit-tests (test:unit)	UNKNOWN STEP	2026-10-09T09:30:30.6653837Z  ^[[32m✓^[[39m src/features/accounts/wallet-accounts.test.ts ^[[2m(^[[22m^[[2m6 tests^[[22m^[[2m)^[[22m^[[32m 10^[[2mms^[[22m^[[39m
validate-code / unit-tests (test:unit)	UNKNOWN STEP	2026-10-09T09:30:31.8786273Z  ^[[32m✓^[[39m src/features/perpetuals/order/utils/buildOrderHeaderStats.test.ts ^[[2m(^[[22m^[[2m3 tests^[[22m^[[2m)^[[22m^[[32m 25^[[2mms^[[22m^[[39m
validate-code / unit-tests (test:unit)	UNKNOWN STEP	2026-10-09T09:30:33.0958649Z  ^[[32m✓^[[39m src/features/portfolio/domain/resolve-trade-market.test.ts ^[[2m(^[[22m^[[2m8 tests^[[22m^[[2m)^[[22m^[[32m 8^[[2mms^[[22m^[[39m
validate-code / unit-tests (test:unit)	UNKNOWN STEP	2026-10-09T09:30:36.3080271Z  ^[[32m✓^[[39m src/features/accounts/components/AddAccountModal.test.tsx ^[[2m(^[[22m^[[2m2 tests^[[22m^[[2m)^[[22m^[[33m 449^[[2mms^[[22m^[[39m
validate-code / unit-tests (test:unit)	UNKNOWN STEP	2026-10-09T09:30:36.3087150Z    ^[[33m^[[2m✓^[[22m^[[39m AddAccountModal^[[2m > ^[[22moffers Coinbase and Binance connect actions without writing tokens to localStorage ^[[33m 361^[[2mms^[[22m^[[39m
validate-code / unit-tests (test:unit)	UNKNOWN STEP	2026-10-09T09:30:37.6762634Z  ^[[32m✓^[[39m src/features/accounts/storage.test.ts ^[[2m(^[[22m^[[2m5 tests^[[22m^[[2m)^[[22m^[[32m 9^[[2mms^[[22m^[[39m
validate-code / unit-tests (test:unit)	UNKNOWN STEP	2026-10-09T09:30:39.0918481Z  ^[[32m✓^[[39m src/features/perpetuals/order/queries/order-queries.open-orders.test.tsx ^[[2m(^[[22m^[[2m1 test^[[22m^[[2m)^[[22m^[[32m 83^[[2mms^[[22m^[[39m
validate-code / unit-tests (test:unit)	UNKNOWN STEP	2026-10-09T09:30:40.2718274Z  ^[[32m✓^[[39m electron/services/app-update-state.test.ts ^[[2m(^[[22m^[[2m6 tests^[[22m^[[2m)^[[22m^[[32m 9^[[2mms^[[22m^[[39m
validate-code / unit-tests (test:unit)	UNKNOWN STEP	2026-10-09T09:30:44.2326610Z ^[[90mstderr^[[2m | src/features/portfolio/components/PortfolioDashboard.test.tsx^[[2m > ^[[22m^[[2mPortfolioDashboard^[[2m > ^[[22m^[[2mshows connect empty state and action buttons
validate-code / unit-tests (test:unit)	UNKNOWN STEP	2026-10-09T09:30:44.2371701Z ^[[22m^[[39mA PressResponder was rendered without a pressable child. Either call the usePress hook, or wrap your DOM node with <Pressable> component.
validate-code / unit-tests (test:unit)	UNKNOWN STEP	2026-10-09T09:30:44.2374181Z A PressResponder was rendered without a pressable child. Either call the usePress hook, or wrap your DOM node with <Pressable> component.
validate-code / unit-tests (test:unit)	UNKNOWN STEP	2026-10-09T09:30:44.2389906Z 
validate-code / unit-tests (test:unit)	UNKNOWN STEP	2026-10-09T09:30:44.5192284Z ^[[90mstderr^[[2m | src/features/portfolio/components/PortfolioDashboard.test.tsx^[[2m > ^[[22m^[[2mPortfolioDashboard^[[2m > ^[[22m^[[2mshows a unified total after a watched address is imported
validate-code / unit-tests (test:unit)	UNKNOWN STEP	2026-10-09T09:30:44.5196268Z ^[[22m^[[39mA PressResponder was rendered without a pressable child. Either call the usePress hook, or wrap your DOM node with <Pressable> component.
validate-code / unit-tests (test:unit)	UNKNOWN STEP	2026-10-09T09:30:44.5198551Z A PressResponder was rendered without a pressable child. Either call the usePress hook, or wrap your DOM node with <Pressable> component.
validate-code / unit-tests (test:unit)	UNKNOWN STEP	2026-10-09T09:30:44.5199992Z 
validate-code / unit-tests (test:unit)	UNKNOWN STEP	2026-10-09T09:30:45.2907143Z ^[[90mstderr^[[2m | src/features/portfolio/components/PortfolioDashboard.test.tsx^[[2m > ^[[22m^[[2mPortfolioDashboard^[[2m > ^[[22m^[[2mhides balances when the visibility toggle is pressed
validate-code / unit-tests (test:unit)	UNKNOWN STEP	2026-10-09T09:30:45.2910270Z ^[[22m^[[39mA PressResponder was rendered without a pressable child. Either call the usePress hook, or wrap your DOM node with <Pressable> component.
validate-code / unit-tests (test:unit)	UNKNOWN STEP	2026-10-09T09:30:45.2912513Z A PressResponder was rendered without a pressable child. Either call the usePress hook, or wrap your DOM node with <Pressable> component.
validate-code / unit-tests (test:unit)	UNKNOWN STEP	2026-10-09T09:30:45.2913679Z 
validate-code / unit-tests (test:unit)	UNKNOWN STEP	2026-10-09T09:30:46.2165479Z  ^[[32m✓^[[39m src/features/portfolio/components/PortfolioDashboard.test.tsx ^[[2m(^[[22m^[[2m3 tests^[[22m^[[2m)^[[22m^[[33m 2347^[[2mms^[[22m^[[39m
validate-code / unit-tests (test:unit)	UNKNOWN STEP	2026-10-09T09:30:46.2258547Z    ^[[33m^[[2m✓^[[22m^[[39m PortfolioDashboard^[[2m > ^[[22mshows connect empty state and action buttons ^[[33m 638^[[2mms^[[22m^[[39m
validate-code / unit-tests (test:unit)	UNKNOWN STEP	2026-10-09T09:30:46.2328691Z    ^[[33m^[[2m✓^[[22m^[[39m PortfolioDashboard^[[2m > ^[[22mshows a unified total after a watched address is imported ^[[33m 791^[[2mms^[[22m^[[39m
validate-code / unit-tests (test:unit)	UNKNOWN STEP	2026-10-09T09:30:46.2373638Z    ^[[33m^[[2m✓^[[22m^[[39m PortfolioDashboard^[[2m > ^[[22mhides balances when the visibility toggle is pressed ^[[33m 909^[[2mms^[[22m^[[39m
validate-code / unit-tests (test:unit)	UNKNOWN STEP	2026-10-09T09:30:47.5342153Z  ^[[32m✓^[[39m src/features/perpetuals/domain/select-drawer-markets.test.ts ^[[2m(^[[22m^[[2m6 tests^[[22m^[[2m)^[[22m^[[32m 9^[[2mms^[[22m^[[39m
validate-code / unit-tests (test:unit)	UNKNOWN STEP	2026-10-09T09:30:50.4794881Z  ^[[32m✓^[[39m src/features/ecosystems/components/Hero.test.tsx ^[[2m(^[[22m^[[2m2 tests^[[22m^[[2m)^[[22m^[[32m 136^[[2mms^[[22m^[[39m
validate-code / unit-tests (test:unit)	UNKNOWN STEP	2026-10-09T09:30:51.8638123Z  ^[[32m✓^[[39m src/features/ramps/ramps-client.test.ts ^[[2m(^[[22m^[[2m2 tests^[[22m^[[2m)^[[22m^[[32m 9^[[2mms^[[22m^[[39m
validate-code / unit-tests (test:unit)	UNKNOWN STEP	2026-10-09T09:30:55.1055278Z  ^[[32m✓^[[39m src/features/perpetuals/order/components/OrderForm/AmountToggleButton/AmountToggleButton.test.tsx ^[[2m(^[[22m^[[2m6 tests^[[22m^[[2m)^[[22m^[[33m 437^[[2mms^[[22m^[[39m
validate-code / unit-tests (test:unit)	UNKNOWN STEP	2026-10-09T09:30:58.4246260Z  ^[[32m✓^[[39m src/features/card/hooks/useCardData.test.tsx ^[[2m(^[[22m^[[2m4 tests^[[22m^[[2m)^[[22m^[[33m 349^[[2mms^[[22m^[[39m
validate-code / unit-tests (test:unit)	UNKNOWN STEP	2026-10-09T09:30:59.8437103Z  ^[[32m✓^[[39m src/features/portfolio/domain/derive-hyperliquid-portfolio.test.ts ^[[2m(^[[22m^[[2m2 tests^[[22m^[[2m)^[[22m^[[32m 8^[[2mms^[[22m^[[39m
validate-code / unit-tests (test:unit)	UNKNOWN STEP	2026-10-09T09:31:03.3739308Z  ^[[32m✓^[[39m src/features/send/components/TransferPage.test.tsx ^[[2m(^[[22m^[[2m2 tests^[[22m^[[2m)^[[22m^[[33m 558^[[2mms^[[22m^[[39m
validate-code / unit-tests (test:unit)	UNKNOWN STEP	2026-10-09T09:31:06.4807352Z  ^[[32m✓^[[39m src/features/card/components/HubspotForm/HubSpotScript.test.tsx ^[[2m(^[[22m^[[2m2 tests^[[22m^[[2m)^[[22m^[[32m 188^[[2mms^[[22m^[[39m
validate-code / unit-tests (test:unit)	UNKNOWN STEP	2026-10-09T09:31:07.8731054Z  ^[[32m✓^[[39m src/features/perpetuals/infra/perps-controller/PerpsControllerSession.test.tsx ^[[2m(^[[22m^[[2m4 tests^[[22m^[[2m)^[[22m^[[32m 32^[[2mms^[[22m^[[39m
validate-code / unit-tests (test:unit)	UNKNOWN STEP	2026-10-09T09:31:09.0995868Z  ^[[32m✓^[[39m src/features/perpetuals/order/utils/deriveOrderMetrics.test.ts ^[[2m(^[[22m^[[2m3 tests^[[22m^[[2m)^[[22m^[[32m 8^[[2mms^[[22m^[[39m
validate-code / unit-tests (test:unit)	UNKNOWN STEP	2026-10-09T09:31:11.7754862Z ^[[90mstderr^[[2m | src/features/perpetuals/order/components/OrderHeader/OrderHeader.hydration.test.tsx^[[2m > ^[[22m^[[2mOrderHeader hydration^[[2m > ^[[22m^[[2mrenders the prefetched price on the server and hydrates without a mismatch
validate-code / unit-tests (test:unit)	UNKNOWN STEP	2026-10-09T09:31:11.7793916Z ^[[22m^[[39mDetected multiple renderers concurrently rendering the same context provider. This is currently unsupported.
validate-code / unit-tests (test:unit)	UNKNOWN STEP	2026-10-09T09:31:11.7796771Z Detected multiple renderers concurrently rendering the same context provider. This is currently unsupported.
validate-code / unit-tests (test:unit)	UNKNOWN STEP	2026-10-09T09:31:11.7821461Z Detected multiple renderers concurrently rendering the same context provider. This is currently unsupported.
validate-code / unit-tests (test:unit)	UNKNOWN STEP	2026-10-09T09:31:11.7823650Z Detected multiple renderers concurrently rendering the same context provider. This is currently unsupported.
validate-code / unit-tests (test:unit)	UNKNOWN STEP	2026-10-09T09:31:11.7841178Z Detected multiple renderers concurrently rendering the same context provider. This is currently unsupported.
validate-code / unit-tests (test:unit)	UNKNOWN STEP	2026-10-09T09:31:11.7845859Z Detected multiple renderers concurrently rendering the same context provider. This is currently unsupported.
validate-code / unit-tests (test:unit)	UNKNOWN STEP	2026-10-09T09:31:11.7848003Z Detected multiple renderers concurrently rendering the same context provider. This is currently unsupported.
validate-code / unit-tests (test:unit)	UNKNOWN STEP	2026-10-09T09:31:11.7850364Z Detected multiple renderers concurrently rendering the same context provider. This is currently unsupported.
validate-code / unit-tests (test:unit)	UNKNOWN STEP	2026-10-09T09:31:11.7852445Z Detected multiple renderers concurrently rendering the same context provider. This is currently unsupported.
validate-code / unit-tests (test:unit)	UNKNOWN STEP	2026-10-09T09:31:11.7854478Z Detected multiple renderers concurrently rendering the same context provider. This is currently unsupported.
validate-code / unit-tests (test:unit)	UNKNOWN STEP	2026-10-09T09:31:11.7856467Z Detected multiple renderers concurrently rendering the same context provider. This is currently unsupported.
validate-code / unit-tests (test:unit)	UNKNOWN STEP	2026-10-09T09:31:11.7858433Z Detected multiple renderers concurrently rendering the same context provider. This is currently unsupported.
validate-code / unit-tests (test:unit)	UNKNOWN STEP	2026-10-09T09:31:11.7860715Z Detected multiple renderers concurrently rendering the same context provider. This is currently unsupported.
validate-code / unit-tests (test:unit)	UNKNOWN STEP	2026-10-09T09:31:11.7862688Z Detected multiple renderers concurrently rendering the same context provider. This is currently unsupported.
validate-code / unit-tests (test:unit)	UNKNOWN STEP	2026-10-09T09:31:11.7864660Z Detected multiple renderers concurrently rendering the same context provider. This is currently unsupported.
validate-code / unit-tests (test:unit)	UNKNOWN STEP	2026-10-09T09:31:11.7866680Z Detected multiple renderers concurrently rendering the same context provider. This is currently unsupported.
validate-code / unit-tests (test:unit)	UNKNOWN STEP	2026-10-09T09:31:11.7868699Z Detected multiple renderers concurrently rendering the same context provider. This is currently unsupported.
validate-code / unit-tests (test:unit)	UNKNOWN STEP	2026-10-09T09:31:11.7870925Z Detected multiple renderers concurrently rendering the same context provider. This is currently unsupported.
validate-code / unit-tests (test:unit)	UNKNOWN STEP	2026-10-09T09:31:11.7871998Z 
validate-code / unit-tests (test:unit)	UNKNOWN STEP	2026-10-09T09:31:11.8129134Z ^[[90mstderr^[[2m | src/features/perpetuals/order/components/OrderHeader/OrderHeader.hydration.test.tsx^[[2m > ^[[22m^[[2mOrderHeader hydration^[[2m > ^[[22m^[[2mrenders the prefetched price on the server and hydrates without a mismatch
validate-code / unit-tests (test:unit)	UNKNOWN STEP	2026-10-09T09:31:11.8151674Z ^[[22m^[[39mThe current testing environment is not configured to support act(...)
validate-code / unit-tests (test:unit)	UNKNOWN STEP	2026-10-09T09:31:11.8189380Z The current testing environment is not configured to support act(...)
validate-code / unit-tests (test:unit)	UNKNOWN STEP	2026-10-09T09:31:11.8195828Z The current testing environment is not configured to support act(...)
validate-code / unit-tests (test:unit)	UNKNOWN STEP	2026-10-09T09:31:11.8197243Z The current testing environment is not configured to support act(...)
validate-code / unit-tests (test:unit)	UNKNOWN STEP	2026-10-09T09:31:11.8219733Z The current testing environment is not configured to support act(...)
validate-code / unit-tests (test:unit)	UNKNOWN STEP	2026-10-09T09:31:11.8221186Z The current testing environment is not configured to support act(...)
validate-code / unit-tests (test:unit)	UNKNOWN STEP	2026-10-09T09:31:11.8222486Z The current testing environment is not configured to support act(...)
validate-code / unit-tests (test:unit)	UNKNOWN STEP	2026-10-09T09:31:11.8224275Z The current testing environment is not configured to support act(...)
validate-code / unit-tests (test:unit)	UNKNOWN STEP	2026-10-09T09:31:11.8225643Z The current testing environment is not configured to support act(...)
validate-code / unit-tests (test:unit)	UNKNOWN STEP	2026-10-09T09:31:11.8226889Z The current testing environment is not configured to support act(...)
validate-code / unit-tests (test:unit)	UNKNOWN STEP	2026-10-09T09:31:11.8281308Z The current testing environment is not configured to support act(...)
validate-code / unit-tests (test:unit)	UNKNOWN STEP	2026-10-09T09:31:11.8294276Z The current testing environment is not configured to support act(...)
validate-code / unit-tests (test:unit)	UNKNOWN STEP	2026-10-09T09:31:11.8299013Z The current testing environment is not configured to support act(...)
validate-code / unit-tests (test:unit)	UNKNOWN STEP	2026-10-09T09:31:11.8300888Z The current testing environment is not configured to support act(...)
validate-code / unit-tests (test:unit)	UNKNOWN STEP	2026-10-09T09:31:11.8302282Z The current testing environment is not configured to support act(...)
validate-code / unit-tests (test:unit)	UNKNOWN STEP	2026-10-09T09:31:11.8303539Z The current testing environment is not configured to support act(...)
validate-code / unit-tests (test:unit)	UNKNOWN STEP	2026-10-09T09:31:11.8305109Z Detected multiple renderers concurrently rendering the same context provider. This is currently unsupported.
validate-code / unit-tests (test:unit)	UNKNOWN STEP	2026-10-09T09:31:11.8306935Z Detected multiple renderers concurrently rendering the same context provider. This is currently unsupported.
validate-code / unit-tests (test:unit)	UNKNOWN STEP	2026-10-09T09:31:11.8308728Z Detected multiple renderers concurrently rendering the same context provider. This is currently unsupported.
validate-code / unit-tests (test:unit)	UNKNOWN STEP	2026-10-09T09:31:11.8310748Z Detected multiple renderers concurrently rendering the same context provider. This is currently unsupported.
validate-code / unit-tests (test:unit)	UNKNOWN STEP	2026-10-09T09:31:11.8312465Z Detected multiple renderers concurrently rendering the same context provider. This is currently unsupported.
validate-code / unit-tests (test:unit)	UNKNOWN STEP	2026-10-09T09:31:11.8314306Z Detected multiple renderers concurrently rendering the same context provider. This is currently unsupported.
validate-code / unit-tests (test:unit)	UNKNOWN STEP	2026-10-09T09:31:11.8316251Z Detected multiple renderers concurrently rendering the same context provider. This is currently unsupported.
validate-code / unit-tests (test:unit)	UNKNOWN STEP	2026-10-09T09:31:11.8318169Z Detected multiple renderers concurrently rendering the same context provider. This is currently unsupported.
validate-code / unit-tests (test:unit)	UNKNOWN STEP	2026-10-09T09:31:11.8320491Z Detected multiple renderers concurrently rendering the same context provider. This is currently unsupported.
validate-code / unit-tests (test:unit)	UNKNOWN STEP	2026-10-09T09:31:11.8322405Z Detected multiple renderers concurrently rendering the same context provider. This is currently unsupported.
validate-code / unit-tests (test:unit)	UNKNOWN STEP	2026-10-09T09:31:11.8324357Z Detected multiple renderers concurrently rendering the same context provider. This is currently unsupported.
validate-code / unit-tests (test:unit)	UNKNOWN STEP	2026-10-09T09:31:11.8326184Z Detected multiple renderers concurrently rendering the same context provider. This is currently unsupported.
validate-code / unit-tests (test:unit)	UNKNOWN STEP	2026-10-09T09:31:11.8328099Z Detected multiple renderers concurrently rendering the same context provider. This is currently unsupported.
validate-code / unit-tests (test:unit)	UNKNOWN STEP	2026-10-09T09:31:11.8330346Z Detected multiple renderers concurrently rendering the same context provider. This is currently unsupported.
validate-code / unit-tests (test:unit)	UNKNOWN STEP	2026-10-09T09:31:11.8332379Z Detected multiple renderers concurrently rendering the same context provider. This is currently unsupported.
validate-code / unit-tests (test:unit)	UNKNOWN STEP	2026-10-09T09:31:11.8334317Z Detected multiple renderers concurrently rendering the same context provider. This is currently unsupported.
validate-code / unit-tests (test:unit)	UNKNOWN STEP	2026-10-09T09:31:11.8336216Z Detected multiple renderers concurrently rendering the same context provider. This is currently unsupported.
validate-code / unit-tests (test:unit)	UNKNOWN STEP	2026-10-09T09:31:11.8337863Z Detected multiple renderers concurrently rendering the same context provider. This is currently unsupported.
validate-code / unit-tests (test:unit)	UNKNOWN STEP	2026-10-09T09:31:11.8340077Z Detected multiple renderers concurrently rendering the same context provider. This is currently unsupported.
validate-code / unit-tests (test:unit)	UNKNOWN STEP	2026-10-09T09:31:11.8341277Z 
validate-code / unit-tests (test:unit)	UNKNOWN STEP	2026-10-09T09:31:11.8420585Z ^[[90mstderr^[[2m | src/features/perpetuals/order/components/OrderHeader/OrderHeader.hydration.test.tsx^[[2m > ^[[22m^[[2mOrderHeader hydration^[[2m > ^[[22m^[[2mrenders the prefetched price on the server and hydrates without a mismatch
validate-code / unit-tests (test:unit)	UNKNOWN STEP	2026-10-09T09:31:11.8433924Z ^[[22m^[[39mThe current testing environment is not configured to support act(...)
validate-code / unit-tests (test:unit)	UNKNOWN STEP	2026-10-09T09:31:11.8435215Z 
validate-code / unit-tests (test:unit)	UNKNOWN STEP	2026-10-09T09:31:11.9798782Z  ^[[32m✓^[[39m src/features/perpetuals/order/components/OrderHeader/OrderHeader.hydration.test.tsx ^[[2m(^[[22m^[[2m1 test^[[22m^[[2m)^[[22m^[[32m 172^[[2mms^[[22m^[[39m
validate-code / unit-tests (test:unit)	UNKNOWN STEP	2026-10-09T09:31:13.2801977Z  ^[[32m✓^[[39m src/features/perpetuals/order/utils/orderSizing.test.ts ^[[2m(^[[22m^[[2m9 tests^[[22m^[[2m)^[[22m^[[32m 14^[[2mms^[[22m^[[39m
validate-code / unit-tests (test:unit)	UNKNOWN STEP	2026-10-09T09:31:14.5036349Z  ^[[32m✓^[[39m src/features/perpetuals/domain/market-watchlist-storage.test.ts ^[[2m(^[[22m^[[2m5 tests^[[22m^[[2m)^[[22m^[[32m 11^[[2mms^[[22m^[[39m
validate-code / unit-tests (test:unit)	UNKNOWN STEP	2026-10-09T09:31:17.6021644Z  ^[[32m✓^[[39m src/components/layout/ElectronMasterBalance.test.tsx ^[[2m(^[[22m^[[2m3 tests^[[22m^[[2m)^[[22m^[[32m 220^[[2mms^[[22m^[[39m
validate-code / unit-tests (test:unit)	UNKNOWN STEP	2026-10-09T09:31:18.8421720Z  ^[[32m✓^[[39m src/features/perpetuals/order/utils/deriveAccountSummary.test.ts ^[[2m(^[[22m^[[2m5 tests^[[22m^[[2m)^[[22m^[[32m 9^[[2mms^[[22m^[[39m
validate-code / unit-tests (test:unit)	UNKNOWN STEP	2026-10-09T09:31:20.0955479Z  ^[[32m✓^[[39m src/features/card/hooks/useEligibleCountries.test.ts ^[[2m(^[[22m^[[2m2 tests^[[22m^[[2m)^[[22m^[[32m 24^[[2mms^[[22m^[[39m
validate-code / unit-tests (test:unit)	UNKNOWN STEP	2026-10-09T09:31:21.2912548Z  ^[[32m✓^[[39m electron/strategies/ema-crossover.test.ts ^[[2m(^[[22m^[[2m2 tests^[[22m^[[2m)^[[22m^[[32m 8^[[2mms^[[22m^[[39m
validate-code / unit-tests (test:unit)	UNKNOWN STEP	2026-10-09T09:31:22.5160693Z  ^[[32m✓^[[39m src/features/tokens/domain/watchlist-storage.test.ts ^[[2m(^[[22m^[[2m3 tests^[[22m^[[2m)^[[22m^[[32m 10^[[2mms^[[22m^[[39m
validate-code / unit-tests (test:unit)	UNKNOWN STEP	2026-10-09T09:31:25.4871244Z  ^[[32m✓^[[39m src/features/tokens/api/token-holders.test.ts ^[[2m(^[[22m^[[2m3 tests^[[22m^[[2m)^[[22m^[[32m 101^[[2mms^[[22m^[[39m
validate-code / unit-tests (test:unit)	UNKNOWN STEP	2026-10-09T09:31:28.7832020Z  ^[[32m✓^[[39m src/features/perpetuals/order/components/OrderHeaderItem/OrderHeaderItem.test.tsx ^[[2m(^[[22m^[[2m4 tests^[[22m^[[2m)^[[22m^[[32m 294^[[2mms^[[22m^[[39m
validate-code / unit-tests (test:unit)	UNKNOWN STEP	2026-10-09T09:31:30.0098025Z  ^[[32m✓^[[39m src/features/perpetuals/infra/perps-controller/agent-key-store.test.ts ^[[2m(^[[22m^[[2m2 tests^[[22m^[[2m)^[[22m^[[32m 10^[[2mms^[[22m^[[39m
validate-code / unit-tests (test:unit)	UNKNOWN STEP	2026-10-09T09:31:31.2441820Z  ^[[32m✓^[[39m electron/services/hyperliquid-order-intents.test.ts ^[[2m(^[[22m^[[2m2 tests^[[22m^[[2m)^[[22m^[[32m 8^[[2mms^[[22m^[[39m
validate-code / unit-tests (test:unit)	UNKNOWN STEP	2026-10-09T09:31:35.1599030Z  ^[[32m✓^[[39m src/features/portfolio/components/tabs/TokensTab.test.tsx ^[[2m(^[[22m^[[2m2 tests^[[22m^[[2m)^[[22m^[[33m 816^[[2mms^[[22m^[[39m
validate-code / unit-tests (test:unit)	UNKNOWN STEP	2026-10-09T09:31:35.1606800Z    ^[[33m^[[2m✓^[[22m^[[39m TokensTab^[[2m > ^[[22mshows aggregated token rows for a watched account ^[[33m 460^[[2mms^[[22m^[[39m
validate-code / unit-tests (test:unit)	UNKNOWN STEP	2026-10-09T09:31:35.1608794Z    ^[[33m^[[2m✓^[[22m^[[39m TokensTab^[[2m > ^[[22mnavigates to the network token page when a token row is activated ^[[33m 351^[[2mms^[[22m^[[39m
validate-code / unit-tests (test:unit)	UNKNOWN STEP	2026-10-09T09:31:38.0944022Z  ^[[32m✓^[[39m src/features/explorer/api/block-detail.test.ts ^[[2m(^[[22m^[[2m3 tests^[[22m^[[2m)^[[22m^[[32m 88^[[2mms^[[22m^[[39m
validate-code / unit-tests (test:unit)	UNKNOWN STEP	2026-10-09T09:31:41.2032287Z  ^[[32m✓^[[39m src/features/ecosystems/components/MobileDetectionButton/MobileDetectionButton.test.tsx ^[[2m(^[[22m^[[2m2 tests^[[22m^[[2m)^[[22m^[[32m 248^[[2mms^[[22m^[[39m
validate-code / unit-tests (test:unit)	UNKNOWN STEP	2026-10-09T09:31:44.4721667Z  ^[[32m✓^[[39m src/features/perpetuals/order/components/OrderForm/TradingAccountCard.test.tsx ^[[2m(^[[22m^[[2m2 tests^[[22m^[[2m)^[[22m^[[32m 121^[[2mms^[[22m^[[39m
validate-code / unit-tests (test:unit)	UNKNOWN STEP	2026-10-09T09:31:45.6854279Z  ^[[32m✓^[[39m src/core/config/pilot-routes.test.ts ^[[2m(^[[22m^[[2m4 tests^[[22m^[[2m)^[[22m^[[32m 9^[[2mms^[[22m^[[39m
validate-code / unit-tests (test:unit)	UNKNOWN STEP	2026-10-09T09:31:46.8959382Z  ^[[32m✓^[[39m src/features/perpetuals/domain/filter-and-sort-markets.test.ts ^[[2m(^[[22m^[[2m2 tests^[[22m^[[2m)^[[22m^[[32m 8^[[2mms^[[22m^[[39m
validate-code / unit-tests (test:unit)	UNKNOWN STEP	2026-10-09T09:31:48.8126066Z  ^[[32m✓^[[39m src/features/portfolio/queries/use-unified-portfolio.test.ts ^[[2m(^[[22m^[[2m2 tests^[[22m^[[2m)^[[22m^[[32m 8^[[2mms^[[22m^[[39m
validate-code / unit-tests (test:unit)	UNKNOWN STEP	2026-10-09T09:31:50.1646367Z  ^[[32m✓^[[39m src/lib/hyperliquid/fee-tier.test.ts ^[[2m(^[[22m^[[2m4 tests^[[22m^[[2m)^[[22m^[[32m 8^[[2mms^[[22m^[[39m
validate-code / unit-tests (test:unit)	UNKNOWN STEP	2026-10-09T09:31:53.2131289Z  ^[[32m✓^[[39m src/features/cex/components/CexTransferPanel.test.tsx ^[[2m(^[[22m^[[2m1 test^[[22m^[[2m)^[[22m^[[32m 255^[[2mms^[[22m^[[39m
validate-code / unit-tests (test:unit)	UNKNOWN STEP	2026-10-09T09:31:57.1546149Z  ^[[32m✓^[[39m src/features/portfolio/components/PortfolioFilters.test.tsx ^[[2m(^[[22m^[[2m1 test^[[22m^[[2m)^[[22m^[[33m 744^[[2mms^[[22m^[[39m
validate-code / unit-tests (test:unit)	UNKNOWN STEP	2026-10-09T09:31:57.1548564Z    ^[[33m^[[2m✓^[[22m^[[39m PortfolioFilters^[[2m > ^[[22mopens account and network menus with Portfolio-style labels ^[[33m 738^[[2mms^[[22m^[[39m
validate-code / unit-tests (test:unit)	UNKNOWN STEP	2026-10-09T09:31:59.9731959Z  ^[[32m✓^[[39m src/features/tokens/api/trending-tokens.test.ts ^[[2m(^[[22m^[[2m3 tests^[[22m^[[2m)^[[22m^[[32m 92^[[2mms^[[22m^[[39m
validate-code / unit-tests (test:unit)	UNKNOWN STEP	2026-10-09T09:32:01.3747643Z  ^[[32m✓^[[39m src/features/cex/domain/derive-cex-portfolio.test.ts ^[[2m(^[[22m^[[2m1 test^[[22m^[[2m)^[[22m^[[32m 8^[[2mms^[[22m^[[39m
validate-code / unit-tests (test:unit)	UNKNOWN STEP	2026-10-09T09:32:04.4404437Z  ^[[32m✓^[[39m src/features/perpetuals/order/components/OrderBook/OrderBookSpread.test.tsx ^[[2m(^[[22m^[[2m6 tests^[[22m^[[2m)^[[22m^[[33m 304^[[2mms^[[22m^[[39m
validate-code / unit-tests (test:unit)	UNKNOWN STEP	2026-10-09T09:32:05.8266182Z  ^[[32m✓^[[39m src/features/card/services/card.service.test.ts ^[[2m(^[[22m^[[2m3 tests^[[22m^[[2m)^[[22m^[[32m 11^[[2mms^[[22m^[[39m
validate-code / unit-tests (test:unit)	UNKNOWN STEP	2026-10-09T09:32:08.6462813Z  ^[[32m✓^[[39m src/features/explorer/api/decode-input.test.ts ^[[2m(^[[22m^[[2m3 tests^[[22m^[[2m)^[[22m^[[32m 31^[[2mms^[[22m^[[39m
validate-code / unit-tests (test:unit)	UNKNOWN STEP	2026-10-09T09:32:09.8617527Z  ^[[32m✓^[[39m src/features/perpetuals/order/utils/persist-order-draft.test.ts ^[[2m(^[[22m^[[2m3 tests^[[22m^[[2m)^[[22m^[[32m 9^[[2mms^[[22m^[[39m
validate-code / unit-tests (test:unit)	UNKNOWN STEP	2026-10-09T09:32:13.1106575Z  ^[[32m✓^[[39m src/features/stake/components/StakePage.test.tsx ^[[2m(^[[22m^[[2m1 test^[[22m^[[2m)^[[22m^[[33m 379^[[2mms^[[22m^[[39m
validate-code / unit-tests (test:unit)	UNKNOWN STEP	2026-10-09T09:32:13.1112954Z    ^[[33m^[[2m✓^[[22m^[[39m StakePage^[[2m > ^[[22mopens a review dialog and continues in MetaMask ^[[33m 373^[[2mms^[[22m^[[39m
validate-code / unit-tests (test:unit)	UNKNOWN STEP	2026-10-09T09:32:14.3492158Z  ^[[32m✓^[[39m src/features/tokens/domain/format-token-market.test.ts ^[[2m(^[[22m^[[2m9 tests^[[22m^[[2m)^[[22m^[[32m 23^[[2mms^[[22m^[[39m
validate-code / unit-tests (test:unit)	UNKNOWN STEP	2026-10-09T09:32:15.7002843Z  ^[[32m✓^[[39m src/features/perpetuals/order/hooks/useFundingCountdown.test.ts ^[[2m(^[[22m^[[2m4 tests^[[22m^[[2m)^[[22m^[[32m 33^[[2mms^[[22m^[[39m
validate-code / unit-tests (test:unit)	UNKNOWN STEP	2026-10-09T09:32:18.6966290Z  ^[[32m✓^[[39m src/features/tokens/components/TokenSearchPage/TokenSearchPage.test.tsx ^[[2m(^[[22m^[[2m2 tests^[[22m^[[2m)^[[22m^[[32m 234^[[2mms^[[22m^[[39m
validate-code / unit-tests (test:unit)	UNKNOWN STEP	2026-10-09T09:32:22.0065431Z  ^[[32m✓^[[39m src/features/perpetuals/order/components/OrderForm/OrderParametersModals/OrderFormMarginModeEditor.test.tsx ^[[2m(^[[22m^[[2m2 tests^[[22m^[[2m)^[[22m^[[33m 398^[[2mms^[[22m^[[39m
validate-code / unit-tests (test:unit)	UNKNOWN STEP	2026-10-09T09:32:23.3183955Z  ^[[32m✓^[[39m src/core/cex/session-crypto.test.ts ^[[2m(^[[22m^[[2m2 tests^[[22m^[[2m)^[[22m^[[32m 125^[[2mms^[[22m^[[39m
validate-code / unit-tests (test:unit)	UNKNOWN STEP	2026-10-09T09:32:26.8255249Z  ^[[32m✓^[[39m src/features/portfolio/components/PortfolioActionBar.test.tsx ^[[2m(^[[22m^[[2m2 tests^[[22m^[[2m)^[[22m^[[33m 649^[[2mms^[[22m^[[39m
validate-code / unit-tests (test:unit)	UNKNOWN STEP	2026-10-09T09:32:26.8264360Z    ^[[33m^[[2m✓^[[22m^[[39m PortfolioActionBar^[[2m > ^[[22mopens the wallet deeplink for swap and routes MetaMask buy ^[[33m 445^[[2mms^[[22m^[[39m
validate-code / unit-tests (test:unit)	UNKNOWN STEP	2026-10-09T09:32:29.8636197Z  ^[[32m✓^[[39m src/features/auth/components/login-button.test.tsx ^[[2m(^[[22m^[[2m2 tests^[[22m^[[2m)^[[22m^[[32m 184^[[2mms^[[22m^[[39m
validate-code / unit-tests (test:unit)	UNKNOWN STEP	2026-10-09T09:32:32.8187238Z  ^[[32m✓^[[39m src/features/explorer/api/transaction-detail.test.ts ^[[2m(^[[22m^[[2m3 tests^[[22m^[[2m)^[[22m^[[32m 176^[[2mms^[[22m^[[39m
validate-code / unit-tests (test:unit)	UNKNOWN STEP	2026-10-09T09:32:35.2440650Z ^[[90mstderr^[[2m | src/features/trade/components/TrendingPerpsRow/TrendingPerpsRow.hydration.test.tsx^[[2m > ^[[22m^[[2mTrendingPerpsRow hydration^[[2m > ^[[22m^[[2mserver-renders the prefetched markets and hydrates without a mismatch
validate-code / unit-tests (test:unit)	UNKNOWN STEP	2026-10-09T09:32:35.2443670Z ^[[22m^[[39mDetected multiple renderers concurrently rendering the same context provider. This is currently unsupported.
validate-code / unit-tests (test:unit)	UNKNOWN STEP	2026-10-09T09:32:35.2445029Z 
validate-code / unit-tests (test:unit)	UNKNOWN STEP	2026-10-09T09:32:35.2606112Z ^[[90mstderr^[[2m | src/features/trade/components/TrendingPerpsRow/TrendingPerpsRow.hydration.test.tsx^[[2m > ^[[22m^[[2mTrendingPerpsRow hydration^[[2m > ^[[22m^[[2mserver-renders the prefetched markets and hydrates without a mismatch
validate-code / unit-tests (test:unit)	UNKNOWN STEP	2026-10-09T09:32:35.2621832Z ^[[22m^[[39mDetected multiple renderers concurrently rendering the same context provider. This is currently unsupported.
validate-code / unit-tests (test:unit)	UNKNOWN STEP	2026-10-09T09:32:35.2627645Z 
validate-code / unit-tests (test:unit)	UNKNOWN STEP	2026-10-09T09:32:35.2684640Z ^[[90mstderr^[[2m | src/features/trade/components/TrendingPerpsRow/TrendingPerpsRow.hydration.test.tsx^[[2m > ^[[22m^[[2mTrendingPerpsRow hydration^[[2m > ^[[22m^[[2mserver-renders the prefetched markets and hydrates without a mismatch
validate-code / unit-tests (test:unit)	UNKNOWN STEP	2026-10-09T09:32:35.2688247Z ^[[22m^[[39mThe current testing environment is not configured to support act(...)
validate-code / unit-tests (test:unit)	UNKNOWN STEP	2026-10-09T09:32:35.2689279Z 
validate-code / unit-tests (test:unit)	UNKNOWN STEP	2026-10-09T09:32:35.3853445Z  ^[[32m✓^[[39m src/features/trade/components/TrendingPerpsRow/TrendingPerpsRow.hydration.test.tsx ^[[2m(^[[22m^[[2m1 test^[[22m^[[2m)^[[22m^[[32m 110^[[2mms^[[22m^[[39m
validate-code / unit-tests (test:unit)	UNKNOWN STEP	2026-10-09T09:32:36.7236736Z  ^[[32m✓^[[39m src/features/perpetuals/infra/useActivePerpsProvider.test.ts ^[[2m(^[[22m^[[2m3 tests^[[22m^[[2m)^[[22m^[[32m 27^[[2mms^[[22m^[[39m
validate-code / unit-tests (test:unit)	UNKNOWN STEP	2026-10-09T09:32:37.9141495Z  ^[[32m✓^[[39m src/features/tokens/domain/token-page-query.test.ts ^[[2m(^[[22m^[[2m3 tests^[[22m^[[2m)^[[22m^[[32m 9^[[2mms^[[22m^[[39m
validate-code / unit-tests (test:unit)	UNKNOWN STEP	2026-10-09T09:32:41.4852881Z  ^[[32m✓^[[39m src/app/settings/page.test.tsx ^[[2m(^[[22m^[[2m2 tests^[[22m^[[2m)^[[22m^[[33m 487^[[2mms^[[22m^[[39m
validate-code / unit-tests (test:unit)	UNKNOWN STEP	2026-10-09T09:32:41.4854563Z    ^[[33m^[[2m✓^[[22m^[[39m SettingsPage^[[2m > ^[[22mhas no accessibility violations ^[[33m 305^[[2mms^[[22m^[[39m
validate-code / unit-tests (test:unit)	UNKNOWN STEP	2026-10-09T09:32:44.5874334Z  ^[[32m✓^[[39m src/features/explorer/components/TxInputData/TxInputData.test.tsx ^[[2m(^[[22m^[[2m1 test^[[22m^[[2m)^[[22m^[[32m 263^[[2mms^[[22m^[[39m
validate-code / unit-tests (test:unit)	UNKNOWN STEP	2026-10-09T09:32:47.5657254Z  ^[[32m✓^[[39m src/features/card/components/CardFeatureCard/CardFeatureCard.test.tsx ^[[2m(^[[22m^[[2m3 tests^[[22m^[[2m)^[[22m^[[32m 227^[[2mms^[[22m^[[39m
validate-code / unit-tests (test:unit)	UNKNOWN STEP	2026-10-09T09:32:48.9057346Z  ^[[32m✓^[[39m src/features/perpetuals/order/components/OrderBook/getDecimalPlaces.test.ts ^[[2m(^[[22m^[[2m8 tests^[[22m^[[2m)^[[22m^[[32m 7^[[2mms^[[22m^[[39m
validate-code / unit-tests (test:unit)	UNKNOWN STEP	2026-10-09T09:32:52.0070841Z  ^[[32m✓^[[39m src/components/ui/SegmentedControl/SegmentedControl.test.tsx ^[[2m(^[[22m^[[2m2 tests^[[22m^[[2m)^[[22m^[[32m 283^[[2mms^[[22m^[[39m
validate-code / unit-tests (test:unit)	UNKNOWN STEP	2026-10-09T09:32:55.1869166Z  ^[[32m✓^[[39m src/features/tokens/components/TokenHoldersTable/TokenHoldersTable.test.tsx ^[[2m(^[[22m^[[2m1 test^[[22m^[[2m)^[[22m^[[32m 298^[[2mms^[[22m^[[39m
validate-code / unit-tests (test:unit)	UNKNOWN STEP	2026-10-09T09:32:56.4071349Z  ^[[32m✓^[[39m src/app/api/accounts/[...path]/route.test.ts ^[[2m(^[[22m^[[2m1 test^[[22m^[[2m)^[[22m^[[32m 14^[[2mms^[[22m^[[39m
validate-code / unit-tests (test:unit)	UNKNOWN STEP	2026-10-09T09:32:59.2328114Z  ^[[32m✓^[[39m src/features/tokens/api/token-search.test.ts ^[[2m(^[[22m^[[2m3 tests^[[22m^[[2m)^[[22m^[[32m 79^[[2mms^[[22m^[[39m
validate-code / unit-tests (test:unit)	UNKNOWN STEP	2026-10-09T09:33:02.0315256Z  ^[[32m✓^[[39m src/features/perpetuals/order/components/OrderForm/OrderFormSummary/MMPointsTooltipContent.test.tsx ^[[2m(^[[22m^[[2m1 test^[[22m^[[2m)^[[22m^[[32m 92^[[2mms^[[22m^[[39m
validate-code / unit-tests (test:unit)	UNKNOWN STEP	2026-10-09T09:33:03.9107019Z  ^[[32m✓^[[39m src/core/clients/accounts-api/AccountsApiClient.test.ts ^[[2m(^[[22m^[[2m4 tests^[[22m^[[2m)^[[22m^[[33m 338^[[2mms^[[22m^[[39m
validate-code / unit-tests (test:unit)	UNKNOWN STEP	2026-10-09T09:33:06.9706625Z  ^[[32m✓^[[39m src/components/ui/InlineOptionTabs/InlineOptionTabs.test.tsx ^[[2m(^[[22m^[[2m2 tests^[[22m^[[2m)^[[22m^[[32m 281^[[2mms^[[22m^[[39m
validate-code / unit-tests (test:unit)	UNKNOWN STEP	2026-10-09T09:33:08.1691377Z  ^[[32m✓^[[39m src/features/tokens/domain/decode-transfer.test.ts ^[[2m(^[[22m^[[2m6 tests^[[22m^[[2m)^[[22m^[[32m 22^[[2mms^[[22m^[[39m
validate-code / unit-tests (test:unit)	UNKNOWN STEP	2026-10-09T09:33:09.3449078Z  ^[[32m✓^[[39m src/features/explorer/api/internal-transactions.test.ts ^[[2m(^[[22m^[[2m2 tests^[[22m^[[2m)^[[22m^[[32m 9^[[2mms^[[22m^[[39m
validate-code / unit-tests (test:unit)	UNKNOWN STEP	2026-10-09T09:33:10.5022982Z  ^[[32m✓^[[39m src/features/perpetuals/order/utils/calculateLiquidationPrice.test.ts ^[[2m(^[[22m^[[2m4 tests^[[22m^[[2m)^[[22m^[[32m 7^[[2mms^[[22m^[[39m
validate-code / unit-tests (test:unit)	UNKNOWN STEP	2026-10-09T09:33:11.6604741Z  ^[[32m✓^[[39m src/features/explorer/domain/address-routes.test.ts ^[[2m(^[[22m^[[2m4 tests^[[22m^[[2m)^[[22m^[[32m 8^[[2mms^[[22m^[[39m
validate-code / unit-tests (test:unit)	UNKNOWN STEP	2026-10-09T09:33:12.8384238Z  ^[[32m✓^[[39m src/features/portfolio/token-icon.test.ts ^[[2m(^[[22m^[[2m4 tests^[[22m^[[2m)^[[22m^[[32m 7^[[2mms^[[22m^[[39m
validate-code / unit-tests (test:unit)	UNKNOWN STEP	2026-10-09T09:33:14.0032961Z  ^[[32m✓^[[39m src/features/ecosystems/utils/isValidNextImageSrc.test.ts ^[[2m(^[[22m^[[2m5 tests^[[22m^[[2m)^[[22m^[[32m 8^[[2mms^[[22m^[[39m
validate-code / unit-tests (test:unit)	UNKNOWN STEP	2026-10-09T09:33:15.1585966Z  ^[[32m✓^[[39m src/features/tokens/domain/wallet-swap-url.test.ts ^[[2m(^[[22m^[[2m3 tests^[[22m^[[2m)^[[22m^[[32m 9^[[2mms^[[22m^[[39m
validate-code / unit-tests (test:unit)	UNKNOWN STEP	2026-10-09T09:33:18.5434806Z  ^[[32m✓^[[39m src/features/bots/components/RenameBotButton.test.tsx ^[[2m(^[[22m^[[2m1 test^[[22m^[[2m)^[[22m^[[33m 597^[[2mms^[[22m^[[39m
validate-code / unit-tests (test:unit)	UNKNOWN STEP	2026-10-09T09:33:18.5441057Z    ^[[33m^[[2m✓^[[22m^[[39m RenameBotButton^[[2m > ^[[22mrenames a bot with trimmed input ^[[33m 592^[[2mms^[[22m^[[39m
validate-code / unit-tests (test:unit)	UNKNOWN STEP	2026-10-09T09:33:21.4861301Z  ^[[32m✓^[[39m src/features/perpetuals/order/components/OrderForm/OrderFormErrorBoundary/OrderFormErrorBoundary.test.tsx ^[[2m(^[[22m^[[2m2 tests^[[22m^[[2m)^[[22m^[[32m 194^[[2mms^[[22m^[[39m
validate-code / unit-tests (test:unit)	UNKNOWN STEP	2026-10-09T09:33:22.7949952Z  ^[[32m✓^[[39m src/features/tokens/api/explore-snapshot.test.ts ^[[2m(^[[22m^[[2m2 tests^[[22m^[[2m)^[[22m^[[32m 129^[[2mms^[[22m^[[39m
validate-code / unit-tests (test:unit)	UNKNOWN STEP	2026-10-09T09:33:25.7048851Z  ^[[32m✓^[[39m src/features/tokens/components/TokenPriceChart/TokenPriceChart.test.tsx ^[[2m(^[[22m^[[2m2 tests^[[22m^[[2m)^[[22m^[[32m 111^[[2mms^[[22m^[[39m
validate-code / unit-tests (test:unit)	UNKNOWN STEP	2026-10-09T09:33:26.9077379Z  ^[[32m✓^[[39m src/features/explorer/domain/block-routes.test.ts ^[[2m(^[[22m^[[2m3 tests^[[22m^[[2m)^[[22m^[[32m 7^[[2mms^[[22m^[[39m
validate-code / unit-tests (test:unit)	UNKNOWN STEP	2026-10-09T09:33:28.2417530Z  ^[[32m✓^[[39m src/features/tokens/api/token-activity.test.ts ^[[2m(^[[22m^[[2m2 tests^[[22m^[[2m)^[[22m^[[32m 153^[[2mms^[[22m^[[39m
validate-code / unit-tests (test:unit)	UNKNOWN STEP	2026-10-09T09:33:31.5294723Z  ^[[32m✓^[[39m src/components/ui/AvatarAccount/AvatarAccount.test.tsx ^[[2m(^[[22m^[[2m2 tests^[[22m^[[2m)^[[22m^[[32m 238^[[2mms^[[22m^[[39m
validate-code / unit-tests (test:unit)	UNKNOWN STEP	2026-10-09T09:33:32.8388321Z  ^[[32m✓^[[39m src/lib/hyperliquid/account-balances.test.ts ^[[2m(^[[22m^[[2m3 tests^[[22m^[[2m)^[[22m^[[32m 7^[[2mms^[[22m^[[39m
validate-code / unit-tests (test:unit)	UNKNOWN STEP	2026-10-09T09:33:34.0226005Z  ^[[32m✓^[[39m src/features/tokens/domain/token-routes.test.ts ^[[2m(^[[22m^[[2m4 tests^[[22m^[[2m)^[[22m^[[32m 8^[[2mms^[[22m^[[39m
validate-code / unit-tests (test:unit)	UNKNOWN STEP	2026-10-09T09:33:35.2156769Z  ^[[32m✓^[[39m src/features/tokens/domain/token-security.test.ts ^[[2m(^[[22m^[[2m3 tests^[[22m^[[2m)^[[22m^[[32m 7^[[2mms^[[22m^[[39m
validate-code / unit-tests (test:unit)	UNKNOWN STEP	2026-10-09T09:33:36.4192090Z  ^[[32m✓^[[39m src/features/tokens/domain/parse-token-route.test.ts ^[[2m(^[[22m^[[2m3 tests^[[22m^[[2m)^[[22m^[[32m 8^[[2mms^[[22m^[[39m
validate-code / unit-tests (test:unit)	UNKNOWN STEP	2026-10-09T09:33:39.4307614Z  ^[[32m✓^[[39m src/features/tokens/components/WalletSwapLink/WalletSwapLink.test.tsx ^[[2m(^[[22m^[[2m1 test^[[22m^[[2m)^[[22m^[[32m 208^[[2mms^[[22m^[[39m
validate-code / unit-tests (test:unit)	UNKNOWN STEP	2026-10-09T09:33:40.6280756Z  ^[[32m✓^[[39m src/features/perpetuals/utils/deriveChangeMeta.test.ts ^[[2m(^[[22m^[[2m3 tests^[[22m^[[2m)^[[22m^[[32m 22^[[2mms^[[22m^[[39m
validate-code / unit-tests (test:unit)	UNKNOWN STEP	2026-10-09T09:33:41.8302409Z  ^[[32m✓^[[39m src/features/perpetuals/order/utils/orderFormatters.test.ts ^[[2m(^[[22m^[[2m5 tests^[[22m^[[2m)^[[22m^[[32m 21^[[2mms^[[22m^[[39m
validate-code / unit-tests (test:unit)	UNKNOWN STEP	2026-10-09T09:33:43.0313007Z  ^[[32m✓^[[39m src/features/tokens/domain/search-perpetual-markets.test.ts ^[[2m(^[[22m^[[2m3 tests^[[22m^[[2m)^[[22m^[[32m 8^[[2mms^[[22m^[[39m
validate-code / unit-tests (test:unit)	UNKNOWN STEP	2026-10-09T09:33:44.2437938Z  ^[[32m✓^[[39m src/features/portfolio/hide-balances.test.ts ^[[2m(^[[22m^[[2m2 tests^[[22m^[[2m)^[[22m^[[32m 11^[[2mms^[[22m^[[39m
validate-code / unit-tests (test:unit)	UNKNOWN STEP	2026-10-09T09:33:45.4272662Z  ^[[32m✓^[[39m src/features/explorer/domain/tx-routes.test.ts ^[[2m(^[[22m^[[2m3 tests^[[22m^[[2m)^[[22m^[[32m 7^[[2mms^[[22m^[[39m
validate-code / unit-tests (test:unit)	UNKNOWN STEP	2026-10-09T09:33:46.6864813Z  ^[[32m✓^[[39m src/features/perpetuals/utils/deriveFundingMeta.test.ts ^[[2m(^[[22m^[[2m3 tests^[[22m^[[2m)^[[22m^[[32m 23^[[2mms^[[22m^[[39m
validate-code / unit-tests (test:unit)	UNKNOWN STEP	2026-10-09T09:33:47.8583254Z  ^[[32m✓^[[39m src/lib/open-external-url.test.ts ^[[2m(^[[22m^[[2m2 tests^[[22m^[[2m)^[[22m^[[32m 8^[[2mms^[[22m^[[39m
validate-code / unit-tests (test:unit)	UNKNOWN STEP	2026-10-09T09:33:51.0121803Z  ^[[32m✓^[[39m src/features/perpetuals/order/components/OrderForm/BotStrategyCta/BotStrategyCta.test.tsx ^[[2m(^[[22m^[[2m3 tests^[[22m^[[2m)^[[22m^[[32m 266^[[2mms^[[22m^[[39m
validate-code / unit-tests (test:unit)	UNKNOWN STEP	2026-10-09T09:33:52.9684985Z  ^[[32m✓^[[39m src/features/tokens/api/token-detail.test.ts ^[[2m(^[[22m^[[2m2 tests^[[22m^[[2m)^[[22m^[[32m 120^[[2mms^[[22m^[[39m
validate-code / unit-tests (test:unit)	UNKNOWN STEP	2026-10-09T09:33:54.1989120Z  ^[[32m✓^[[39m src/features/explorer/domain/format-tx.test.ts ^[[2m(^[[22m^[[2m3 tests^[[22m^[[2m)^[[22m^[[32m 24^[[2mms^[[22m^[[39m
validate-code / unit-tests (test:unit)	UNKNOWN STEP	2026-10-09T09:33:57.3074216Z  ^[[32m✓^[[39m src/features/tax/TaxHubPage.test.tsx ^[[2m(^[[22m^[[2m1 test^[[22m^[[2m)^[[22m^[[32m 271^[[2mms^[[22m^[[39m
validate-code / unit-tests (test:unit)	UNKNOWN STEP	2026-10-09T09:33:58.5069820Z  ^[[32m✓^[[39m src/features/tokens/domain/token-description.test.ts ^[[2m(^[[22m^[[2m4 tests^[[22m^[[2m)^[[22m^[[32m 7^[[2mms^[[22m^[[39m
validate-code / unit-tests (test:unit)	UNKNOWN STEP	2026-10-09T09:33:59.7006663Z  ^[[32m✓^[[39m src/features/perpetuals/utils/formatPercentage.test.ts ^[[2m(^[[22m^[[2m5 tests^[[22m^[[2m)^[[22m^[[32m 21^[[2mms^[[22m^[[39m
validate-code / unit-tests (test:unit)	UNKNOWN STEP	2026-10-09T09:34:00.8606676Z  ^[[32m✓^[[39m src/features/tokens/domain/parse-asset-id.test.ts ^[[2m(^[[22m^[[2m3 tests^[[22m^[[2m)^[[22m^[[32m 8^[[2mms^[[22m^[[39m
validate-code / unit-tests (test:unit)	UNKNOWN STEP	2026-10-09T09:34:02.0600624Z  ^[[32m✓^[[39m src/features/ecosystems/utils/formatDateRange.test.ts ^[[2m(^[[22m^[[2m3 tests^[[22m^[[2m)^[[22m^[[32m 7^[[2mms^[[22m^[[39m
validate-code / unit-tests (test:unit)	UNKNOWN STEP	2026-10-09T09:34:03.2443083Z  ^[[32m✓^[[39m src/features/perpetuals/order/components/TradeActivityPanel/close-all-mark-price.test.ts ^[[2m(^[[22m^[[2m5 tests^[[22m^[[2m)^[[22m^[[32m 7^[[2mms^[[22m^[[39m
validate-code / unit-tests (test:unit)	UNKNOWN STEP	2026-10-09T09:34:04.5277309Z  ^[[32m✓^[[39m src/features/tokens/api/token-history.test.ts ^[[2m(^[[22m^[[2m2 tests^[[22m^[[2m)^[[22m^[[32m 53^[[2mms^[[22m^[[39m
validate-code / unit-tests (test:unit)	UNKNOWN STEP	2026-10-09T09:34:05.7376997Z  ^[[32m✓^[[39m src/app/api/cex/origin.test.ts ^[[2m(^[[22m^[[2m2 tests^[[22m^[[2m)^[[22m^[[32m 11^[[2mms^[[22m^[[39m
validate-code / unit-tests (test:unit)	UNKNOWN STEP	2026-10-09T09:34:08.4585693Z  ^[[32m✓^[[39m src/features/send/components/ReceiveAddressQr.test.tsx ^[[2m(^[[22m^[[2m1 test^[[22m^[[2m)^[[22m^[[32m 83^[[2mms^[[22m^[[39m
validate-code / unit-tests (test:unit)	UNKNOWN STEP	2026-10-09T09:34:09.8676280Z  ^[[32m✓^[[39m src/features/tokens/api/watchlist-tokens.test.ts ^[[2m(^[[22m^[[2m2 tests^[[22m^[[2m)^[[22m^[[32m 78^[[2mms^[[22m^[[39m
validate-code / unit-tests (test:unit)	UNKNOWN STEP	2026-10-09T09:34:11.0386597Z  ^[[32m✓^[[39m src/features/perpetuals/utils/toNumber.test.ts ^[[2m(^[[22m^[[2m5 tests^[[22m^[[2m)^[[22m^[[32m 7^[[2mms^[[22m^[[39m
validate-code / unit-tests (test:unit)	UNKNOWN STEP	2026-10-09T09:34:12.2297671Z  ^[[32m✓^[[39m src/features/perpetuals/utils/formatUsd.test.ts ^[[2m(^[[22m^[[2m4 tests^[[22m^[[2m)^[[22m^[[32m 21^[[2mms^[[22m^[[39m
validate-code / unit-tests (test:unit)	UNKNOWN STEP	2026-10-09T09:34:13.4423786Z  ^[[32m✓^[[39m src/features/tokens/domain/explore-movers.test.ts ^[[2m(^[[22m^[[2m1 test^[[22m^[[2m)^[[22m^[[32m 7^[[2mms^[[22m^[[39m
validate-code / unit-tests (test:unit)	UNKNOWN STEP	2026-10-09T09:34:16.5139061Z  ^[[32m✓^[[39m src/features/ramps/components/RampPage.test.tsx ^[[2m(^[[22m^[[2m1 test^[[22m^[[2m)^[[22m^[[32m 234^[[2mms^[[22m^[[39m
validate-code / unit-tests (test:unit)	UNKNOWN STEP	2026-10-09T09:34:17.7984060Z  ^[[32m✓^[[39m src/features/tokens/api/token-insights.test.ts ^[[2m(^[[22m^[[2m1 test^[[22m^[[2m)^[[22m^[[32m 87^[[2mms^[[22m^[[39m
validate-code / unit-tests (test:unit)	UNKNOWN STEP	2026-10-09T09:34:18.9789081Z  ^[[32m✓^[[39m src/features/perpetuals/order/utils/limit-price.test.ts ^[[2m(^[[22m^[[2m2 tests^[[22m^[[2m)^[[22m^[[32m 6^[[2mms^[[22m^[[39m
validate-code / unit-tests (test:unit)	UNKNOWN STEP	2026-10-09T09:34:20.1686844Z  ^[[32m✓^[[39m src/features/ecosystems/utils/isValidNetwork.test.ts ^[[2m(^[[22m^[[2m4 tests^[[22m^[[2m)^[[22m^[[32m 7^[[2mms^[[22m^[[39m
validate-code / unit-tests (test:unit)	UNKNOWN STEP	2026-10-09T09:34:22.2181964Z  ^[[32m✓^[[39m src/core/shortcuts/ShortcutsProvider.test.tsx ^[[2m(^[[22m^[[2m1 test^[[22m^[[2m)^[[22m^[[32m 157^[[2mms^[[22m^[[39m
validate-code / unit-tests (test:unit)	UNKNOWN STEP	2026-10-09T09:34:23.4185805Z  ^[[32m✓^[[39m electron/cex-session-store.test.ts ^[[2m(^[[22m^[[2m2 tests^[[22m^[[2m)^[[22m^[[32m 9^[[2mms^[[22m^[[39m
validate-code / unit-tests (test:unit)	UNKNOWN STEP	2026-10-09T09:34:25.6137669Z  ^[[32m✓^[[39m src/core/config/wagmi-config.test.ts ^[[2m(^[[22m^[[2m1 test^[[22m^[[2m)^[[22m^[[32m 8^[[2mms^[[22m^[[39m
validate-code / unit-tests (test:unit)	UNKNOWN STEP	2026-10-09T09:34:26.8271348Z  ^[[32m✓^[[39m src/features/perpetuals/order/utils/order-direction-param.test.ts ^[[2m(^[[22m^[[2m2 tests^[[22m^[[2m)^[[22m^[[32m 6^[[2mms^[[22m^[[39m
validate-code / unit-tests (test:unit)	UNKNOWN STEP	2026-10-09T09:34:28.6451034Z  ^[[32m✓^[[39m src/features/explorer/domain/explorer-networks.test.ts ^[[2m(^[[22m^[[2m2 tests^[[22m^[[2m)^[[22m^[[32m 7^[[2mms^[[22m^[[39m
validate-code / unit-tests (test:unit)	UNKNOWN STEP	2026-10-09T09:34:30.0337405Z  ^[[32m✓^[[39m src/features/perpetuals/order/queries/order-queries.keys.test.ts ^[[2m(^[[22m^[[2m1 test^[[22m^[[2m)^[[22m^[[32m 7^[[2mms^[[22m^[[39m
validate-code / unit-tests (test:unit)	UNKNOWN STEP	2026-10-09T09:34:31.2591648Z  ^[[32m✓^[[39m src/features/accounts/networks.test.ts ^[[2m(^[[22m^[[2m1 test^[[22m^[[2m)^[[22m^[[32m 8^[[2mms^[[22m^[[39m
validate-code / unit-tests (test:unit)	UNKNOWN STEP	2026-10-09T09:34:32.5200455Z  ^[[32m✓^[[39m src/features/tokens/api/token-security.test.ts ^[[2m(^[[22m^[[2m1 test^[[22m^[[2m)^[[22m^[[32m 97^[[2mms^[[22m^[[39m
validate-code / unit-tests (test:unit)	UNKNOWN STEP	2026-10-09T09:34:33.7028508Z  ^[[32m✓^[[39m src/features/tokens/domain/token-asset-id.test.ts ^[[2m(^[[22m^[[2m1 test^[[22m^[[2m)^[[22m^[[32m 6^[[2mms^[[22m^[[39m
validate-code / unit-tests (test:unit)	UNKNOWN STEP	2026-10-09T09:34:34.9128344Z  ^[[32m✓^[[39m src/features/tokens/domain/network-icon.test.ts ^[[2m(^[[22m^[[2m1 test^[[22m^[[2m)^[[22m^[[32m 6^[[2mms^[[22m^[[39m
validate-code / unit-tests (test:unit)	UNKNOWN STEP	2026-10-09T09:34:36.1038689Z  ^[[32m✓^[[39m src/features/tokens/domain/native-token.test.ts ^[[2m(^[[22m^[[2m1 test^[[22m^[[2m)^[[22m^[[32m 7^[[2mms^[[22m^[[39m
validate-code / unit-tests (test:unit)	UNKNOWN STEP	2026-10-09T09:34:48.0405553Z 
validate-code / unit-tests (test:unit)	UNKNOWN STEP	2026-10-09T09:34:48.0407186Z ^[[31m⎯⎯⎯⎯⎯⎯⎯^[[39m^[[1m^[[41m Failed Tests 1 ^[[49m^[[22m^[[31m⎯⎯⎯⎯⎯⎯⎯^[[39m
validate-code / unit-tests (test:unit)	UNKNOWN STEP	2026-10-09T09:34:48.0408446Z 
validate-code / unit-tests (test:unit)	UNKNOWN STEP	2026-10-09T09:34:48.0411090Z ^[[41m^[[1m FAIL ^[[22m^[[49m src/features/perpetuals/queries/live-orders-query.test.tsx^[[2m > ^[[22museLiveOrders^[[2m > ^[[22mstate reset on disable^[[2m > ^[[22mresets error state when becoming disabled
validate-code / unit-tests (test:unit)	UNKNOWN STEP	2026-10-09T09:34:48.0430374Z ^[[31m^[[1mAssertionError^[[22m: expected false to be true // Object.is equality
validate-code / unit-tests (test:unit)	UNKNOWN STEP	2026-10-09T09:34:48.0431283Z 
validate-code / unit-tests (test:unit)	UNKNOWN STEP	2026-10-09T09:34:48.0431918Z Ignored nodes: comments, script, style
validate-code / unit-tests (test:unit)	UNKNOWN STEP	2026-10-09T09:34:48.0432950Z ^[[36m<html>^[[31m
validate-code / unit-tests (test:unit)	UNKNOWN STEP	2026-10-09T09:34:48.0434325Z   ^[[36m<head />^[[31m
validate-code / unit-tests (test:unit)	UNKNOWN STEP	2026-10-09T09:34:48.0435122Z   ^[[36m<body>^[[31m
validate-code / unit-tests (test:unit)	UNKNOWN STEP	2026-10-09T09:34:48.0435915Z     ^[[36m<div />^[[31m
validate-code / unit-tests (test:unit)	UNKNOWN STEP	2026-10-09T09:34:48.0436635Z   ^[[36m</body>^[[31m
validate-code / unit-tests (test:unit)	UNKNOWN STEP	2026-10-09T09:34:48.0437358Z ^[[36m</html>^[[31m^[[39m
validate-code / unit-tests (test:unit)	UNKNOWN STEP	2026-10-09T09:34:48.0437822Z 
validate-code / unit-tests (test:unit)	UNKNOWN STEP	2026-10-09T09:34:48.0438313Z ^[[32m- Expected^[[39m
validate-code / unit-tests (test:unit)	UNKNOWN STEP	2026-10-09T09:34:48.0439087Z ^[[31m+ Received^[[39m
validate-code / unit-tests (test:unit)	UNKNOWN STEP	2026-10-09T09:34:48.0439831Z 
validate-code / unit-tests (test:unit)	UNKNOWN STEP	2026-10-09T09:34:48.0440304Z ^[[32m- true^[[39m
validate-code / unit-tests (test:unit)	UNKNOWN STEP	2026-10-09T09:34:48.0441083Z ^[[31m+ false^[[39m
validate-code / unit-tests (test:unit)	UNKNOWN STEP	2026-10-09T09:34:48.0441868Z 
validate-code / unit-tests (test:unit)	UNKNOWN STEP	2026-10-09T09:34:48.0443127Z ^[[36m ^[[2m❯^[[22m src/features/perpetuals/queries/live-orders-query.test.tsx:^[[2m716:40^[[22m^[[39m
validate-code / unit-tests (test:unit)	UNKNOWN STEP	2026-10-09T09:34:48.0602282Z     ^[[90m714| ^[[39m      ^[[90m// Wait for error state^[[39m
validate-code / unit-tests (test:unit)	UNKNOWN STEP	2026-10-09T09:34:48.0602796Z 
validate-code / unit-tests (test:unit)	UNKNOWN STEP	2026-10-09T09:34:48.0798522Z     ^[[90m715| ^[[39m      ^[[35mawait^[[39m ^[[34mwaitFor^[[39m(() ^[[33m=>^[[39m ***
validate-code / unit-tests (test:unit)	UNKNOWN STEP	2026-10-09T09:34:48.0800357Z ^[[2m Test Files ^[[22m ^[[1m^[[31m1 failed^[[39m^[[22m^[[2m | ^[[22m^[[1m^[[32m255 passed^[[39m^[[22m^[[90m (256)^[[39m
validate-code / unit-tests (test:unit)	UNKNOWN STEP	2026-10-09T09:34:48.0804336Z     ^[[90m716| ^[[39m        ^[[34mexpect^[[39m(result^[[33m.^[[39mcurrent^[[33m.^[[39misError)^[[33m.^[[39m^[[34mtoBe^[[39m(^[[35mtrue^[[39m)^[[33m;^[[39m
validate-code / unit-tests (test:unit)	UNKNOWN STEP	2026-10-09T09:34:48.0811253Z ^[[2m      Tests ^[[22m ^[[1m^[[31m1 failed^[[39m^[[22m^[[2m | ^[[22m^[[1m^[[32m1833 passed^[[39m^[[22m^[[2m | ^[[22m^[[33m7 skipped^[[39m^[[90m (1841)^[[39m
validate-code / unit-tests (test:unit)	UNKNOWN STEP	2026-10-09T09:34:48.0813342Z ^[[2m   Start at ^[[22m 09:24:00
validate-code / unit-tests (test:unit)	UNKNOWN STEP	2026-10-09T09:34:48.0815261Z ^[[2m   Duration ^[[22m 647.64s^[[2m (transform 6.98s, setup 81.60s, collect 217.01s, tests 101.61s, environment 126.82s, prepare 30.89s)^[[22m
validate-code / unit-tests (test:unit)	UNKNOWN STEP	2026-10-09T09:34:48.0816796Z 
validate-code / unit-tests (test:unit)	UNKNOWN STEP	2026-10-09T09:34:48.0821176Z     ^[[90m   | ^[[39m                                       ^[[31m^^[[39m
validate-code / unit-tests (test:unit)	UNKNOWN STEP	2026-10-09T09:34:48.0822439Z     ^[[90m717| ^[[39m      ***)^[[33m;^[[39m
validate-code / unit-tests (test:unit)	UNKNOWN STEP	2026-10-09T09:34:48.0823623Z     ^[[90m718| ^[[39m
validate-code / unit-tests (test:unit)	UNKNOWN STEP	2026-10-09T09:34:48.0825450Z ^[[90m ^[[2m❯^[[22m runWithExpensiveErrorDiagnosticsDisabled node_modules/@testing-library/dom/dist/config.js:^[[2m47:12^[[22m^[[39m
validate-code / unit-tests (test:unit)	UNKNOWN STEP	2026-10-09T09:34:48.0827833Z ^[[90m ^[[2m❯^[[22m checkCallback node_modules/@testing-library/dom/dist/wait-for.js:^[[2m124:77^[[22m^[[39m
validate-code / unit-tests (test:unit)	UNKNOWN STEP	2026-10-09T09:34:48.0830426Z ^[[90m ^[[2m❯^[[22m Timeout.checkRealTimersCallback node_modules/@testing-library/dom/dist/wait-for.js:^[[2m118:16^[[22m^[[39m
validate-code / unit-tests (test:unit)	UNKNOWN STEP	2026-10-09T09:34:48.0831875Z 
validate-code / unit-tests (test:unit)	UNKNOWN STEP	2026-10-09T09:34:48.0832775Z ^[[31m^[[2m⎯⎯⎯⎯⎯⎯⎯⎯⎯⎯⎯⎯⎯⎯⎯⎯⎯⎯⎯⎯⎯⎯⎯⎯[1/1]⎯^[[22m^[[39m
validate-code / unit-tests (test:unit)	UNKNOWN STEP	2026-10-09T09:34:48.0833866Z 
validate-code / unit-tests (test:unit)	UNKNOWN STEP	2026-10-09T09:34:48.0854948Z 
validate-code / unit-tests (test:unit)	UNKNOWN STEP	2026-10-09T09:34:48.0868252Z ##[error]AssertionError: expected false to be true // Object.is equality
validate-code / unit-tests (test:unit)	UNKNOWN STEP	
validate-code / unit-tests (test:unit)	UNKNOWN STEP	Ignored nodes: comments, script, style
validate-code / unit-tests (test:unit)	UNKNOWN STEP	<html>
validate-code / unit-tests (test:unit)	UNKNOWN STEP	  <head />
validate-code / unit-tests (test:unit)	UNKNOWN STEP	  <body>
validate-code / unit-tests (test:unit)	UNKNOWN STEP	    <div />
validate-code / unit-tests (test:unit)	UNKNOWN STEP	  </body>
validate-code / unit-tests (test:unit)	UNKNOWN STEP	</html>
validate-code / unit-tests (test:unit)	UNKNOWN STEP	
validate-code / unit-tests (test:unit)	UNKNOWN STEP	- Expected
validate-code / unit-tests (test:unit)	UNKNOWN STEP	+ Received
validate-code / unit-tests (test:unit)	UNKNOWN STEP	
validate-code / unit-tests (test:unit)	UNKNOWN STEP	- true
validate-code / unit-tests (test:unit)	UNKNOWN STEP	+ false
validate-code / unit-tests (test:unit)	UNKNOWN STEP	
validate-code / unit-tests (test:unit)	UNKNOWN STEP	 ❯ src/features/perpetuals/queries/live-orders-query.test.tsx:716:40
validate-code / unit-tests (test:unit)	UNKNOWN STEP	 ❯ runWithExpensiveErrorDiagnosticsDisabled node_modules/@testing-library/dom/dist/config.js:47:12
validate-code / unit-tests (test:unit)	UNKNOWN STEP	 ❯ checkCallback node_modules/@testing-library/dom/dist/wait-for.js:124:77
validate-code / unit-tests (test:unit)	UNKNOWN STEP	 ❯ Timeout.checkRealTimersCallback node_modules/@testing-library/dom/dist/wait-for.js:118:16
validate-code / unit-tests (test:unit)	UNKNOWN STEP	
validate-code / unit-tests (test:unit)	UNKNOWN STEP	
validate-code / unit-tests (test:unit)	UNKNOWN STEP	2026-10-09T09:34:48.2903826Z ##[error]Process completed with exit code 1.
validate-code / unit-tests (test:unit)	UNKNOWN STEP	2026-10-09T09:34:48.2999388Z ##[group]Run dorny/test-reporter@a43b3a5f7366b97d083190328d2c652e1a8b6aa2
validate-code / unit-tests (test:unit)	UNKNOWN STEP	2026-10-09T09:34:48.3000245Z with:
validate-code / unit-tests (test:unit)	UNKNOWN STEP	2026-10-09T09:34:48.3000514Z   name: 📝 Tests report (test unit)
validate-code / unit-tests (test:unit)	UNKNOWN STEP	2026-10-09T09:34:48.3000835Z   path: junit.xml
validate-code / unit-tests (test:unit)	UNKNOWN STEP	2026-10-09T09:34:48.3001095Z   reporter: jest-junit
validate-code / unit-tests (test:unit)	UNKNOWN STEP	2026-10-09T09:34:48.3001371Z   fail-on-empty: false
validate-code / unit-tests (test:unit)	UNKNOWN STEP	2026-10-09T09:34:48.3001649Z   path-replace-backslashes: false
validate-code / unit-tests (test:unit)	UNKNOWN STEP	2026-10-09T09:34:48.3001956Z   list-suites: all
validate-code / unit-tests (test:unit)	UNKNOWN STEP	2026-10-09T09:34:48.3002202Z   list-tests: all
validate-code / unit-tests (test:unit)	UNKNOWN STEP	2026-10-09T09:34:48.3002448Z   max-annotations: 10
validate-code / unit-tests (test:unit)	UNKNOWN STEP	2026-10-09T09:34:48.3002703Z   fail-on-error: true
validate-code / unit-tests (test:unit)	UNKNOWN STEP	2026-10-09T09:34:48.3002955Z   only-summary: false
validate-code / unit-tests (test:unit)	UNKNOWN STEP	2026-10-09T09:34:48.3003222Z   use-actions-summary: true
validate-code / unit-tests (test:unit)	UNKNOWN STEP	2026-10-09T09:34:48.3003496Z   badge-title: tests
validate-code / unit-tests (test:unit)	UNKNOWN STEP	2026-10-09T09:34:48.3003744Z   collapsed: auto
validate-code / unit-tests (test:unit)	UNKNOWN STEP	2026-10-09T09:34:48.3006314Z   token: ***
validate-code / unit-tests (test:unit)	UNKNOWN STEP	2026-10-09T09:34:48.3006568Z env:
validate-code / unit-tests (test:unit)	UNKNOWN STEP	2026-10-09T09:34:48.3007142Z   JFROG_CLI_ENV_EXCLUDE: *password*;*secret*;*key*;*token*;*auth*;JF_ARTIFACTORY_*;JF_ENV_*;JF_URL;JF_USER;JF_PASSWORD;JF_ACCESS_TOKEN
validate-code / unit-tests (test:unit)	UNKNOWN STEP	2026-10-09T09:34:48.3008024Z   JFROG_CLI_OFFER_CONFIG: false
validate-code / unit-tests (test:unit)	UNKNOWN STEP	2026-10-09T09:34:48.3008340Z   JFROG_CLI_AVOID_NEW_VERSION_WARNING: true
validate-code / unit-tests (test:unit)	UNKNOWN STEP	2026-10-09T09:34:48.3008788Z   JFROG_CLI_SOURCECODE_REPOSITORY: consensys-vertical-apps/va-mmcx-terminal
validate-code / unit-tests (test:unit)	UNKNOWN STEP	2026-10-09T09:34:48.3009243Z   JFROG_CLI_CI_JOB_ID: Validate PR
validate-code / unit-tests (test:unit)	UNKNOWN STEP	2026-10-09T09:34:48.3010060Z   JFROG_CLI_CI_RUN_ID: 37910803683
validate-code / unit-tests (test:unit)	UNKNOWN STEP	2026-10-09T09:34:48.3010408Z   JFROG_CLI_GITHUB_TOKEN: 
validate-code / unit-tests (test:unit)	UNKNOWN STEP	2026-10-09T09:34:48.3010779Z   JFROG_CLI_CI_VCS_REVISION: d45ee39a8ac45323690e3fe9c1d68412389e5b51
validate-code / unit-tests (test:unit)	UNKNOWN STEP	2026-10-09T09:34:48.3011188Z   JFROG_CLI_CI_BRANCH: 177/merge
validate-code / unit-tests (test:unit)	UNKNOWN STEP	2026-10-09T09:34:48.3011626Z   JFROG_CLI_CI_VCS_URL: https://github.com/consensys-vertical-apps/va-mmcx-terminal
validate-code / unit-tests (test:unit)	UNKNOWN STEP	2026-10-09T09:34:48.3012101Z   JFROG_CLI_BUILD_NAME: Validate PR
validate-code / unit-tests (test:unit)	UNKNOWN STEP	2026-10-09T09:34:48.3012416Z   JFROG_CLI_BUILD_NUMBER: 811
validate-code / unit-tests (test:unit)	UNKNOWN STEP	2026-10-09T09:34:48.3012935Z   JFROG_CLI_BUILD_URL: https://github.com/consensys-vertical-apps/va-mmcx-terminal/actions/runs/37910803683
validate-code / unit-tests (test:unit)	UNKNOWN STEP	2026-10-09T09:34:48.3013568Z   JFROG_CLI_USER_AGENT: setup-jfrog-cli-github-action/5.1.0
validate-code / unit-tests (test:unit)	UNKNOWN STEP	2026-10-09T09:34:48.3014017Z   JFROG_CLI_COMMAND_SUMMARY_OUTPUT_DIR: /home/runner/work/_temp
validate-code / unit-tests (test:unit)	UNKNOWN STEP	2026-10-09T09:34:48.3014466Z   JFROG_CLI_USAGE_GH_TOKEN_FOR_CODE_SCANNING_ALERTS_PROVIDED: 
validate-code / unit-tests (test:unit)	UNKNOWN STEP	2026-10-09T09:34:48.3014878Z   SETUP_JFROG_CLI_SERVER_IDS: setup-jfrog-cli-server
validate-code / unit-tests (test:unit)	UNKNOWN STEP	2026-10-09T09:34:48.3015222Z   TEST_NAME: test unit
validate-code / unit-tests (test:unit)	UNKNOWN STEP	2026-10-09T09:34:48.3015489Z   TEST_ARTEFACT_NAME: test-unit
validate-code / unit-tests (test:unit)	UNKNOWN STEP	2026-10-09T09:34:48.3015775Z ##[endgroup]
validate-code / unit-tests (test:unit)	UNKNOWN STEP	2026-10-09T09:34:48.5534526Z Action was triggered by pull_request: using SHA from head of source branch
validate-code / unit-tests (test:unit)	UNKNOWN STEP	2026-10-09T09:34:48.5579830Z Check runs will be created with SHA=d40091c5b54ae33f57de1e05ed16e2ac67c149ce
validate-code / unit-tests (test:unit)	UNKNOWN STEP	2026-10-09T09:34:48.5581625Z ##[group]Listing all files tracked by git
validate-code / unit-tests (test:unit)	UNKNOWN STEP	2026-10-09T09:34:48.5644765Z [command]/usr/bin/git ls-files -z
