validate-code / unit-tests (test:unit)	UNKNOWN STEP	﻿2026-10-09T12:30:11.8186503Z Current runner version: '2.337.0'
validate-code / unit-tests (test:unit)	UNKNOWN STEP	2026-10-09T12:30:11.8223953Z ##[group]Runner Image Provisioner
validate-code / unit-tests (test:unit)	UNKNOWN STEP	2026-10-09T12:30:11.8225545Z Hosted Compute Agent
validate-code / unit-tests (test:unit)	UNKNOWN STEP	2026-10-09T12:30:11.8226850Z Version: 20261002.596
validate-code / unit-tests (test:unit)	UNKNOWN STEP	2026-10-09T12:30:11.8228113Z Commit: c3d12f3313a95f25162a1503be624f3b0617f8c0
validate-code / unit-tests (test:unit)	UNKNOWN STEP	2026-10-09T12:30:11.8229681Z Build Date: 2026-10-02T22:28:27Z
validate-code / unit-tests (test:unit)	UNKNOWN STEP	2026-10-09T12:30:11.8231743Z Worker ID: ***64e88be8-5a4b-4444-987d-878cb74144b1***
validate-code / unit-tests (test:unit)	UNKNOWN STEP	2026-10-09T12:30:11.8233340Z Region: westus2
validate-code / unit-tests (test:unit)	UNKNOWN STEP	2026-10-09T12:30:11.8234559Z Cloud: Azure
validate-code / unit-tests (test:unit)	UNKNOWN STEP	2026-10-09T12:30:11.8235954Z ##[endgroup]
validate-code / unit-tests (test:unit)	UNKNOWN STEP	2026-10-09T12:30:11.8238643Z ##[group]Operating System
validate-code / unit-tests (test:unit)	UNKNOWN STEP	2026-10-09T12:30:11.8240091Z Ubuntu
validate-code / unit-tests (test:unit)	UNKNOWN STEP	2026-10-09T12:30:11.8241602Z 24.04.5
validate-code / unit-tests (test:unit)	UNKNOWN STEP	2026-10-09T12:30:11.8242708Z LTS
validate-code / unit-tests (test:unit)	UNKNOWN STEP	2026-10-09T12:30:11.8243926Z ##[endgroup]
validate-code / unit-tests (test:unit)	UNKNOWN STEP	2026-10-09T12:30:11.8245126Z ##[group]Runner Image
validate-code / unit-tests (test:unit)	UNKNOWN STEP	2026-10-09T12:30:11.8246502Z Image: ubuntu-24.04
validate-code / unit-tests (test:unit)	UNKNOWN STEP	2026-10-09T12:30:11.8247805Z Version: 20261004.327.1
validate-code / unit-tests (test:unit)	UNKNOWN STEP	2026-10-09T12:30:11.8250969Z Included Software: https://github.com/actions/runner-images/blob/ubuntu24/20261004.327/images/ubuntu/Ubuntu2404-Readme.md
validate-code / unit-tests (test:unit)	UNKNOWN STEP	2026-10-09T12:30:11.8254115Z Image Release: https://github.com/actions/runner-images/releases/tag/ubuntu24%2F20261004.327
validate-code / unit-tests (test:unit)	UNKNOWN STEP	2026-10-09T12:30:11.8256097Z ##[endgroup]
validate-code / unit-tests (test:unit)	UNKNOWN STEP	2026-10-09T12:30:11.8258878Z ##[group]GITHUB_TOKEN Permissions
validate-code / unit-tests (test:unit)	UNKNOWN STEP	2026-10-09T12:30:11.8262213Z Actions: read
validate-code / unit-tests (test:unit)	UNKNOWN STEP	2026-10-09T12:30:11.8263599Z Checks: write
validate-code / unit-tests (test:unit)	UNKNOWN STEP	2026-10-09T12:30:11.8264802Z Contents: read
validate-code / unit-tests (test:unit)	UNKNOWN STEP	2026-10-09T12:30:11.8266138Z Metadata: read
validate-code / unit-tests (test:unit)	UNKNOWN STEP	2026-10-09T12:30:11.8267360Z ##[endgroup]
validate-code / unit-tests (test:unit)	UNKNOWN STEP	2026-10-09T12:30:11.8271290Z Secret source: Actions
validate-code / unit-tests (test:unit)	UNKNOWN STEP	2026-10-09T12:30:11.8273189Z Cache mode: write
validate-code / unit-tests (test:unit)	UNKNOWN STEP	2026-10-09T12:30:11.8274664Z Prepare workflow directory
validate-code / unit-tests (test:unit)	UNKNOWN STEP	2026-10-09T12:30:11.9063010Z Prepare all required actions
validate-code / unit-tests (test:unit)	UNKNOWN STEP	2026-10-09T12:30:11.9141749Z Getting action download info
validate-code / unit-tests (test:unit)	UNKNOWN STEP	2026-10-09T12:30:12.3981739Z Download action repository 'consensys-vertical-apps/shared-services-workflows@ee5456cf63f32f96987af955f66bd6b1b8b5cbd8' (SHA:ee5456cf63f32f96987af955f66bd6b1b8b5cbd8)
validate-code / unit-tests (test:unit)	UNKNOWN STEP	2026-10-09T12:30:12.7509592Z Download action repository 'actions/checkout@3d3c42e5aac5ba805825da76410c181273ba90b1' (SHA:3d3c42e5aac5ba805825da76410c181273ba90b1)
validate-code / unit-tests (test:unit)	UNKNOWN STEP	2026-10-09T12:30:12.7898558Z Download action repository 'consensys-vertical-apps/shared-services-workflows@0ad0566241bddeb4f6b3b5f310b368a89283e7df' (SHA:0ad0566241bddeb4f6b3b5f310b368a89283e7df)
validate-code / unit-tests (test:unit)	UNKNOWN STEP	2026-10-09T12:30:13.0041458Z Download action repository 'dorny/test-reporter@a43b3a5f7366b97d083190328d2c652e1a8b6aa2' (SHA:a43b3a5f7366b97d083190328d2c652e1a8b6aa2)
validate-code / unit-tests (test:unit)	UNKNOWN STEP	2026-10-09T12:30:13.2902689Z Download action repository 'actions/upload-artifact@043fb46d1a93c77aae656e7c1c64a875d1fc6a0a' (SHA:043fb46d1a93c77aae656e7c1c64a875d1fc6a0a)
validate-code / unit-tests (test:unit)	UNKNOWN STEP	2026-10-09T12:30:13.4529477Z Getting action download info
validate-code / unit-tests (test:unit)	UNKNOWN STEP	2026-10-09T12:30:13.6043224Z Download action repository 'wiz-sec-public/wiz-sensor-github-action@2f72488477988739561233bbc10ceff0c53273fd' (SHA:2f72488477988739561233bbc10ceff0c53273fd)
validate-code / unit-tests (test:unit)	UNKNOWN STEP	2026-10-09T12:30:13.8849132Z Getting action download info
validate-code / unit-tests (test:unit)	UNKNOWN STEP	2026-10-09T12:30:14.0612464Z Download action repository 'actions/checkout@df4cb1c069e1874edd31b4311f1884172cec0e10' (SHA:df4cb1c069e1874edd31b4311f1884172cec0e10)
validate-code / unit-tests (test:unit)	UNKNOWN STEP	2026-10-09T12:30:14.1016549Z Download action repository 'jfrog/setup-jfrog-cli@deda456d982fc5e9a7a020b63eb0d2968aedd33e' (SHA:deda456d982fc5e9a7a020b63eb0d2968aedd33e)
validate-code / unit-tests (test:unit)	UNKNOWN STEP	2026-10-09T12:30:14.5549961Z Download action repository 'pnpm/action-setup@fc06bc1257f339d1d5d8b3a19a8cae5388b55320' (SHA:fc06bc1257f339d1d5d8b3a19a8cae5388b55320)
validate-code / unit-tests (test:unit)	UNKNOWN STEP	2026-10-09T12:30:14.8384107Z Download action repository 'actions/setup-node@48b55a011bda9f5d6aeb4c2d9c7362e8dae4041e' (SHA:48b55a011bda9f5d6aeb4c2d9c7362e8dae4041e)
validate-code / unit-tests (test:unit)	UNKNOWN STEP	2026-10-09T12:30:15.0928700Z Uses: consensys-vertical-apps/shared-services-workflows/.github/workflows/js-validate-code.yml@refs/tags/v1.19.1 (ee5456cf63f32f96987af955f66bd6b1b8b5cbd8)
validate-code / unit-tests (test:unit)	UNKNOWN STEP	2026-10-09T12:30:15.0935249Z ##[group] Inputs
validate-code / unit-tests (test:unit)	UNKNOWN STEP	2026-10-09T12:30:15.0936286Z   run_on: ubuntu-latest
validate-code / unit-tests (test:unit)	UNKNOWN STEP	2026-10-09T12:30:15.0937292Z   node_version: 22
validate-code / unit-tests (test:unit)	UNKNOWN STEP	2026-10-09T12:30:15.0938277Z   security_audit_fail_level: critical
validate-code / unit-tests (test:unit)	UNKNOWN STEP	2026-10-09T12:30:15.0940154Z   security_audit_ignore_failure: false
validate-code / unit-tests (test:unit)	UNKNOWN STEP	2026-10-09T12:30:15.0942042Z   npm_client: npm
validate-code / unit-tests (test:unit)	UNKNOWN STEP	2026-10-09T12:30:15.0943148Z   npm_client_production_flag: --frozen-lockfile
validate-code / unit-tests (test:unit)	UNKNOWN STEP	2026-10-09T12:30:15.0944393Z   yarn_version: 1
validate-code / unit-tests (test:unit)	UNKNOWN STEP	2026-10-09T12:30:15.0945347Z   npm_registry_name: npm
validate-code / unit-tests (test:unit)	UNKNOWN STEP	2026-10-09T12:30:15.0946725Z   npm_registry_url: https://consensys.jfrog.io/artifactory/api/npm/npm/
validate-code / unit-tests (test:unit)	UNKNOWN STEP	2026-10-09T12:30:15.0948503Z   checkout_repository: consensys-vertical-apps/va-mmcx-terminal
validate-code / unit-tests (test:unit)	UNKNOWN STEP	2026-10-09T12:30:15.0949915Z   checkout_ref: 
validate-code / unit-tests (test:unit)	UNKNOWN STEP	2026-10-09T12:30:15.0951028Z   test_names: ['test:unit']
validate-code / unit-tests (test:unit)	UNKNOWN STEP	2026-10-09T12:30:15.0952762Z   test_timeout_minutes: 30
validate-code / unit-tests (test:unit)	UNKNOWN STEP	2026-10-09T12:30:15.0953826Z   eslint_enabled: false
validate-code / unit-tests (test:unit)	UNKNOWN STEP	2026-10-09T12:30:15.0954837Z   prettier_enabled: false
validate-code / unit-tests (test:unit)	UNKNOWN STEP	2026-10-09T12:30:15.0955892Z   tests_report_path: junit.xml
validate-code / unit-tests (test:unit)	UNKNOWN STEP	2026-10-09T12:30:15.0956992Z   tests_coverage_path: coverage/**/*
validate-code / unit-tests (test:unit)	UNKNOWN STEP	2026-10-09T12:30:15.0958169Z   typecheck_command: npm run lint
validate-code / unit-tests (test:unit)	UNKNOWN STEP	2026-10-09T12:30:15.0959294Z   typecheck_enabled: true
validate-code / unit-tests (test:unit)	UNKNOWN STEP	2026-10-09T12:30:15.0960510Z   pre_lint_command: 
validate-code / unit-tests (test:unit)	UNKNOWN STEP	2026-10-09T12:30:15.0961536Z   jfrog_oidc_provider_name: github
validate-code / unit-tests (test:unit)	UNKNOWN STEP	2026-10-09T12:30:15.0962651Z ##[endgroup]
validate-code / unit-tests (test:unit)	UNKNOWN STEP	2026-10-09T12:30:15.0963758Z Complete job name: validate-code / unit-tests (test:unit)
validate-code / unit-tests (test:unit)	UNKNOWN STEP	2026-10-09T12:30:15.1573785Z ##[group]Checking docker version
validate-code / unit-tests (test:unit)	UNKNOWN STEP	2026-10-09T12:30:15.1587581Z ##[command]/usr/bin/docker version --format '***.Server.APIVersion***'
validate-code / unit-tests (test:unit)	UNKNOWN STEP	2026-10-09T12:30:15.2506902Z '1.48'
validate-code / unit-tests (test:unit)	UNKNOWN STEP	2026-10-09T12:30:15.2532031Z Docker daemon API version: '1.48'
validate-code / unit-tests (test:unit)	UNKNOWN STEP	2026-10-09T12:30:15.2535470Z ##[command]/usr/bin/docker version --format '***.Client.APIVersion***'
validate-code / unit-tests (test:unit)	UNKNOWN STEP	2026-10-09T12:30:15.2838749Z '1.48'
validate-code / unit-tests (test:unit)	UNKNOWN STEP	2026-10-09T12:30:15.2843861Z Docker client API version: '1.48'
validate-code / unit-tests (test:unit)	UNKNOWN STEP	2026-10-09T12:30:15.2855547Z ##[endgroup]
validate-code / unit-tests (test:unit)	UNKNOWN STEP	2026-10-09T12:30:15.2861041Z ##[group]Clean up resources from previous jobs
validate-code / unit-tests (test:unit)	UNKNOWN STEP	2026-10-09T12:30:15.2872021Z ##[command]/usr/bin/docker ps --all --quiet --no-trunc --filter "label=fa788c"
validate-code / unit-tests (test:unit)	UNKNOWN STEP	2026-10-09T12:30:15.3047961Z ##[command]/usr/bin/docker network prune --force --filter "label=fa788c"
validate-code / unit-tests (test:unit)	UNKNOWN STEP	2026-10-09T12:30:15.3207441Z ##[endgroup]
validate-code / unit-tests (test:unit)	UNKNOWN STEP	2026-10-09T12:30:15.3208472Z ##[group]Create local container network
validate-code / unit-tests (test:unit)	UNKNOWN STEP	2026-10-09T12:30:15.3221020Z ##[command]/usr/bin/docker network create --label fa788c github_network_15a881a82ae74776a6c16e4436862553
validate-code / unit-tests (test:unit)	UNKNOWN STEP	2026-10-09T12:30:15.3972765Z 0c907b0b0de5e0329fc3ea57c6e6b75bdb470b326c55ff2de6dee469752eadb9
validate-code / unit-tests (test:unit)	UNKNOWN STEP	2026-10-09T12:30:15.3996425Z ##[endgroup]
validate-code / unit-tests (test:unit)	UNKNOWN STEP	2026-10-09T12:30:15.4029564Z ##[group]Starting redis service container
validate-code / unit-tests (test:unit)	UNKNOWN STEP	2026-10-09T12:30:15.4054160Z ##[command]/usr/bin/docker pull redis
validate-code / unit-tests (test:unit)	UNKNOWN STEP	2026-10-09T12:30:15.4183333Z Using default tag: latest
validate-code / unit-tests (test:unit)	UNKNOWN STEP	2026-10-09T12:30:16.3485586Z latest: Pulling from library/redis
validate-code / unit-tests (test:unit)	UNKNOWN STEP	2026-10-09T12:30:16.6186653Z ecc510c1e359: Pulling fs layer
validate-code / unit-tests (test:unit)	UNKNOWN STEP	2026-10-09T12:30:16.6187984Z 4ac6ba6b019e: Pulling fs layer
validate-code / unit-tests (test:unit)	UNKNOWN STEP	2026-10-09T12:30:16.6189044Z f55e02ea8cde: Pulling fs layer
validate-code / unit-tests (test:unit)	UNKNOWN STEP	2026-10-09T12:30:16.6190160Z c30201c9cd3c: Pulling fs layer
validate-code / unit-tests (test:unit)	UNKNOWN STEP	2026-10-09T12:30:16.6191765Z dc611c1ed116: Pulling fs layer
validate-code / unit-tests (test:unit)	UNKNOWN STEP	2026-10-09T12:30:16.6193138Z 4f4fb700ef54: Pulling fs layer
validate-code / unit-tests (test:unit)	UNKNOWN STEP	2026-10-09T12:30:16.6194224Z 0a3621ec1dd4: Pulling fs layer
validate-code / unit-tests (test:unit)	UNKNOWN STEP	2026-10-09T12:30:16.6195232Z dc611c1ed116: Waiting
validate-code / unit-tests (test:unit)	UNKNOWN STEP	2026-10-09T12:30:16.6196223Z 4f4fb700ef54: Waiting
validate-code / unit-tests (test:unit)	UNKNOWN STEP	2026-10-09T12:30:16.6197085Z 0a3621ec1dd4: Waiting
validate-code / unit-tests (test:unit)	UNKNOWN STEP	2026-10-09T12:30:16.6197896Z c30201c9cd3c: Waiting
validate-code / unit-tests (test:unit)	UNKNOWN STEP	2026-10-09T12:30:16.8625376Z f55e02ea8cde: Verifying Checksum
validate-code / unit-tests (test:unit)	UNKNOWN STEP	2026-10-09T12:30:16.8630043Z f55e02ea8cde: Download complete
validate-code / unit-tests (test:unit)	UNKNOWN STEP	2026-10-09T12:30:16.8637351Z 4ac6ba6b019e: Verifying Checksum
validate-code / unit-tests (test:unit)	UNKNOWN STEP	2026-10-09T12:30:16.8657186Z 4ac6ba6b019e: Download complete
validate-code / unit-tests (test:unit)	UNKNOWN STEP	2026-10-09T12:30:17.0752557Z ecc510c1e359: Verifying Checksum
validate-code / unit-tests (test:unit)	UNKNOWN STEP	2026-10-09T12:30:17.0779905Z ecc510c1e359: Download complete
validate-code / unit-tests (test:unit)	UNKNOWN STEP	2026-10-09T12:30:17.1175178Z dc611c1ed116: Verifying Checksum
validate-code / unit-tests (test:unit)	UNKNOWN STEP	2026-10-09T12:30:17.1191072Z dc611c1ed116: Download complete
validate-code / unit-tests (test:unit)	UNKNOWN STEP	2026-10-09T12:30:17.3201868Z 4f4fb700ef54: Verifying Checksum
validate-code / unit-tests (test:unit)	UNKNOWN STEP	2026-10-09T12:30:17.3203054Z 4f4fb700ef54: Download complete
validate-code / unit-tests (test:unit)	UNKNOWN STEP	2026-10-09T12:30:17.3686229Z 0a3621ec1dd4: Verifying Checksum
validate-code / unit-tests (test:unit)	UNKNOWN STEP	2026-10-09T12:30:17.3706551Z 0a3621ec1dd4: Download complete
validate-code / unit-tests (test:unit)	UNKNOWN STEP	2026-10-09T12:30:17.4407543Z c30201c9cd3c: Verifying Checksum
validate-code / unit-tests (test:unit)	UNKNOWN STEP	2026-10-09T12:30:17.4409174Z c30201c9cd3c: Download complete
validate-code / unit-tests (test:unit)	UNKNOWN STEP	2026-10-09T12:30:18.4225111Z ecc510c1e359: Pull complete
validate-code / unit-tests (test:unit)	UNKNOWN STEP	2026-10-09T12:30:18.7736921Z 4ac6ba6b019e: Pull complete
validate-code / unit-tests (test:unit)	UNKNOWN STEP	2026-10-09T12:30:18.7907851Z f55e02ea8cde: Pull complete
validate-code / unit-tests (test:unit)	UNKNOWN STEP	2026-10-09T12:30:19.2803231Z c30201c9cd3c: Pull complete
validate-code / unit-tests (test:unit)	UNKNOWN STEP	2026-10-09T12:30:19.2939415Z dc611c1ed116: Pull complete
validate-code / unit-tests (test:unit)	UNKNOWN STEP	2026-10-09T12:30:19.3049324Z 4f4fb700ef54: Pull complete
validate-code / unit-tests (test:unit)	UNKNOWN STEP	2026-10-09T12:30:19.3159527Z 0a3621ec1dd4: Pull complete
validate-code / unit-tests (test:unit)	UNKNOWN STEP	2026-10-09T12:30:19.3205188Z Digest: sha256:2c2dff791878316e3b083188be0d578423b24813cdda5de0e80ea4f7b3e6bfd6
validate-code / unit-tests (test:unit)	UNKNOWN STEP	2026-10-09T12:30:19.3223272Z Status: Downloaded newer image for redis:latest
validate-code / unit-tests (test:unit)	UNKNOWN STEP	2026-10-09T12:30:19.3233324Z docker.io/library/redis:latest
validate-code / unit-tests (test:unit)	UNKNOWN STEP	2026-10-09T12:30:19.3269153Z ##[command]/usr/bin/docker create --name a6b248c488fe491c9bda0ec4a9dfaba3_redis_466709 --label fa788c --network github_network_15a881a82ae74776a6c16e4436862553 --network-alias redis -p 6379:6379  -e GITHUB_ACTIONS=true -e CI=true redis
validate-code / unit-tests (test:unit)	UNKNOWN STEP	2026-10-09T12:30:19.3532045Z a2a0e865fec71363c2799d5771462a76fc16e7b78d9c9aa433a29ac743f75a22
validate-code / unit-tests (test:unit)	UNKNOWN STEP	2026-10-09T12:30:19.3556541Z ##[command]/usr/bin/docker start a2a0e865fec71363c2799d5771462a76fc16e7b78d9c9aa433a29ac743f75a22
validate-code / unit-tests (test:unit)	UNKNOWN STEP	2026-10-09T12:30:19.5985214Z a2a0e865fec71363c2799d5771462a76fc16e7b78d9c9aa433a29ac743f75a22
validate-code / unit-tests (test:unit)	UNKNOWN STEP	2026-10-09T12:30:19.6031653Z ##[command]/usr/bin/docker ps --all --filter id=a2a0e865fec71363c2799d5771462a76fc16e7b78d9c9aa433a29ac743f75a22 --filter status=running --no-trunc --format "***.ID*** ***.Status***"
validate-code / unit-tests (test:unit)	UNKNOWN STEP	2026-10-09T12:30:19.6220808Z a2a0e865fec71363c2799d5771462a76fc16e7b78d9c9aa433a29ac743f75a22 Up Less than a second
validate-code / unit-tests (test:unit)	UNKNOWN STEP	2026-10-09T12:30:19.6252766Z ##[command]/usr/bin/docker port a2a0e865fec71363c2799d5771462a76fc16e7b78d9c9aa433a29ac743f75a22
validate-code / unit-tests (test:unit)	UNKNOWN STEP	2026-10-09T12:30:19.6442651Z 6379/tcp -> 0.0.0.0:6379
validate-code / unit-tests (test:unit)	UNKNOWN STEP	2026-10-09T12:30:19.6443435Z 6379/tcp -> [::]:6379
validate-code / unit-tests (test:unit)	UNKNOWN STEP	2026-10-09T12:30:19.6523105Z ##[endgroup]
validate-code / unit-tests (test:unit)	UNKNOWN STEP	2026-10-09T12:30:19.6538731Z ##[group]Waiting for all services to be ready
validate-code / unit-tests (test:unit)	UNKNOWN STEP	2026-10-09T12:30:19.6552748Z ##[command]/usr/bin/docker inspect --format="***if .Config.Healthcheck***print .State.Health.Status***end***" a2a0e865fec71363c2799d5771462a76fc16e7b78d9c9aa433a29ac743f75a22
validate-code / unit-tests (test:unit)	UNKNOWN STEP	2026-10-09T12:30:19.6714880Z redis service is healthy.
validate-code / unit-tests (test:unit)	UNKNOWN STEP	2026-10-09T12:30:19.6715654Z ##[endgroup]
validate-code / unit-tests (test:unit)	UNKNOWN STEP	2026-10-09T12:30:19.7015716Z ##[group]Run consensys-vertical-apps/shared-services-workflows/.github/actions/wiz-sensor@ee5456cf63f32f96987af955f66bd6b1b8b5cbd8
validate-code / unit-tests (test:unit)	UNKNOWN STEP	2026-10-09T12:30:19.7016694Z with:
validate-code / unit-tests (test:unit)	UNKNOWN STEP	2026-10-09T12:30:19.7016937Z   enabled: false
validate-code / unit-tests (test:unit)	UNKNOWN STEP	2026-10-09T12:30:19.7018532Z   token: ***
validate-code / unit-tests (test:unit)	UNKNOWN STEP	2026-10-09T12:30:19.7018953Z ##[endgroup]
validate-code / unit-tests (test:unit)	UNKNOWN STEP	2026-10-09T12:30:19.7095149Z ##[start-action display=Skip Wiz sensor;id=__self.__run]
validate-code / unit-tests (test:unit)	UNKNOWN STEP	2026-10-09T12:30:19.7160547Z ##[group]Run if [ "$WIZ_RUNNER_OS" != "Linux" ]; then
validate-code / unit-tests (test:unit)	UNKNOWN STEP	2026-10-09T12:30:19.7161026Z ^[[36;1mif [ "$WIZ_RUNNER_OS" != "Linux" ]; then^[[0m
validate-code / unit-tests (test:unit)	UNKNOWN STEP	2026-10-09T12:30:19.7161592Z ^[[36;1m  echo "::notice title=Wiz sensor::Skipped because the runner OS is $***WIZ_RUNNER_OS***."^[[0m
validate-code / unit-tests (test:unit)	UNKNOWN STEP	2026-10-09T12:30:19.7162122Z ^[[36;1melif [ "$WIZ_SENSOR_ENABLED" != "true" ]; then^[[0m
validate-code / unit-tests (test:unit)	UNKNOWN STEP	2026-10-09T12:30:19.7162630Z ^[[36;1m  echo "::notice title=Wiz sensor::Skipped because WIZ_SENSOR_ENABLED is not true."^[[0m
validate-code / unit-tests (test:unit)	UNKNOWN STEP	2026-10-09T12:30:19.7163109Z ^[[36;1melse^[[0m
validate-code / unit-tests (test:unit)	UNKNOWN STEP	2026-10-09T12:30:19.7163519Z ^[[36;1m  echo "::notice title=Wiz sensor::Skipped because WIZ_SENSOR_TOKEN is not set."^[[0m
validate-code / unit-tests (test:unit)	UNKNOWN STEP	2026-10-09T12:30:19.7163945Z ^[[36;1mfi^[[0m
validate-code / unit-tests (test:unit)	UNKNOWN STEP	2026-10-09T12:30:19.7365589Z shell: /usr/bin/bash --noprofile --norc -e -o pipefail ***0***
validate-code / unit-tests (test:unit)	UNKNOWN STEP	2026-10-09T12:30:19.7366068Z env:
validate-code / unit-tests (test:unit)	UNKNOWN STEP	2026-10-09T12:30:19.7366344Z   WIZ_SENSOR_ENABLED: false
validate-code / unit-tests (test:unit)	UNKNOWN STEP	2026-10-09T12:30:19.7366681Z   WIZ_SENSOR_TOKEN_SET: true
validate-code / unit-tests (test:unit)	UNKNOWN STEP	2026-10-09T12:30:19.7367007Z   WIZ_RUNNER_OS: Linux
validate-code / unit-tests (test:unit)	UNKNOWN STEP	2026-10-09T12:30:19.7367299Z ##[endgroup]
validate-code / unit-tests (test:unit)	UNKNOWN STEP	2026-10-09T12:30:19.7550894Z ##[notice]Skipped because WIZ_SENSOR_ENABLED is not true.
validate-code / unit-tests (test:unit)	UNKNOWN STEP	2026-10-09T12:30:19.7633406Z ##[end-action id=__self.__run;outcome=success;conclusion=success;duration_ms=53]
validate-code / unit-tests (test:unit)	UNKNOWN STEP	2026-10-09T12:30:19.7637650Z ##[start-action display=Mask Wiz sensor token fields;id=__self.mask-wiz-sensor-token]
validate-code / unit-tests (test:unit)	UNKNOWN STEP	2026-10-09T12:30:19.7647670Z ##[end-action id=__self.mask-wiz-sensor-token;outcome=skipped;conclusion=skipped;duration_ms=0]
validate-code / unit-tests (test:unit)	UNKNOWN STEP	2026-10-09T12:30:19.7650714Z ##[start-action display=Start Wiz sensor;id=__self.__wiz-sec-public_wiz-sensor-github-action]
validate-code / unit-tests (test:unit)	UNKNOWN STEP	2026-10-09T12:30:19.7659957Z ##[end-action id=__self.__wiz-sec-public_wiz-sensor-github-action;outcome=skipped;conclusion=skipped;duration_ms=0]
validate-code / unit-tests (test:unit)	UNKNOWN STEP	2026-10-09T12:30:19.7836265Z ##[group]Run actions/checkout@3d3c42e5aac5ba805825da76410c181273ba90b1
validate-code / unit-tests (test:unit)	UNKNOWN STEP	2026-10-09T12:30:19.7836715Z with:
validate-code / unit-tests (test:unit)	UNKNOWN STEP	2026-10-09T12:30:19.7837013Z   repository: consensys-vertical-apps/va-mmcx-terminal
validate-code / unit-tests (test:unit)	UNKNOWN STEP	2026-10-09T12:30:19.7839538Z   token: ***
validate-code / unit-tests (test:unit)	UNKNOWN STEP	2026-10-09T12:30:19.7839776Z   ssh-strict: true
validate-code / unit-tests (test:unit)	UNKNOWN STEP	2026-10-09T12:30:19.7840018Z   ssh-user: git
validate-code / unit-tests (test:unit)	UNKNOWN STEP	2026-10-09T12:30:19.7840259Z   persist-credentials: true
validate-code / unit-tests (test:unit)	UNKNOWN STEP	2026-10-09T12:30:19.7840736Z   clean: true
validate-code / unit-tests (test:unit)	UNKNOWN STEP	2026-10-09T12:30:19.7840984Z   sparse-checkout-cone-mode: true
validate-code / unit-tests (test:unit)	UNKNOWN STEP	2026-10-09T12:30:19.7841266Z   fetch-depth: 1
validate-code / unit-tests (test:unit)	UNKNOWN STEP	2026-10-09T12:30:19.7841494Z   fetch-tags: false
validate-code / unit-tests (test:unit)	UNKNOWN STEP	2026-10-09T12:30:19.7841734Z   show-progress: true
validate-code / unit-tests (test:unit)	UNKNOWN STEP	2026-10-09T12:30:19.7841976Z   lfs: false
validate-code / unit-tests (test:unit)	UNKNOWN STEP	2026-10-09T12:30:19.7842311Z   submodules: false
validate-code / unit-tests (test:unit)	UNKNOWN STEP	2026-10-09T12:30:19.7842600Z   set-safe-directory: true
validate-code / unit-tests (test:unit)	UNKNOWN STEP	2026-10-09T12:30:19.7842877Z   allow-unsafe-pr-checkout: false
validate-code / unit-tests (test:unit)	UNKNOWN STEP	2026-10-09T12:30:19.7843157Z ##[endgroup]
validate-code / unit-tests (test:unit)	UNKNOWN STEP	2026-10-09T12:30:19.8908121Z Syncing repository: consensys-vertical-apps/va-mmcx-terminal
validate-code / unit-tests (test:unit)	UNKNOWN STEP	2026-10-09T12:30:19.8912855Z ##[group]Getting Git version info
validate-code / unit-tests (test:unit)	UNKNOWN STEP	2026-10-09T12:30:19.8913689Z Working directory is '/home/runner/work/va-mmcx-terminal/va-mmcx-terminal'
validate-code / unit-tests (test:unit)	UNKNOWN STEP	2026-10-09T12:30:19.8914886Z [command]/usr/bin/git version
validate-code / unit-tests (test:unit)	UNKNOWN STEP	2026-10-09T12:30:19.9025099Z git version 2.55.0
validate-code / unit-tests (test:unit)	UNKNOWN STEP	2026-10-09T12:30:19.9048718Z ##[endgroup]
validate-code / unit-tests (test:unit)	UNKNOWN STEP	2026-10-09T12:30:19.9063290Z Temporarily overriding HOME='/home/runner/work/_temp/8bbfa4a3-7acc-4671-bbf4-29125db671a3' before making global git config changes
validate-code / unit-tests (test:unit)	UNKNOWN STEP	2026-10-09T12:30:19.9065028Z Adding repository directory to the temporary git global config as a safe directory
validate-code / unit-tests (test:unit)	UNKNOWN STEP	2026-10-09T12:30:19.9071183Z [command]/usr/bin/git config --global --add safe.directory /home/runner/work/va-mmcx-terminal/va-mmcx-terminal
validate-code / unit-tests (test:unit)	UNKNOWN STEP	2026-10-09T12:30:19.9157291Z Deleting the contents of '/home/runner/work/va-mmcx-terminal/va-mmcx-terminal'
validate-code / unit-tests (test:unit)	UNKNOWN STEP	2026-10-09T12:30:19.9159620Z ##[group]Determining repository object format
validate-code / unit-tests (test:unit)	UNKNOWN STEP	2026-10-09T12:30:19.9161262Z ##[endgroup]
validate-code / unit-tests (test:unit)	UNKNOWN STEP	2026-10-09T12:30:19.9162228Z ##[group]Initializing the repository
validate-code / unit-tests (test:unit)	UNKNOWN STEP	2026-10-09T12:30:19.9164273Z [command]/usr/bin/git init /home/runner/work/va-mmcx-terminal/va-mmcx-terminal
validate-code / unit-tests (test:unit)	UNKNOWN STEP	2026-10-09T12:30:19.9284192Z hint: Using 'master' as the name for the initial branch. This default branch name
validate-code / unit-tests (test:unit)	UNKNOWN STEP	2026-10-09T12:30:19.9287625Z hint: will change to "main" in Git 3.0. To configure the initial branch name
validate-code / unit-tests (test:unit)	UNKNOWN STEP	2026-10-09T12:30:19.9288836Z hint: to use in all of your new repositories, which will suppress this warning,
validate-code / unit-tests (test:unit)	UNKNOWN STEP	2026-10-09T12:30:19.9289766Z hint: call:
validate-code / unit-tests (test:unit)	UNKNOWN STEP	2026-10-09T12:30:19.9290750Z hint:
validate-code / unit-tests (test:unit)	UNKNOWN STEP	2026-10-09T12:30:19.9291596Z hint: 	git config --global init.defaultBranch <name>
validate-code / unit-tests (test:unit)	UNKNOWN STEP	2026-10-09T12:30:19.9292560Z hint:
validate-code / unit-tests (test:unit)	UNKNOWN STEP	2026-10-09T12:30:19.9293539Z hint: Names commonly chosen instead of 'master' are 'main', 'trunk' and
validate-code / unit-tests (test:unit)	UNKNOWN STEP	2026-10-09T12:30:19.9294856Z hint: 'development'. The just-created branch can be renamed via this command:
validate-code / unit-tests (test:unit)	UNKNOWN STEP	2026-10-09T12:30:19.9296040Z hint:
validate-code / unit-tests (test:unit)	UNKNOWN STEP	2026-10-09T12:30:19.9296775Z hint: 	git branch -m <name>
validate-code / unit-tests (test:unit)	UNKNOWN STEP	2026-10-09T12:30:19.9297413Z hint:
validate-code / unit-tests (test:unit)	UNKNOWN STEP	2026-10-09T12:30:19.9298364Z hint: Disable this message with "git config set advice.defaultBranchName false"
validate-code / unit-tests (test:unit)	UNKNOWN STEP	2026-10-09T12:30:19.9299791Z Initialized empty Git repository in /home/runner/work/va-mmcx-terminal/va-mmcx-terminal/.git/
validate-code / unit-tests (test:unit)	UNKNOWN STEP	2026-10-09T12:30:19.9304178Z [command]/usr/bin/git remote add origin https://github.com/consensys-vertical-apps/va-mmcx-terminal
validate-code / unit-tests (test:unit)	UNKNOWN STEP	2026-10-09T12:30:19.9361338Z ##[endgroup]
validate-code / unit-tests (test:unit)	UNKNOWN STEP	2026-10-09T12:30:19.9362107Z ##[group]Disabling automatic garbage collection
validate-code / unit-tests (test:unit)	UNKNOWN STEP	2026-10-09T12:30:19.9362779Z [command]/usr/bin/git config --local gc.auto 0
validate-code / unit-tests (test:unit)	UNKNOWN STEP	2026-10-09T12:30:19.9403107Z ##[endgroup]
validate-code / unit-tests (test:unit)	UNKNOWN STEP	2026-10-09T12:30:19.9404087Z ##[group]Setting up auth
validate-code / unit-tests (test:unit)	UNKNOWN STEP	2026-10-09T12:30:19.9404661Z Removing SSH command configuration
validate-code / unit-tests (test:unit)	UNKNOWN STEP	2026-10-09T12:30:19.9406935Z [command]/usr/bin/git config --local --name-only --get-regexp core\.sshCommand
validate-code / unit-tests (test:unit)	UNKNOWN STEP	2026-10-09T12:30:19.9441209Z [command]/usr/bin/git submodule foreach --recursive sh -c "git config --local --name-only --get-regexp 'core\.sshCommand' && git config --local --unset-all 'core.sshCommand' || :"
validate-code / unit-tests (test:unit)	UNKNOWN STEP	2026-10-09T12:30:19.9804354Z Removing HTTP extra header
validate-code / unit-tests (test:unit)	UNKNOWN STEP	2026-10-09T12:30:19.9812103Z [command]/usr/bin/git config --local --name-only --get-regexp http\.https\:\/\/github\.com\/\.extraheader
validate-code / unit-tests (test:unit)	UNKNOWN STEP	2026-10-09T12:30:19.9854837Z [command]/usr/bin/git submodule foreach --recursive sh -c "git config --local --name-only --get-regexp 'http\.https\:\/\/github\.com\/\.extraheader' && git config --local --unset-all 'http.https://github.com/.extraheader' || :"
validate-code / unit-tests (test:unit)	UNKNOWN STEP	2026-10-09T12:30:20.0087715Z Removing includeIf entries pointing to credentials config files
validate-code / unit-tests (test:unit)	UNKNOWN STEP	2026-10-09T12:30:20.0093880Z [command]/usr/bin/git config --local --name-only --get-regexp ^includeIf\.gitdir:
validate-code / unit-tests (test:unit)	UNKNOWN STEP	2026-10-09T12:30:20.0129453Z [command]/usr/bin/git submodule foreach --recursive git config --local --show-origin --name-only --get-regexp remote.origin.url
validate-code / unit-tests (test:unit)	UNKNOWN STEP	2026-10-09T12:30:20.0372672Z [command]/usr/bin/git config --file /home/runner/work/_temp/git-credentials-94671a25-284e-46ff-a7d7-24f7addccef0.config http.https://github.com/.extraheader AUTHORIZATION: basic ***
validate-code / unit-tests (test:unit)	UNKNOWN STEP	2026-10-09T12:30:20.0413254Z [command]/usr/bin/git config --local includeIf.gitdir:/home/runner/work/va-mmcx-terminal/va-mmcx-terminal/.git.path /home/runner/work/_temp/git-credentials-94671a25-284e-46ff-a7d7-24f7addccef0.config
validate-code / unit-tests (test:unit)	UNKNOWN STEP	2026-10-09T12:30:20.0461874Z [command]/usr/bin/git config --local includeIf.gitdir:/home/runner/work/va-mmcx-terminal/va-mmcx-terminal/.git/worktrees/*.path /home/runner/work/_temp/git-credentials-94671a25-284e-46ff-a7d7-24f7addccef0.config
validate-code / unit-tests (test:unit)	UNKNOWN STEP	2026-10-09T12:30:20.0499192Z [command]/usr/bin/git config --local includeIf.gitdir:/github/workspace/.git.path /github/runner_temp/git-credentials-94671a25-284e-46ff-a7d7-24f7addccef0.config
validate-code / unit-tests (test:unit)	UNKNOWN STEP	2026-10-09T12:30:20.0540649Z [command]/usr/bin/git config --local includeIf.gitdir:/github/workspace/.git/worktrees/*.path /github/runner_temp/git-credentials-94671a25-284e-46ff-a7d7-24f7addccef0.config
validate-code / unit-tests (test:unit)	UNKNOWN STEP	2026-10-09T12:30:20.0570120Z ##[endgroup]
validate-code / unit-tests (test:unit)	UNKNOWN STEP	2026-10-09T12:30:20.0571451Z ##[group]Fetching the repository
validate-code / unit-tests (test:unit)	UNKNOWN STEP	2026-10-09T12:30:20.0578578Z [command]/usr/bin/git -c protocol.version=2 fetch --no-tags --prune --no-recurse-submodules --depth=1 origin +03d9b9c089fa32b8fbc434bcfeb10bdade16f710:refs/remotes/pull/181/merge
validate-code / unit-tests (test:unit)	UNKNOWN STEP	2026-10-09T12:30:21.0019563Z From https://github.com/consensys-vertical-apps/va-mmcx-terminal
validate-code / unit-tests (test:unit)	UNKNOWN STEP	2026-10-09T12:30:21.0021036Z  * [new ref]         03d9b9c089fa32b8fbc434bcfeb10bdade16f710 -> pull/181/merge
validate-code / unit-tests (test:unit)	UNKNOWN STEP	2026-10-09T12:30:21.0028017Z ##[endgroup]
validate-code / unit-tests (test:unit)	UNKNOWN STEP	2026-10-09T12:30:21.0028983Z ##[group]Determining the checkout info
validate-code / unit-tests (test:unit)	UNKNOWN STEP	2026-10-09T12:30:21.0029925Z ##[endgroup]
validate-code / unit-tests (test:unit)	UNKNOWN STEP	2026-10-09T12:30:21.0035129Z [command]/usr/bin/git sparse-checkout disable
validate-code / unit-tests (test:unit)	UNKNOWN STEP	2026-10-09T12:30:21.0089817Z [command]/usr/bin/git config --local --unset-all extensions.worktreeConfig
validate-code / unit-tests (test:unit)	UNKNOWN STEP	2026-10-09T12:30:21.0132330Z ##[group]Checking out the ref
validate-code / unit-tests (test:unit)	UNKNOWN STEP	2026-10-09T12:30:21.0136483Z [command]/usr/bin/git checkout --progress --force refs/remotes/pull/181/merge
validate-code / unit-tests (test:unit)	UNKNOWN STEP	2026-10-09T12:30:21.1807792Z Note: switching to 'refs/remotes/pull/181/merge'.
validate-code / unit-tests (test:unit)	UNKNOWN STEP	2026-10-09T12:30:21.1810026Z 
validate-code / unit-tests (test:unit)	UNKNOWN STEP	2026-10-09T12:30:21.1821727Z You are in 'detached HEAD' state. You can look around, make experimental
validate-code / unit-tests (test:unit)	UNKNOWN STEP	2026-10-09T12:30:21.1822995Z changes and commit them, and you can discard any commits you make in this
validate-code / unit-tests (test:unit)	UNKNOWN STEP	2026-10-09T12:30:21.1824139Z state without impacting any branches by switching back to a branch.
validate-code / unit-tests (test:unit)	UNKNOWN STEP	2026-10-09T12:30:21.1824796Z 
validate-code / unit-tests (test:unit)	UNKNOWN STEP	2026-10-09T12:30:21.1825621Z If you want to create a new branch to retain commits you create, you may
validate-code / unit-tests (test:unit)	UNKNOWN STEP	2026-10-09T12:30:21.1826628Z do so (now or later) by using -c with the switch command. Example:
validate-code / unit-tests (test:unit)	UNKNOWN STEP	2026-10-09T12:30:21.1827289Z 
validate-code / unit-tests (test:unit)	UNKNOWN STEP	2026-10-09T12:30:21.1827678Z   git switch -c <new-branch-name>
validate-code / unit-tests (test:unit)	UNKNOWN STEP	2026-10-09T12:30:21.1828197Z 
validate-code / unit-tests (test:unit)	UNKNOWN STEP	2026-10-09T12:30:21.1828559Z Or undo this operation with:
validate-code / unit-tests (test:unit)	UNKNOWN STEP	2026-10-09T12:30:21.1829022Z 
validate-code / unit-tests (test:unit)	UNKNOWN STEP	2026-10-09T12:30:21.1829354Z   git switch -
validate-code / unit-tests (test:unit)	UNKNOWN STEP	2026-10-09T12:30:21.1829790Z 
validate-code / unit-tests (test:unit)	UNKNOWN STEP	2026-10-09T12:30:21.1830625Z Turn off this advice by setting config variable advice.detachedHead to false
validate-code / unit-tests (test:unit)	UNKNOWN STEP	2026-10-09T12:30:21.1831712Z 
validate-code / unit-tests (test:unit)	UNKNOWN STEP	2026-10-09T12:30:21.1832515Z HEAD is now at 03d9b9c Merge af81d282d932b82de843d2b25c150d636b6818f7 into a0c70d313b0b14786b9738dec5a9ccba8653d1bf
validate-code / unit-tests (test:unit)	UNKNOWN STEP	2026-10-09T12:30:21.1836254Z ##[endgroup]
validate-code / unit-tests (test:unit)	UNKNOWN STEP	2026-10-09T12:30:21.1901645Z [command]/usr/bin/git log -1 --format=%H
validate-code / unit-tests (test:unit)	UNKNOWN STEP	2026-10-09T12:30:21.1929831Z 03d9b9c089fa32b8fbc434bcfeb10bdade16f710
validate-code / unit-tests (test:unit)	UNKNOWN STEP	2026-10-09T12:30:21.2188415Z ##[group]Run consensys-vertical-apps/shared-services-workflows/.github/actions/node-base-actions@0ad0566241bddeb4f6b3b5f310b368a89283e7df
validate-code / unit-tests (test:unit)	UNKNOWN STEP	2026-10-09T12:30:21.2189099Z with:
validate-code / unit-tests (test:unit)	UNKNOWN STEP	2026-10-09T12:30:21.2189325Z   node_version: 22
validate-code / unit-tests (test:unit)	UNKNOWN STEP	2026-10-09T12:30:21.2189560Z   npm_client: npm
validate-code / unit-tests (test:unit)	UNKNOWN STEP	2026-10-09T12:30:21.2189838Z   npm_client_production_flag: --frozen-lockfile
validate-code / unit-tests (test:unit)	UNKNOWN STEP	2026-10-09T12:30:21.2190174Z   npm_registry_name: npm
validate-code / unit-tests (test:unit)	UNKNOWN STEP	2026-10-09T12:30:21.2191062Z   npm_registry_url: https://consensys.jfrog.io/artifactory/api/npm/npm/
validate-code / unit-tests (test:unit)	UNKNOWN STEP	2026-10-09T12:30:21.2191531Z   node_modules_cache_key_prefix: node-modules-tests
validate-code / unit-tests (test:unit)	UNKNOWN STEP	2026-10-09T12:30:21.2191886Z   jfrog_oidc_provider_name: github
validate-code / unit-tests (test:unit)	UNKNOWN STEP	2026-10-09T12:30:21.2192193Z   yarn_version: 1
validate-code / unit-tests (test:unit)	UNKNOWN STEP	2026-10-09T12:30:21.2192449Z   npm_deploy_registry_name: npm-local
validate-code / unit-tests (test:unit)	UNKNOWN STEP	2026-10-09T12:30:21.2192767Z   jfrog_url: https://consensys.jfrog.io
validate-code / unit-tests (test:unit)	UNKNOWN STEP	2026-10-09T12:30:21.2193102Z   yarn_client_production_flag: --immutable
validate-code / unit-tests (test:unit)	UNKNOWN STEP	2026-10-09T12:30:21.2193405Z ##[endgroup]
validate-code / unit-tests (test:unit)	UNKNOWN STEP	2026-10-09T12:30:21.2202723Z ##[start-action display=Checkout;id=__consensys-vertical-apps_shared-services-workflows.__actions_checkout]
validate-code / unit-tests (test:unit)	UNKNOWN STEP	2026-10-09T12:30:21.2292840Z ##[group]Run actions/checkout@df4cb1c069e1874edd31b4311f1884172cec0e10
validate-code / unit-tests (test:unit)	UNKNOWN STEP	2026-10-09T12:30:21.2293232Z with:
validate-code / unit-tests (test:unit)	UNKNOWN STEP	2026-10-09T12:30:21.2293517Z   repository: consensys-vertical-apps/va-mmcx-terminal
validate-code / unit-tests (test:unit)	UNKNOWN STEP	2026-10-09T12:30:21.2295987Z   token: ***
validate-code / unit-tests (test:unit)	UNKNOWN STEP	2026-10-09T12:30:21.2296221Z   ssh-strict: true
validate-code / unit-tests (test:unit)	UNKNOWN STEP	2026-10-09T12:30:21.2296455Z   ssh-user: git
validate-code / unit-tests (test:unit)	UNKNOWN STEP	2026-10-09T12:30:21.2296692Z   persist-credentials: true
validate-code / unit-tests (test:unit)	UNKNOWN STEP	2026-10-09T12:30:21.2296953Z   clean: true
validate-code / unit-tests (test:unit)	UNKNOWN STEP	2026-10-09T12:30:21.2297194Z   sparse-checkout-cone-mode: true
validate-code / unit-tests (test:unit)	UNKNOWN STEP	2026-10-09T12:30:21.2297475Z   fetch-depth: 1
validate-code / unit-tests (test:unit)	UNKNOWN STEP	2026-10-09T12:30:21.2297718Z   fetch-tags: false
validate-code / unit-tests (test:unit)	UNKNOWN STEP	2026-10-09T12:30:21.2297951Z   show-progress: true
validate-code / unit-tests (test:unit)	UNKNOWN STEP	2026-10-09T12:30:21.2298197Z   lfs: false
validate-code / unit-tests (test:unit)	UNKNOWN STEP	2026-10-09T12:30:21.2298418Z   submodules: false
validate-code / unit-tests (test:unit)	UNKNOWN STEP	2026-10-09T12:30:21.2298658Z   set-safe-directory: true
validate-code / unit-tests (test:unit)	UNKNOWN STEP	2026-10-09T12:30:21.2298919Z ##[endgroup]
validate-code / unit-tests (test:unit)	UNKNOWN STEP	2026-10-09T12:30:21.3231346Z Syncing repository: consensys-vertical-apps/va-mmcx-terminal
validate-code / unit-tests (test:unit)	UNKNOWN STEP	2026-10-09T12:30:21.3234718Z ##[group]Getting Git version info
validate-code / unit-tests (test:unit)	UNKNOWN STEP	2026-10-09T12:30:21.3235822Z Working directory is '/home/runner/work/va-mmcx-terminal/va-mmcx-terminal'
validate-code / unit-tests (test:unit)	UNKNOWN STEP	2026-10-09T12:30:21.3282318Z [command]/usr/bin/git version
validate-code / unit-tests (test:unit)	UNKNOWN STEP	2026-10-09T12:30:21.3325640Z git version 2.55.0
validate-code / unit-tests (test:unit)	UNKNOWN STEP	2026-10-09T12:30:21.3351583Z ##[endgroup]
validate-code / unit-tests (test:unit)	UNKNOWN STEP	2026-10-09T12:30:21.3367305Z Temporarily overriding HOME='/home/runner/work/_temp/ebd2f7c4-d6c6-4c98-b511-6550c6410be6' before making global git config changes
validate-code / unit-tests (test:unit)	UNKNOWN STEP	2026-10-09T12:30:21.3368997Z Adding repository directory to the temporary git global config as a safe directory
validate-code / unit-tests (test:unit)	UNKNOWN STEP	2026-10-09T12:30:21.3374424Z [command]/usr/bin/git config --global --add safe.directory /home/runner/work/va-mmcx-terminal/va-mmcx-terminal
validate-code / unit-tests (test:unit)	UNKNOWN STEP	2026-10-09T12:30:21.3421936Z [command]/usr/bin/git config --local --get remote.origin.url
validate-code / unit-tests (test:unit)	UNKNOWN STEP	2026-10-09T12:30:21.3454768Z https://github.com/consensys-vertical-apps/va-mmcx-terminal
validate-code / unit-tests (test:unit)	UNKNOWN STEP	2026-10-09T12:30:21.3469392Z ##[group]Removing previously created refs, to avoid conflicts
validate-code / unit-tests (test:unit)	UNKNOWN STEP	2026-10-09T12:30:21.3475635Z [command]/usr/bin/git rev-parse --symbolic-full-name --verify --quiet HEAD
validate-code / unit-tests (test:unit)	UNKNOWN STEP	2026-10-09T12:30:21.3502149Z HEAD
validate-code / unit-tests (test:unit)	UNKNOWN STEP	2026-10-09T12:30:21.3549351Z ##[endgroup]
validate-code / unit-tests (test:unit)	UNKNOWN STEP	2026-10-09T12:30:21.3553189Z [command]/usr/bin/git submodule status
validate-code / unit-tests (test:unit)	UNKNOWN STEP	2026-10-09T12:30:21.3804926Z ##[group]Cleaning the repository
validate-code / unit-tests (test:unit)	UNKNOWN STEP	2026-10-09T12:30:21.3808354Z [command]/usr/bin/git clean -ffdx
validate-code / unit-tests (test:unit)	UNKNOWN STEP	2026-10-09T12:30:21.3890069Z [command]/usr/bin/git reset --hard HEAD
validate-code / unit-tests (test:unit)	UNKNOWN STEP	2026-10-09T12:30:21.6320704Z HEAD is now at 03d9b9c Merge af81d282d932b82de843d2b25c150d636b6818f7 into a0c70d313b0b14786b9738dec5a9ccba8653d1bf
validate-code / unit-tests (test:unit)	UNKNOWN STEP	2026-10-09T12:30:21.6352265Z ##[endgroup]
validate-code / unit-tests (test:unit)	UNKNOWN STEP	2026-10-09T12:30:21.6356679Z ##[group]Disabling automatic garbage collection
validate-code / unit-tests (test:unit)	UNKNOWN STEP	2026-10-09T12:30:21.6381411Z [command]/usr/bin/git config --local gc.auto 0
validate-code / unit-tests (test:unit)	UNKNOWN STEP	2026-10-09T12:30:21.6413037Z ##[endgroup]
validate-code / unit-tests (test:unit)	UNKNOWN STEP	2026-10-09T12:30:21.6424291Z ##[group]Setting up auth
validate-code / unit-tests (test:unit)	UNKNOWN STEP	2026-10-09T12:30:21.6441716Z Removing SSH command configuration
validate-code / unit-tests (test:unit)	UNKNOWN STEP	2026-10-09T12:30:21.6451618Z [command]/usr/bin/git config --local --name-only --get-regexp core\.sshCommand
validate-code / unit-tests (test:unit)	UNKNOWN STEP	2026-10-09T12:30:21.6503618Z [command]/usr/bin/git submodule foreach --recursive sh -c "git config --local --name-only --get-regexp 'core\.sshCommand' && git config --local --unset-all 'core.sshCommand' || :"
validate-code / unit-tests (test:unit)	UNKNOWN STEP	2026-10-09T12:30:21.6871416Z Removing HTTP extra header
validate-code / unit-tests (test:unit)	UNKNOWN STEP	2026-10-09T12:30:21.6885713Z [command]/usr/bin/git config --local --name-only --get-regexp http\.https\:\/\/github\.com\/\.extraheader
validate-code / unit-tests (test:unit)	UNKNOWN STEP	2026-10-09T12:30:21.6896400Z [command]/usr/bin/git submodule foreach --recursive sh -c "git config --local --name-only --get-regexp 'http\.https\:\/\/github\.com\/\.extraheader' && git config --local --unset-all 'http.https://github.com/.extraheader' || :"
validate-code / unit-tests (test:unit)	UNKNOWN STEP	2026-10-09T12:30:21.7141038Z Removing includeIf entries pointing to credentials config files
validate-code / unit-tests (test:unit)	UNKNOWN STEP	2026-10-09T12:30:21.7146165Z [command]/usr/bin/git config --local --name-only --get-regexp ^includeIf\.gitdir:
validate-code / unit-tests (test:unit)	UNKNOWN STEP	2026-10-09T12:30:21.7173108Z includeif.gitdir:/home/runner/work/va-mmcx-terminal/va-mmcx-terminal/.git.path
validate-code / unit-tests (test:unit)	UNKNOWN STEP	2026-10-09T12:30:21.7181428Z includeif.gitdir:/home/runner/work/va-mmcx-terminal/va-mmcx-terminal/.git/worktrees/*.path
validate-code / unit-tests (test:unit)	UNKNOWN STEP	2026-10-09T12:30:21.7211396Z includeif.gitdir:/github/workspace/.git.path
validate-code / unit-tests (test:unit)	UNKNOWN STEP	2026-10-09T12:30:21.7231064Z includeif.gitdir:/github/workspace/.git/worktrees/*.path
validate-code / unit-tests (test:unit)	UNKNOWN STEP	2026-10-09T12:30:21.7278989Z [command]/usr/bin/git config --local --get-all includeif.gitdir:/home/runner/work/va-mmcx-terminal/va-mmcx-terminal/.git.path
validate-code / unit-tests (test:unit)	UNKNOWN STEP	2026-10-09T12:30:21.7280724Z /home/runner/work/_temp/git-credentials-94671a25-284e-46ff-a7d7-24f7addccef0.config
validate-code / unit-tests (test:unit)	UNKNOWN STEP	2026-10-09T12:30:21.7283246Z [command]/usr/bin/git config --local --unset includeif.gitdir:/home/runner/work/va-mmcx-terminal/va-mmcx-terminal/.git.path /home/runner/work/_temp/git-credentials-94671a25-284e-46ff-a7d7-24f7addccef0.config
validate-code / unit-tests (test:unit)	UNKNOWN STEP	2026-10-09T12:30:21.7292608Z [command]/usr/bin/git config --local --get-all includeif.gitdir:/home/runner/work/va-mmcx-terminal/va-mmcx-terminal/.git/worktrees/*.path
validate-code / unit-tests (test:unit)	UNKNOWN STEP	2026-10-09T12:30:21.7308237Z /home/runner/work/_temp/git-credentials-94671a25-284e-46ff-a7d7-24f7addccef0.config
validate-code / unit-tests (test:unit)	UNKNOWN STEP	2026-10-09T12:30:21.7319099Z [command]/usr/bin/git config --local --unset includeif.gitdir:/home/runner/work/va-mmcx-terminal/va-mmcx-terminal/.git/worktrees/*.path /home/runner/work/_temp/git-credentials-94671a25-284e-46ff-a7d7-24f7addccef0.config
validate-code / unit-tests (test:unit)	UNKNOWN STEP	2026-10-09T12:30:21.7357720Z [command]/usr/bin/git config --local --get-all includeif.gitdir:/github/workspace/.git.path
validate-code / unit-tests (test:unit)	UNKNOWN STEP	2026-10-09T12:30:21.7401356Z /github/runner_temp/git-credentials-94671a25-284e-46ff-a7d7-24f7addccef0.config
validate-code / unit-tests (test:unit)	UNKNOWN STEP	2026-10-09T12:30:21.7444862Z [command]/usr/bin/git config --local --unset includeif.gitdir:/github/workspace/.git.path /github/runner_temp/git-credentials-94671a25-284e-46ff-a7d7-24f7addccef0.config
validate-code / unit-tests (test:unit)	UNKNOWN STEP	2026-10-09T12:30:21.7459176Z [command]/usr/bin/git config --local --get-all includeif.gitdir:/github/workspace/.git/worktrees/*.path
validate-code / unit-tests (test:unit)	UNKNOWN STEP	2026-10-09T12:30:21.7473548Z /github/runner_temp/git-credentials-94671a25-284e-46ff-a7d7-24f7addccef0.config
validate-code / unit-tests (test:unit)	UNKNOWN STEP	2026-10-09T12:30:21.7487282Z [command]/usr/bin/git config --local --unset includeif.gitdir:/github/workspace/.git/worktrees/*.path /github/runner_temp/git-credentials-94671a25-284e-46ff-a7d7-24f7addccef0.config
validate-code / unit-tests (test:unit)	UNKNOWN STEP	2026-10-09T12:30:21.7542221Z [command]/usr/bin/git submodule foreach --recursive git config --local --show-origin --name-only --get-regexp remote.origin.url
validate-code / unit-tests (test:unit)	UNKNOWN STEP	2026-10-09T12:30:21.7791782Z Removing credentials config '/home/runner/work/_temp/git-credentials-94671a25-284e-46ff-a7d7-24f7addccef0.config'
validate-code / unit-tests (test:unit)	UNKNOWN STEP	2026-10-09T12:30:21.7814587Z [command]/usr/bin/git config --file /home/runner/work/_temp/git-credentials-4cd546ab-fdde-462e-ad0e-19b8f85bd09b.config http.https://github.com/.extraheader AUTHORIZATION: basic ***
validate-code / unit-tests (test:unit)	UNKNOWN STEP	2026-10-09T12:30:21.7841567Z [command]/usr/bin/git config --local includeIf.gitdir:/home/runner/work/va-mmcx-terminal/va-mmcx-terminal/.git.path /home/runner/work/_temp/git-credentials-4cd546ab-fdde-462e-ad0e-19b8f85bd09b.config
validate-code / unit-tests (test:unit)	UNKNOWN STEP	2026-10-09T12:30:21.7889047Z [command]/usr/bin/git config --local includeIf.gitdir:/home/runner/work/va-mmcx-terminal/va-mmcx-terminal/.git/worktrees/*.path /home/runner/work/_temp/git-credentials-4cd546ab-fdde-462e-ad0e-19b8f85bd09b.config
validate-code / unit-tests (test:unit)	UNKNOWN STEP	2026-10-09T12:30:21.7926071Z [command]/usr/bin/git config --local includeIf.gitdir:/github/workspace/.git.path /github/runner_temp/git-credentials-4cd546ab-fdde-462e-ad0e-19b8f85bd09b.config
validate-code / unit-tests (test:unit)	UNKNOWN STEP	2026-10-09T12:30:21.7962303Z [command]/usr/bin/git config --local includeIf.gitdir:/github/workspace/.git/worktrees/*.path /github/runner_temp/git-credentials-4cd546ab-fdde-462e-ad0e-19b8f85bd09b.config
validate-code / unit-tests (test:unit)	UNKNOWN STEP	2026-10-09T12:30:21.7992487Z ##[endgroup]
validate-code / unit-tests (test:unit)	UNKNOWN STEP	2026-10-09T12:30:21.7993460Z ##[group]Fetching the repository
validate-code / unit-tests (test:unit)	UNKNOWN STEP	2026-10-09T12:30:21.8003175Z [command]/usr/bin/git -c protocol.version=2 fetch --no-tags --prune --no-recurse-submodules --depth=1 origin +03d9b9c089fa32b8fbc434bcfeb10bdade16f710:refs/remotes/pull/181/merge
validate-code / unit-tests (test:unit)	UNKNOWN STEP	2026-10-09T12:30:22.0125874Z ##[endgroup]
validate-code / unit-tests (test:unit)	UNKNOWN STEP	2026-10-09T12:30:22.0127118Z ##[group]Determining the checkout info
validate-code / unit-tests (test:unit)	UNKNOWN STEP	2026-10-09T12:30:22.0128195Z ##[endgroup]
validate-code / unit-tests (test:unit)	UNKNOWN STEP	2026-10-09T12:30:22.0135799Z [command]/usr/bin/git sparse-checkout disable
validate-code / unit-tests (test:unit)	UNKNOWN STEP	2026-10-09T12:30:22.1055587Z [command]/usr/bin/git config --local --unset-all extensions.worktreeConfig
validate-code / unit-tests (test:unit)	UNKNOWN STEP	2026-10-09T12:30:22.1088974Z ##[group]Checking out the ref
validate-code / unit-tests (test:unit)	UNKNOWN STEP	2026-10-09T12:30:22.1095031Z [command]/usr/bin/git checkout --progress --force refs/remotes/pull/181/merge
validate-code / unit-tests (test:unit)	UNKNOWN STEP	2026-10-09T12:30:22.1191234Z HEAD is now at 03d9b9c Merge af81d282d932b82de843d2b25c150d636b6818f7 into a0c70d313b0b14786b9738dec5a9ccba8653d1bf
validate-code / unit-tests (test:unit)	UNKNOWN STEP	2026-10-09T12:30:22.1200649Z ##[endgroup]
validate-code / unit-tests (test:unit)	UNKNOWN STEP	2026-10-09T12:30:22.1249930Z [command]/usr/bin/git log -1 --format=%H
validate-code / unit-tests (test:unit)	UNKNOWN STEP	2026-10-09T12:30:22.1287946Z 03d9b9c089fa32b8fbc434bcfeb10bdade16f710
validate-code / unit-tests (test:unit)	UNKNOWN STEP	2026-10-09T12:30:22.1414072Z ##[end-action id=__consensys-vertical-apps_shared-services-workflows.__actions_checkout;outcome=success;conclusion=success;duration_ms=920]
validate-code / unit-tests (test:unit)	UNKNOWN STEP	2026-10-09T12:30:22.1418834Z ##[start-action display=NPM client check;id=__consensys-vertical-apps_shared-services-workflows.__run]
validate-code / unit-tests (test:unit)	UNKNOWN STEP	2026-10-09T12:30:22.1444047Z ##[group]Run if [[ ! "$NPM_CLIENT" =~ ^(yarn|npm|pnpm)$ ]]; then
validate-code / unit-tests (test:unit)	UNKNOWN STEP	2026-10-09T12:30:22.1444557Z ^[[36;1mif [[ ! "$NPM_CLIENT" =~ ^(yarn|npm|pnpm)$ ]]; then^[[0m
validate-code / unit-tests (test:unit)	UNKNOWN STEP	2026-10-09T12:30:22.1444993Z ^[[36;1m  echo "Please use a supported NPM client \'npm\' or \'yarn\'"^[[0m
validate-code / unit-tests (test:unit)	UNKNOWN STEP	2026-10-09T12:30:22.1445384Z ^[[36;1m  exit 1^[[0m
validate-code / unit-tests (test:unit)	UNKNOWN STEP	2026-10-09T12:30:22.1445610Z ^[[36;1mfi^[[0m
validate-code / unit-tests (test:unit)	UNKNOWN STEP	2026-10-09T12:30:22.1512154Z shell: /usr/bin/bash --noprofile --norc -e -o pipefail ***0***
validate-code / unit-tests (test:unit)	UNKNOWN STEP	2026-10-09T12:30:22.1512558Z env:
validate-code / unit-tests (test:unit)	UNKNOWN STEP	2026-10-09T12:30:22.1512779Z   NPM_CLIENT: npm
validate-code / unit-tests (test:unit)	UNKNOWN STEP	2026-10-09T12:30:22.1513019Z ##[endgroup]
validate-code / unit-tests (test:unit)	UNKNOWN STEP	2026-10-09T12:30:22.1604307Z ##[end-action id=__consensys-vertical-apps_shared-services-workflows.__run;outcome=success;conclusion=success;duration_ms=18]
validate-code / unit-tests (test:unit)	UNKNOWN STEP	2026-10-09T12:30:22.1608128Z ##[start-action display=JFrog Auth;id=__consensys-vertical-apps_shared-services-workflows.jfrog_token]
validate-code / unit-tests (test:unit)	UNKNOWN STEP	2026-10-09T12:30:22.1653787Z ##[group]Run jfrog/setup-jfrog-cli@deda456d982fc5e9a7a020b63eb0d2968aedd33e
validate-code / unit-tests (test:unit)	UNKNOWN STEP	2026-10-09T12:30:22.1654212Z with:
validate-code / unit-tests (test:unit)	UNKNOWN STEP	2026-10-09T12:30:22.1654449Z   oidc-provider-name: github
validate-code / unit-tests (test:unit)	UNKNOWN STEP	2026-10-09T12:30:22.1654723Z   version: 2.91.0
validate-code / unit-tests (test:unit)	UNKNOWN STEP	2026-10-09T12:30:22.1654965Z   disable-job-summary: false
validate-code / unit-tests (test:unit)	UNKNOWN STEP	2026-10-09T12:30:22.1655263Z   disable-auto-build-publish: false
validate-code / unit-tests (test:unit)	UNKNOWN STEP	2026-10-09T12:30:22.1655582Z   disable-auto-evidence-collection: false
validate-code / unit-tests (test:unit)	UNKNOWN STEP	2026-10-09T12:30:22.1655908Z   enable-package-alias: false
validate-code / unit-tests (test:unit)	UNKNOWN STEP	2026-10-09T12:30:22.1656168Z env:
validate-code / unit-tests (test:unit)	UNKNOWN STEP	2026-10-09T12:30:22.1656423Z   JF_URL: https://consensys.jfrog.io
validate-code / unit-tests (test:unit)	UNKNOWN STEP	2026-10-09T12:30:22.1656730Z ##[endgroup]
validate-code / unit-tests (test:unit)	UNKNOWN STEP	2026-10-09T12:30:22.3434930Z ##[group]Setup JFrog CLI
validate-code / unit-tests (test:unit)	UNKNOWN STEP	2026-10-09T12:30:22.3467693Z Downloading JFrog CLI from https://releases.jfrog.io/artifactory/jfrog-cli/v2/2.91.0/jfrog-cli-linux-amd64/jfrog
validate-code / unit-tests (test:unit)	UNKNOWN STEP	2026-10-09T12:30:24.0692501Z [command]/opt/hostedtoolcache/jf/2.91.0/x64/jf config add setup-jfrog-cli-server --url https://consensys.jfrog.io --interactive=false --overwrite=true --access-token ***
validate-code / unit-tests (test:unit)	UNKNOWN STEP	2026-10-09T12:30:24.0882284Z ##[endgroup]
validate-code / unit-tests (test:unit)	UNKNOWN STEP	2026-10-09T12:30:24.0989792Z ##[end-action id=__consensys-vertical-apps_shared-services-workflows.jfrog_token;outcome=success;conclusion=success;duration_ms=1938]
validate-code / unit-tests (test:unit)	UNKNOWN STEP	2026-10-09T12:30:24.0995049Z ##[start-action display=Corepack enable;id=__consensys-vertical-apps_shared-services-workflows.__run_2]
validate-code / unit-tests (test:unit)	UNKNOWN STEP	2026-10-09T12:30:24.1015027Z ##[group]Run if [ "$NPM_CLIENT" = "yarn" ] && [ "$YARN_VERSION" = "4" ]; then
validate-code / unit-tests (test:unit)	UNKNOWN STEP	2026-10-09T12:30:24.1015553Z ^[[36;1mif [ "$NPM_CLIENT" = "yarn" ] && [ "$YARN_VERSION" = "4" ]; then^[[0m
validate-code / unit-tests (test:unit)	UNKNOWN STEP	2026-10-09T12:30:24.1015954Z ^[[36;1m  corepack enable^[[0m
validate-code / unit-tests (test:unit)	UNKNOWN STEP	2026-10-09T12:30:24.1016219Z ^[[36;1mfi^[[0m
validate-code / unit-tests (test:unit)	UNKNOWN STEP	2026-10-09T12:30:24.1016474Z ^[[36;1mif [ "$NPM_CLIENT" = "pnpm" ]; then^[[0m
validate-code / unit-tests (test:unit)	UNKNOWN STEP	2026-10-09T12:30:24.1016798Z ^[[36;1m  corepack enable^[[0m
validate-code / unit-tests (test:unit)	UNKNOWN STEP	2026-10-09T12:30:24.1017051Z ^[[36;1mfi^[[0m
validate-code / unit-tests (test:unit)	UNKNOWN STEP	2026-10-09T12:30:24.1079770Z shell: /usr/bin/bash --noprofile --norc -e -o pipefail ***0***
validate-code / unit-tests (test:unit)	UNKNOWN STEP	2026-10-09T12:30:24.1080191Z env:
validate-code / unit-tests (test:unit)	UNKNOWN STEP	2026-10-09T12:30:24.1080940Z   JFROG_CLI_ENV_EXCLUDE: *password*;*secret*;*key*;*token*;*auth*;JF_ARTIFACTORY_*;JF_ENV_*;JF_URL;JF_USER;JF_PASSWORD;JF_ACCESS_TOKEN
validate-code / unit-tests (test:unit)	UNKNOWN STEP	2026-10-09T12:30:24.1081565Z   JFROG_CLI_OFFER_CONFIG: false
validate-code / unit-tests (test:unit)	UNKNOWN STEP	2026-10-09T12:30:24.1081883Z   JFROG_CLI_AVOID_NEW_VERSION_WARNING: true
validate-code / unit-tests (test:unit)	UNKNOWN STEP	2026-10-09T12:30:24.1082334Z   JFROG_CLI_SOURCECODE_REPOSITORY: consensys-vertical-apps/va-mmcx-terminal
validate-code / unit-tests (test:unit)	UNKNOWN STEP	2026-10-09T12:30:24.1082783Z   JFROG_CLI_CI_JOB_ID: Validate PR
validate-code / unit-tests (test:unit)	UNKNOWN STEP	2026-10-09T12:30:24.1083080Z   JFROG_CLI_CI_RUN_ID: 37930418772
validate-code / unit-tests (test:unit)	UNKNOWN STEP	2026-10-09T12:30:24.1083364Z   JFROG_CLI_GITHUB_TOKEN: 
validate-code / unit-tests (test:unit)	UNKNOWN STEP	2026-10-09T12:30:24.1083725Z   JFROG_CLI_CI_VCS_REVISION: 03d9b9c089fa32b8fbc434bcfeb10bdade16f710
validate-code / unit-tests (test:unit)	UNKNOWN STEP	2026-10-09T12:30:24.1084131Z   JFROG_CLI_CI_BRANCH: 181/merge
validate-code / unit-tests (test:unit)	UNKNOWN STEP	2026-10-09T12:30:24.1084577Z   JFROG_CLI_CI_VCS_URL: https://github.com/consensys-vertical-apps/va-mmcx-terminal
validate-code / unit-tests (test:unit)	UNKNOWN STEP	2026-10-09T12:30:24.1085058Z   JFROG_CLI_BUILD_NAME: Validate PR
validate-code / unit-tests (test:unit)	UNKNOWN STEP	2026-10-09T12:30:24.1085359Z   JFROG_CLI_BUILD_NUMBER: 819
validate-code / unit-tests (test:unit)	UNKNOWN STEP	2026-10-09T12:30:24.1085891Z   JFROG_CLI_BUILD_URL: https://github.com/consensys-vertical-apps/va-mmcx-terminal/actions/runs/37930418772
validate-code / unit-tests (test:unit)	UNKNOWN STEP	2026-10-09T12:30:24.1086511Z   JFROG_CLI_USER_AGENT: setup-jfrog-cli-github-action/5.1.0
validate-code / unit-tests (test:unit)	UNKNOWN STEP	2026-10-09T12:30:24.1086995Z   JFROG_CLI_COMMAND_SUMMARY_OUTPUT_DIR: /home/runner/work/_temp
validate-code / unit-tests (test:unit)	UNKNOWN STEP	2026-10-09T12:30:24.1087436Z   JFROG_CLI_USAGE_GH_TOKEN_FOR_CODE_SCANNING_ALERTS_PROVIDED: 
validate-code / unit-tests (test:unit)	UNKNOWN STEP	2026-10-09T12:30:24.1087848Z   SETUP_JFROG_CLI_SERVER_IDS: setup-jfrog-cli-server
validate-code / unit-tests (test:unit)	UNKNOWN STEP	2026-10-09T12:30:24.1088179Z   NPM_CLIENT: npm
validate-code / unit-tests (test:unit)	UNKNOWN STEP	2026-10-09T12:30:24.1088411Z   YARN_VERSION: 1
validate-code / unit-tests (test:unit)	UNKNOWN STEP	2026-10-09T12:30:24.1088646Z ##[endgroup]
validate-code / unit-tests (test:unit)	UNKNOWN STEP	2026-10-09T12:30:24.1205699Z ##[end-action id=__consensys-vertical-apps_shared-services-workflows.__run_2;outcome=success;conclusion=success;duration_ms=20]
validate-code / unit-tests (test:unit)	UNKNOWN STEP	2026-10-09T12:30:24.1208703Z ##[start-action display=Run pnpm/action-setup@fc06bc1257f339d1d5d8b3a19a8cae5388b55320;id=__consensys-vertical-apps_shared-services-workflows.__pnpm_action-setup]
validate-code / unit-tests (test:unit)	UNKNOWN STEP	2026-10-09T12:30:24.1214422Z ##[end-action id=__consensys-vertical-apps_shared-services-workflows.__pnpm_action-setup;outcome=skipped;conclusion=skipped;duration_ms=0]
validate-code / unit-tests (test:unit)	UNKNOWN STEP	2026-10-09T12:30:24.1217348Z ##[start-action display=Setup Node.js;id=__consensys-vertical-apps_shared-services-workflows.__actions_setup-node]
validate-code / unit-tests (test:unit)	UNKNOWN STEP	2026-10-09T12:30:24.1264664Z ##[group]Run actions/setup-node@48b55a011bda9f5d6aeb4c2d9c7362e8dae4041e
validate-code / unit-tests (test:unit)	UNKNOWN STEP	2026-10-09T12:30:24.1265076Z with:
validate-code / unit-tests (test:unit)	UNKNOWN STEP	2026-10-09T12:30:24.1265320Z   node-version: 22
validate-code / unit-tests (test:unit)	UNKNOWN STEP	2026-10-09T12:30:24.1265559Z   cache: npm
validate-code / unit-tests (test:unit)	UNKNOWN STEP	2026-10-09T12:30:24.1265788Z   check-latest: false
validate-code / unit-tests (test:unit)	UNKNOWN STEP	2026-10-09T12:30:24.1268158Z   token: ***
validate-code / unit-tests (test:unit)	UNKNOWN STEP	2026-10-09T12:30:24.1268417Z   package-manager-cache: true
validate-code / unit-tests (test:unit)	UNKNOWN STEP	2026-10-09T12:30:24.1268696Z env:
validate-code / unit-tests (test:unit)	UNKNOWN STEP	2026-10-09T12:30:24.1269208Z   JFROG_CLI_ENV_EXCLUDE: *password*;*secret*;*key*;*token*;*auth*;JF_ARTIFACTORY_*;JF_ENV_*;JF_URL;JF_USER;JF_PASSWORD;JF_ACCESS_TOKEN
validate-code / unit-tests (test:unit)	UNKNOWN STEP	2026-10-09T12:30:24.1269801Z   JFROG_CLI_OFFER_CONFIG: false
validate-code / unit-tests (test:unit)	UNKNOWN STEP	2026-10-09T12:30:24.1270100Z   JFROG_CLI_AVOID_NEW_VERSION_WARNING: true
validate-code / unit-tests (test:unit)	UNKNOWN STEP	2026-10-09T12:30:24.1270900Z   JFROG_CLI_SOURCECODE_REPOSITORY: consensys-vertical-apps/va-mmcx-terminal
validate-code / unit-tests (test:unit)	UNKNOWN STEP	2026-10-09T12:30:24.1271575Z   JFROG_CLI_CI_JOB_ID: Validate PR
validate-code / unit-tests (test:unit)	UNKNOWN STEP	2026-10-09T12:30:24.1271871Z   JFROG_CLI_CI_RUN_ID: 37930418772
validate-code / unit-tests (test:unit)	UNKNOWN STEP	2026-10-09T12:30:24.1272161Z   JFROG_CLI_GITHUB_TOKEN: 
validate-code / unit-tests (test:unit)	UNKNOWN STEP	2026-10-09T12:30:24.1272508Z   JFROG_CLI_CI_VCS_REVISION: 03d9b9c089fa32b8fbc434bcfeb10bdade16f710
validate-code / unit-tests (test:unit)	UNKNOWN STEP	2026-10-09T12:30:24.1272914Z   JFROG_CLI_CI_BRANCH: 181/merge
validate-code / unit-tests (test:unit)	UNKNOWN STEP	2026-10-09T12:30:24.1273475Z   JFROG_CLI_CI_VCS_URL: https://github.com/consensys-vertical-apps/va-mmcx-terminal
validate-code / unit-tests (test:unit)	UNKNOWN STEP	2026-10-09T12:30:24.1273937Z   JFROG_CLI_BUILD_NAME: Validate PR
validate-code / unit-tests (test:unit)	UNKNOWN STEP	2026-10-09T12:30:24.1274235Z   JFROG_CLI_BUILD_NUMBER: 819
validate-code / unit-tests (test:unit)	UNKNOWN STEP	2026-10-09T12:30:24.1274735Z   JFROG_CLI_BUILD_URL: https://github.com/consensys-vertical-apps/va-mmcx-terminal/actions/runs/37930418772
validate-code / unit-tests (test:unit)	UNKNOWN STEP	2026-10-09T12:30:24.1275333Z   JFROG_CLI_USER_AGENT: setup-jfrog-cli-github-action/5.1.0
validate-code / unit-tests (test:unit)	UNKNOWN STEP	2026-10-09T12:30:24.1275777Z   JFROG_CLI_COMMAND_SUMMARY_OUTPUT_DIR: /home/runner/work/_temp
validate-code / unit-tests (test:unit)	UNKNOWN STEP	2026-10-09T12:30:24.1276219Z   JFROG_CLI_USAGE_GH_TOKEN_FOR_CODE_SCANNING_ALERTS_PROVIDED: 
validate-code / unit-tests (test:unit)	UNKNOWN STEP	2026-10-09T12:30:24.1276634Z   SETUP_JFROG_CLI_SERVER_IDS: setup-jfrog-cli-server
validate-code / unit-tests (test:unit)	UNKNOWN STEP	2026-10-09T12:30:24.1286196Z   JFROG_ACCESS_TOKEN: ***
validate-code / unit-tests (test:unit)	UNKNOWN STEP	2026-10-09T12:30:24.1286465Z ##[endgroup]
validate-code / unit-tests (test:unit)	UNKNOWN STEP	2026-10-09T12:30:24.3021421Z Found in cache @ /opt/hostedtoolcache/node/22.23.3/x64
validate-code / unit-tests (test:unit)	UNKNOWN STEP	2026-10-09T12:30:24.3022712Z ##[group]Environment details
validate-code / unit-tests (test:unit)	UNKNOWN STEP	2026-10-09T12:30:24.7791933Z node: v22.23.3
validate-code / unit-tests (test:unit)	UNKNOWN STEP	2026-10-09T12:30:24.7792452Z npm: 10.9.9
validate-code / unit-tests (test:unit)	UNKNOWN STEP	2026-10-09T12:30:24.7792830Z yarn: 1.22.22
validate-code / unit-tests (test:unit)	UNKNOWN STEP	2026-10-09T12:30:24.7793623Z ##[endgroup]
validate-code / unit-tests (test:unit)	UNKNOWN STEP	2026-10-09T12:30:24.7815961Z [command]/opt/hostedtoolcache/node/22.23.3/x64/bin/npm config get cache
validate-code / unit-tests (test:unit)	UNKNOWN STEP	2026-10-09T12:30:24.9001262Z /home/runner/.npm
validate-code / unit-tests (test:unit)	UNKNOWN STEP	2026-10-09T12:30:25.1654014Z Cache hit for: node-cache-Linux-x64-npm-cd5baf2c2622bdd6479eeaa6c9923b439a17a5cd3496a8bf0ff423ba3d31263d
validate-code / unit-tests (test:unit)	UNKNOWN STEP	2026-10-09T12:30:26.4611507Z Received 0 of 331844803 (0.0%), 0.0 MBs/sec
validate-code / unit-tests (test:unit)	UNKNOWN STEP	2026-10-09T12:30:27.4631552Z Received 100663296 of 331844803 (30.3%), 47.9 MBs/sec
validate-code / unit-tests (test:unit)	UNKNOWN STEP	2026-10-09T12:30:28.4618712Z Received 130023424 of 331844803 (39.2%), 41.3 MBs/sec
validate-code / unit-tests (test:unit)	UNKNOWN STEP	2026-10-09T12:30:29.4614892Z Received 130023424 of 331844803 (39.2%), 31.0 MBs/sec
validate-code / unit-tests (test:unit)	UNKNOWN STEP	2026-10-09T12:30:30.4620769Z Received 130023424 of 331844803 (39.2%), 24.8 MBs/sec
validate-code / unit-tests (test:unit)	UNKNOWN STEP	2026-10-09T12:30:31.4615193Z Received 130023424 of 331844803 (39.2%), 20.7 MBs/sec
validate-code / unit-tests (test:unit)	UNKNOWN STEP	2026-10-09T12:30:32.4622414Z Received 209715200 of 331844803 (63.2%), 28.6 MBs/sec
validate-code / unit-tests (test:unit)	UNKNOWN STEP	2026-10-09T12:30:33.4623042Z Received 264241152 of 331844803 (79.6%), 31.5 MBs/sec
validate-code / unit-tests (test:unit)	UNKNOWN STEP	2026-10-09T12:30:34.4627078Z Received 264241152 of 331844803 (79.6%), 28.0 MBs/sec
validate-code / unit-tests (test:unit)	UNKNOWN STEP	2026-10-09T12:30:35.4637096Z Received 323456195 of 331844803 (97.5%), 30.8 MBs/sec
validate-code / unit-tests (test:unit)	UNKNOWN STEP	2026-10-09T12:30:36.1358451Z Received 331844803 of 331844803 (100.0%), 29.6 MBs/sec
validate-code / unit-tests (test:unit)	UNKNOWN STEP	2026-10-09T12:30:36.1359575Z Cache Size: ~316 MB (331844803 B)
validate-code / unit-tests (test:unit)	UNKNOWN STEP	2026-10-09T12:30:36.1555781Z [command]/usr/bin/tar -xf /home/runner/work/_temp/3dd8245f-ecf8-4373-a0e4-fd14cdac8f9d/cache.tzst -P -C /home/runner/work/va-mmcx-terminal/va-mmcx-terminal --use-compress-program unzstd
validate-code / unit-tests (test:unit)	UNKNOWN STEP	2026-10-09T12:30:37.0668359Z Cache restored successfully
validate-code / unit-tests (test:unit)	UNKNOWN STEP	2026-10-09T12:30:37.0832265Z Cache restored from key: node-cache-Linux-x64-npm-cd5baf2c2622bdd6479eeaa6c9923b439a17a5cd3496a8bf0ff423ba3d31263d
validate-code / unit-tests (test:unit)	UNKNOWN STEP	2026-10-09T12:30:37.0995264Z ##[end-action id=__consensys-vertical-apps_shared-services-workflows.__actions_setup-node;outcome=success;conclusion=success;duration_ms=12977]
validate-code / unit-tests (test:unit)	UNKNOWN STEP	2026-10-09T12:30:37.0998851Z ##[start-action display=Setup lock file name;id=__consensys-vertical-apps_shared-services-workflows.lock_file_name]
validate-code / unit-tests (test:unit)	UNKNOWN STEP	2026-10-09T12:30:37.1019209Z ##[group]Run if [ "$NPM_CLIENT" = "yarn" ]; then
validate-code / unit-tests (test:unit)	UNKNOWN STEP	2026-10-09T12:30:37.1019601Z ^[[36;1mif [ "$NPM_CLIENT" = "yarn" ]; then^[[0m
validate-code / unit-tests (test:unit)	UNKNOWN STEP	2026-10-09T12:30:37.1019986Z ^[[36;1m  echo "file_name=**/yarn.lock" >> "$GITHUB_OUTPUT"^[[0m
validate-code / unit-tests (test:unit)	UNKNOWN STEP	2026-10-09T12:30:37.1021249Z ^[[36;1melif [ "$NPM_CLIENT" = "pnpm" ]; then^[[0m
validate-code / unit-tests (test:unit)	UNKNOWN STEP	2026-10-09T12:30:37.1021714Z ^[[36;1m  echo "file_name=**/pnpm-lock.yaml" >> "$GITHUB_OUTPUT"^[[0m
validate-code / unit-tests (test:unit)	UNKNOWN STEP	2026-10-09T12:30:37.1022112Z ^[[36;1melse^[[0m
validate-code / unit-tests (test:unit)	UNKNOWN STEP	2026-10-09T12:30:37.1022444Z ^[[36;1m  echo "file_name=**/package-lock.json" >> "$GITHUB_OUTPUT"^[[0m
validate-code / unit-tests (test:unit)	UNKNOWN STEP	2026-10-09T12:30:37.1022835Z ^[[36;1mfi^[[0m
validate-code / unit-tests (test:unit)	UNKNOWN STEP	2026-10-09T12:30:37.1091383Z shell: /usr/bin/bash --noprofile --norc -e -o pipefail ***0***
validate-code / unit-tests (test:unit)	UNKNOWN STEP	2026-10-09T12:30:37.1091826Z env:
validate-code / unit-tests (test:unit)	UNKNOWN STEP	2026-10-09T12:30:37.1092348Z   JFROG_CLI_ENV_EXCLUDE: *password*;*secret*;*key*;*token*;*auth*;JF_ARTIFACTORY_*;JF_ENV_*;JF_URL;JF_USER;JF_PASSWORD;JF_ACCESS_TOKEN
validate-code / unit-tests (test:unit)	UNKNOWN STEP	2026-10-09T12:30:37.1092947Z   JFROG_CLI_OFFER_CONFIG: false
validate-code / unit-tests (test:unit)	UNKNOWN STEP	2026-10-09T12:30:37.1093452Z   JFROG_CLI_AVOID_NEW_VERSION_WARNING: true
validate-code / unit-tests (test:unit)	UNKNOWN STEP	2026-10-09T12:30:37.1093912Z   JFROG_CLI_SOURCECODE_REPOSITORY: consensys-vertical-apps/va-mmcx-terminal
validate-code / unit-tests (test:unit)	UNKNOWN STEP	2026-10-09T12:30:37.1094364Z   JFROG_CLI_CI_JOB_ID: Validate PR
validate-code / unit-tests (test:unit)	UNKNOWN STEP	2026-10-09T12:30:37.1094664Z   JFROG_CLI_CI_RUN_ID: 37930418772
validate-code / unit-tests (test:unit)	UNKNOWN STEP	2026-10-09T12:30:37.1094954Z   JFROG_CLI_GITHUB_TOKEN: 
validate-code / unit-tests (test:unit)	UNKNOWN STEP	2026-10-09T12:30:37.1095323Z   JFROG_CLI_CI_VCS_REVISION: 03d9b9c089fa32b8fbc434bcfeb10bdade16f710
validate-code / unit-tests (test:unit)	UNKNOWN STEP	2026-10-09T12:30:37.1095736Z   JFROG_CLI_CI_BRANCH: 181/merge
validate-code / unit-tests (test:unit)	UNKNOWN STEP	2026-10-09T12:30:37.1096179Z   JFROG_CLI_CI_VCS_URL: https://github.com/consensys-vertical-apps/va-mmcx-terminal
validate-code / unit-tests (test:unit)	UNKNOWN STEP	2026-10-09T12:30:37.1096649Z   JFROG_CLI_BUILD_NAME: Validate PR
validate-code / unit-tests (test:unit)	UNKNOWN STEP	2026-10-09T12:30:37.1096965Z   JFROG_CLI_BUILD_NUMBER: 819
validate-code / unit-tests (test:unit)	UNKNOWN STEP	2026-10-09T12:30:37.1097477Z   JFROG_CLI_BUILD_URL: https://github.com/consensys-vertical-apps/va-mmcx-terminal/actions/runs/37930418772
validate-code / unit-tests (test:unit)	UNKNOWN STEP	2026-10-09T12:30:37.1098081Z   JFROG_CLI_USER_AGENT: setup-jfrog-cli-github-action/5.1.0
validate-code / unit-tests (test:unit)	UNKNOWN STEP	2026-10-09T12:30:37.1098525Z   JFROG_CLI_COMMAND_SUMMARY_OUTPUT_DIR: /home/runner/work/_temp
validate-code / unit-tests (test:unit)	UNKNOWN STEP	2026-10-09T12:30:37.1098980Z   JFROG_CLI_USAGE_GH_TOKEN_FOR_CODE_SCANNING_ALERTS_PROVIDED: 
validate-code / unit-tests (test:unit)	UNKNOWN STEP	2026-10-09T12:30:37.1099398Z   SETUP_JFROG_CLI_SERVER_IDS: setup-jfrog-cli-server
validate-code / unit-tests (test:unit)	UNKNOWN STEP	2026-10-09T12:30:37.1099731Z   NPM_CLIENT: npm
validate-code / unit-tests (test:unit)	UNKNOWN STEP	2026-10-09T12:30:37.1099972Z ##[endgroup]
validate-code / unit-tests (test:unit)	UNKNOWN STEP	2026-10-09T12:30:37.1195922Z ##[end-action id=__consensys-vertical-apps_shared-services-workflows.lock_file_name;outcome=success;conclusion=success;duration_ms=19]
validate-code / unit-tests (test:unit)	UNKNOWN STEP	2026-10-09T12:30:37.1199173Z ##[start-action display=Set jf npm config;id=__consensys-vertical-apps_shared-services-workflows.__run_3]
validate-code / unit-tests (test:unit)	UNKNOWN STEP	2026-10-09T12:30:37.1219187Z ##[group]Run jf npm-config --global=true --repo-resolve="$JFROG_NPM_REPO" --repo-deploy="$JFROG_NPM_DEPLOY_REPO"
validate-code / unit-tests (test:unit)	UNKNOWN STEP	2026-10-09T12:30:37.1219991Z ^[[36;1mjf npm-config --global=true --repo-resolve="$JFROG_NPM_REPO" --repo-deploy="$JFROG_NPM_DEPLOY_REPO"^[[0m
validate-code / unit-tests (test:unit)	UNKNOWN STEP	2026-10-09T12:30:37.1279234Z shell: /usr/bin/bash --noprofile --norc -e -o pipefail ***0***
validate-code / unit-tests (test:unit)	UNKNOWN STEP	2026-10-09T12:30:37.1279690Z env:
validate-code / unit-tests (test:unit)	UNKNOWN STEP	2026-10-09T12:30:37.1280235Z   JFROG_CLI_ENV_EXCLUDE: *password*;*secret*;*key*;*token*;*auth*;JF_ARTIFACTORY_*;JF_ENV_*;JF_URL;JF_USER;JF_PASSWORD;JF_ACCESS_TOKEN
validate-code / unit-tests (test:unit)	UNKNOWN STEP	2026-10-09T12:30:37.1281150Z   JFROG_CLI_OFFER_CONFIG: false
validate-code / unit-tests (test:unit)	UNKNOWN STEP	2026-10-09T12:30:37.1281469Z   JFROG_CLI_AVOID_NEW_VERSION_WARNING: true
validate-code / unit-tests (test:unit)	UNKNOWN STEP	2026-10-09T12:30:37.1281914Z   JFROG_CLI_SOURCECODE_REPOSITORY: consensys-vertical-apps/va-mmcx-terminal
validate-code / unit-tests (test:unit)	UNKNOWN STEP	2026-10-09T12:30:37.1282369Z   JFROG_CLI_CI_JOB_ID: Validate PR
validate-code / unit-tests (test:unit)	UNKNOWN STEP	2026-10-09T12:30:37.1282673Z   JFROG_CLI_CI_RUN_ID: 37930418772
validate-code / unit-tests (test:unit)	UNKNOWN STEP	2026-10-09T12:30:37.1282960Z   JFROG_CLI_GITHUB_TOKEN: 
validate-code / unit-tests (test:unit)	UNKNOWN STEP	2026-10-09T12:30:37.1283317Z   JFROG_CLI_CI_VCS_REVISION: 03d9b9c089fa32b8fbc434bcfeb10bdade16f710
validate-code / unit-tests (test:unit)	UNKNOWN STEP	2026-10-09T12:30:37.1283733Z   JFROG_CLI_CI_BRANCH: 181/merge
validate-code / unit-tests (test:unit)	UNKNOWN STEP	2026-10-09T12:30:37.1284180Z   JFROG_CLI_CI_VCS_URL: https://github.com/consensys-vertical-apps/va-mmcx-terminal
validate-code / unit-tests (test:unit)	UNKNOWN STEP	2026-10-09T12:30:37.1284659Z   JFROG_CLI_BUILD_NAME: Validate PR
validate-code / unit-tests (test:unit)	UNKNOWN STEP	2026-10-09T12:30:37.1284960Z   JFROG_CLI_BUILD_NUMBER: 819
validate-code / unit-tests (test:unit)	UNKNOWN STEP	2026-10-09T12:30:37.1285488Z   JFROG_CLI_BUILD_URL: https://github.com/consensys-vertical-apps/va-mmcx-terminal/actions/runs/37930418772
validate-code / unit-tests (test:unit)	UNKNOWN STEP	2026-10-09T12:30:37.1286113Z   JFROG_CLI_USER_AGENT: setup-jfrog-cli-github-action/5.1.0
validate-code / unit-tests (test:unit)	UNKNOWN STEP	2026-10-09T12:30:37.1286560Z   JFROG_CLI_COMMAND_SUMMARY_OUTPUT_DIR: /home/runner/work/_temp
validate-code / unit-tests (test:unit)	UNKNOWN STEP	2026-10-09T12:30:37.1287004Z   JFROG_CLI_USAGE_GH_TOKEN_FOR_CODE_SCANNING_ALERTS_PROVIDED: 
validate-code / unit-tests (test:unit)	UNKNOWN STEP	2026-10-09T12:30:37.1287417Z   SETUP_JFROG_CLI_SERVER_IDS: setup-jfrog-cli-server
validate-code / unit-tests (test:unit)	UNKNOWN STEP	2026-10-09T12:30:37.1287767Z   JFROG_NPM_REPO: npm
validate-code / unit-tests (test:unit)	UNKNOWN STEP	2026-10-09T12:30:37.1288033Z   JFROG_NPM_DEPLOY_REPO: npm-local
validate-code / unit-tests (test:unit)	UNKNOWN STEP	2026-10-09T12:30:37.1288327Z ##[endgroup]
validate-code / unit-tests (test:unit)	UNKNOWN STEP	2026-10-09T12:30:37.1543285Z 12:30:37 [Info] npm build config successfully created.
validate-code / unit-tests (test:unit)	UNKNOWN STEP	2026-10-09T12:30:37.1559285Z ##[end-action id=__consensys-vertical-apps_shared-services-workflows.__run_3;outcome=success;conclusion=success;duration_ms=35]
validate-code / unit-tests (test:unit)	UNKNOWN STEP	2026-10-09T12:30:37.1563581Z ##[start-action display=Set npmrc config;id=__consensys-vertical-apps_shared-services-workflows.__run_4]
validate-code / unit-tests (test:unit)	UNKNOWN STEP	2026-10-09T12:30:37.1584383Z ##[group]Run npm config set registry "$REGISTRY_URL"
validate-code / unit-tests (test:unit)	UNKNOWN STEP	2026-10-09T12:30:37.1584829Z ^[[36;1mnpm config set registry "$REGISTRY_URL"^[[0m
validate-code / unit-tests (test:unit)	UNKNOWN STEP	2026-10-09T12:30:37.1585329Z ^[[36;1mnpm config set $***REGISTRY_URL#http*:***:_authToken $JFROG_ACCESS_TOKEN^[[0m
validate-code / unit-tests (test:unit)	UNKNOWN STEP	2026-10-09T12:30:37.1585801Z ^[[36;1m^[[0m
validate-code / unit-tests (test:unit)	UNKNOWN STEP	2026-10-09T12:30:37.1586052Z ^[[36;1m# Find the user-level .npmrc file^[[0m
validate-code / unit-tests (test:unit)	UNKNOWN STEP	2026-10-09T12:30:37.1586433Z ^[[36;1mNPMRC_PATH=$(npm config get userconfig)^[[0m
validate-code / unit-tests (test:unit)	UNKNOWN STEP	2026-10-09T12:30:37.1586768Z ^[[36;1m^[[0m
validate-code / unit-tests (test:unit)	UNKNOWN STEP	2026-10-09T12:30:37.1587006Z ^[[36;1mif [ -n "$NPMRC_PATH" ]; then^[[0m
validate-code / unit-tests (test:unit)	UNKNOWN STEP	2026-10-09T12:30:37.1587347Z ^[[36;1m  echo "always-auth=true" >> "$NPMRC_PATH"^[[0m
validate-code / unit-tests (test:unit)	UNKNOWN STEP	2026-10-09T12:30:37.1587711Z ^[[36;1m  echo "Updated .npmrc at $NPMRC_PATH"^[[0m
validate-code / unit-tests (test:unit)	UNKNOWN STEP	2026-10-09T12:30:37.1588049Z ^[[36;1melse^[[0m
validate-code / unit-tests (test:unit)	UNKNOWN STEP	2026-10-09T12:30:37.1588469Z ^[[36;1m  echo "Warning: Could not find user-level .npmrc. Creating one in the home directory."^[[0m
validate-code / unit-tests (test:unit)	UNKNOWN STEP	2026-10-09T12:30:37.1588958Z ^[[36;1m  NPMRC_PATH="$HOME/.npmrc"^[[0m
validate-code / unit-tests (test:unit)	UNKNOWN STEP	2026-10-09T12:30:37.1589287Z ^[[36;1m  echo "always-auth=true" >> "$NPMRC_PATH"^[[0m
validate-code / unit-tests (test:unit)	UNKNOWN STEP	2026-10-09T12:30:37.1589625Z ^[[36;1mfi^[[0m
validate-code / unit-tests (test:unit)	UNKNOWN STEP	2026-10-09T12:30:37.1650121Z shell: /usr/bin/bash --noprofile --norc -e -o pipefail ***0***
validate-code / unit-tests (test:unit)	UNKNOWN STEP	2026-10-09T12:30:37.1650823Z env:
validate-code / unit-tests (test:unit)	UNKNOWN STEP	2026-10-09T12:30:37.1651359Z   JFROG_CLI_ENV_EXCLUDE: *password*;*secret*;*key*;*token*;*auth*;JF_ARTIFACTORY_*;JF_ENV_*;JF_URL;JF_USER;JF_PASSWORD;JF_ACCESS_TOKEN
validate-code / unit-tests (test:unit)	UNKNOWN STEP	2026-10-09T12:30:37.1651973Z   JFROG_CLI_OFFER_CONFIG: false
validate-code / unit-tests (test:unit)	UNKNOWN STEP	2026-10-09T12:30:37.1652313Z   JFROG_CLI_AVOID_NEW_VERSION_WARNING: true
validate-code / unit-tests (test:unit)	UNKNOWN STEP	2026-10-09T12:30:37.1652763Z   JFROG_CLI_SOURCECODE_REPOSITORY: consensys-vertical-apps/va-mmcx-terminal
validate-code / unit-tests (test:unit)	UNKNOWN STEP	2026-10-09T12:30:37.1653215Z   JFROG_CLI_CI_JOB_ID: Validate PR
validate-code / unit-tests (test:unit)	UNKNOWN STEP	2026-10-09T12:30:37.1653514Z   JFROG_CLI_CI_RUN_ID: 37930418772
validate-code / unit-tests (test:unit)	UNKNOWN STEP	2026-10-09T12:30:37.1653815Z   JFROG_CLI_GITHUB_TOKEN: 
validate-code / unit-tests (test:unit)	UNKNOWN STEP	2026-10-09T12:30:37.1654180Z   JFROG_CLI_CI_VCS_REVISION: 03d9b9c089fa32b8fbc434bcfeb10bdade16f710
validate-code / unit-tests (test:unit)	UNKNOWN STEP	2026-10-09T12:30:37.1654603Z   JFROG_CLI_CI_BRANCH: 181/merge
validate-code / unit-tests (test:unit)	UNKNOWN STEP	2026-10-09T12:30:37.1655108Z   JFROG_CLI_CI_VCS_URL: https://github.com/consensys-vertical-apps/va-mmcx-terminal
validate-code / unit-tests (test:unit)	UNKNOWN STEP	2026-10-09T12:30:37.1655720Z   JFROG_CLI_BUILD_NAME: Validate PR
validate-code / unit-tests (test:unit)	UNKNOWN STEP	2026-10-09T12:30:37.1656303Z   JFROG_CLI_BUILD_NUMBER: 819
validate-code / unit-tests (test:unit)	UNKNOWN STEP	2026-10-09T12:30:37.1678148Z   JFROG_CLI_BUILD_URL: https://github.com/consensys-vertical-apps/va-mmcx-terminal/actions/runs/37930418772
validate-code / unit-tests (test:unit)	UNKNOWN STEP	2026-10-09T12:30:37.1679029Z   JFROG_CLI_USER_AGENT: setup-jfrog-cli-github-action/5.1.0
validate-code / unit-tests (test:unit)	UNKNOWN STEP	2026-10-09T12:30:37.1679515Z   JFROG_CLI_COMMAND_SUMMARY_OUTPUT_DIR: /home/runner/work/_temp
validate-code / unit-tests (test:unit)	UNKNOWN STEP	2026-10-09T12:30:37.1679978Z   JFROG_CLI_USAGE_GH_TOKEN_FOR_CODE_SCANNING_ALERTS_PROVIDED: 
validate-code / unit-tests (test:unit)	UNKNOWN STEP	2026-10-09T12:30:37.1680723Z   SETUP_JFROG_CLI_SERVER_IDS: setup-jfrog-cli-server
validate-code / unit-tests (test:unit)	UNKNOWN STEP	2026-10-09T12:30:37.1681205Z   REGISTRY_URL: https://consensys.jfrog.io/artifactory/api/npm/npm/
validate-code / unit-tests (test:unit)	UNKNOWN STEP	2026-10-09T12:30:37.1691483Z   JFROG_ACCESS_TOKEN: ***
validate-code / unit-tests (test:unit)	UNKNOWN STEP	2026-10-09T12:30:37.1691782Z ##[endgroup]
validate-code / unit-tests (test:unit)	UNKNOWN STEP	2026-10-09T12:30:37.5557134Z Updated .npmrc at /home/runner/.npmrc
validate-code / unit-tests (test:unit)	UNKNOWN STEP	2026-10-09T12:30:37.5565855Z ##[end-action id=__consensys-vertical-apps_shared-services-workflows.__run_4;outcome=success;conclusion=success;duration_ms=400]
validate-code / unit-tests (test:unit)	UNKNOWN STEP	2026-10-09T12:30:37.5570112Z ##[start-action display=Set yarn 4 config;id=__consensys-vertical-apps_shared-services-workflows.__run_5]
validate-code / unit-tests (test:unit)	UNKNOWN STEP	2026-10-09T12:30:37.5575384Z ##[end-action id=__consensys-vertical-apps_shared-services-workflows.__run_5;outcome=skipped;conclusion=skipped;duration_ms=0]
validate-code / unit-tests (test:unit)	UNKNOWN STEP	2026-10-09T12:30:37.5578639Z ##[start-action display=NPM client install;id=__consensys-vertical-apps_shared-services-workflows.__run_6]
validate-code / unit-tests (test:unit)	UNKNOWN STEP	2026-10-09T12:30:37.5618700Z ##[group]Run if [ "$NPM_CLIENT" = "yarn" ]; then
validate-code / unit-tests (test:unit)	UNKNOWN STEP	2026-10-09T12:30:37.5619103Z ^[[36;1mif [ "$NPM_CLIENT" = "yarn" ]; then^[[0m
validate-code / unit-tests (test:unit)	UNKNOWN STEP	2026-10-09T12:30:37.5619458Z ^[[36;1m  if [ "$YARN_VERSION" = "4" ]; then^[[0m
validate-code / unit-tests (test:unit)	UNKNOWN STEP	2026-10-09T12:30:37.5619996Z ^[[36;1m    yarn install --immutable^[[0m
validate-code / unit-tests (test:unit)	UNKNOWN STEP	2026-10-09T12:30:37.5620298Z ^[[36;1m  else^[[0m
validate-code / unit-tests (test:unit)	UNKNOWN STEP	2026-10-09T12:30:37.5621171Z ^[[36;1m    yarn install --frozen-lockfile^[[0m
validate-code / unit-tests (test:unit)	UNKNOWN STEP	2026-10-09T12:30:37.5621506Z ^[[36;1m  fi^[[0m
validate-code / unit-tests (test:unit)	UNKNOWN STEP	2026-10-09T12:30:37.5621783Z ^[[36;1melif [ "$NPM_CLIENT" = "pnpm" ]; then^[[0m
validate-code / unit-tests (test:unit)	UNKNOWN STEP	2026-10-09T12:30:37.5622325Z ^[[36;1m  pnpm install --frozen-lockfile^[[0m
validate-code / unit-tests (test:unit)	UNKNOWN STEP	2026-10-09T12:30:37.5622647Z ^[[36;1melse^[[0m
validate-code / unit-tests (test:unit)	UNKNOWN STEP	2026-10-09T12:30:37.5622892Z ^[[36;1m  jf npm ci --audit=false^[[0m
validate-code / unit-tests (test:unit)	UNKNOWN STEP	2026-10-09T12:30:37.5623182Z ^[[36;1mfi^[[0m
validate-code / unit-tests (test:unit)	UNKNOWN STEP	2026-10-09T12:30:37.5683603Z shell: /usr/bin/bash --noprofile --norc -e -o pipefail ***0***
validate-code / unit-tests (test:unit)	UNKNOWN STEP	2026-10-09T12:30:37.5684010Z env:
validate-code / unit-tests (test:unit)	UNKNOWN STEP	2026-10-09T12:30:37.5684547Z   JFROG_CLI_ENV_EXCLUDE: *password*;*secret*;*key*;*token*;*auth*;JF_ARTIFACTORY_*;JF_ENV_*;JF_URL;JF_USER;JF_PASSWORD;JF_ACCESS_TOKEN
validate-code / unit-tests (test:unit)	UNKNOWN STEP	2026-10-09T12:30:37.5685158Z   JFROG_CLI_OFFER_CONFIG: false
validate-code / unit-tests (test:unit)	UNKNOWN STEP	2026-10-09T12:30:37.5685468Z   JFROG_CLI_AVOID_NEW_VERSION_WARNING: true
validate-code / unit-tests (test:unit)	UNKNOWN STEP	2026-10-09T12:30:37.5685915Z   JFROG_CLI_SOURCECODE_REPOSITORY: consensys-vertical-apps/va-mmcx-terminal
validate-code / unit-tests (test:unit)	UNKNOWN STEP	2026-10-09T12:30:37.5686378Z   JFROG_CLI_CI_JOB_ID: Validate PR
validate-code / unit-tests (test:unit)	UNKNOWN STEP	2026-10-09T12:30:37.5686678Z   JFROG_CLI_CI_RUN_ID: 37930418772
validate-code / unit-tests (test:unit)	UNKNOWN STEP	2026-10-09T12:30:37.5686965Z   JFROG_CLI_GITHUB_TOKEN: 
validate-code / unit-tests (test:unit)	UNKNOWN STEP	2026-10-09T12:30:37.5687332Z   JFROG_CLI_CI_VCS_REVISION: 03d9b9c089fa32b8fbc434bcfeb10bdade16f710
validate-code / unit-tests (test:unit)	UNKNOWN STEP	2026-10-09T12:30:37.5687748Z   JFROG_CLI_CI_BRANCH: 181/merge
validate-code / unit-tests (test:unit)	UNKNOWN STEP	2026-10-09T12:30:37.5688189Z   JFROG_CLI_CI_VCS_URL: https://github.com/consensys-vertical-apps/va-mmcx-terminal
validate-code / unit-tests (test:unit)	UNKNOWN STEP	2026-10-09T12:30:37.5688696Z   JFROG_CLI_BUILD_NAME: Validate PR
validate-code / unit-tests (test:unit)	UNKNOWN STEP	2026-10-09T12:30:37.5689010Z   JFROG_CLI_BUILD_NUMBER: 819
validate-code / unit-tests (test:unit)	UNKNOWN STEP	2026-10-09T12:30:37.5689523Z   JFROG_CLI_BUILD_URL: https://github.com/consensys-vertical-apps/va-mmcx-terminal/actions/runs/37930418772
validate-code / unit-tests (test:unit)	UNKNOWN STEP	2026-10-09T12:30:37.5690136Z   JFROG_CLI_USER_AGENT: setup-jfrog-cli-github-action/5.1.0
validate-code / unit-tests (test:unit)	UNKNOWN STEP	2026-10-09T12:30:37.5690951Z   JFROG_CLI_COMMAND_SUMMARY_OUTPUT_DIR: /home/runner/work/_temp
validate-code / unit-tests (test:unit)	UNKNOWN STEP	2026-10-09T12:30:37.5691417Z   JFROG_CLI_USAGE_GH_TOKEN_FOR_CODE_SCANNING_ALERTS_PROVIDED: 
validate-code / unit-tests (test:unit)	UNKNOWN STEP	2026-10-09T12:30:37.5691846Z   SETUP_JFROG_CLI_SERVER_IDS: setup-jfrog-cli-server
validate-code / unit-tests (test:unit)	UNKNOWN STEP	2026-10-09T12:30:37.5692191Z   NPM_CLIENT: npm
validate-code / unit-tests (test:unit)	UNKNOWN STEP	2026-10-09T12:30:37.5692439Z   YARN_VERSION: 1
validate-code / unit-tests (test:unit)	UNKNOWN STEP	2026-10-09T12:30:37.5701885Z   NODE_AUTH_TOKEN: ***
validate-code / unit-tests (test:unit)	UNKNOWN STEP	2026-10-09T12:30:37.5711373Z   JFROG_ACCESS_TOKEN: ***
validate-code / unit-tests (test:unit)	UNKNOWN STEP	2026-10-09T12:30:37.5711660Z ##[endgroup]
validate-code / unit-tests (test:unit)	UNKNOWN STEP	2026-10-09T12:31:49.0206660Z added 2031 packages in 1m
validate-code / unit-tests (test:unit)	UNKNOWN STEP	2026-10-09T12:31:49.0207276Z 
validate-code / unit-tests (test:unit)	UNKNOWN STEP	2026-10-09T12:31:49.0207887Z 350 packages are looking for funding
validate-code / unit-tests (test:unit)	UNKNOWN STEP	2026-10-09T12:31:49.0208783Z   run `npm fund` for details
validate-code / unit-tests (test:unit)	UNKNOWN STEP	2026-10-09T12:31:50.9629098Z 12:31:50 [Warn] error while running '/opt/hostedtoolcache/node/22.23.3/x64/bin/npm ls --audit=false --json --all --long': exit status 1
validate-code / unit-tests (test:unit)	UNKNOWN STEP	2026-10-09T12:31:50.9630766Z npm error code ELSPROBLEMS
validate-code / unit-tests (test:unit)	UNKNOWN STEP	2026-10-09T12:31:50.9632314Z npm error extraneous: @emnapi/core@1.9.2 /home/runner/work/va-mmcx-terminal/va-mmcx-terminal/node_modules/@emnapi/core
validate-code / unit-tests (test:unit)	UNKNOWN STEP	2026-10-09T12:31:50.9634250Z npm error extraneous: @emnapi/runtime@1.11.3 /home/runner/work/va-mmcx-terminal/va-mmcx-terminal/node_modules/@emnapi/runtime
validate-code / unit-tests (test:unit)	UNKNOWN STEP	2026-10-09T12:31:50.9636272Z npm error extraneous: @emnapi/wasi-threads@1.2.1 /home/runner/work/va-mmcx-terminal/va-mmcx-terminal/node_modules/@emnapi/wasi-threads
validate-code / unit-tests (test:unit)	UNKNOWN STEP	2026-10-09T12:31:50.9638287Z npm error extraneous: @img/sharp-wasm32@0.35.5 /home/runner/work/va-mmcx-terminal/va-mmcx-terminal/node_modules/@img/sharp-wasm32
validate-code / unit-tests (test:unit)	UNKNOWN STEP	2026-10-09T12:31:50.9640301Z npm error extraneous: @napi-rs/wasm-runtime@1.2.5 /home/runner/work/va-mmcx-terminal/va-mmcx-terminal/node_modules/@napi-rs/wasm-runtime
validate-code / unit-tests (test:unit)	UNKNOWN STEP	2026-10-09T12:31:50.9642488Z npm error extraneous: @tybys/wasm-util@0.10.4 /home/runner/work/va-mmcx-terminal/va-mmcx-terminal/node_modules/@tybys/wasm-util
validate-code / unit-tests (test:unit)	UNKNOWN STEP	2026-10-09T12:31:50.9644545Z npm error missing: @metamask/design-system-tailwind-preset@^0.12.0, required by @metamask/design-system-react@0.38.1
validate-code / unit-tests (test:unit)	UNKNOWN STEP	2026-10-09T12:31:50.9646263Z npm error invalid: bs58@4.0.1 /home/runner/work/va-mmcx-terminal/va-mmcx-terminal/node_modules/bs58
validate-code / unit-tests (test:unit)	UNKNOWN STEP	2026-10-09T12:31:50.9647910Z npm error missing: electron-builder-squirrel-windows@26.15.3, required by app-builder-lib@26.15.3
validate-code / unit-tests (test:unit)	UNKNOWN STEP	2026-10-09T12:31:50.9650076Z npm error invalid: picomatch@2.3.2 /home/runner/work/va-mmcx-terminal/va-mmcx-terminal/node_modules/picomatch
validate-code / unit-tests (test:unit)	UNKNOWN STEP	2026-10-09T12:31:50.9651903Z npm error invalid: ox@0.14.45 /home/runner/work/va-mmcx-terminal/va-mmcx-terminal/node_modules/ox
validate-code / unit-tests (test:unit)	UNKNOWN STEP	2026-10-09T12:31:50.9653729Z npm error invalid: react@19.2.0 /home/runner/work/va-mmcx-terminal/va-mmcx-terminal/node_modules/react
validate-code / unit-tests (test:unit)	UNKNOWN STEP	2026-10-09T12:31:50.9655335Z npm error invalid: zod@4.1.12 /home/runner/work/va-mmcx-terminal/va-mmcx-terminal/node_modules/zod
validate-code / unit-tests (test:unit)	UNKNOWN STEP	2026-10-09T12:31:50.9657098Z npm error A complete log of this run can be found in: /home/runner/.npm/_logs/2026-10-09T12_31_49_164Z-debug-0.log
validate-code / unit-tests (test:unit)	UNKNOWN STEP	2026-10-09T12:31:52.6444765Z 12:31:52 [Warn] The following dependencies will not be included in the build-info, because they are missing in the npm cache: 'electron-builder-squirrel-windows:4c928c188a358fab7251e68ae55d324c8307c8b6,@metamask/design-system-tailwind-preset:4c32e8f6d6e7e251790cc3332433406c924c670d'.
validate-code / unit-tests (test:unit)	UNKNOWN STEP	2026-10-09T12:31:52.6461744Z Hint: Try deleting 'node_modules' and/or 'package-lock.json'.
validate-code / unit-tests (test:unit)	UNKNOWN STEP	2026-10-09T12:31:52.6617392Z ##[end-action id=__consensys-vertical-apps_shared-services-workflows.__run_6;outcome=success;conclusion=success;duration_ms=75103]
validate-code / unit-tests (test:unit)	UNKNOWN STEP	2026-10-09T12:31:52.6671617Z ##[group]Run if [[ $ENV_VARS ]]; then
validate-code / unit-tests (test:unit)	UNKNOWN STEP	2026-10-09T12:31:52.6672350Z ^[[36;1mif [[ $ENV_VARS ]]; then^[[0m
validate-code / unit-tests (test:unit)	UNKNOWN STEP	2026-10-09T12:31:52.6672954Z ^[[36;1m  echo "$***ENV_VARS***" | jq -r 'keys[] as $k | "\($k)=\(.[$k])"' >> .env^[[0m
validate-code / unit-tests (test:unit)	UNKNOWN STEP	2026-10-09T12:31:52.6673407Z ^[[36;1mfi^[[0m
validate-code / unit-tests (test:unit)	UNKNOWN STEP	2026-10-09T12:31:52.6809039Z shell: /usr/bin/bash -e ***0***
validate-code / unit-tests (test:unit)	UNKNOWN STEP	2026-10-09T12:31:52.6809383Z env:
validate-code / unit-tests (test:unit)	UNKNOWN STEP	2026-10-09T12:31:52.6809929Z   JFROG_CLI_ENV_EXCLUDE: *password*;*secret*;*key*;*token*;*auth*;JF_ARTIFACTORY_*;JF_ENV_*;JF_URL;JF_USER;JF_PASSWORD;JF_ACCESS_TOKEN
validate-code / unit-tests (test:unit)	UNKNOWN STEP	2026-10-09T12:31:52.6810740Z   JFROG_CLI_OFFER_CONFIG: false
validate-code / unit-tests (test:unit)	UNKNOWN STEP	2026-10-09T12:31:52.6811068Z   JFROG_CLI_AVOID_NEW_VERSION_WARNING: true
validate-code / unit-tests (test:unit)	UNKNOWN STEP	2026-10-09T12:31:52.6811515Z   JFROG_CLI_SOURCECODE_REPOSITORY: consensys-vertical-apps/va-mmcx-terminal
validate-code / unit-tests (test:unit)	UNKNOWN STEP	2026-10-09T12:31:52.6811990Z   JFROG_CLI_CI_JOB_ID: Validate PR
validate-code / unit-tests (test:unit)	UNKNOWN STEP	2026-10-09T12:31:52.6812298Z   JFROG_CLI_CI_RUN_ID: 37930418772
validate-code / unit-tests (test:unit)	UNKNOWN STEP	2026-10-09T12:31:52.6812584Z   JFROG_CLI_GITHUB_TOKEN: 
validate-code / unit-tests (test:unit)	UNKNOWN STEP	2026-10-09T12:31:52.6812996Z   JFROG_CLI_CI_VCS_REVISION: 03d9b9c089fa32b8fbc434bcfeb10bdade16f710
validate-code / unit-tests (test:unit)	UNKNOWN STEP	2026-10-09T12:31:52.6813408Z   JFROG_CLI_CI_BRANCH: 181/merge
validate-code / unit-tests (test:unit)	UNKNOWN STEP	2026-10-09T12:31:52.6813861Z   JFROG_CLI_CI_VCS_URL: https://github.com/consensys-vertical-apps/va-mmcx-terminal
validate-code / unit-tests (test:unit)	UNKNOWN STEP	2026-10-09T12:31:52.6814338Z   JFROG_CLI_BUILD_NAME: Validate PR
validate-code / unit-tests (test:unit)	UNKNOWN STEP	2026-10-09T12:31:52.6814640Z   JFROG_CLI_BUILD_NUMBER: 819
validate-code / unit-tests (test:unit)	UNKNOWN STEP	2026-10-09T12:31:52.6815152Z   JFROG_CLI_BUILD_URL: https://github.com/consensys-vertical-apps/va-mmcx-terminal/actions/runs/37930418772
validate-code / unit-tests (test:unit)	UNKNOWN STEP	2026-10-09T12:31:52.6815764Z   JFROG_CLI_USER_AGENT: setup-jfrog-cli-github-action/5.1.0
validate-code / unit-tests (test:unit)	UNKNOWN STEP	2026-10-09T12:31:52.6816213Z   JFROG_CLI_COMMAND_SUMMARY_OUTPUT_DIR: /home/runner/work/_temp
validate-code / unit-tests (test:unit)	UNKNOWN STEP	2026-10-09T12:31:52.6816659Z   JFROG_CLI_USAGE_GH_TOKEN_FOR_CODE_SCANNING_ALERTS_PROVIDED: 
validate-code / unit-tests (test:unit)	UNKNOWN STEP	2026-10-09T12:31:52.6817090Z   SETUP_JFROG_CLI_SERVER_IDS: setup-jfrog-cli-server
validate-code / unit-tests (test:unit)	UNKNOWN STEP	2026-10-09T12:31:52.6817432Z   ENV_VARS: 
validate-code / unit-tests (test:unit)	UNKNOWN STEP	2026-10-09T12:31:52.6817674Z ##[endgroup]
validate-code / unit-tests (test:unit)	UNKNOWN STEP	2026-10-09T12:31:52.6941370Z ##[group]Run echo "TEST_NAME=$(echo 'test:unit' | sed 's/:/ /g')" >> $GITHUB_ENV
validate-code / unit-tests (test:unit)	UNKNOWN STEP	2026-10-09T12:31:52.6942003Z ^[[36;1mecho "TEST_NAME=$(echo 'test:unit' | sed 's/:/ /g')" >> $GITHUB_ENV^[[0m
validate-code / unit-tests (test:unit)	UNKNOWN STEP	2026-10-09T12:31:52.6942560Z ^[[36;1mecho "TEST_ARTEFACT_NAME=$(echo 'test:unit' | sed 's/:/-/g')" >> $GITHUB_ENV^[[0m
validate-code / unit-tests (test:unit)	UNKNOWN STEP	2026-10-09T12:31:52.7003993Z shell: /usr/bin/bash -e ***0***
validate-code / unit-tests (test:unit)	UNKNOWN STEP	2026-10-09T12:31:52.7004310Z env:
validate-code / unit-tests (test:unit)	UNKNOWN STEP	2026-10-09T12:31:52.7004839Z   JFROG_CLI_ENV_EXCLUDE: *password*;*secret*;*key*;*token*;*auth*;JF_ARTIFACTORY_*;JF_ENV_*;JF_URL;JF_USER;JF_PASSWORD;JF_ACCESS_TOKEN
validate-code / unit-tests (test:unit)	UNKNOWN STEP	2026-10-09T12:31:52.7005452Z   JFROG_CLI_OFFER_CONFIG: false
validate-code / unit-tests (test:unit)	UNKNOWN STEP	2026-10-09T12:31:52.7005760Z   JFROG_CLI_AVOID_NEW_VERSION_WARNING: true
validate-code / unit-tests (test:unit)	UNKNOWN STEP	2026-10-09T12:31:52.7006200Z   JFROG_CLI_SOURCECODE_REPOSITORY: consensys-vertical-apps/va-mmcx-terminal
validate-code / unit-tests (test:unit)	UNKNOWN STEP	2026-10-09T12:31:52.7006825Z   JFROG_CLI_CI_JOB_ID: Validate PR
validate-code / unit-tests (test:unit)	UNKNOWN STEP	2026-10-09T12:31:52.7007127Z   JFROG_CLI_CI_RUN_ID: 37930418772
validate-code / unit-tests (test:unit)	UNKNOWN STEP	2026-10-09T12:31:52.7007412Z   JFROG_CLI_GITHUB_TOKEN: 
validate-code / unit-tests (test:unit)	UNKNOWN STEP	2026-10-09T12:31:52.7007813Z   JFROG_CLI_CI_VCS_REVISION: 03d9b9c089fa32b8fbc434bcfeb10bdade16f710
validate-code / unit-tests (test:unit)	UNKNOWN STEP	2026-10-09T12:31:52.7008221Z   JFROG_CLI_CI_BRANCH: 181/merge
validate-code / unit-tests (test:unit)	UNKNOWN STEP	2026-10-09T12:31:52.7008660Z   JFROG_CLI_CI_VCS_URL: https://github.com/consensys-vertical-apps/va-mmcx-terminal
validate-code / unit-tests (test:unit)	UNKNOWN STEP	2026-10-09T12:31:52.7009136Z   JFROG_CLI_BUILD_NAME: Validate PR
validate-code / unit-tests (test:unit)	UNKNOWN STEP	2026-10-09T12:31:52.7009433Z   JFROG_CLI_BUILD_NUMBER: 819
validate-code / unit-tests (test:unit)	UNKNOWN STEP	2026-10-09T12:31:52.7009946Z   JFROG_CLI_BUILD_URL: https://github.com/consensys-vertical-apps/va-mmcx-terminal/actions/runs/37930418772
validate-code / unit-tests (test:unit)	UNKNOWN STEP	2026-10-09T12:31:52.7010969Z   JFROG_CLI_USER_AGENT: setup-jfrog-cli-github-action/5.1.0
validate-code / unit-tests (test:unit)	UNKNOWN STEP	2026-10-09T12:31:52.7011434Z   JFROG_CLI_COMMAND_SUMMARY_OUTPUT_DIR: /home/runner/work/_temp
validate-code / unit-tests (test:unit)	UNKNOWN STEP	2026-10-09T12:31:52.7011908Z   JFROG_CLI_USAGE_GH_TOKEN_FOR_CODE_SCANNING_ALERTS_PROVIDED: 
validate-code / unit-tests (test:unit)	UNKNOWN STEP	2026-10-09T12:31:52.7012321Z   SETUP_JFROG_CLI_SERVER_IDS: setup-jfrog-cli-server
validate-code / unit-tests (test:unit)	UNKNOWN STEP	2026-10-09T12:31:52.7012674Z ##[endgroup]
validate-code / unit-tests (test:unit)	UNKNOWN STEP	2026-10-09T12:31:52.7182334Z ##[group]Run npm run test:unit
validate-code / unit-tests (test:unit)	UNKNOWN STEP	2026-10-09T12:31:52.7182691Z ^[[36;1mnpm run test:unit^[[0m
validate-code / unit-tests (test:unit)	UNKNOWN STEP	2026-10-09T12:31:52.7243458Z shell: /usr/bin/bash -e ***0***
validate-code / unit-tests (test:unit)	UNKNOWN STEP	2026-10-09T12:31:52.7243775Z env:
validate-code / unit-tests (test:unit)	UNKNOWN STEP	2026-10-09T12:31:52.7244327Z   JFROG_CLI_ENV_EXCLUDE: *password*;*secret*;*key*;*token*;*auth*;JF_ARTIFACTORY_*;JF_ENV_*;JF_URL;JF_USER;JF_PASSWORD;JF_ACCESS_TOKEN
validate-code / unit-tests (test:unit)	UNKNOWN STEP	2026-10-09T12:31:52.7244938Z   JFROG_CLI_OFFER_CONFIG: false
validate-code / unit-tests (test:unit)	UNKNOWN STEP	2026-10-09T12:31:52.7245247Z   JFROG_CLI_AVOID_NEW_VERSION_WARNING: true
validate-code / unit-tests (test:unit)	UNKNOWN STEP	2026-10-09T12:31:52.7245689Z   JFROG_CLI_SOURCECODE_REPOSITORY: consensys-vertical-apps/va-mmcx-terminal
validate-code / unit-tests (test:unit)	UNKNOWN STEP	2026-10-09T12:31:52.7246143Z   JFROG_CLI_CI_JOB_ID: Validate PR
validate-code / unit-tests (test:unit)	UNKNOWN STEP	2026-10-09T12:31:52.7246440Z   JFROG_CLI_CI_RUN_ID: 37930418772
validate-code / unit-tests (test:unit)	UNKNOWN STEP	2026-10-09T12:31:52.7246720Z   JFROG_CLI_GITHUB_TOKEN: 
validate-code / unit-tests (test:unit)	UNKNOWN STEP	2026-10-09T12:31:52.7247081Z   JFROG_CLI_CI_VCS_REVISION: 03d9b9c089fa32b8fbc434bcfeb10bdade16f710
validate-code / unit-tests (test:unit)	UNKNOWN STEP	2026-10-09T12:31:52.7247495Z   JFROG_CLI_CI_BRANCH: 181/merge
validate-code / unit-tests (test:unit)	UNKNOWN STEP	2026-10-09T12:31:52.7247971Z   JFROG_CLI_CI_VCS_URL: https://github.com/consensys-vertical-apps/va-mmcx-terminal
validate-code / unit-tests (test:unit)	UNKNOWN STEP	2026-10-09T12:31:52.7248437Z   JFROG_CLI_BUILD_NAME: Validate PR
validate-code / unit-tests (test:unit)	UNKNOWN STEP	2026-10-09T12:31:52.7248735Z   JFROG_CLI_BUILD_NUMBER: 819
validate-code / unit-tests (test:unit)	UNKNOWN STEP	2026-10-09T12:31:52.7249244Z   JFROG_CLI_BUILD_URL: https://github.com/consensys-vertical-apps/va-mmcx-terminal/actions/runs/37930418772
validate-code / unit-tests (test:unit)	UNKNOWN STEP	2026-10-09T12:31:52.7249870Z   JFROG_CLI_USER_AGENT: setup-jfrog-cli-github-action/5.1.0
validate-code / unit-tests (test:unit)	UNKNOWN STEP	2026-10-09T12:31:52.7250567Z   JFROG_CLI_COMMAND_SUMMARY_OUTPUT_DIR: /home/runner/work/_temp
validate-code / unit-tests (test:unit)	UNKNOWN STEP	2026-10-09T12:31:52.7251076Z   JFROG_CLI_USAGE_GH_TOKEN_FOR_CODE_SCANNING_ALERTS_PROVIDED: 
validate-code / unit-tests (test:unit)	UNKNOWN STEP	2026-10-09T12:31:52.7251495Z   SETUP_JFROG_CLI_SERVER_IDS: setup-jfrog-cli-server
validate-code / unit-tests (test:unit)	UNKNOWN STEP	2026-10-09T12:31:52.7251836Z   TEST_NAME: test unit
validate-code / unit-tests (test:unit)	UNKNOWN STEP	2026-10-09T12:31:52.7252093Z   TEST_ARTEFACT_NAME: test-unit
validate-code / unit-tests (test:unit)	UNKNOWN STEP	2026-10-09T12:31:52.7252361Z   REGISTRY_TOKEN: 
validate-code / unit-tests (test:unit)	UNKNOWN STEP	2026-10-09T12:31:52.7252622Z ##[endgroup]
validate-code / unit-tests (test:unit)	UNKNOWN STEP	2026-10-09T12:31:52.8362321Z 
validate-code / unit-tests (test:unit)	UNKNOWN STEP	2026-10-09T12:31:52.8363297Z > terminal@0.1.0 test:unit
validate-code / unit-tests (test:unit)	UNKNOWN STEP	2026-10-09T12:31:52.8364327Z > vitest run --coverage
validate-code / unit-tests (test:unit)	UNKNOWN STEP	2026-10-09T12:31:52.8364919Z 
validate-code / unit-tests (test:unit)	UNKNOWN STEP	2026-10-09T12:31:53.4934420Z 
validate-code / unit-tests (test:unit)	UNKNOWN STEP	2026-10-09T12:31:53.4953873Z ^[[1m^[[46m RUN ^[[49m^[[22m ^[[36mv3.2.7 ^[[39m^[[90m/home/runner/work/va-mmcx-terminal/va-mmcx-terminal^[[39m
validate-code / unit-tests (test:unit)	UNKNOWN STEP	2026-10-09T12:31:53.4967423Z       ^[[2mCoverage enabled with ^[[22m^[[33mv8^[[39m
validate-code / unit-tests (test:unit)	UNKNOWN STEP	2026-10-09T12:31:53.4970996Z 
validate-code / unit-tests (test:unit)	UNKNOWN STEP	2026-10-09T12:31:56.8221495Z  ^[[32m✓^[[39m src/features/perpetuals/infra/perps-controller/ControllerPerpsProvider.test.ts ^[[2m(^[[22m^[[2m68 tests^[[22m^[[2m)^[[22m^[[33m 310^[[2mms^[[22m^[[39m
validate-code / unit-tests (test:unit)	UNKNOWN STEP	2026-10-09T12:31:58.0001010Z  ^[[32m✓^[[39m src/features/perpetuals/domain/OrderBook/helpers/OrderBookHelper.test.ts ^[[2m(^[[22m^[[2m83 tests^[[22m^[[2m)^[[22m^[[32m 33^[[2mms^[[22m^[[39m
validate-code / unit-tests (test:unit)	UNKNOWN STEP	2026-10-09T12:31:59.2835760Z ^[[90mstdout^[[2m | electron/services/bot-runner.test.ts^[[2m > ^[[22m^[[2mBotRunner^[[2m > ^[[22m^[[2mdoes not decrease isolated leverage on an existing position when starting
validate-code / unit-tests (test:unit)	UNKNOWN STEP	2026-10-09T12:31:59.2842211Z ^[[22m^[[39m[BotRunner] Auto-adopted orphan BTC position for bot BTC Simple Buy/Sell (buy 0.25 @ 100).
validate-code / unit-tests (test:unit)	UNKNOWN STEP	2026-10-09T12:31:59.2843869Z 
validate-code / unit-tests (test:unit)	UNKNOWN STEP	2026-10-09T12:31:59.2896413Z  ^[[32m✓^[[39m electron/services/bot-runner.test.ts ^[[2m(^[[22m^[[2m12 tests^[[22m^[[2m)^[[22m^[[32m 100^[[2mms^[[22m^[[39m
validate-code / unit-tests (test:unit)	UNKNOWN STEP	2026-10-09T12:32:03.8998276Z  ^[[32m✓^[[39m src/features/perpetuals/order/components/OrderBook/OrderBook.test.tsx ^[[2m(^[[22m^[[2m34 tests^[[22m^[[2m)^[[22m^[[33m 1415^[[2mms^[[22m^[[39m
validate-code / unit-tests (test:unit)	UNKNOWN STEP	2026-10-09T12:32:08.2758463Z ^[[90mstderr^[[2m | src/features/perpetuals/order/components/OrderPage/OrderPage.test.tsx^[[2m > ^[[22m^[[2mOrderPage^[[2m > ^[[22m^[[2mrenders the header data when the symbol is present in the API response
validate-code / unit-tests (test:unit)	UNKNOWN STEP	2026-10-09T12:32:08.2764832Z ^[[22m^[[39mReceived `true` for a non-boolean attribute `unoptimized`.
validate-code / unit-tests (test:unit)	UNKNOWN STEP	2026-10-09T12:32:08.2765574Z 
validate-code / unit-tests (test:unit)	UNKNOWN STEP	2026-10-09T12:32:08.2766765Z If you want to write it to the DOM, pass a string instead: unoptimized="true" or unoptimized=***value.toString()***.
validate-code / unit-tests (test:unit)	UNKNOWN STEP	2026-10-09T12:32:08.2767940Z 
validate-code / unit-tests (test:unit)	UNKNOWN STEP	2026-10-09T12:32:10.0186652Z ^[[90mstderr^[[2m | src/features/perpetuals/order/components/OrderPage/OrderPage.test.tsx^[[2m > ^[[22m^[[2mOrderPageLayout - Tab Synchronization^[[2m > ^[[22m^[[2mpasses a chart-selected price to the order form
validate-code / unit-tests (test:unit)	UNKNOWN STEP	2026-10-09T12:32:10.0202388Z ^[[22m^[[39m[MSW] Warning: intercepted a request without a matching request handler:
validate-code / unit-tests (test:unit)	UNKNOWN STEP	2026-10-09T12:32:10.0203270Z 
validate-code / unit-tests (test:unit)	UNKNOWN STEP	2026-10-09T12:32:10.0203923Z   • GET wss://api.hyperliquid.xyz/ws
validate-code / unit-tests (test:unit)	UNKNOWN STEP	2026-10-09T12:32:10.0204593Z 
validate-code / unit-tests (test:unit)	UNKNOWN STEP	2026-10-09T12:32:10.0205746Z If you still wish to intercept this unhandled request, please create a request handler for it.
validate-code / unit-tests (test:unit)	UNKNOWN STEP	2026-10-09T12:32:10.0207250Z Read more: https://mswjs.io/docs/http/intercepting-requests
validate-code / unit-tests (test:unit)	UNKNOWN STEP	2026-10-09T12:32:10.0208077Z 
validate-code / unit-tests (test:unit)	UNKNOWN STEP	2026-10-09T12:32:10.0651351Z ^[[90mstderr^[[2m | src/features/perpetuals/order/components/OrderPage/OrderPage.test.tsx^[[2m > ^[[22m^[[2mOrderPageLayout - Tab Synchronization^[[2m > ^[[22m^[[2mpasses a chart-selected price to the order form
validate-code / unit-tests (test:unit)	UNKNOWN STEP	2026-10-09T12:32:10.0654705Z ^[[22m^[[39m[MSW] Warning: intercepted a request without a matching request handler:
validate-code / unit-tests (test:unit)	UNKNOWN STEP	2026-10-09T12:32:10.0655645Z 
validate-code / unit-tests (test:unit)	UNKNOWN STEP	2026-10-09T12:32:10.0656314Z   • GET https://api.hyperliquid.xyz/ws
validate-code / unit-tests (test:unit)	UNKNOWN STEP	2026-10-09T12:32:10.0656897Z 
validate-code / unit-tests (test:unit)	UNKNOWN STEP	2026-10-09T12:32:10.0657769Z If you still wish to intercept this unhandled request, please create a request handler for it.
validate-code / unit-tests (test:unit)	UNKNOWN STEP	2026-10-09T12:32:10.0659085Z Read more: https://mswjs.io/docs/http/intercepting-requests
validate-code / unit-tests (test:unit)	UNKNOWN STEP	2026-10-09T12:32:10.0659823Z 
validate-code / unit-tests (test:unit)	UNKNOWN STEP	2026-10-09T12:32:13.2141025Z  ^[[32m✓^[[39m src/features/perpetuals/order/components/OrderPage/OrderPage.test.tsx ^[[2m(^[[22m^[[2m20 tests^[[22m^[[2m)^[[22m^[[33m 4966^[[2mms^[[22m^[[39m
validate-code / unit-tests (test:unit)	UNKNOWN STEP	2026-10-09T12:32:13.2144347Z    ^[[33m^[[2m✓^[[22m^[[39m OrderPage^[[2m > ^[[22mrenders the header data when the symbol is present in the API response ^[[33m 335^[[2mms^[[22m^[[39m
validate-code / unit-tests (test:unit)	UNKNOWN STEP	2026-10-09T12:32:13.2146296Z    ^[[33m^[[2m✓^[[22m^[[39m OrderPage^[[2m > ^[[22mopens the markets drawer from the header market selector ^[[33m 1132^[[2mms^[[22m^[[39m
validate-code / unit-tests (test:unit)	UNKNOWN STEP	2026-10-09T12:32:13.2148537Z    ^[[33m^[[2m✓^[[22m^[[39m OrderPageLayout - Tab Synchronization^[[2m > ^[[22mrenders orders, positions, and holdings tabs in bot strategy mode for the selected bot ^[[33m 626^[[2mms^[[22m^[[39m
validate-code / unit-tests (test:unit)	UNKNOWN STEP	2026-10-09T12:32:15.7137815Z  ^[[32m✓^[[39m src/features/perpetuals/queries/submit-order-mutation.test.tsx ^[[2m(^[[22m^[[2m26 tests^[[22m^[[2m)^[[22m^[[32m 273^[[2mms^[[22m^[[39m
validate-code / unit-tests (test:unit)	UNKNOWN STEP	2026-10-09T12:32:21.2109644Z  ^[[31m❯^[[39m src/features/perpetuals/queries/live-orders-query.test.tsx ^[[2m(^[[22m^[[2m23 tests^[[22m^[[2m | ^[[22m^[[31m2 failed^[[39m^[[2m)^[[22m^[[33m 4197^[[2mms^[[22m^[[39m
validate-code / unit-tests (test:unit)	UNKNOWN STEP	2026-10-09T12:32:21.2113513Z    ^[[32m✓^[[39m useLiveOrders^[[2m > ^[[22mdisabled state^[[2m > ^[[22mreturns empty orders when enabled is false^[[32m 22^[[2mms^[[22m^[[39m
validate-code / unit-tests (test:unit)	UNKNOWN STEP	2026-10-09T12:32:21.2115788Z    ^[[32m✓^[[39m useLiveOrders^[[2m > ^[[22mdisabled state^[[2m > ^[[22mreturns empty orders when userAddress is empty^[[32m 2^[[2mms^[[22m^[[39m
validate-code / unit-tests (test:unit)	UNKNOWN STEP	2026-10-09T12:32:21.2117544Z    ^[[32m✓^[[39m useLiveOrders^[[2m > ^[[22mdisabled state^[[2m > ^[[22mdoes not subscribe when disabled^[[32m 2^[[2mms^[[22m^[[39m
validate-code / unit-tests (test:unit)	UNKNOWN STEP	2026-10-09T12:32:21.2119404Z    ^[[32m✓^[[39m useLiveOrders^[[2m > ^[[22msubscription management^[[2m > ^[[22msubscribes with correct parameters when enabled^[[32m 5^[[2mms^[[22m^[[39m
validate-code / unit-tests (test:unit)	UNKNOWN STEP	2026-10-09T12:32:21.2122031Z    ^[[32m✓^[[39m useLiveOrders^[[2m > ^[[22msubscription management^[[2m > ^[[22mpasses undefined throttleMs when not specified^[[32m 2^[[2mms^[[22m^[[39m
validate-code / unit-tests (test:unit)	UNKNOWN STEP	2026-10-09T12:32:21.2123858Z    ^[[32m✓^[[39m useLiveOrders^[[2m > ^[[22msubscription management^[[2m > ^[[22munsubscribes on unmount^[[32m 2^[[2mms^[[22m^[[39m
validate-code / unit-tests (test:unit)	UNKNOWN STEP	2026-10-09T12:32:21.2125887Z    ^[[32m✓^[[39m useLiveOrders^[[2m > ^[[22msubscription management^[[2m > ^[[22mresubscribes when userAddress changes^[[32m 4^[[2mms^[[22m^[[39m
validate-code / unit-tests (test:unit)	UNKNOWN STEP	2026-10-09T12:32:21.2136279Z    ^[[33m^[[2m✓^[[22m^[[39m useLiveOrders^[[2m > ^[[22mconnection and error states^[[2m > ^[[22msets isConnected to true when receiving valid orders ^[[33m 604^[[2mms^[[22m^[[39m
validate-code / unit-tests (test:unit)	UNKNOWN STEP	2026-10-09T12:32:21.2138677Z    ^[[32m✓^[[39m useLiveOrders^[[2m > ^[[22mconnection and error states^[[2m > ^[[22mdoes not set isError when WebSocket fails but REST succeeds^[[32m 5^[[2mms^[[22m^[[39m
validate-code / unit-tests (test:unit)	UNKNOWN STEP	2026-10-09T12:32:21.2141125Z    ^[[32m✓^[[39m useLiveOrders^[[2m > ^[[22mconnection and error states^[[2m > ^[[22msets isError to true when WebSocket and REST both fail^[[32m 54^[[2mms^[[22m^[[39m
validate-code / unit-tests (test:unit)	UNKNOWN STEP	2026-10-09T12:32:21.2162462Z    ^[[32m✓^[[39m useLiveOrders^[[2m > ^[[22mconnection and error states^[[2m > ^[[22muses REST orders when WebSocket has not connected^[[32m 56^[[2mms^[[22m^[[39m
validate-code / unit-tests (test:unit)	UNKNOWN STEP	2026-10-09T12:32:21.2164839Z    ^[[32m✓^[[39m useLiveOrders^[[2m > ^[[22mconnection and error states^[[2m > ^[[22mkeeps REST orders when the first WebSocket snapshot is empty^[[32m 56^[[2mms^[[22m^[[39m
validate-code / unit-tests (test:unit)	UNKNOWN STEP	2026-10-09T12:32:21.2170275Z    ^[[32m✓^[[39m useLiveOrders^[[2m > ^[[22mconnection and error states^[[2m > ^[[22mrecovers from error state when receiving valid orders^[[32m 260^[[2mms^[[22m^[[39m
validate-code / unit-tests (test:unit)	UNKNOWN STEP	2026-10-09T12:32:21.2172596Z    ^[[32m✓^[[39m useLiveOrders^[[2m > ^[[22mloading states^[[2m > ^[[22mshows isInitialLoading when not connected and no data^[[32m 3^[[2mms^[[22m^[[39m
validate-code / unit-tests (test:unit)	UNKNOWN STEP	2026-10-09T12:32:21.2174469Z    ^[[32m✓^[[39m useLiveOrders^[[2m > ^[[22mloading states^[[2m > ^[[22mhides isInitialLoading when connected^[[32m 54^[[2mms^[[22m^[[39m
validate-code / unit-tests (test:unit)	UNKNOWN STEP	2026-10-09T12:32:21.2176276Z    ^[[32m✓^[[39m useLiveOrders^[[2m > ^[[22morder filtering^[[2m > ^[[22mreturns all orders when hideTpSl is false^[[32m 107^[[2mms^[[22m^[[39m
validate-code / unit-tests (test:unit)	UNKNOWN STEP	2026-10-09T12:32:21.2178230Z    ^[[32m✓^[[39m useLiveOrders^[[2m > ^[[22morder filtering^[[2m > ^[[22mfilters out position-attached TP/SL when hideTpSl is true^[[32m 155^[[2mms^[[22m^[[39m
validate-code / unit-tests (test:unit)	UNKNOWN STEP	2026-10-09T12:32:21.2180218Z    ^[[32m✓^[[39m useLiveOrders^[[2m > ^[[22morder filtering^[[2m > ^[[22mhandles orders without detailedOrderType when filtering^[[32m 206^[[2mms^[[22m^[[39m
validate-code / unit-tests (test:unit)	UNKNOWN STEP	2026-10-09T12:32:21.2182525Z    ^[[33m^[[2m✓^[[22m^[[39m useLiveOrders^[[2m > ^[[22mcaching behavior^[[2m > ^[[22mreads data from React Query cache when WebSocket updates arrive ^[[33m 556^[[2mms^[[22m^[[39m
validate-code / unit-tests (test:unit)	UNKNOWN STEP	2026-10-09T12:32:21.2184522Z    ^[[32m✓^[[39m useLiveOrders^[[2m > ^[[22mcaching behavior^[[2m > ^[[22mreturns empty array before WebSocket delivers data^[[32m 4^[[2mms^[[22m^[[39m
validate-code / unit-tests (test:unit)	UNKNOWN STEP	2026-10-09T12:32:21.2186347Z    ^[[32m✓^[[39m useLiveOrders^[[2m > ^[[22mcaching behavior^[[2m > ^[[22muses pre-existing cache when subscribing^[[32m 3^[[2mms^[[22m^[[39m
validate-code / unit-tests (test:unit)	UNKNOWN STEP	2026-10-09T12:32:21.2188413Z ^[[31m   ^[[31m×^[[31m useLiveOrders^[[2m > ^[[22mstate reset on disable^[[2m > ^[[22mresets connection state when becoming disabled^[[39m^[[33m 1018^[[2mms^[[22m^[[39m
validate-code / unit-tests (test:unit)	UNKNOWN STEP	2026-10-09T12:32:21.2189893Z ^[[31m     → expected false to be true // Object.is equality
validate-code / unit-tests (test:unit)	UNKNOWN STEP	2026-10-09T12:32:21.2190663Z 
validate-code / unit-tests (test:unit)	UNKNOWN STEP	2026-10-09T12:32:21.2191127Z Ignored nodes: comments, script, style
validate-code / unit-tests (test:unit)	UNKNOWN STEP	2026-10-09T12:32:21.2191843Z ^[[36m<html>^[[31m
validate-code / unit-tests (test:unit)	UNKNOWN STEP	2026-10-09T12:32:21.2192446Z   ^[[36m<head />^[[31m
validate-code / unit-tests (test:unit)	UNKNOWN STEP	2026-10-09T12:32:21.2193065Z   ^[[36m<body>^[[31m
validate-code / unit-tests (test:unit)	UNKNOWN STEP	2026-10-09T12:32:21.2193665Z     ^[[36m<div />^[[31m
validate-code / unit-tests (test:unit)	UNKNOWN STEP	2026-10-09T12:32:21.2194270Z   ^[[36m</body>^[[31m
validate-code / unit-tests (test:unit)	UNKNOWN STEP	2026-10-09T12:32:21.2194897Z ^[[36m</html>^[[31m^[[39m
validate-code / unit-tests (test:unit)	UNKNOWN STEP	2026-10-09T12:32:21.2196416Z ^[[31m   ^[[31m×^[[31m useLiveOrders^[[2m > ^[[22mstate reset on disable^[[2m > ^[[22mresets error state when becoming disabled^[[39m^[[33m 1007^[[2mms^[[22m^[[39m
validate-code / unit-tests (test:unit)	UNKNOWN STEP	2026-10-09T12:32:21.2197891Z ^[[31m     → expected false to be true // Object.is equality
validate-code / unit-tests (test:unit)	UNKNOWN STEP	2026-10-09T12:32:21.2198469Z 
validate-code / unit-tests (test:unit)	UNKNOWN STEP	2026-10-09T12:32:21.2198900Z Ignored nodes: comments, script, style
validate-code / unit-tests (test:unit)	UNKNOWN STEP	2026-10-09T12:32:21.2199587Z ^[[36m<html>^[[31m
validate-code / unit-tests (test:unit)	UNKNOWN STEP	2026-10-09T12:32:21.2200706Z   ^[[36m<head />^[[31m
validate-code / unit-tests (test:unit)	UNKNOWN STEP	2026-10-09T12:32:21.2201444Z   ^[[36m<body>^[[31m
validate-code / unit-tests (test:unit)	UNKNOWN STEP	2026-10-09T12:32:21.2202050Z     ^[[36m<div />^[[31m
validate-code / unit-tests (test:unit)	UNKNOWN STEP	2026-10-09T12:32:21.2202681Z   ^[[36m</body>^[[31m
validate-code / unit-tests (test:unit)	UNKNOWN STEP	2026-10-09T12:32:21.2231130Z ^[[36m</html>^[[31m^[[39m
validate-code / unit-tests (test:unit)	UNKNOWN STEP	2026-10-09T12:32:25.4795006Z  ^[[32m✓^[[39m src/components/ui/Table/Table.test.tsx ^[[2m(^[[22m^[[2m21 tests^[[22m^[[2m)^[[22m^[[33m 1641^[[2mms^[[22m^[[39m
validate-code / unit-tests (test:unit)	UNKNOWN STEP	2026-10-09T12:32:31.0762472Z  ^[[32m✓^[[39m src/features/perpetuals/order/components/OrderBook/OrderBookFilters.test.tsx ^[[2m(^[[22m^[[2m24 tests^[[22m^[[2m)^[[22m^[[33m 2772^[[2mms^[[22m^[[39m
validate-code / unit-tests (test:unit)	UNKNOWN STEP	2026-10-09T12:32:33.4729928Z  ^[[32m✓^[[39m src/features/perpetuals/queries/close-position-mutation.test.tsx ^[[2m(^[[22m^[[2m16 tests^[[22m^[[2m)^[[22m^[[32m 198^[[2mms^[[22m^[[39m
validate-code / unit-tests (test:unit)	UNKNOWN STEP	2026-10-09T12:32:35.5597023Z ^[[90mstderr^[[2m | src/features/perpetuals/infra/perps-controller/controller-host.test.ts^[[2m > ^[[22m^[[2mPerpsControllerHost^[[2m > ^[[22m^[[2mretries prepareTradingWallet while it is not ready
validate-code / unit-tests (test:unit)	UNKNOWN STEP	2026-10-09T12:32:35.5602326Z ^[[22m^[[39m[perps] prepareTradingWallet not ready: ^[[90mundefined^[[39m
validate-code / unit-tests (test:unit)	UNKNOWN STEP	2026-10-09T12:32:35.5603422Z 
validate-code / unit-tests (test:unit)	UNKNOWN STEP	2026-10-09T12:32:35.5607527Z ^[[90mstderr^[[2m | src/features/perpetuals/infra/perps-controller/controller-host.test.ts^[[2m > ^[[22m^[[2mPerpsControllerHost^[[2m > ^[[22m^[[2mretries prepareTradingWallet while it is not ready
validate-code / unit-tests (test:unit)	UNKNOWN STEP	2026-10-09T12:32:35.5609608Z ^[[22m^[[39m[perps] prepareTradingWallet not ready: ^[[90mundefined^[[39m
validate-code / unit-tests (test:unit)	UNKNOWN STEP	2026-10-09T12:32:35.5610778Z 
validate-code / unit-tests (test:unit)	UNKNOWN STEP	2026-10-09T12:32:35.6671714Z  ^[[32m✓^[[39m src/features/perpetuals/infra/perps-controller/controller-host.test.ts ^[[2m(^[[22m^[[2m19 tests^[[22m^[[2m)^[[22m^[[32m 48^[[2mms^[[22m^[[39m
validate-code / unit-tests (test:unit)	UNKNOWN STEP	2026-10-09T12:32:40.7641473Z  ^[[32m✓^[[39m src/components/layout/HeaderNav.test.tsx ^[[2m(^[[22m^[[2m27 tests^[[22m^[[2m)^[[22m^[[33m 2465^[[2mms^[[22m^[[39m
validate-code / unit-tests (test:unit)	UNKNOWN STEP	2026-10-09T12:32:42.5216694Z  ^[[32m✓^[[39m src/core/clients/rewards-api/RewardsApiClient.test.ts ^[[2m(^[[22m^[[2m34 tests^[[22m^[[2m)^[[22m^[[33m 527^[[2mms^[[22m^[[39m
validate-code / unit-tests (test:unit)	UNKNOWN STEP	2026-10-09T12:32:45.4255941Z  ^[[32m✓^[[39m src/components/ui/Modal/Modal.test.tsx ^[[2m(^[[22m^[[2m25 tests^[[22m^[[2m)^[[22m^[[33m 1116^[[2mms^[[22m^[[39m
validate-code / unit-tests (test:unit)	UNKNOWN STEP	2026-10-09T12:32:49.6944482Z  ^[[32m✓^[[39m src/features/perpetuals/order/components/UserPositions/CurrentPosition.test.tsx ^[[2m(^[[22m^[[2m27 tests^[[22m^[[2m)^[[22m^[[33m 1377^[[2mms^[[22m^[[39m
validate-code / unit-tests (test:unit)	UNKNOWN STEP	2026-10-09T12:32:53.6687164Z  ^[[32m✓^[[39m src/components/ui/Tooltip/Tooltip.test.tsx ^[[2m(^[[22m^[[2m19 tests^[[22m^[[2m)^[[22m^[[33m 1339^[[2mms^[[22m^[[39m
validate-code / unit-tests (test:unit)	UNKNOWN STEP	2026-10-09T12:32:57.1443067Z  ^[[32m✓^[[39m src/features/perpetuals/order/components/OrderForm/OrderFormInner/OrderFormInner.test.tsx ^[[2m(^[[22m^[[2m21 tests^[[22m^[[2m)^[[22m^[[33m 895^[[2mms^[[22m^[[39m
validate-code / unit-tests (test:unit)	UNKNOWN STEP	2026-10-09T12:32:59.3786099Z  ^[[32m✓^[[39m src/features/charting/components/TradingViewChart/TradingViewChart.test.tsx ^[[2m(^[[22m^[[2m15 tests^[[22m^[[2m | ^[[22m^[[33m7 skipped^[[39m^[[2m)^[[22m^[[32m 155^[[2mms^[[22m^[[39m
validate-code / unit-tests (test:unit)	UNKNOWN STEP	2026-10-09T12:33:01.8653818Z  ^[[32m✓^[[39m src/features/perpetuals/queries/live-trades-query.test.tsx ^[[2m(^[[22m^[[2m19 tests^[[22m^[[2m)^[[22m^[[32m 121^[[2mms^[[22m^[[39m
validate-code / unit-tests (test:unit)	UNKNOWN STEP	2026-10-09T12:33:02.9992069Z  ^[[32m✓^[[39m src/features/perpetuals/infra/hyperliquid/market-data/aggregation.test.ts ^[[2m(^[[22m^[[2m51 tests^[[22m^[[2m)^[[22m^[[32m 20^[[2mms^[[22m^[[39m
validate-code / unit-tests (test:unit)	UNKNOWN STEP	2026-10-09T12:33:06.5451965Z  ^[[32m✓^[[39m src/features/perpetuals/order/components/OrderForm/OrderFormEditors/OrderFormEditors.test.tsx ^[[2m(^[[22m^[[2m25 tests^[[22m^[[2m)^[[22m^[[33m 868^[[2mms^[[22m^[[39m
validate-code / unit-tests (test:unit)	UNKNOWN STEP	2026-10-09T12:33:09.8487956Z  ^[[32m✓^[[39m src/features/perpetuals/order/components/PaneErrorBoundary/PaneErrorBoundary.test.tsx ^[[2m(^[[22m^[[2m15 tests^[[22m^[[2m)^[[22m^[[33m 740^[[2mms^[[22m^[[39m
validate-code / unit-tests (test:unit)	UNKNOWN STEP	2026-10-09T12:33:11.1575484Z  ^[[32m✓^[[39m electron/services/bot-store.test.ts ^[[2m(^[[22m^[[2m5 tests^[[22m^[[2m)^[[22m^[[32m 11^[[2mms^[[22m^[[39m
validate-code / unit-tests (test:unit)	UNKNOWN STEP	2026-10-09T12:33:12.3592811Z  ^[[32m✓^[[39m src/features/charting/overlays/ChartOverlayManager.test.ts ^[[2m(^[[22m^[[2m7 tests^[[22m^[[2m)^[[22m^[[32m 21^[[2mms^[[22m^[[39m
validate-code / unit-tests (test:unit)	UNKNOWN STEP	2026-10-09T12:33:16.1825921Z  ^[[32m✓^[[39m src/features/perpetuals/order/components/BotStrategyPanel/BotStrategyPanel.test.tsx ^[[2m(^[[22m^[[2m7 tests^[[22m^[[2m)^[[22m^[[33m 1104^[[2mms^[[22m^[[39m
validate-code / unit-tests (test:unit)	UNKNOWN STEP	2026-10-09T12:33:16.1836720Z    ^[[33m^[[2m✓^[[22m^[[39m BotStrategyPanel^[[2m > ^[[22mshows a delete action in the overflow menu ^[[33m 387^[[2mms^[[22m^[[39m
validate-code / unit-tests (test:unit)	UNKNOWN STEP	2026-10-09T12:33:19.3414755Z  ^[[32m✓^[[39m src/features/bots/components/StrategyConfigurator/StrategyConfigurator.test.tsx ^[[2m(^[[22m^[[2m10 tests^[[22m^[[2m)^[[22m^[[33m 1386^[[2mms^[[22m^[[39m
validate-code / unit-tests (test:unit)	UNKNOWN STEP	2026-10-09T12:33:21.8124549Z  ^[[32m✓^[[39m src/features/perpetuals/queries/live-orderbook-query.test.tsx ^[[2m(^[[22m^[[2m14 tests^[[22m^[[2m)^[[22m^[[32m 99^[[2mms^[[22m^[[39m
validate-code / unit-tests (test:unit)	UNKNOWN STEP	2026-10-09T12:33:25.5407614Z  ^[[32m✓^[[39m src/features/perpetuals/order/components/OrderForm/AmountInput/AmountInput.test.tsx ^[[2m(^[[22m^[[2m19 tests^[[22m^[[2m)^[[22m^[[33m 975^[[2mms^[[22m^[[39m
validate-code / unit-tests (test:unit)	UNKNOWN STEP	2026-10-09T12:33:29.2267739Z  ^[[32m✓^[[39m src/features/perpetuals/order/components/UserPositions/LimitOrders.test.tsx ^[[2m(^[[22m^[[2m18 tests^[[22m^[[2m)^[[22m^[[33m 997^[[2mms^[[22m^[[39m
validate-code / unit-tests (test:unit)	UNKNOWN STEP	2026-10-09T12:33:32.8219029Z  ^[[32m✓^[[39m src/features/perpetuals/order/components/OrderForm/OrderFormSummary/OrderFormSummary.test.tsx ^[[2m(^[[22m^[[2m18 tests^[[22m^[[2m)^[[22m^[[33m 803^[[2mms^[[22m^[[39m
validate-code / unit-tests (test:unit)	UNKNOWN STEP	2026-10-09T12:33:35.4095694Z  ^[[32m✓^[[39m src/features/perpetuals/queries/live-positions-query.test.tsx ^[[2m(^[[22m^[[2m14 tests^[[22m^[[2m)^[[22m^[[33m 364^[[2mms^[[22m^[[39m
validate-code / unit-tests (test:unit)	UNKNOWN STEP	2026-10-09T12:33:38.9869958Z  ^[[32m✓^[[39m src/components/ButtonToggle/ButtonToggle.test.tsx ^[[2m(^[[22m^[[2m18 tests^[[22m^[[2m)^[[22m^[[33m 895^[[2mms^[[22m^[[39m
validate-code / unit-tests (test:unit)	UNKNOWN STEP	2026-10-09T12:33:40.1658760Z ^[[90mstderr^[[2m | src/features/perpetuals/infra/hyperliquid/market-data/trades.test.ts^[[2m > ^[[22m^[[2madaptRecentTradesResponse^[[2m > ^[[22m^[[2mmalformed data handling^[[2m > ^[[22m^[[2mskips trades with invalid price (NaN)
validate-code / unit-tests (test:unit)	UNKNOWN STEP	2026-10-09T12:33:40.1662647Z ^[[22m^[[39mSkipping malformed trade: ***"coin":"BTC","side":"B","px":"not-a-number","sz":"1.5","time":1234567890,"hash":"0xabc123","tid":1,"users":["0xmaker","0xtaker"]***
validate-code / unit-tests (test:unit)	UNKNOWN STEP	2026-10-09T12:33:40.1668685Z 
validate-code / unit-tests (test:unit)	UNKNOWN STEP	2026-10-09T12:33:40.1671417Z ^[[90mstderr^[[2m | src/features/perpetuals/infra/hyperliquid/market-data/trades.test.ts^[[2m > ^[[22m^[[2madaptRecentTradesResponse^[[2m > ^[[22m^[[2mmalformed data handling^[[2m > ^[[22m^[[2mskips trades with zero price
validate-code / unit-tests (test:unit)	UNKNOWN STEP	2026-10-09T12:33:40.1676429Z ^[[22m^[[39mSkipping malformed trade: ***"coin":"BTC","side":"B","px":"0","sz":"1.5","time":1234567890,"hash":"0xabc123","tid":1,"users":["0xmaker","0xtaker"]***
validate-code / unit-tests (test:unit)	UNKNOWN STEP	2026-10-09T12:33:40.1679133Z 
validate-code / unit-tests (test:unit)	UNKNOWN STEP	2026-10-09T12:33:40.1681903Z ^[[90mstderr^[[2m | src/features/perpetuals/infra/hyperliquid/market-data/trades.test.ts^[[2m > ^[[22m^[[2madaptRecentTradesResponse^[[2m > ^[[22m^[[2mmalformed data handling^[[2m > ^[[22m^[[2mskips trades with negative price
validate-code / unit-tests (test:unit)	UNKNOWN STEP	2026-10-09T12:33:40.1685307Z ^[[22m^[[39mSkipping malformed trade: ***"coin":"BTC","side":"B","px":"-100","sz":"1.5","time":1234567890,"hash":"0xabc123","tid":1,"users":["0xmaker","0xtaker"]***
validate-code / unit-tests (test:unit)	UNKNOWN STEP	2026-10-09T12:33:40.1687850Z 
validate-code / unit-tests (test:unit)	UNKNOWN STEP	2026-10-09T12:33:40.1691723Z ^[[90mstderr^[[2m | src/features/perpetuals/infra/hyperliquid/market-data/trades.test.ts^[[2m > ^[[22m^[[2madaptRecentTradesResponse^[[2m > ^[[22m^[[2mmalformed data handling^[[2m > ^[[22m^[[2mskips trades with invalid size (NaN)
validate-code / unit-tests (test:unit)	UNKNOWN STEP	2026-10-09T12:33:40.1695269Z ^[[22m^[[39mSkipping malformed trade: ***"coin":"BTC","side":"B","px":"50000","sz":"invalid","time":1234567890,"hash":"0xabc123","tid":1,"users":["0xmaker","0xtaker"]***
validate-code / unit-tests (test:unit)	UNKNOWN STEP	2026-10-09T12:33:40.1698169Z 
validate-code / unit-tests (test:unit)	UNKNOWN STEP	2026-10-09T12:33:40.1700909Z ^[[90mstderr^[[2m | src/features/perpetuals/infra/hyperliquid/market-data/trades.test.ts^[[2m > ^[[22m^[[2madaptRecentTradesResponse^[[2m > ^[[22m^[[2mmalformed data handling^[[2m > ^[[22m^[[2mskips trades with zero size
validate-code / unit-tests (test:unit)	UNKNOWN STEP	2026-10-09T12:33:40.1704313Z ^[[22m^[[39mSkipping malformed trade: ***"coin":"BTC","side":"B","px":"50000","sz":"0","time":1234567890,"hash":"0xabc123","tid":1,"users":["0xmaker","0xtaker"]***
validate-code / unit-tests (test:unit)	UNKNOWN STEP	2026-10-09T12:33:40.1705665Z 
validate-code / unit-tests (test:unit)	UNKNOWN STEP	2026-10-09T12:33:40.1708004Z ^[[90mstderr^[[2m | src/features/perpetuals/infra/hyperliquid/market-data/trades.test.ts^[[2m > ^[[22m^[[2madaptRecentTradesResponse^[[2m > ^[[22m^[[2mmalformed data handling^[[2m > ^[[22m^[[2mskips trades with negative size
validate-code / unit-tests (test:unit)	UNKNOWN STEP	2026-10-09T12:33:40.1711680Z ^[[22m^[[39mSkipping malformed trade: ***"coin":"BTC","side":"B","px":"50000","sz":"-1.5","time":1234567890,"hash":"0xabc123","tid":1,"users":["0xmaker","0xtaker"]***
validate-code / unit-tests (test:unit)	UNKNOWN STEP	2026-10-09T12:33:40.1713560Z 
validate-code / unit-tests (test:unit)	UNKNOWN STEP	2026-10-09T12:33:40.1715948Z ^[[90mstderr^[[2m | src/features/perpetuals/infra/hyperliquid/market-data/trades.test.ts^[[2m > ^[[22m^[[2madaptRecentTradesResponse^[[2m > ^[[22m^[[2mmalformed data handling^[[2m > ^[[22m^[[2mskips trades with invalid side
validate-code / unit-tests (test:unit)	UNKNOWN STEP	2026-10-09T12:33:40.1719356Z ^[[22m^[[39mSkipping malformed trade: ***"coin":"BTC","side":"X","px":"50000","sz":"1.5","time":1234567890,"hash":"0xabc123","tid":1,"users":["0xmaker","0xtaker"]***
validate-code / unit-tests (test:unit)	UNKNOWN STEP	2026-10-09T12:33:40.1721214Z 
validate-code / unit-tests (test:unit)	UNKNOWN STEP	2026-10-09T12:33:40.1723675Z ^[[90mstderr^[[2m | src/features/perpetuals/infra/hyperliquid/market-data/trades.test.ts^[[2m > ^[[22m^[[2madaptRecentTradesResponse^[[2m > ^[[22m^[[2mmalformed data handling^[[2m > ^[[22m^[[2mskips trades with non-numeric tid
validate-code / unit-tests (test:unit)	UNKNOWN STEP	2026-10-09T12:33:40.1727138Z ^[[22m^[[39mSkipping malformed trade: ***"coin":"BTC","side":"B","px":"50000","sz":"1.5","time":1234567890,"hash":"0xabc123","tid":"not-a-number","users":["0xmaker","0xtaker"]***
validate-code / unit-tests (test:unit)	UNKNOWN STEP	2026-10-09T12:33:40.1730131Z 
validate-code / unit-tests (test:unit)	UNKNOWN STEP	2026-10-09T12:33:40.1733051Z ^[[90mstderr^[[2m | src/features/perpetuals/infra/hyperliquid/market-data/trades.test.ts^[[2m > ^[[22m^[[2madaptRecentTradesResponse^[[2m > ^[[22m^[[2mmalformed data handling^[[2m > ^[[22m^[[2mreturns empty array when all trades are malformed
validate-code / unit-tests (test:unit)	UNKNOWN STEP	2026-10-09T12:33:40.1736676Z ^[[22m^[[39mSkipping malformed trade: ***"coin":"BTC","side":"B","px":"invalid","sz":"1.5","time":1234567890,"hash":"0xabc123","tid":1,"users":["0xmaker","0xtaker"]***
validate-code / unit-tests (test:unit)	UNKNOWN STEP	2026-10-09T12:33:40.1739374Z Skipping malformed trade: ***"coin":"BTC","side":"B","px":"50000","sz":"0","time":1234567890,"hash":"0xabc123","tid":2,"users":["0xmaker","0xtaker"]***
validate-code / unit-tests (test:unit)	UNKNOWN STEP	2026-10-09T12:33:40.1742595Z Skipping malformed trade: ***"coin":"BTC","side":"X","px":"50000","sz":"1.5","time":1234567890,"hash":"0xabc123","tid":3,"users":["0xmaker","0xtaker"]***
validate-code / unit-tests (test:unit)	UNKNOWN STEP	2026-10-09T12:33:40.1743904Z 
validate-code / unit-tests (test:unit)	UNKNOWN STEP	2026-10-09T12:33:40.1747772Z ^[[90mstderr^[[2m | src/features/perpetuals/infra/hyperliquid/market-data/trades.test.ts^[[2m > ^[[22m^[[2madaptTradesEvent^[[2m > ^[[22m^[[2mmalformed data handling^[[2m > ^[[22m^[[2mskips malformed trades gracefully
validate-code / unit-tests (test:unit)	UNKNOWN STEP	2026-10-09T12:33:40.1751329Z ^[[22m^[[39mSkipping malformed trade: ***"coin":"BTC","side":"B","px":"invalid","sz":"1.5","time":1234567890,"hash":"0xabc123","tid":1,"users":["0xmaker","0xtaker"]***
validate-code / unit-tests (test:unit)	UNKNOWN STEP	2026-10-09T12:33:40.1754883Z 
validate-code / unit-tests (test:unit)	UNKNOWN STEP	2026-10-09T12:33:40.2329207Z  ^[[32m✓^[[39m src/features/perpetuals/infra/hyperliquid/market-data/trades.test.ts ^[[2m(^[[22m^[[2m25 tests^[[22m^[[2m)^[[22m^[[32m 19^[[2mms^[[22m^[[39m
validate-code / unit-tests (test:unit)	UNKNOWN STEP	2026-10-09T12:33:44.8003938Z  ^[[32m✓^[[39m src/features/perpetuals/order/components/MarketDataTabs/MarketDataTabs.test.tsx ^[[2m(^[[22m^[[2m22 tests^[[22m^[[2m)^[[22m^[[33m 1774^[[2mms^[[22m^[[39m
validate-code / unit-tests (test:unit)	UNKNOWN STEP	2026-10-09T12:33:47.6781382Z  ^[[32m✓^[[39m src/features/perpetuals/order/hooks/use-order-bot-strategy.test.tsx ^[[2m(^[[22m^[[2m3 tests^[[22m^[[2m)^[[22m^[[32m 219^[[2mms^[[22m^[[39m
validate-code / unit-tests (test:unit)	UNKNOWN STEP	2026-10-09T12:33:48.8544730Z  ^[[32m✓^[[39m electron/services/agentic-cli-service.test.ts ^[[2m(^[[22m^[[2m7 tests^[[22m^[[2m)^[[22m^[[32m 23^[[2mms^[[22m^[[39m
validate-code / unit-tests (test:unit)	UNKNOWN STEP	2026-10-09T12:33:49.9923209Z  ^[[32m✓^[[39m src/features/perpetuals/infra/hyperliquid/market-data/orderBook.test.ts ^[[2m(^[[22m^[[2m22 tests^[[22m^[[2m)^[[22m^[[32m 13^[[2mms^[[22m^[[39m
validate-code / unit-tests (test:unit)	UNKNOWN STEP	2026-10-09T12:33:51.1713474Z  ^[[32m✓^[[39m src/features/perpetuals/queries/live-trading-cache.test.ts ^[[2m(^[[22m^[[2m7 tests^[[22m^[[2m)^[[22m^[[32m 12^[[2mms^[[22m^[[39m
validate-code / unit-tests (test:unit)	UNKNOWN STEP	2026-10-09T12:33:55.7272579Z  ^[[32m✓^[[39m src/features/perpetuals/order/components/OrderPage/OrderPage.streaming.test.tsx ^[[2m(^[[22m^[[2m6 tests^[[22m^[[2m)^[[22m^[[33m 781^[[2mms^[[22m^[[39m
validate-code / unit-tests (test:unit)	UNKNOWN STEP	2026-10-09T12:34:00.0483792Z  ^[[32m✓^[[39m src/features/perpetuals/order/components/OrderForm/OrderFormManualPanel/OrderFormManualPanel.test.tsx ^[[2m(^[[22m^[[2m12 tests^[[22m^[[2m)^[[22m^[[33m 1214^[[2mms^[[22m^[[39m
validate-code / unit-tests (test:unit)	UNKNOWN STEP	2026-10-09T12:34:02.5106952Z  ^[[32m✓^[[39m src/features/perpetuals/queries/cancel-order-mutation.test.tsx ^[[2m(^[[22m^[[2m11 tests^[[22m^[[2m)^[[22m^[[32m 180^[[2mms^[[22m^[[39m
validate-code / unit-tests (test:unit)	UNKNOWN STEP	2026-10-09T12:34:03.6772957Z  ^[[32m✓^[[39m src/features/perpetuals/infra/perps-controller/mappers.test.ts ^[[2m(^[[22m^[[2m17 tests^[[22m^[[2m)^[[22m^[[32m 15^[[2mms^[[22m^[[39m
validate-code / unit-tests (test:unit)	UNKNOWN STEP	2026-10-09T12:34:07.1492118Z  ^[[32m✓^[[39m src/features/perpetuals/order/components/OrderForm/OrderFormAmountField/OrderFormAmountField.test.tsx ^[[2m(^[[22m^[[2m11 tests^[[22m^[[2m)^[[22m^[[33m 668^[[2mms^[[22m^[[39m
validate-code / unit-tests (test:unit)	UNKNOWN STEP	2026-10-09T12:34:08.3042623Z  ^[[32m✓^[[39m electron/strategies/simple-buy-sell.test.ts ^[[2m(^[[22m^[[2m11 tests^[[22m^[[2m)^[[22m^[[32m 15^[[2mms^[[22m^[[39m
validate-code / unit-tests (test:unit)	UNKNOWN STEP	2026-10-09T12:34:12.1554964Z  ^[[32m✓^[[39m src/features/perpetuals/order/components/OrderForm/OrderParametersModals/OrderFormLeverageEditor.test.tsx ^[[2m(^[[22m^[[2m10 tests^[[22m^[[2m)^[[22m^[[33m 1067^[[2mms^[[22m^[[39m
validate-code / unit-tests (test:unit)	UNKNOWN STEP	2026-10-09T12:34:16.6943842Z  ^[[32m✓^[[39m src/features/perpetuals/order/components/OrderForm/OrderParametersModals/OrderFormLimitPriceEditor.test.tsx ^[[2m(^[[22m^[[2m11 tests^[[22m^[[2m)^[[22m^[[33m 1593^[[2mms^[[22m^[[39m
validate-code / unit-tests (test:unit)	UNKNOWN STEP	2026-10-09T12:34:16.6951013Z    ^[[33m^[[2m✓^[[22m^[[39m OrderFormLimitPriceEditor^[[2m > ^[[22mapplies selected percentage to the mid price ^[[33m 475^[[2mms^[[22m^[[39m
validate-code / unit-tests (test:unit)	UNKNOWN STEP	2026-10-09T12:34:19.0498951Z  ^[[32m✓^[[39m src/features/perpetuals/queries/live-prices-query.test.tsx ^[[2m(^[[22m^[[2m11 tests^[[22m^[[2m)^[[22m^[[32m 133^[[2mms^[[22m^[[39m
validate-code / unit-tests (test:unit)	UNKNOWN STEP	2026-10-09T12:34:20.2233519Z  ^[[32m✓^[[39m src/features/perpetuals/infra/PerpsProviderRegistry.test.ts ^[[2m(^[[22m^[[2m17 tests^[[22m^[[2m)^[[22m^[[32m 18^[[2mms^[[22m^[[39m
validate-code / unit-tests (test:unit)	UNKNOWN STEP	2026-10-09T12:34:24.4244846Z  ^[[32m✓^[[39m src/features/tokens/components/TokenDetailView/TokenDetailView.test.tsx ^[[2m(^[[22m^[[2m8 tests^[[22m^[[2m)^[[22m^[[33m 988^[[2mms^[[22m^[[39m
validate-code / unit-tests (test:unit)	UNKNOWN STEP	2026-10-09T12:34:27.8561661Z  ^[[32m✓^[[39m src/features/perpetuals/order/components/UserPositions/OtherPositions.test.tsx ^[[2m(^[[22m^[[2m11 tests^[[22m^[[2m)^[[22m^[[33m 584^[[2mms^[[22m^[[39m
validate-code / unit-tests (test:unit)	UNKNOWN STEP	2026-10-09T12:34:29.0014209Z  ^[[32m✓^[[39m src/features/bots/utils/simple-buy-sell-defaults.test.ts ^[[2m(^[[22m^[[2m10 tests^[[22m^[[2m)^[[22m^[[32m 12^[[2mms^[[22m^[[39m
validate-code / unit-tests (test:unit)	UNKNOWN STEP	2026-10-09T12:34:32.4557122Z  ^[[32m✓^[[39m src/features/perpetuals/order/components/OrderBook/stacked/OrderBookLevelsStacked.test.tsx ^[[2m(^[[22m^[[2m12 tests^[[22m^[[2m)^[[22m^[[33m 903^[[2mms^[[22m^[[39m
validate-code / unit-tests (test:unit)	UNKNOWN STEP	2026-10-09T12:34:35.0019871Z  ^[[32m✓^[[39m src/features/perpetuals/infra/perps-controller/ControllerPerpsProvider.agent-refusal.test.ts ^[[2m(^[[22m^[[2m3 tests^[[22m^[[2m)^[[22m^[[33m 944^[[2mms^[[22m^[[39m
validate-code / unit-tests (test:unit)	UNKNOWN STEP	2026-10-09T12:34:38.3342077Z  ^[[32m✓^[[39m src/features/perpetuals/order/components/OrderBook/OrderBookRow.test.tsx ^[[2m(^[[22m^[[2m16 tests^[[22m^[[2m)^[[22m^[[33m 784^[[2mms^[[22m^[[39m
validate-code / unit-tests (test:unit)	UNKNOWN STEP	2026-10-09T12:34:42.4862175Z  ^[[32m✓^[[39m src/features/perpetuals/order/components/OrderForm/OrderParametersModals/OrderFormAutoCloseEditor.test.tsx ^[[2m(^[[22m^[[2m7 tests^[[22m^[[2m)^[[22m^[[33m 1307^[[2mms^[[22m^[[39m
validate-code / unit-tests (test:unit)	UNKNOWN STEP	2026-10-09T12:34:42.4866398Z    ^[[33m^[[2m✓^[[22m^[[39m OrderFormAutoCloseEditor^[[2m > ^[[22mapplies quick percentage buttons based on the live market price ^[[33m 405^[[2mms^[[22m^[[39m
validate-code / unit-tests (test:unit)	UNKNOWN STEP	2026-10-09T12:34:43.6923766Z  ^[[32m✓^[[39m electron/services/mm-perps-executor.test.ts ^[[2m(^[[22m^[[2m7 tests^[[22m^[[2m)^[[22m^[[32m 67^[[2mms^[[22m^[[39m
validate-code / unit-tests (test:unit)	UNKNOWN STEP	2026-10-09T12:34:44.9985884Z  ^[[32m✓^[[39m src/features/perpetuals/order/components/OrderBook/useOrderBookLayout.test.ts ^[[2m(^[[22m^[[2m14 tests^[[22m^[[2m)^[[22m^[[32m 70^[[2mms^[[22m^[[39m
validate-code / unit-tests (test:unit)	UNKNOWN STEP	2026-10-09T12:34:48.2569450Z  ^[[32m✓^[[39m src/features/portfolio/components/PortfolioBreakdown/PortfolioBreakdown.test.tsx ^[[2m(^[[22m^[[2m6 tests^[[22m^[[2m)^[[22m^[[33m 406^[[2mms^[[22m^[[39m
validate-code / unit-tests (test:unit)	UNKNOWN STEP	2026-10-09T12:34:55.2178620Z  ^[[32m✓^[[39m src/features/perpetuals/components/MarketsDrawer/MarketsDrawer.test.tsx ^[[2m(^[[22m^[[2m9 tests^[[22m^[[2m)^[[22m^[[33m 4180^[[2mms^[[22m^[[39m
validate-code / unit-tests (test:unit)	UNKNOWN STEP	2026-10-09T12:34:55.2181160Z    ^[[33m^[[2m✓^[[22m^[[39m MarketsDrawer^[[2m > ^[[22mopens with search focused, tabs, sort options and markets by volume ^[[33m 567^[[2mms^[[22m^[[39m
validate-code / unit-tests (test:unit)	UNKNOWN STEP	2026-10-09T12:34:55.2194181Z    ^[[33m^[[2m✓^[[22m^[[39m MarketsDrawer^[[2m > ^[[22mfilters by search and sorts by top movers ^[[33m 558^[[2mms^[[22m^[[39m
validate-code / unit-tests (test:unit)	UNKNOWN STEP	2026-10-09T12:34:55.2196632Z    ^[[33m^[[2m✓^[[22m^[[39m MarketsDrawer^[[2m > ^[[22mshows losers only on the Losers tab ^[[33m 343^[[2mms^[[22m^[[39m
validate-code / unit-tests (test:unit)	UNKNOWN STEP	2026-10-09T12:34:55.2198644Z    ^[[33m^[[2m✓^[[22m^[[39m MarketsDrawer^[[2m > ^[[22mkeeps starred markets in a persisted watchlist ^[[33m 929^[[2mms^[[22m^[[39m
validate-code / unit-tests (test:unit)	UNKNOWN STEP	2026-10-09T12:34:55.2200729Z    ^[[33m^[[2m✓^[[22m^[[39m MarketsDrawer^[[2m > ^[[22mswitches market client-side and closes on select ^[[33m 328^[[2mms^[[22m^[[39m
validate-code / unit-tests (test:unit)	UNKNOWN STEP	2026-10-09T12:34:55.2202861Z    ^[[33m^[[2m✓^[[22m^[[39m MarketsDrawer^[[2m > ^[[22mcloses from the close button and with Escape ^[[33m 490^[[2mms^[[22m^[[39m
validate-code / unit-tests (test:unit)	UNKNOWN STEP	2026-10-09T12:34:55.2204471Z    ^[[33m^[[2m✓^[[22m^[[39m MarketsDrawer^[[2m > ^[[22mhas no accessibility violations ^[[33m 595^[[2mms^[[22m^[[39m
validate-code / unit-tests (test:unit)	UNKNOWN STEP	2026-10-09T12:34:57.8917950Z ^[[90mstderr^[[2m | src/features/perpetuals/infra/perps-controller/controller-host.console.test.ts^[[2m > ^[[22m^[[2mPerpsControllerHost with the real controller^[[2m > ^[[22m^[[2mplaces an order without the controller logging an error
validate-code / unit-tests (test:unit)	UNKNOWN STEP	2026-10-09T12:34:57.8920981Z ^[[22m^[[39m[MSW] Warning: intercepted a request without a matching request handler:
validate-code / unit-tests (test:unit)	UNKNOWN STEP	2026-10-09T12:34:57.8921891Z 
validate-code / unit-tests (test:unit)	UNKNOWN STEP	2026-10-09T12:34:57.8922629Z   • GET wss://api.hyperliquid-testnet.xyz/ws
validate-code / unit-tests (test:unit)	UNKNOWN STEP	2026-10-09T12:34:57.8923377Z 
validate-code / unit-tests (test:unit)	UNKNOWN STEP	2026-10-09T12:34:57.8924236Z If you still wish to intercept this unhandled request, please create a request handler for it.
validate-code / unit-tests (test:unit)	UNKNOWN STEP	2026-10-09T12:34:57.8925742Z Read more: https://mswjs.io/docs/http/intercepting-requests
validate-code / unit-tests (test:unit)	UNKNOWN STEP	2026-10-09T12:34:57.8926684Z 
validate-code / unit-tests (test:unit)	UNKNOWN STEP	2026-10-09T12:34:57.9979113Z ^[[90mstderr^[[2m | src/features/perpetuals/infra/perps-controller/controller-host.console.test.ts^[[2m > ^[[22m^[[2mPerpsControllerHost with the real controller^[[2m > ^[[22m^[[2mplaces an order without the controller logging an error
validate-code / unit-tests (test:unit)	UNKNOWN STEP	2026-10-09T12:34:57.9982991Z ^[[22m^[[39m[MSW] Warning: intercepted a request without a matching request handler:
validate-code / unit-tests (test:unit)	UNKNOWN STEP	2026-10-09T12:34:57.9983928Z 
validate-code / unit-tests (test:unit)	UNKNOWN STEP	2026-10-09T12:34:57.9984746Z   • GET https://api.hyperliquid-testnet.xyz/ws
validate-code / unit-tests (test:unit)	UNKNOWN STEP	2026-10-09T12:34:57.9985471Z 
validate-code / unit-tests (test:unit)	UNKNOWN STEP	2026-10-09T12:34:57.9986396Z If you still wish to intercept this unhandled request, please create a request handler for it.
validate-code / unit-tests (test:unit)	UNKNOWN STEP	2026-10-09T12:34:57.9987870Z Read more: https://mswjs.io/docs/http/intercepting-requests
validate-code / unit-tests (test:unit)	UNKNOWN STEP	2026-10-09T12:34:57.9988592Z 
validate-code / unit-tests (test:unit)	UNKNOWN STEP	2026-10-09T12:34:59.2418141Z ^[[90mstderr^[[2m | src/features/perpetuals/infra/perps-controller/controller-host.console.test.ts^[[2m > ^[[22m^[[2mPerpsControllerHost with the real controller^[[2m > ^[[22m^[[2mquotes a fee preview without the controller logging an error
validate-code / unit-tests (test:unit)	UNKNOWN STEP	2026-10-09T12:34:59.2421741Z ^[[22m^[[39m[MSW] Warning: intercepted a request without a matching request handler:
validate-code / unit-tests (test:unit)	UNKNOWN STEP	2026-10-09T12:34:59.2422651Z 
validate-code / unit-tests (test:unit)	UNKNOWN STEP	2026-10-09T12:34:59.2423283Z   • GET wss://api.hyperliquid-testnet.xyz/ws
validate-code / unit-tests (test:unit)	UNKNOWN STEP	2026-10-09T12:34:59.2423905Z 
validate-code / unit-tests (test:unit)	UNKNOWN STEP	2026-10-09T12:34:59.2424775Z If you still wish to intercept this unhandled request, please create a request handler for it.
validate-code / unit-tests (test:unit)	UNKNOWN STEP	2026-10-09T12:34:59.2426206Z Read more: https://mswjs.io/docs/http/intercepting-requests
validate-code / unit-tests (test:unit)	UNKNOWN STEP	2026-10-09T12:34:59.2427011Z 
validate-code / unit-tests (test:unit)	UNKNOWN STEP	2026-10-09T12:34:59.2887651Z ^[[90mstderr^[[2m | src/features/perpetuals/infra/perps-controller/controller-host.console.test.ts^[[2m > ^[[22m^[[2mPerpsControllerHost with the real controller^[[2m > ^[[22m^[[2mquotes a fee preview without the controller logging an error
validate-code / unit-tests (test:unit)	UNKNOWN STEP	2026-10-09T12:34:59.2893940Z ^[[22m^[[39m[MSW] Warning: intercepted a request without a matching request handler:
validate-code / unit-tests (test:unit)	UNKNOWN STEP	2026-10-09T12:34:59.2901093Z 
validate-code / unit-tests (test:unit)	UNKNOWN STEP	2026-10-09T12:34:59.2901796Z   • GET https://api.hyperliquid-testnet.xyz/ws
validate-code / unit-tests (test:unit)	UNKNOWN STEP	2026-10-09T12:34:59.2902560Z 
validate-code / unit-tests (test:unit)	UNKNOWN STEP	2026-10-09T12:34:59.2903607Z If you still wish to intercept this unhandled request, please create a request handler for it.
validate-code / unit-tests (test:unit)	UNKNOWN STEP	2026-10-09T12:34:59.2905004Z Read more: https://mswjs.io/docs/http/intercepting-requests
validate-code / unit-tests (test:unit)	UNKNOWN STEP	2026-10-09T12:34:59.2905760Z 
validate-code / unit-tests (test:unit)	UNKNOWN STEP	2026-10-09T12:35:00.3316955Z ^[[90mstderr^[[2m | src/features/perpetuals/infra/perps-controller/controller-host.console.test.ts^[[2m > ^[[22m^[[2mPerpsControllerHost with the real controller^[[2m > ^[[22m^[[2manswers a venue refusal of the agent as this order's own KEYRING_LOCKED and drops the agent
validate-code / unit-tests (test:unit)	UNKNOWN STEP	2026-10-09T12:35:00.3320864Z ^[[22m^[[39m[MSW] Warning: intercepted a request without a matching request handler:
validate-code / unit-tests (test:unit)	UNKNOWN STEP	2026-10-09T12:35:00.3321939Z 
validate-code / unit-tests (test:unit)	UNKNOWN STEP	2026-10-09T12:35:00.3322634Z   • GET wss://api.hyperliquid-testnet.xyz/ws
validate-code / unit-tests (test:unit)	UNKNOWN STEP	2026-10-09T12:35:00.3323322Z 
validate-code / unit-tests (test:unit)	UNKNOWN STEP	2026-10-09T12:35:00.3324213Z If you still wish to intercept this unhandled request, please create a request handler for it.
validate-code / unit-tests (test:unit)	UNKNOWN STEP	2026-10-09T12:35:00.3325574Z Read more: https://mswjs.io/docs/http/intercepting-requests
validate-code / unit-tests (test:unit)	UNKNOWN STEP	2026-10-09T12:35:00.3326871Z 
validate-code / unit-tests (test:unit)	UNKNOWN STEP	2026-10-09T12:35:00.3706226Z ^[[90mstderr^[[2m | src/features/perpetuals/infra/perps-controller/controller-host.console.test.ts^[[2m > ^[[22m^[[2mPerpsControllerHost with the real controller^[[2m > ^[[22m^[[2manswers a venue refusal of the agent as this order's own KEYRING_LOCKED and drops the agent
validate-code / unit-tests (test:unit)	UNKNOWN STEP	2026-10-09T12:35:00.3713872Z ^[[22m^[[39m[MSW] Warning: intercepted a request without a matching request handler:
validate-code / unit-tests (test:unit)	UNKNOWN STEP	2026-10-09T12:35:00.3715191Z 
validate-code / unit-tests (test:unit)	UNKNOWN STEP	2026-10-09T12:35:00.3716106Z   • GET https://api.hyperliquid-testnet.xyz/ws
validate-code / unit-tests (test:unit)	UNKNOWN STEP	2026-10-09T12:35:00.3718330Z 
validate-code / unit-tests (test:unit)	UNKNOWN STEP	2026-10-09T12:35:00.3719413Z If you still wish to intercept this unhandled request, please create a request handler for it.
validate-code / unit-tests (test:unit)	UNKNOWN STEP	2026-10-09T12:35:00.3737296Z Read more: https://mswjs.io/docs/http/intercepting-requests
validate-code / unit-tests (test:unit)	UNKNOWN STEP	2026-10-09T12:35:00.3738483Z 
validate-code / unit-tests (test:unit)	UNKNOWN STEP	2026-10-09T12:35:01.4889606Z ^[[90mstderr^[[2m | src/features/perpetuals/infra/perps-controller/controller-host.console.test.ts^[[2m > ^[[22m^[[2mPerpsControllerHost with the real controller^[[2m > ^[[22m^[[2mreports a successful mainnet order without a sign-in token quietly
validate-code / unit-tests (test:unit)	UNKNOWN STEP	2026-10-09T12:35:01.4893820Z ^[[22m^[[39m[MSW] Warning: intercepted a request without a matching request handler:
validate-code / unit-tests (test:unit)	UNKNOWN STEP	2026-10-09T12:35:01.4894643Z 
validate-code / unit-tests (test:unit)	UNKNOWN STEP	2026-10-09T12:35:01.4895151Z   • GET wss://api.hyperliquid.xyz/ws
validate-code / unit-tests (test:unit)	UNKNOWN STEP	2026-10-09T12:35:01.4895683Z 
validate-code / unit-tests (test:unit)	UNKNOWN STEP	2026-10-09T12:35:01.4896469Z If you still wish to intercept this unhandled request, please create a request handler for it.
validate-code / unit-tests (test:unit)	UNKNOWN STEP	2026-10-09T12:35:01.4897721Z Read more: https://mswjs.io/docs/http/intercepting-requests
validate-code / unit-tests (test:unit)	UNKNOWN STEP	2026-10-09T12:35:01.4898406Z 
validate-code / unit-tests (test:unit)	UNKNOWN STEP	2026-10-09T12:35:01.5223121Z ^[[90mstderr^[[2m | src/features/perpetuals/infra/perps-controller/controller-host.console.test.ts^[[2m > ^[[22m^[[2mPerpsControllerHost with the real controller^[[2m > ^[[22m^[[2mreports a successful mainnet order without a sign-in token quietly
validate-code / unit-tests (test:unit)	UNKNOWN STEP	2026-10-09T12:35:01.5226171Z ^[[22m^[[39m[MSW] Warning: intercepted a request without a matching request handler:
validate-code / unit-tests (test:unit)	UNKNOWN STEP	2026-10-09T12:35:01.5226930Z 
validate-code / unit-tests (test:unit)	UNKNOWN STEP	2026-10-09T12:35:01.5227441Z   • GET https://api.hyperliquid.xyz/ws
validate-code / unit-tests (test:unit)	UNKNOWN STEP	2026-10-09T12:35:01.5227973Z 
validate-code / unit-tests (test:unit)	UNKNOWN STEP	2026-10-09T12:35:01.5228726Z If you still wish to intercept this unhandled request, please create a request handler for it.
validate-code / unit-tests (test:unit)	UNKNOWN STEP	2026-10-09T12:35:01.5229946Z Read more: https://mswjs.io/docs/http/intercepting-requests
validate-code / unit-tests (test:unit)	UNKNOWN STEP	2026-10-09T12:35:01.5234744Z 
validate-code / unit-tests (test:unit)	UNKNOWN STEP	2026-10-09T12:35:03.2352213Z  ^[[32m✓^[[39m src/features/perpetuals/infra/perps-controller/controller-host.console.test.ts ^[[2m(^[[22m^[[2m4 tests^[[22m^[[2m)^[[22m^[[33m 5772^[[2mms^[[22m^[[39m
validate-code / unit-tests (test:unit)	UNKNOWN STEP	2026-10-09T12:35:03.2353574Z    ^[[33m^[[2m✓^[[22m^[[39m PerpsControllerHost with the real controller^[[2m > ^[[22mplaces an order without the controller logging an error ^[[33m 1373^[[2mms^[[22m^[[39m
validate-code / unit-tests (test:unit)	UNKNOWN STEP	2026-10-09T12:35:03.2354876Z    ^[[33m^[[2m✓^[[22m^[[39m PerpsControllerHost with the real controller^[[2m > ^[[22mquotes a fee preview without the controller logging an error ^[[33m 1091^[[2mms^[[22m^[[39m
validate-code / unit-tests (test:unit)	UNKNOWN STEP	2026-10-09T12:35:03.2363378Z    ^[[33m^[[2m✓^[[22m^[[39m PerpsControllerHost with the real controller^[[2m > ^[[22manswers a venue refusal of the agent as this order's own KEYRING_LOCKED and drops the agent ^[[33m 1158^[[2mms^[[22m^[[39m
validate-code / unit-tests (test:unit)	UNKNOWN STEP	2026-10-09T12:35:03.2366037Z    ^[[33m^[[2m✓^[[22m^[[39m PerpsControllerHost with the real controller^[[2m > ^[[22mreports a successful mainnet order without a sign-in token quietly ^[[33m 2145^[[2mms^[[22m^[[39m
validate-code / unit-tests (test:unit)	UNKNOWN STEP	2026-10-09T12:35:04.3569566Z  ^[[32m✓^[[39m src/features/charting/tradingview/providers/HyperliquidTradingDataProvider.test.ts ^[[2m(^[[22m^[[2m6 tests^[[22m^[[2m)^[[22m^[[32m 14^[[2mms^[[22m^[[39m
validate-code / unit-tests (test:unit)	UNKNOWN STEP	2026-10-09T12:35:07.5755958Z  ^[[32m✓^[[39m src/features/ecosystems/components/EcosystemCard/EcosystemCard.test.tsx ^[[2m(^[[22m^[[2m14 tests^[[22m^[[2m)^[[22m^[[33m 659^[[2mms^[[22m^[[39m
validate-code / unit-tests (test:unit)	UNKNOWN STEP	2026-10-09T12:35:10.9579098Z  ^[[32m✓^[[39m src/core/hooks/useCurrency.test.tsx ^[[2m(^[[22m^[[2m15 tests^[[22m^[[2m)^[[22m^[[33m 625^[[2mms^[[22m^[[39m
validate-code / unit-tests (test:unit)	UNKNOWN STEP	2026-10-09T12:35:12.0865822Z  ^[[32m✓^[[39m src/features/perpetuals/domain/OrderBook/helpers/OrderBookLevelHelper.test.ts ^[[2m(^[[22m^[[2m19 tests^[[22m^[[2m)^[[22m^[[32m 11^[[2mms^[[22m^[[39m
validate-code / unit-tests (test:unit)	UNKNOWN STEP	2026-10-09T12:35:13.2632923Z  ^[[32m✓^[[39m src/features/charting/components/TradingViewChart/chart-order-lines.test.ts ^[[2m(^[[22m^[[2m5 tests^[[22m^[[2m)^[[22m^[[32m 13^[[2mms^[[22m^[[39m
validate-code / unit-tests (test:unit)	UNKNOWN STEP	2026-10-09T12:35:16.9386115Z  ^[[32m✓^[[39m src/features/perpetuals/components/PerpetualsTable/PerpetualsTable.test.tsx ^[[2m(^[[22m^[[2m10 tests^[[22m^[[2m)^[[22m^[[33m 1030^[[2mms^[[22m^[[39m
validate-code / unit-tests (test:unit)	UNKNOWN STEP	2026-10-09T12:35:20.2762599Z  ^[[32m✓^[[39m src/features/portfolio/components/PortfolioTotalValue/PortfolioTotalValue.test.tsx ^[[2m(^[[22m^[[2m11 tests^[[22m^[[2m)^[[22m^[[33m 594^[[2mms^[[22m^[[39m
validate-code / unit-tests (test:unit)	UNKNOWN STEP	2026-10-09T12:35:23.6115143Z  ^[[32m✓^[[39m src/features/perpetuals/order/components/OrderForm/OrderFormSubmitButton/OrderFormSubmitButton.test.tsx ^[[2m(^[[22m^[[2m14 tests^[[22m^[[2m)^[[22m^[[33m 675^[[2mms^[[22m^[[39m
validate-code / unit-tests (test:unit)	UNKNOWN STEP	2026-10-09T12:35:26.3322184Z  ^[[32m✓^[[39m src/features/ecosystems/services/ecosystem.service.test.ts ^[[2m(^[[22m^[[2m6 tests^[[22m^[[2m)^[[22m^[[32m 53^[[2mms^[[22m^[[39m
validate-code / unit-tests (test:unit)	UNKNOWN STEP	2026-10-09T12:35:27.6465321Z  ^[[32m✓^[[39m src/features/charting/components/TradingViewChart/useChartOrderLines.test.tsx ^[[2m(^[[22m^[[2m4 tests^[[22m^[[2m)^[[22m^[[32m 36^[[2mms^[[22m^[[39m
validate-code / unit-tests (test:unit)	UNKNOWN STEP	2026-10-09T12:35:31.2539170Z  ^[[32m✓^[[39m src/features/auth/components/AccountMenu.test.tsx ^[[2m(^[[22m^[[2m6 tests^[[22m^[[2m)^[[22m^[[33m 722^[[2mms^[[22m^[[39m
validate-code / unit-tests (test:unit)	UNKNOWN STEP	2026-10-09T12:35:34.1905300Z  ^[[32m✓^[[39m src/features/accounts/AccountSessionProvider.test.tsx ^[[2m(^[[22m^[[2m6 tests^[[22m^[[2m)^[[22m^[[33m 335^[[2mms^[[22m^[[39m
validate-code / unit-tests (test:unit)	UNKNOWN STEP	2026-10-09T12:35:37.8927783Z  ^[[32m✓^[[39m src/components/ui/Menu/Menu.test.tsx ^[[2m(^[[22m^[[2m8 tests^[[22m^[[2m)^[[22m^[[33m 1100^[[2mms^[[22m^[[39m
validate-code / unit-tests (test:unit)	UNKNOWN STEP	2026-10-09T12:35:37.8934507Z    ^[[33m^[[2m✓^[[22m^[[39m Menu^[[2m > ^[[22mrenders menu items ^[[33m 309^[[2mms^[[22m^[[39m
validate-code / unit-tests (test:unit)	UNKNOWN STEP	2026-10-09T12:35:40.7123260Z  ^[[32m✓^[[39m src/features/card/components/CardPage/CardPage.test.tsx ^[[2m(^[[22m^[[2m2 tests^[[22m^[[2m)^[[22m^[[32m 110^[[2mms^[[22m^[[39m
validate-code / unit-tests (test:unit)	UNKNOWN STEP	2026-10-09T12:35:44.0272949Z  ^[[32m✓^[[39m src/features/perpetuals/order/components/OrderForm/OrderParametersModals/ParameterEditor.test.tsx ^[[2m(^[[22m^[[2m12 tests^[[22m^[[2m)^[[22m^[[33m 693^[[2mms^[[22m^[[39m
validate-code / unit-tests (test:unit)	UNKNOWN STEP	2026-10-09T12:35:47.1384175Z  ^[[32m✓^[[39m src/features/explorer/components/TransactionDetailView/TransactionDetailView.test.tsx ^[[2m(^[[22m^[[2m2 tests^[[22m^[[2m)^[[22m^[[33m 438^[[2mms^[[22m^[[39m
validate-code / unit-tests (test:unit)	UNKNOWN STEP	2026-10-09T12:35:47.1388433Z    ^[[33m^[[2m✓^[[22m^[[39m TransactionDetailView^[[2m > ^[[22mrenders overview, gas, transfers, and logs with Terminal table chrome ^[[33m 369^[[2mms^[[22m^[[39m
validate-code / unit-tests (test:unit)	UNKNOWN STEP	2026-10-09T12:35:50.3444533Z  ^[[32m✓^[[39m src/features/perpetuals/order/components/OrderForm/OrderFormWrapper/OrderFormWrapper.test.tsx ^[[2m(^[[22m^[[2m7 tests^[[22m^[[2m)^[[22m^[[33m 330^[[2mms^[[22m^[[39m
validate-code / unit-tests (test:unit)	UNKNOWN STEP	2026-10-09T12:35:51.8498512Z  ^[[32m✓^[[39m src/features/perpetuals/infra/perps-controller/agent-approval.test.ts ^[[2m(^[[22m^[[2m5 tests^[[22m^[[2m)^[[22m^[[32m 94^[[2mms^[[22m^[[39m
validate-code / unit-tests (test:unit)	UNKNOWN STEP	2026-10-09T12:35:56.1904197Z  ^[[32m✓^[[39m src/features/portfolio/components/AccountsPane.test.tsx ^[[2m(^[[22m^[[2m6 tests^[[22m^[[2m)^[[22m^[[33m 1246^[[2mms^[[22m^[[39m
validate-code / unit-tests (test:unit)	UNKNOWN STEP	2026-10-09T12:35:56.1906700Z    ^[[33m^[[2m✓^[[22m^[[39m AccountsPane^[[2m > ^[[22mkeeps a deselected account's sidebar balance ^[[33m 475^[[2mms^[[22m^[[39m
validate-code / unit-tests (test:unit)	UNKNOWN STEP	2026-10-09T12:35:58.4339365Z  ^[[32m✓^[[39m src/features/perpetuals/queries/modify-order-mutation.test.tsx ^[[2m(^[[22m^[[2m4 tests^[[22m^[[2m)^[[22m^[[32m 48^[[2mms^[[22m^[[39m
validate-code / unit-tests (test:unit)	UNKNOWN STEP	2026-10-09T12:35:59.7014772Z  ^[[32m✓^[[39m src/core/hooks/useViewportTier.test.ts ^[[2m(^[[22m^[[2m6 tests^[[22m^[[2m)^[[22m^[[32m 46^[[2mms^[[22m^[[39m
validate-code / unit-tests (test:unit)	UNKNOWN STEP	2026-10-09T12:36:00.8239215Z  ^[[32m✓^[[39m electron/strategies/bollinger-band.test.ts ^[[2m(^[[22m^[[2m5 tests^[[22m^[[2m)^[[22m^[[32m 12^[[2mms^[[22m^[[39m
validate-code / unit-tests (test:unit)	UNKNOWN STEP	2026-10-09T12:36:02.9334159Z  ^[[32m✓^[[39m src/features/perpetuals/infra/perps-controller/account-signer.test.ts ^[[2m(^[[22m^[[2m6 tests^[[22m^[[2m)^[[22m^[[32m 16^[[2mms^[[22m^[[39m
validate-code / unit-tests (test:unit)	UNKNOWN STEP	2026-10-09T12:36:06.3667140Z  ^[[32m✓^[[39m src/components/ui/Skeleton/Skeleton.test.tsx ^[[2m(^[[22m^[[2m19 tests^[[22m^[[2m)^[[22m^[[33m 768^[[2mms^[[22m^[[39m
validate-code / unit-tests (test:unit)	UNKNOWN STEP	2026-10-09T12:36:09.4268577Z  ^[[32m✓^[[39m src/features/perpetuals/order/queries/fee-quote.test.tsx ^[[2m(^[[22m^[[2m6 tests^[[22m^[[2m)^[[22m^[[33m 388^[[2mms^[[22m^[[39m
validate-code / unit-tests (test:unit)	UNKNOWN STEP	2026-10-09T12:36:10.6091584Z  ^[[32m✓^[[39m electron/services/app-updater.test.ts ^[[2m(^[[22m^[[2m6 tests^[[22m^[[2m)^[[22m^[[32m 12^[[2mms^[[22m^[[39m
validate-code / unit-tests (test:unit)	UNKNOWN STEP	2026-10-09T12:36:13.3135098Z ^[[90mstderr^[[2m | src/features/tokens/components/TokenSearchBar/TokenSearchBar.test.tsx^[[2m > ^[[22m^[[2mTokenSearchBar^[[2m > ^[[22m^[[2msubmits the query to the search results page
validate-code / unit-tests (test:unit)	UNKNOWN STEP	2026-10-09T12:36:13.3139208Z ^[[22m^[[39mThe tag <search> is unrecognized in this browser. If you meant to render a React component, start its name with an uppercase letter.
validate-code / unit-tests (test:unit)	UNKNOWN STEP	2026-10-09T12:36:13.3140732Z 
validate-code / unit-tests (test:unit)	UNKNOWN STEP	2026-10-09T12:36:15.5963703Z  ^[[32m✓^[[39m src/features/tokens/components/TokenSearchBar/TokenSearchBar.test.tsx ^[[2m(^[[22m^[[2m6 tests^[[22m^[[2m)^[[22m^[[33m 2262^[[2mms^[[22m^[[39m
validate-code / unit-tests (test:unit)	UNKNOWN STEP	2026-10-09T12:36:15.5972033Z    ^[[33m^[[2m✓^[[22m^[[39m TokenSearchBar^[[2m > ^[[22mshows token results that link to network-specific pages ^[[33m 604^[[2mms^[[22m^[[39m
validate-code / unit-tests (test:unit)	UNKNOWN STEP	2026-10-09T12:36:15.5974289Z    ^[[33m^[[2m✓^[[22m^[[39m TokenSearchBar^[[2m > ^[[22mkeeps one market request alive while a zero-hit search is pending ^[[33m 584^[[2mms^[[22m^[[39m
validate-code / unit-tests (test:unit)	UNKNOWN STEP	2026-10-09T12:36:15.5978931Z    ^[[33m^[[2m✓^[[22m^[[39m TokenSearchBar^[[2m > ^[[22mstill shows markets when the focus prefetch fails ^[[33m 459^[[2mms^[[22m^[[39m
validate-code / unit-tests (test:unit)	UNKNOWN STEP	2026-10-09T12:36:15.5981594Z    ^[[33m^[[2m✓^[[22m^[[39m TokenSearchBar^[[2m > ^[[22mroutes a transaction hash to the transaction details page ^[[33m 338^[[2mms^[[22m^[[39m
validate-code / unit-tests (test:unit)	UNKNOWN STEP	2026-10-09T12:36:18.6942508Z  ^[[32m✓^[[39m src/features/card/components/CardHeroSection/CardHeroSection.test.tsx ^[[2m(^[[22m^[[2m4 tests^[[22m^[[2m)^[[22m^[[33m 382^[[2mms^[[22m^[[39m
validate-code / unit-tests (test:unit)	UNKNOWN STEP	2026-10-09T12:36:21.9247679Z  ^[[32m✓^[[39m src/features/perpetuals/order/components/OrderForm/OrderFormParameters/OrderFormParameters.test.tsx ^[[2m(^[[22m^[[2m4 tests^[[22m^[[2m)^[[22m^[[33m 524^[[2mms^[[22m^[[39m
validate-code / unit-tests (test:unit)	UNKNOWN STEP	2026-10-09T12:36:21.9249036Z    ^[[33m^[[2m✓^[[22m^[[39m OrderFormParameters^[[2m > ^[[22mcalls onOpenParameterModal with the correct parameter keys ^[[33m 337^[[2mms^[[22m^[[39m
validate-code / unit-tests (test:unit)	UNKNOWN STEP	2026-10-09T12:36:24.7535318Z  ^[[32m✓^[[39m src/features/ecosystems/components/EcosystemsNetworkPage/EcosystemsNetworkPage.test.tsx ^[[2m(^[[22m^[[2m2 tests^[[22m^[[2m)^[[22m^[[32m 205^[[2mms^[[22m^[[39m
validate-code / unit-tests (test:unit)	UNKNOWN STEP	2026-10-09T12:36:27.2123126Z ^[[90mstderr^[[2m | src/features/perpetuals/order/components/OrderHeader/OrderHeader.integration.test.tsx^[[2m > ^[[22m^[[2mOrderHeader Integration Tests^[[2m > ^[[22m^[[2muses cached perpetuals data from trade page without refetching
validate-code / unit-tests (test:unit)	UNKNOWN STEP	2026-10-09T12:36:27.2126549Z ^[[22m^[[39mReceived `true` for a non-boolean attribute `unoptimized`.
validate-code / unit-tests (test:unit)	UNKNOWN STEP	2026-10-09T12:36:27.2127295Z 
validate-code / unit-tests (test:unit)	UNKNOWN STEP	2026-10-09T12:36:27.2128373Z If you want to write it to the DOM, pass a string instead: unoptimized="true" or unoptimized=***value.toString()***.
validate-code / unit-tests (test:unit)	UNKNOWN STEP	2026-10-09T12:36:27.2129412Z 
validate-code / unit-tests (test:unit)	UNKNOWN STEP	2026-10-09T12:36:27.3794941Z  ^[[32m✓^[[39m src/features/perpetuals/order/components/OrderHeader/OrderHeader.integration.test.tsx ^[[2m(^[[22m^[[2m3 tests^[[22m^[[2m)^[[22m^[[32m 115^[[2mms^[[22m^[[39m
validate-code / unit-tests (test:unit)	UNKNOWN STEP	2026-10-09T12:36:30.2093624Z  ^[[32m✓^[[39m src/features/perpetuals/order/components/UserPositions/UserPositionsWrapper.test.tsx ^[[2m(^[[22m^[[2m3 tests^[[22m^[[2m)^[[22m^[[32m 158^[[2mms^[[22m^[[39m
validate-code / unit-tests (test:unit)	UNKNOWN STEP	2026-10-09T12:36:32.9765406Z  ^[[32m✓^[[39m src/features/card/components/HubspotForm/HubspotWaitlistModal.test.tsx ^[[2m(^[[22m^[[2m3 tests^[[22m^[[2m)^[[22m^[[33m 322^[[2mms^[[22m^[[39m
validate-code / unit-tests (test:unit)	UNKNOWN STEP	2026-10-09T12:36:34.1261149Z  ^[[32m✓^[[39m src/features/perpetuals/domain/OrderBook/helpers/OrderBookSpreadHelper.test.ts ^[[2m(^[[22m^[[2m14 tests^[[22m^[[2m)^[[22m^[[32m 13^[[2mms^[[22m^[[39m
validate-code / unit-tests (test:unit)	UNKNOWN STEP	2026-10-09T12:36:35.2261767Z  ^[[32m✓^[[39m src/features/bots/utils/bot-chart.test.ts ^[[2m(^[[22m^[[2m5 tests^[[22m^[[2m)^[[22m^[[32m 11^[[2mms^[[22m^[[39m
validate-code / unit-tests (test:unit)	UNKNOWN STEP	2026-10-09T12:36:38.1503332Z ^[[90mstderr^[[2m | src/features/perpetuals/order/components/OrderHeader/OrderHeader.test.tsx^[[2m > ^[[22m^[[2mOrderHeader^[[2m > ^[[22m^[[2mrenders the header stats when data is available
validate-code / unit-tests (test:unit)	UNKNOWN STEP	2026-10-09T12:36:38.1521695Z ^[[22m^[[39mReceived `true` for a non-boolean attribute `unoptimized`.
validate-code / unit-tests (test:unit)	UNKNOWN STEP	2026-10-09T12:36:38.1534911Z 
validate-code / unit-tests (test:unit)	UNKNOWN STEP	2026-10-09T12:36:38.1536142Z If you want to write it to the DOM, pass a string instead: unoptimized="true" or unoptimized=***value.toString()***.
validate-code / unit-tests (test:unit)	UNKNOWN STEP	2026-10-09T12:36:38.1537317Z 
validate-code / unit-tests (test:unit)	UNKNOWN STEP	2026-10-09T12:36:38.4622733Z  ^[[32m✓^[[39m src/features/perpetuals/order/components/OrderHeader/OrderHeader.test.tsx ^[[2m(^[[22m^[[2m5 tests^[[22m^[[2m)^[[22m^[[33m 364^[[2mms^[[22m^[[39m
validate-code / unit-tests (test:unit)	UNKNOWN STEP	2026-10-09T12:36:39.7223185Z  ^[[32m✓^[[39m src/features/perpetuals/order/components/OrderBook/useHasConnected.test.ts ^[[2m(^[[22m^[[2m8 tests^[[22m^[[2m)^[[22m^[[32m 34^[[2mms^[[22m^[[39m
validate-code / unit-tests (test:unit)	UNKNOWN STEP	2026-10-09T12:36:42.7112636Z  ^[[32m✓^[[39m src/features/perpetuals/order/components/Trades/Trades.test.tsx ^[[2m(^[[22m^[[2m5 tests^[[22m^[[2m)^[[22m^[[33m 306^[[2mms^[[22m^[[39m
validate-code / unit-tests (test:unit)	UNKNOWN STEP	2026-10-09T12:36:43.9049680Z  ^[[32m✓^[[39m src/features/charting/tradingview/MockTradingViewDatafeed.test.ts ^[[2m(^[[22m^[[2m5 tests^[[22m^[[2m)^[[22m^[[32m 14^[[2mms^[[22m^[[39m
validate-code / unit-tests (test:unit)	UNKNOWN STEP	2026-10-09T12:36:50.7814841Z  ^[[32m✓^[[39m src/features/trade/components/TradePage/TradePage.test.tsx ^[[2m(^[[22m^[[2m5 tests^[[22m^[[2m)^[[22m^[[33m 3924^[[2mms^[[22m^[[39m
validate-code / unit-tests (test:unit)	UNKNOWN STEP	2026-10-09T12:36:50.7818862Z    ^[[33m^[[2m✓^[[22m^[[39m TradePage^[[2m > ^[[22mrenders trending perps, discovery, and explore tokens ^[[33m 1118^[[2mms^[[22m^[[39m
validate-code / unit-tests (test:unit)	UNKNOWN STEP	2026-10-09T12:36:50.7821123Z    ^[[33m^[[2m✓^[[22m^[[39m TradePage^[[2m > ^[[22mdeep-links spot tokens to in-app token detail ^[[33m 838^[[2mms^[[22m^[[39m
validate-code / unit-tests (test:unit)	UNKNOWN STEP	2026-10-09T12:36:50.7822898Z    ^[[33m^[[2m✓^[[22m^[[39m TradePage^[[2m > ^[[22mopens a wallet swap deep link from the quick buy icon ^[[33m 722^[[2mms^[[22m^[[39m
validate-code / unit-tests (test:unit)	UNKNOWN STEP	2026-10-09T12:36:50.7824936Z    ^[[33m^[[2m✓^[[22m^[[39m TradePage^[[2m > ^[[22mnavigates trending perpetual cards to the order page ^[[33m 746^[[2mms^[[22m^[[39m
validate-code / unit-tests (test:unit)	UNKNOWN STEP	2026-10-09T12:36:50.7826657Z    ^[[33m^[[2m✓^[[22m^[[39m TradePage^[[2m > ^[[22mshows watched tokens in the first row ^[[33m 495^[[2mms^[[22m^[[39m
validate-code / unit-tests (test:unit)	UNKNOWN STEP	2026-10-09T12:36:53.6386014Z  ^[[32m✓^[[39m src/features/ecosystems/components/FeaturedSitesSection.test.tsx ^[[2m(^[[22m^[[2m2 tests^[[22m^[[2m)^[[22m^[[32m 120^[[2mms^[[22m^[[39m
validate-code / unit-tests (test:unit)	UNKNOWN STEP	2026-10-09T12:36:56.7213050Z  ^[[32m✓^[[39m src/features/explorer/components/BlockDetailView/BlockDetailView.test.tsx ^[[2m(^[[22m^[[2m3 tests^[[22m^[[2m)^[[22m^[[33m 312^[[2mms^[[22m^[[39m
validate-code / unit-tests (test:unit)	UNKNOWN STEP	2026-10-09T12:36:59.8575038Z  ^[[32m✓^[[39m src/features/tokens/components/TokenActivity/TokenActivity.test.tsx ^[[2m(^[[22m^[[2m3 tests^[[22m^[[2m)^[[22m^[[33m 492^[[2mms^[[22m^[[39m
validate-code / unit-tests (test:unit)	UNKNOWN STEP	2026-10-09T12:37:01.1887787Z  ^[[32m✓^[[39m src/features/portfolio/domain/derive-portfolio.test.ts ^[[2m(^[[22m^[[2m2 tests^[[22m^[[2m)^[[22m^[[32m 7^[[2mms^[[22m^[[39m
validate-code / unit-tests (test:unit)	UNKNOWN STEP	2026-10-09T12:37:02.3475159Z  ^[[32m✓^[[39m src/features/charting/components/TradingViewMarketChart/depthChart.test.ts ^[[2m(^[[22m^[[2m7 tests^[[22m^[[2m)^[[22m^[[32m 10^[[2mms^[[22m^[[39m
validate-code / unit-tests (test:unit)	UNKNOWN STEP	2026-10-09T12:37:03.4376803Z  ^[[32m✓^[[39m src/features/perpetuals/domain/Position/helpers/tpslFromOrders.test.ts ^[[2m(^[[22m^[[2m5 tests^[[22m^[[2m)^[[22m^[[32m 8^[[2mms^[[22m^[[39m
validate-code / unit-tests (test:unit)	UNKNOWN STEP	2026-10-09T12:37:04.5442090Z  ^[[32m✓^[[39m src/lib/throttled-callback.test.ts ^[[2m(^[[22m^[[2m10 tests^[[22m^[[2m)^[[22m^[[32m 16^[[2mms^[[22m^[[39m
validate-code / unit-tests (test:unit)	UNKNOWN STEP	2026-10-09T12:37:06.2921881Z  ^[[32m✓^[[39m src/features/perpetuals/infra/perps-controller/trigger-edit.test.ts ^[[2m(^[[22m^[[2m14 tests^[[22m^[[2m)^[[22m^[[32m 9^[[2mms^[[22m^[[39m
validate-code / unit-tests (test:unit)	UNKNOWN STEP	2026-10-09T12:37:09.4528781Z  ^[[32m✓^[[39m src/features/bots/components/TradeHistoryTable/TradeHistoryTable.test.tsx ^[[2m(^[[22m^[[2m5 tests^[[22m^[[2m)^[[22m^[[33m 500^[[2mms^[[22m^[[39m
validate-code / unit-tests (test:unit)	UNKNOWN STEP	2026-10-09T12:37:12.4854421Z  ^[[32m✓^[[39m src/features/card/components/MetalCardSection/MetalCardSection.test.tsx ^[[2m(^[[22m^[[2m3 tests^[[22m^[[2m)^[[22m^[[33m 329^[[2mms^[[22m^[[39m
validate-code / unit-tests (test:unit)	UNKNOWN STEP	2026-10-09T12:37:15.3195932Z  ^[[32m✓^[[39m src/features/ecosystems/components/ExploreSitesSection.test.tsx ^[[2m(^[[22m^[[2m2 tests^[[22m^[[2m)^[[22m^[[32m 115^[[2mms^[[22m^[[39m
validate-code / unit-tests (test:unit)	UNKNOWN STEP	2026-10-09T12:37:18.2950265Z  ^[[32m✓^[[39m src/features/perpetuals/order/components/OrderForm/OrderFormSummary/FeePreview.test.tsx ^[[2m(^[[22m^[[2m7 tests^[[22m^[[2m)^[[22m^[[33m 335^[[2mms^[[22m^[[39m
validate-code / unit-tests (test:unit)	UNKNOWN STEP	2026-10-09T12:37:21.1079576Z  ^[[32m✓^[[39m src/features/card/hooks/useSupportedRegions.test.tsx ^[[2m(^[[22m^[[2m3 tests^[[22m^[[2m)^[[22m^[[32m 131^[[2mms^[[22m^[[39m
validate-code / unit-tests (test:unit)	UNKNOWN STEP	2026-10-09T12:37:23.8887175Z  ^[[32m✓^[[39m src/features/ecosystems/components/EventsSection.test.tsx ^[[2m(^[[22m^[[2m2 tests^[[22m^[[2m)^[[22m^[[32m 114^[[2mms^[[22m^[[39m
validate-code / unit-tests (test:unit)	UNKNOWN STEP	2026-10-09T12:37:26.6452747Z  ^[[32m✓^[[39m src/features/ecosystems/components/PremiumPartnersSection.test.tsx ^[[2m(^[[22m^[[2m2 tests^[[22m^[[2m)^[[22m^[[32m 107^[[2mms^[[22m^[[39m
validate-code / unit-tests (test:unit)	UNKNOWN STEP	2026-10-09T12:37:29.6429979Z ^[[90mstderr^[[2m | src/core/providers/client.ssr.test.tsx^[[2m > ^[[22m^[[2mAppProviders server render^[[2m > ^[[22m^[[2mdoes not carry one request's wallet connection into the next
validate-code / unit-tests (test:unit)	UNKNOWN STEP	2026-10-09T12:37:29.6433691Z ^[[22m^[[39mThe current testing environment is not configured to support act(...)
validate-code / unit-tests (test:unit)	UNKNOWN STEP	2026-10-09T12:37:29.6435016Z The current testing environment is not configured to support act(...)
validate-code / unit-tests (test:unit)	UNKNOWN STEP	2026-10-09T12:37:29.6436244Z The current testing environment is not configured to support act(...)
validate-code / unit-tests (test:unit)	UNKNOWN STEP	2026-10-09T12:37:29.6437514Z The current testing environment is not configured to support act(...)
validate-code / unit-tests (test:unit)	UNKNOWN STEP	2026-10-09T12:37:29.6438815Z The current testing environment is not configured to support act(...)
validate-code / unit-tests (test:unit)	UNKNOWN STEP	2026-10-09T12:37:29.6440101Z The current testing environment is not configured to support act(...)
validate-code / unit-tests (test:unit)	UNKNOWN STEP	2026-10-09T12:37:29.6441791Z The current testing environment is not configured to support act(...)
validate-code / unit-tests (test:unit)	UNKNOWN STEP	2026-10-09T12:37:29.6443072Z The current testing environment is not configured to support act(...)
validate-code / unit-tests (test:unit)	UNKNOWN STEP	2026-10-09T12:37:29.6444355Z The current testing environment is not configured to support act(...)
validate-code / unit-tests (test:unit)	UNKNOWN STEP	2026-10-09T12:37:29.6445582Z The current testing environment is not configured to support act(...)
validate-code / unit-tests (test:unit)	UNKNOWN STEP	2026-10-09T12:37:29.6447115Z The current testing environment is not configured to support act(...)
validate-code / unit-tests (test:unit)	UNKNOWN STEP	2026-10-09T12:37:29.6448410Z The current testing environment is not configured to support act(...)
validate-code / unit-tests (test:unit)	UNKNOWN STEP	2026-10-09T12:37:29.6449176Z 
validate-code / unit-tests (test:unit)	UNKNOWN STEP	2026-10-09T12:37:29.6476124Z ^[[90mstderr^[[2m | src/core/providers/client.ssr.test.tsx^[[2m > ^[[22m^[[2mAppProviders server render^[[2m > ^[[22m^[[2mdoes not carry one request's wallet connection into the next
validate-code / unit-tests (test:unit)	UNKNOWN STEP	2026-10-09T12:37:29.6480084Z ^[[22m^[[39mThe current testing environment is not configured to support act(...)
validate-code / unit-tests (test:unit)	UNKNOWN STEP	2026-10-09T12:37:29.6481274Z 
validate-code / unit-tests (test:unit)	UNKNOWN STEP	2026-10-09T12:37:29.7978502Z  ^[[32m✓^[[39m src/core/providers/client.ssr.test.tsx ^[[2m(^[[22m^[[2m1 test^[[22m^[[2m)^[[22m^[[32m 177^[[2mms^[[22m^[[39m
validate-code / unit-tests (test:unit)	UNKNOWN STEP	2026-10-09T12:37:30.9233766Z  ^[[32m✓^[[39m src/core/services/featureFlag.server.test.ts ^[[2m(^[[22m^[[2m5 tests^[[22m^[[2m)^[[22m^[[32m 24^[[2mms^[[22m^[[39m
validate-code / unit-tests (test:unit)	UNKNOWN STEP	2026-10-09T12:37:32.2086146Z  ^[[32m✓^[[39m electron/services/wallet-signer.test.ts ^[[2m(^[[22m^[[2m5 tests^[[22m^[[2m)^[[22m^[[32m 9^[[2mms^[[22m^[[39m
validate-code / unit-tests (test:unit)	UNKNOWN STEP	2026-10-09T12:37:33.2957404Z  ^[[32m✓^[[39m src/features/perpetuals/domain/Order/order-line.test.ts ^[[2m(^[[22m^[[2m11 tests^[[22m^[[2m)^[[22m^[[32m 9^[[2mms^[[22m^[[39m
validate-code / unit-tests (test:unit)	UNKNOWN STEP	2026-10-09T12:37:36.3968259Z  ^[[32m✓^[[39m src/features/portfolio/components/tabs/TokensTab.hyperliquid.test.tsx ^[[2m(^[[22m^[[2m3 tests^[[22m^[[2m)^[[22m^[[33m 414^[[2mms^[[22m^[[39m
validate-code / unit-tests (test:unit)	UNKNOWN STEP	2026-10-09T12:37:39.6382620Z  ^[[32m✓^[[39m src/components/ui/Popover/Popover.test.tsx ^[[2m(^[[22m^[[2m4 tests^[[22m^[[2m)^[[22m^[[33m 628^[[2mms^[[22m^[[39m
validate-code / unit-tests (test:unit)	UNKNOWN STEP	2026-10-09T12:37:40.7457077Z  ^[[32m✓^[[39m src/features/accounts/other-networks.test.ts ^[[2m(^[[22m^[[2m6 tests^[[22m^[[2m)^[[22m^[[32m 13^[[2mms^[[22m^[[39m
validate-code / unit-tests (test:unit)	UNKNOWN STEP	2026-10-09T12:37:41.9088938Z  ^[[32m✓^[[39m src/features/charting/tradingview/providers/PriceApiTradingDataProvider.test.ts ^[[2m(^[[22m^[[2m2 tests^[[22m^[[2m)^[[22m^[[32m 47^[[2mms^[[22m^[[39m
validate-code / unit-tests (test:unit)	UNKNOWN STEP	2026-10-09T12:37:44.9039583Z  ^[[32m✓^[[39m src/features/perpetuals/order/components/OrderForm/OrderFormTabs/OrderFormTabs.test.tsx ^[[2m(^[[22m^[[2m5 tests^[[22m^[[2m)^[[22m^[[33m 505^[[2mms^[[22m^[[39m
validate-code / unit-tests (test:unit)	UNKNOWN STEP	2026-10-09T12:37:46.2781444Z  ^[[32m✓^[[39m src/core/shortcuts/useTradingShortcuts.test.tsx ^[[2m(^[[22m^[[2m6 tests^[[22m^[[2m)^[[22m^[[32m 51^[[2mms^[[22m^[[39m
validate-code / unit-tests (test:unit)	UNKNOWN STEP	2026-10-09T12:37:48.9736307Z  ^[[32m✓^[[39m src/features/card/components/CardGeoAvailableSection/CardGeoAvailableSection.test.tsx ^[[2m(^[[22m^[[2m2 tests^[[22m^[[2m)^[[22m^[[32m 171^[[2mms^[[22m^[[39m
validate-code / unit-tests (test:unit)	UNKNOWN STEP	2026-10-09T12:37:52.0628766Z  ^[[32m✓^[[39m src/features/perpetuals/order/components/OrderForm/OrderFormDirectionToggle/OrderFormDirectionToggle.test.tsx ^[[2m(^[[22m^[[2m3 tests^[[22m^[[2m)^[[22m^[[33m 325^[[2mms^[[22m^[[39m
validate-code / unit-tests (test:unit)	UNKNOWN STEP	2026-10-09T12:37:53.1702046Z  ^[[32m✓^[[39m src/core/integrations/launchdarkly.server.test.ts ^[[2m(^[[22m^[[2m3 tests^[[22m^[[2m)^[[22m^[[32m 17^[[2mms^[[22m^[[39m
validate-code / unit-tests (test:unit)	UNKNOWN STEP	2026-10-09T12:37:54.2836505Z  ^[[32m✓^[[39m src/features/perpetuals/domain/Order/helpers/OrderBuilder.test.ts ^[[2m(^[[22m^[[2m6 tests^[[22m^[[2m)^[[22m^[[32m 9^[[2mms^[[22m^[[39m
validate-code / unit-tests (test:unit)	UNKNOWN STEP	2026-10-09T12:37:57.3345759Z  ^[[32m✓^[[39m src/components/layout/AppUpdateButton.test.tsx ^[[2m(^[[22m^[[2m4 tests^[[22m^[[2m)^[[22m^[[33m 351^[[2mms^[[22m^[[39m
validate-code / unit-tests (test:unit)	UNKNOWN STEP	2026-10-09T12:38:00.3156996Z  ^[[32m✓^[[39m src/features/ecosystems/components/NetworkSelector/NetworkSelector.test.tsx ^[[2m(^[[22m^[[2m3 tests^[[22m^[[2m)^[[22m^[[32m 254^[[2mms^[[22m^[[39m
validate-code / unit-tests (test:unit)	UNKNOWN STEP	2026-10-09T12:38:01.4633508Z  ^[[32m✓^[[39m src/features/perpetuals/order/utils/fee-notional.test.ts ^[[2m(^[[22m^[[2m7 tests^[[22m^[[2m)^[[22m^[[32m 7^[[2mms^[[22m^[[39m
validate-code / unit-tests (test:unit)	UNKNOWN STEP	2026-10-09T12:38:02.7698837Z  ^[[32m✓^[[39m src/features/accounts/wallet-accounts.test.ts ^[[2m(^[[22m^[[2m6 tests^[[22m^[[2m)^[[22m^[[32m 11^[[2mms^[[22m^[[39m
validate-code / unit-tests (test:unit)	UNKNOWN STEP	2026-10-09T12:38:03.8977343Z  ^[[32m✓^[[39m src/features/perpetuals/order/utils/buildOrderHeaderStats.test.ts ^[[2m(^[[22m^[[2m3 tests^[[22m^[[2m)^[[22m^[[32m 24^[[2mms^[[22m^[[39m
validate-code / unit-tests (test:unit)	UNKNOWN STEP	2026-10-09T12:38:05.0479648Z  ^[[32m✓^[[39m src/features/portfolio/domain/resolve-trade-market.test.ts ^[[2m(^[[22m^[[2m8 tests^[[22m^[[2m)^[[22m^[[32m 8^[[2mms^[[22m^[[39m
validate-code / unit-tests (test:unit)	UNKNOWN STEP	2026-10-09T12:38:08.0072649Z  ^[[32m✓^[[39m src/features/accounts/components/AddAccountModal.test.tsx ^[[2m(^[[22m^[[2m2 tests^[[22m^[[2m)^[[22m^[[33m 413^[[2mms^[[22m^[[39m
validate-code / unit-tests (test:unit)	UNKNOWN STEP	2026-10-09T12:38:08.0076607Z    ^[[33m^[[2m✓^[[22m^[[39m AddAccountModal^[[2m > ^[[22moffers Coinbase and Binance connect actions without writing tokens to localStorage ^[[33m 333^[[2mms^[[22m^[[39m
validate-code / unit-tests (test:unit)	UNKNOWN STEP	2026-10-09T12:38:09.2938473Z  ^[[32m✓^[[39m src/features/accounts/storage.test.ts ^[[2m(^[[22m^[[2m5 tests^[[22m^[[2m)^[[22m^[[32m 9^[[2mms^[[22m^[[39m
validate-code / unit-tests (test:unit)	UNKNOWN STEP	2026-10-09T12:38:10.6877515Z  ^[[32m✓^[[39m src/features/perpetuals/order/queries/order-queries.open-orders.test.tsx ^[[2m(^[[22m^[[2m1 test^[[22m^[[2m)^[[22m^[[32m 82^[[2mms^[[22m^[[39m
validate-code / unit-tests (test:unit)	UNKNOWN STEP	2026-10-09T12:38:11.8052869Z  ^[[32m✓^[[39m electron/services/app-update-state.test.ts ^[[2m(^[[22m^[[2m6 tests^[[22m^[[2m)^[[22m^[[32m 8^[[2mms^[[22m^[[39m
validate-code / unit-tests (test:unit)	UNKNOWN STEP	2026-10-09T12:38:15.5057240Z ^[[90mstderr^[[2m | src/features/portfolio/components/PortfolioDashboard.test.tsx^[[2m > ^[[22m^[[2mPortfolioDashboard^[[2m > ^[[22m^[[2mshows connect empty state and action buttons
validate-code / unit-tests (test:unit)	UNKNOWN STEP	2026-10-09T12:38:15.5079309Z ^[[22m^[[39mA PressResponder was rendered without a pressable child. Either call the usePress hook, or wrap your DOM node with <Pressable> component.
validate-code / unit-tests (test:unit)	UNKNOWN STEP	2026-10-09T12:38:15.5102172Z A PressResponder was rendered without a pressable child. Either call the usePress hook, or wrap your DOM node with <Pressable> component.
validate-code / unit-tests (test:unit)	UNKNOWN STEP	2026-10-09T12:38:15.5120810Z 
validate-code / unit-tests (test:unit)	UNKNOWN STEP	2026-10-09T12:38:15.7658962Z ^[[90mstderr^[[2m | src/features/portfolio/components/PortfolioDashboard.test.tsx^[[2m > ^[[22m^[[2mPortfolioDashboard^[[2m > ^[[22m^[[2mshows a unified total after a watched address is imported
validate-code / unit-tests (test:unit)	UNKNOWN STEP	2026-10-09T12:38:15.7662887Z ^[[22m^[[39mA PressResponder was rendered without a pressable child. Either call the usePress hook, or wrap your DOM node with <Pressable> component.
validate-code / unit-tests (test:unit)	UNKNOWN STEP	2026-10-09T12:38:15.7665221Z A PressResponder was rendered without a pressable child. Either call the usePress hook, or wrap your DOM node with <Pressable> component.
validate-code / unit-tests (test:unit)	UNKNOWN STEP	2026-10-09T12:38:15.7666500Z 
validate-code / unit-tests (test:unit)	UNKNOWN STEP	2026-10-09T12:38:16.4696239Z ^[[90mstderr^[[2m | src/features/portfolio/components/PortfolioDashboard.test.tsx^[[2m > ^[[22m^[[2mPortfolioDashboard^[[2m > ^[[22m^[[2mhides balances when the visibility toggle is pressed
validate-code / unit-tests (test:unit)	UNKNOWN STEP	2026-10-09T12:38:16.4699770Z ^[[22m^[[39mA PressResponder was rendered without a pressable child. Either call the usePress hook, or wrap your DOM node with <Pressable> component.
validate-code / unit-tests (test:unit)	UNKNOWN STEP	2026-10-09T12:38:16.4702533Z A PressResponder was rendered without a pressable child. Either call the usePress hook, or wrap your DOM node with <Pressable> component.
validate-code / unit-tests (test:unit)	UNKNOWN STEP	2026-10-09T12:38:16.4703842Z 
validate-code / unit-tests (test:unit)	UNKNOWN STEP	2026-10-09T12:38:17.3084092Z  ^[[32m✓^[[39m src/features/portfolio/components/PortfolioDashboard.test.tsx ^[[2m(^[[22m^[[2m3 tests^[[22m^[[2m)^[[22m^[[33m 2137^[[2mms^[[22m^[[39m
validate-code / unit-tests (test:unit)	UNKNOWN STEP	2026-10-09T12:38:17.3152176Z    ^[[33m^[[2m✓^[[22m^[[39m PortfolioDashboard^[[2m > ^[[22mshows connect empty state and action buttons ^[[33m 576^[[2mms^[[22m^[[39m
validate-code / unit-tests (test:unit)	UNKNOWN STEP	2026-10-09T12:38:17.3181896Z    ^[[33m^[[2m✓^[[22m^[[39m PortfolioDashboard^[[2m > ^[[22mshows a unified total after a watched address is imported ^[[33m 723^[[2mms^[[22m^[[39m
validate-code / unit-tests (test:unit)	UNKNOWN STEP	2026-10-09T12:38:17.3221787Z    ^[[33m^[[2m✓^[[22m^[[39m PortfolioDashboard^[[2m > ^[[22mhides balances when the visibility toggle is pressed ^[[33m 830^[[2mms^[[22m^[[39m
validate-code / unit-tests (test:unit)	UNKNOWN STEP	2026-10-09T12:38:18.5153894Z  ^[[32m✓^[[39m src/features/perpetuals/domain/select-drawer-markets.test.ts ^[[2m(^[[22m^[[2m6 tests^[[22m^[[2m)^[[22m^[[32m 8^[[2mms^[[22m^[[39m
validate-code / unit-tests (test:unit)	UNKNOWN STEP	2026-10-09T12:38:21.3573788Z  ^[[32m✓^[[39m src/features/ecosystems/components/Hero.test.tsx ^[[2m(^[[22m^[[2m2 tests^[[22m^[[2m)^[[22m^[[32m 128^[[2mms^[[22m^[[39m
validate-code / unit-tests (test:unit)	UNKNOWN STEP	2026-10-09T12:38:22.4995483Z  ^[[32m✓^[[39m src/features/ramps/ramps-client.test.ts ^[[2m(^[[22m^[[2m2 tests^[[22m^[[2m)^[[22m^[[32m 8^[[2mms^[[22m^[[39m
validate-code / unit-tests (test:unit)	UNKNOWN STEP	2026-10-09T12:38:25.5734585Z  ^[[32m✓^[[39m src/features/perpetuals/order/components/OrderForm/AmountToggleButton/AmountToggleButton.test.tsx ^[[2m(^[[22m^[[2m6 tests^[[22m^[[2m)^[[22m^[[33m 399^[[2mms^[[22m^[[39m
validate-code / unit-tests (test:unit)	UNKNOWN STEP	2026-10-09T12:38:28.5172356Z  ^[[32m✓^[[39m src/features/card/hooks/useCardData.test.tsx ^[[2m(^[[22m^[[2m4 tests^[[22m^[[2m)^[[22m^[[32m 285^[[2mms^[[22m^[[39m
validate-code / unit-tests (test:unit)	UNKNOWN STEP	2026-10-09T12:38:29.8813949Z  ^[[32m✓^[[39m src/features/portfolio/domain/derive-hyperliquid-portfolio.test.ts ^[[2m(^[[22m^[[2m2 tests^[[22m^[[2m)^[[22m^[[32m 11^[[2mms^[[22m^[[39m
validate-code / unit-tests (test:unit)	UNKNOWN STEP	2026-10-09T12:38:33.1216176Z  ^[[32m✓^[[39m src/features/send/components/TransferPage.test.tsx ^[[2m(^[[22m^[[2m2 tests^[[22m^[[2m)^[[22m^[[33m 497^[[2mms^[[22m^[[39m
validate-code / unit-tests (test:unit)	UNKNOWN STEP	2026-10-09T12:38:35.9705766Z  ^[[32m✓^[[39m src/features/card/components/HubspotForm/HubSpotScript.test.tsx ^[[2m(^[[22m^[[2m2 tests^[[22m^[[2m)^[[22m^[[32m 184^[[2mms^[[22m^[[39m
validate-code / unit-tests (test:unit)	UNKNOWN STEP	2026-10-09T12:38:37.2177445Z  ^[[32m✓^[[39m src/features/perpetuals/infra/perps-controller/PerpsControllerSession.test.tsx ^[[2m(^[[22m^[[2m4 tests^[[22m^[[2m)^[[22m^[[32m 29^[[2mms^[[22m^[[39m
validate-code / unit-tests (test:unit)	UNKNOWN STEP	2026-10-09T12:38:39.6577675Z ^[[90mstderr^[[2m | src/features/perpetuals/order/components/OrderHeader/OrderHeader.hydration.test.tsx^[[2m > ^[[22m^[[2mOrderHeader hydration^[[2m > ^[[22m^[[2mrenders the prefetched price on the server and hydrates without a mismatch
validate-code / unit-tests (test:unit)	UNKNOWN STEP	2026-10-09T12:38:39.6580943Z ^[[22m^[[39mDetected multiple renderers concurrently rendering the same context provider. This is currently unsupported.
validate-code / unit-tests (test:unit)	UNKNOWN STEP	2026-10-09T12:38:39.6583416Z Detected multiple renderers concurrently rendering the same context provider. This is currently unsupported.
validate-code / unit-tests (test:unit)	UNKNOWN STEP	2026-10-09T12:38:39.6601936Z Detected multiple renderers concurrently rendering the same context provider. This is currently unsupported.
validate-code / unit-tests (test:unit)	UNKNOWN STEP	2026-10-09T12:38:39.6621866Z Detected multiple renderers concurrently rendering the same context provider. This is currently unsupported.
validate-code / unit-tests (test:unit)	UNKNOWN STEP	2026-10-09T12:38:39.6629149Z Detected multiple renderers concurrently rendering the same context provider. This is currently unsupported.
validate-code / unit-tests (test:unit)	UNKNOWN STEP	2026-10-09T12:38:39.6631446Z Detected multiple renderers concurrently rendering the same context provider. This is currently unsupported.
validate-code / unit-tests (test:unit)	UNKNOWN STEP	2026-10-09T12:38:39.6633545Z Detected multiple renderers concurrently rendering the same context provider. This is currently unsupported.
validate-code / unit-tests (test:unit)	UNKNOWN STEP	2026-10-09T12:38:39.6635493Z Detected multiple renderers concurrently rendering the same context provider. This is currently unsupported.
validate-code / unit-tests (test:unit)	UNKNOWN STEP	2026-10-09T12:38:39.6637389Z Detected multiple renderers concurrently rendering the same context provider. This is currently unsupported.
validate-code / unit-tests (test:unit)	UNKNOWN STEP	2026-10-09T12:38:39.6639315Z Detected multiple renderers concurrently rendering the same context provider. This is currently unsupported.
validate-code / unit-tests (test:unit)	UNKNOWN STEP	2026-10-09T12:38:39.6641719Z Detected multiple renderers concurrently rendering the same context provider. This is currently unsupported.
validate-code / unit-tests (test:unit)	UNKNOWN STEP	2026-10-09T12:38:39.6643655Z Detected multiple renderers concurrently rendering the same context provider. This is currently unsupported.
validate-code / unit-tests (test:unit)	UNKNOWN STEP	2026-10-09T12:38:39.6645766Z Detected multiple renderers concurrently rendering the same context provider. This is currently unsupported.
validate-code / unit-tests (test:unit)	UNKNOWN STEP	2026-10-09T12:38:39.6647706Z Detected multiple renderers concurrently rendering the same context provider. This is currently unsupported.
validate-code / unit-tests (test:unit)	UNKNOWN STEP	2026-10-09T12:38:39.6649591Z Detected multiple renderers concurrently rendering the same context provider. This is currently unsupported.
validate-code / unit-tests (test:unit)	UNKNOWN STEP	2026-10-09T12:38:39.6651709Z Detected multiple renderers concurrently rendering the same context provider. This is currently unsupported.
validate-code / unit-tests (test:unit)	UNKNOWN STEP	2026-10-09T12:38:39.6653588Z Detected multiple renderers concurrently rendering the same context provider. This is currently unsupported.
validate-code / unit-tests (test:unit)	UNKNOWN STEP	2026-10-09T12:38:39.6655525Z Detected multiple renderers concurrently rendering the same context provider. This is currently unsupported.
validate-code / unit-tests (test:unit)	UNKNOWN STEP	2026-10-09T12:38:39.6657124Z 
validate-code / unit-tests (test:unit)	UNKNOWN STEP	2026-10-09T12:38:39.6870253Z ^[[90mstderr^[[2m | src/features/perpetuals/order/components/OrderHeader/OrderHeader.hydration.test.tsx^[[2m > ^[[22m^[[2mOrderHeader hydration^[[2m > ^[[22m^[[2mrenders the prefetched price on the server and hydrates without a mismatch
validate-code / unit-tests (test:unit)	UNKNOWN STEP	2026-10-09T12:38:39.6893987Z ^[[22m^[[39mThe current testing environment is not configured to support act(...)
validate-code / unit-tests (test:unit)	UNKNOWN STEP	2026-10-09T12:38:39.6920263Z The current testing environment is not configured to support act(...)
validate-code / unit-tests (test:unit)	UNKNOWN STEP	2026-10-09T12:38:39.6926771Z The current testing environment is not configured to support act(...)
validate-code / unit-tests (test:unit)	UNKNOWN STEP	2026-10-09T12:38:39.6927950Z The current testing environment is not configured to support act(...)
validate-code / unit-tests (test:unit)	UNKNOWN STEP	2026-10-09T12:38:39.6929164Z The current testing environment is not configured to support act(...)
validate-code / unit-tests (test:unit)	UNKNOWN STEP	2026-10-09T12:38:39.6930632Z The current testing environment is not configured to support act(...)
validate-code / unit-tests (test:unit)	UNKNOWN STEP	2026-10-09T12:38:39.6931881Z The current testing environment is not configured to support act(...)
validate-code / unit-tests (test:unit)	UNKNOWN STEP	2026-10-09T12:38:39.6933480Z The current testing environment is not configured to support act(...)
validate-code / unit-tests (test:unit)	UNKNOWN STEP	2026-10-09T12:38:39.6934681Z The current testing environment is not configured to support act(...)
validate-code / unit-tests (test:unit)	UNKNOWN STEP	2026-10-09T12:38:39.6935862Z The current testing environment is not configured to support act(...)
validate-code / unit-tests (test:unit)	UNKNOWN STEP	2026-10-09T12:38:39.6936948Z The current testing environment is not configured to support act(...)
validate-code / unit-tests (test:unit)	UNKNOWN STEP	2026-10-09T12:38:39.6938074Z The current testing environment is not configured to support act(...)
validate-code / unit-tests (test:unit)	UNKNOWN STEP	2026-10-09T12:38:39.6939231Z The current testing environment is not configured to support act(...)
validate-code / unit-tests (test:unit)	UNKNOWN STEP	2026-10-09T12:38:39.6940539Z The current testing environment is not configured to support act(...)
validate-code / unit-tests (test:unit)	UNKNOWN STEP	2026-10-09T12:38:39.6941716Z The current testing environment is not configured to support act(...)
validate-code / unit-tests (test:unit)	UNKNOWN STEP	2026-10-09T12:38:39.6942867Z The current testing environment is not configured to support act(...)
validate-code / unit-tests (test:unit)	UNKNOWN STEP	2026-10-09T12:38:39.6944323Z Detected multiple renderers concurrently rendering the same context provider. This is currently unsupported.
validate-code / unit-tests (test:unit)	UNKNOWN STEP	2026-10-09T12:38:39.6946061Z Detected multiple renderers concurrently rendering the same context provider. This is currently unsupported.
validate-code / unit-tests (test:unit)	UNKNOWN STEP	2026-10-09T12:38:39.6947790Z Detected multiple renderers concurrently rendering the same context provider. This is currently unsupported.
validate-code / unit-tests (test:unit)	UNKNOWN STEP	2026-10-09T12:38:39.6949471Z Detected multiple renderers concurrently rendering the same context provider. This is currently unsupported.
validate-code / unit-tests (test:unit)	UNKNOWN STEP	2026-10-09T12:38:39.6951426Z Detected multiple renderers concurrently rendering the same context provider. This is currently unsupported.
validate-code / unit-tests (test:unit)	UNKNOWN STEP	2026-10-09T12:38:39.6953153Z Detected multiple renderers concurrently rendering the same context provider. This is currently unsupported.
validate-code / unit-tests (test:unit)	UNKNOWN STEP	2026-10-09T12:38:39.6954810Z Detected multiple renderers concurrently rendering the same context provider. This is currently unsupported.
validate-code / unit-tests (test:unit)	UNKNOWN STEP	2026-10-09T12:38:39.6956541Z Detected multiple renderers concurrently rendering the same context provider. This is currently unsupported.
validate-code / unit-tests (test:unit)	UNKNOWN STEP	2026-10-09T12:38:39.6958351Z Detected multiple renderers concurrently rendering the same context provider. This is currently unsupported.
validate-code / unit-tests (test:unit)	UNKNOWN STEP	2026-10-09T12:38:39.6960074Z Detected multiple renderers concurrently rendering the same context provider. This is currently unsupported.
validate-code / unit-tests (test:unit)	UNKNOWN STEP	2026-10-09T12:38:39.6962026Z Detected multiple renderers concurrently rendering the same context provider. This is currently unsupported.
validate-code / unit-tests (test:unit)	UNKNOWN STEP	2026-10-09T12:38:39.6963717Z Detected multiple renderers concurrently rendering the same context provider. This is currently unsupported.
validate-code / unit-tests (test:unit)	UNKNOWN STEP	2026-10-09T12:38:39.6965380Z Detected multiple renderers concurrently rendering the same context provider. This is currently unsupported.
validate-code / unit-tests (test:unit)	UNKNOWN STEP	2026-10-09T12:38:39.6981673Z Detected multiple renderers concurrently rendering the same context provider. This is currently unsupported.
validate-code / unit-tests (test:unit)	UNKNOWN STEP	2026-10-09T12:38:39.6999127Z Detected multiple renderers concurrently rendering the same context provider. This is currently unsupported.
validate-code / unit-tests (test:unit)	UNKNOWN STEP	2026-10-09T12:38:39.7002109Z Detected multiple renderers concurrently rendering the same context provider. This is currently unsupported.
validate-code / unit-tests (test:unit)	UNKNOWN STEP	2026-10-09T12:38:39.7004368Z Detected multiple renderers concurrently rendering the same context provider. This is currently unsupported.
validate-code / unit-tests (test:unit)	UNKNOWN STEP	2026-10-09T12:38:39.7006226Z Detected multiple renderers concurrently rendering the same context provider. This is currently unsupported.
validate-code / unit-tests (test:unit)	UNKNOWN STEP	2026-10-09T12:38:39.7008101Z Detected multiple renderers concurrently rendering the same context provider. This is currently unsupported.
validate-code / unit-tests (test:unit)	UNKNOWN STEP	2026-10-09T12:38:39.7009069Z 
validate-code / unit-tests (test:unit)	UNKNOWN STEP	2026-10-09T12:38:39.7108488Z ^[[90mstderr^[[2m | src/features/perpetuals/order/components/OrderHeader/OrderHeader.hydration.test.tsx^[[2m > ^[[22m^[[2mOrderHeader hydration^[[2m > ^[[22m^[[2mrenders the prefetched price on the server and hydrates without a mismatch
validate-code / unit-tests (test:unit)	UNKNOWN STEP	2026-10-09T12:38:39.7111880Z ^[[22m^[[39mThe current testing environment is not configured to support act(...)
validate-code / unit-tests (test:unit)	UNKNOWN STEP	2026-10-09T12:38:39.7119506Z 
validate-code / unit-tests (test:unit)	UNKNOWN STEP	2026-10-09T12:38:39.8346179Z  ^[[32m✓^[[39m src/features/perpetuals/order/components/OrderHeader/OrderHeader.hydration.test.tsx ^[[2m(^[[22m^[[2m1 test^[[22m^[[2m)^[[22m^[[32m 151^[[2mms^[[22m^[[39m
validate-code / unit-tests (test:unit)	UNKNOWN STEP	2026-10-09T12:38:40.9923177Z  ^[[32m✓^[[39m src/features/perpetuals/order/utils/orderSizing.test.ts ^[[2m(^[[22m^[[2m9 tests^[[22m^[[2m)^[[22m^[[32m 9^[[2mms^[[22m^[[39m
validate-code / unit-tests (test:unit)	UNKNOWN STEP	2026-10-09T12:38:42.0990059Z  ^[[32m✓^[[39m src/features/perpetuals/domain/market-watchlist-storage.test.ts ^[[2m(^[[22m^[[2m5 tests^[[22m^[[2m)^[[22m^[[32m 10^[[2mms^[[22m^[[39m
validate-code / unit-tests (test:unit)	UNKNOWN STEP	2026-10-09T12:38:44.8866477Z  ^[[32m✓^[[39m src/features/perpetuals/order/components/TradeActivityPanel/CloseFeePreview.test.tsx ^[[2m(^[[22m^[[2m2 tests^[[22m^[[2m)^[[22m^[[32m 120^[[2mms^[[22m^[[39m
validate-code / unit-tests (test:unit)	UNKNOWN STEP	2026-10-09T12:38:47.7182068Z  ^[[32m✓^[[39m src/components/layout/ElectronMasterBalance.test.tsx ^[[2m(^[[22m^[[2m3 tests^[[22m^[[2m)^[[22m^[[32m 198^[[2mms^[[22m^[[39m
validate-code / unit-tests (test:unit)	UNKNOWN STEP	2026-10-09T12:38:48.8319120Z  ^[[32m✓^[[39m src/features/card/hooks/useEligibleCountries.test.ts ^[[2m(^[[22m^[[2m2 tests^[[22m^[[2m)^[[22m^[[32m 19^[[2mms^[[22m^[[39m
validate-code / unit-tests (test:unit)	UNKNOWN STEP	2026-10-09T12:38:49.9362167Z  ^[[32m✓^[[39m electron/strategies/ema-crossover.test.ts ^[[2m(^[[22m^[[2m2 tests^[[22m^[[2m)^[[22m^[[32m 9^[[2mms^[[22m^[[39m
validate-code / unit-tests (test:unit)	UNKNOWN STEP	2026-10-09T12:38:51.0298657Z  ^[[32m✓^[[39m src/features/tokens/domain/watchlist-storage.test.ts ^[[2m(^[[22m^[[2m3 tests^[[22m^[[2m)^[[22m^[[32m 9^[[2mms^[[22m^[[39m
validate-code / unit-tests (test:unit)	UNKNOWN STEP	2026-10-09T12:38:53.6075858Z  ^[[32m✓^[[39m src/features/tokens/api/token-holders.test.ts ^[[2m(^[[22m^[[2m3 tests^[[22m^[[2m)^[[22m^[[32m 93^[[2mms^[[22m^[[39m
validate-code / unit-tests (test:unit)	UNKNOWN STEP	2026-10-09T12:38:56.6582026Z  ^[[32m✓^[[39m src/features/perpetuals/order/components/OrderHeaderItem/OrderHeaderItem.test.tsx ^[[2m(^[[22m^[[2m4 tests^[[22m^[[2m)^[[22m^[[32m 275^[[2mms^[[22m^[[39m
validate-code / unit-tests (test:unit)	UNKNOWN STEP	2026-10-09T12:38:57.7692770Z  ^[[32m✓^[[39m src/features/perpetuals/infra/perps-controller/agent-key-store.test.ts ^[[2m(^[[22m^[[2m2 tests^[[22m^[[2m)^[[22m^[[32m 8^[[2mms^[[22m^[[39m
validate-code / unit-tests (test:unit)	UNKNOWN STEP	2026-10-09T12:38:58.8606237Z  ^[[32m✓^[[39m electron/services/hyperliquid-order-intents.test.ts ^[[2m(^[[22m^[[2m2 tests^[[22m^[[2m)^[[22m^[[32m 7^[[2mms^[[22m^[[39m
validate-code / unit-tests (test:unit)	UNKNOWN STEP	2026-10-09T12:39:02.4572715Z  ^[[32m✓^[[39m src/features/portfolio/components/tabs/TokensTab.test.tsx ^[[2m(^[[22m^[[2m2 tests^[[22m^[[2m)^[[22m^[[33m 728^[[2mms^[[22m^[[39m
validate-code / unit-tests (test:unit)	UNKNOWN STEP	2026-10-09T12:39:02.4581877Z    ^[[33m^[[2m✓^[[22m^[[39m TokensTab^[[2m > ^[[22mshows aggregated token rows for a watched account ^[[33m 405^[[2mms^[[22m^[[39m
validate-code / unit-tests (test:unit)	UNKNOWN STEP	2026-10-09T12:39:02.4599084Z    ^[[33m^[[2m✓^[[22m^[[39m TokensTab^[[2m > ^[[22mnavigates to the network token page when a token row is activated ^[[33m 318^[[2mms^[[22m^[[39m
validate-code / unit-tests (test:unit)	UNKNOWN STEP	2026-10-09T12:39:05.1202191Z  ^[[32m✓^[[39m src/features/explorer/api/block-detail.test.ts ^[[2m(^[[22m^[[2m3 tests^[[22m^[[2m)^[[22m^[[32m 86^[[2mms^[[22m^[[39m
validate-code / unit-tests (test:unit)	UNKNOWN STEP	2026-10-09T12:39:07.9225406Z  ^[[32m✓^[[39m src/features/ecosystems/components/MobileDetectionButton/MobileDetectionButton.test.tsx ^[[2m(^[[22m^[[2m2 tests^[[22m^[[2m)^[[22m^[[32m 224^[[2mms^[[22m^[[39m
validate-code / unit-tests (test:unit)	UNKNOWN STEP	2026-10-09T12:39:10.9360687Z  ^[[32m✓^[[39m src/features/perpetuals/order/components/OrderForm/TradingAccountCard.test.tsx ^[[2m(^[[22m^[[2m2 tests^[[22m^[[2m)^[[22m^[[32m 112^[[2mms^[[22m^[[39m
validate-code / unit-tests (test:unit)	UNKNOWN STEP	2026-10-09T12:39:12.0423177Z  ^[[32m✓^[[39m src/core/config/pilot-routes.test.ts ^[[2m(^[[22m^[[2m4 tests^[[22m^[[2m)^[[22m^[[32m 8^[[2mms^[[22m^[[39m
validate-code / unit-tests (test:unit)	UNKNOWN STEP	2026-10-09T12:39:13.1698101Z  ^[[32m✓^[[39m src/features/perpetuals/domain/filter-and-sort-markets.test.ts ^[[2m(^[[22m^[[2m2 tests^[[22m^[[2m)^[[22m^[[32m 8^[[2mms^[[22m^[[39m
validate-code / unit-tests (test:unit)	UNKNOWN STEP	2026-10-09T12:39:14.9228119Z  ^[[32m✓^[[39m src/features/portfolio/queries/use-unified-portfolio.test.ts ^[[2m(^[[22m^[[2m2 tests^[[22m^[[2m)^[[22m^[[32m 7^[[2mms^[[22m^[[39m
validate-code / unit-tests (test:unit)	UNKNOWN STEP	2026-10-09T12:39:17.7088438Z  ^[[32m✓^[[39m src/features/cex/components/CexTransferPanel.test.tsx ^[[2m(^[[22m^[[2m1 test^[[22m^[[2m)^[[22m^[[32m 234^[[2mms^[[22m^[[39m
validate-code / unit-tests (test:unit)	UNKNOWN STEP	2026-10-09T12:39:21.3714653Z  ^[[32m✓^[[39m src/features/portfolio/components/PortfolioFilters.test.tsx ^[[2m(^[[22m^[[2m1 test^[[22m^[[2m)^[[22m^[[33m 681^[[2mms^[[22m^[[39m
validate-code / unit-tests (test:unit)	UNKNOWN STEP	2026-10-09T12:39:21.3721257Z    ^[[33m^[[2m✓^[[22m^[[39m PortfolioFilters^[[2m > ^[[22mopens account and network menus with Portfolio-style labels ^[[33m 676^[[2mms^[[22m^[[39m
validate-code / unit-tests (test:unit)	UNKNOWN STEP	2026-10-09T12:39:24.0406383Z  ^[[32m✓^[[39m src/features/tokens/api/trending-tokens.test.ts ^[[2m(^[[22m^[[2m3 tests^[[22m^[[2m)^[[22m^[[32m 85^[[2mms^[[22m^[[39m
validate-code / unit-tests (test:unit)	UNKNOWN STEP	2026-10-09T12:39:25.1690011Z  ^[[32m✓^[[39m src/features/cex/domain/derive-cex-portfolio.test.ts ^[[2m(^[[22m^[[2m1 test^[[22m^[[2m)^[[22m^[[32m 31^[[2mms^[[22m^[[39m
validate-code / unit-tests (test:unit)	UNKNOWN STEP	2026-10-09T12:39:28.0413300Z  ^[[32m✓^[[39m src/features/perpetuals/order/components/OrderBook/OrderBookSpread.test.tsx ^[[2m(^[[22m^[[2m6 tests^[[22m^[[2m)^[[22m^[[32m 271^[[2mms^[[22m^[[39m
validate-code / unit-tests (test:unit)	UNKNOWN STEP	2026-10-09T12:39:29.1527246Z  ^[[32m✓^[[39m src/features/card/services/card.service.test.ts ^[[2m(^[[22m^[[2m3 tests^[[22m^[[2m)^[[22m^[[32m 10^[[2mms^[[22m^[[39m
validate-code / unit-tests (test:unit)	UNKNOWN STEP	2026-10-09T12:39:31.7229481Z  ^[[32m✓^[[39m src/features/explorer/api/decode-input.test.ts ^[[2m(^[[22m^[[2m3 tests^[[22m^[[2m)^[[22m^[[32m 29^[[2mms^[[22m^[[39m
validate-code / unit-tests (test:unit)	UNKNOWN STEP	2026-10-09T12:39:32.8403610Z  ^[[32m✓^[[39m src/features/perpetuals/order/utils/persist-order-draft.test.ts ^[[2m(^[[22m^[[2m3 tests^[[22m^[[2m)^[[22m^[[32m 9^[[2mms^[[22m^[[39m
validate-code / unit-tests (test:unit)	UNKNOWN STEP	2026-10-09T12:39:35.8934440Z  ^[[32m✓^[[39m src/features/stake/components/StakePage.test.tsx ^[[2m(^[[22m^[[2m1 test^[[22m^[[2m)^[[22m^[[33m 329^[[2mms^[[22m^[[39m
validate-code / unit-tests (test:unit)	UNKNOWN STEP	2026-10-09T12:39:35.8941236Z    ^[[33m^[[2m✓^[[22m^[[39m StakePage^[[2m > ^[[22mopens a review dialog and continues in MetaMask ^[[33m 324^[[2mms^[[22m^[[39m
validate-code / unit-tests (test:unit)	UNKNOWN STEP	2026-10-09T12:39:37.0211376Z  ^[[32m✓^[[39m src/features/tokens/domain/format-token-market.test.ts ^[[2m(^[[22m^[[2m9 tests^[[22m^[[2m)^[[22m^[[32m 21^[[2mms^[[22m^[[39m
validate-code / unit-tests (test:unit)	UNKNOWN STEP	2026-10-09T12:39:38.2157763Z  ^[[32m✓^[[39m src/features/perpetuals/order/hooks/useFundingCountdown.test.ts ^[[2m(^[[22m^[[2m4 tests^[[22m^[[2m)^[[22m^[[32m 31^[[2mms^[[22m^[[39m
validate-code / unit-tests (test:unit)	UNKNOWN STEP	2026-10-09T12:39:40.9822256Z  ^[[32m✓^[[39m src/features/tokens/components/TokenSearchPage/TokenSearchPage.test.tsx ^[[2m(^[[22m^[[2m2 tests^[[22m^[[2m)^[[22m^[[32m 214^[[2mms^[[22m^[[39m
validate-code / unit-tests (test:unit)	UNKNOWN STEP	2026-10-09T12:39:44.0917074Z  ^[[32m✓^[[39m src/features/perpetuals/order/components/OrderForm/OrderParametersModals/OrderFormMarginModeEditor.test.tsx ^[[2m(^[[22m^[[2m2 tests^[[22m^[[2m)^[[22m^[[33m 372^[[2mms^[[22m^[[39m
validate-code / unit-tests (test:unit)	UNKNOWN STEP	2026-10-09T12:39:45.3084578Z  ^[[32m✓^[[39m src/core/cex/session-crypto.test.ts ^[[2m(^[[22m^[[2m2 tests^[[22m^[[2m)^[[22m^[[32m 117^[[2mms^[[22m^[[39m
validate-code / unit-tests (test:unit)	UNKNOWN STEP	2026-10-09T12:39:48.4670222Z  ^[[32m✓^[[39m src/features/portfolio/components/PortfolioActionBar.test.tsx ^[[2m(^[[22m^[[2m2 tests^[[22m^[[2m)^[[22m^[[33m 588^[[2mms^[[22m^[[39m
validate-code / unit-tests (test:unit)	UNKNOWN STEP	2026-10-09T12:39:48.4679439Z    ^[[33m^[[2m✓^[[22m^[[39m PortfolioActionBar^[[2m > ^[[22mopens the wallet deeplink for swap and routes MetaMask buy ^[[33m 406^[[2mms^[[22m^[[39m
validate-code / unit-tests (test:unit)	UNKNOWN STEP	2026-10-09T12:39:51.3061660Z  ^[[32m✓^[[39m src/features/auth/components/login-button.test.tsx ^[[2m(^[[22m^[[2m2 tests^[[22m^[[2m)^[[22m^[[32m 169^[[2mms^[[22m^[[39m
validate-code / unit-tests (test:unit)	UNKNOWN STEP	2026-10-09T12:39:54.0547202Z  ^[[32m✓^[[39m src/features/explorer/api/transaction-detail.test.ts ^[[2m(^[[22m^[[2m3 tests^[[22m^[[2m)^[[22m^[[32m 162^[[2mms^[[22m^[[39m
validate-code / unit-tests (test:unit)	UNKNOWN STEP	2026-10-09T12:39:56.2756774Z ^[[90mstderr^[[2m | src/features/trade/components/TrendingPerpsRow/TrendingPerpsRow.hydration.test.tsx^[[2m > ^[[22m^[[2mTrendingPerpsRow hydration^[[2m > ^[[22m^[[2mserver-renders the prefetched markets and hydrates without a mismatch
validate-code / unit-tests (test:unit)	UNKNOWN STEP	2026-10-09T12:39:56.2760062Z ^[[22m^[[39mDetected multiple renderers concurrently rendering the same context provider. This is currently unsupported.
validate-code / unit-tests (test:unit)	UNKNOWN STEP	2026-10-09T12:39:56.2761540Z 
validate-code / unit-tests (test:unit)	UNKNOWN STEP	2026-10-09T12:39:56.2843527Z ^[[90mstderr^[[2m | src/features/trade/components/TrendingPerpsRow/TrendingPerpsRow.hydration.test.tsx^[[2m > ^[[22m^[[2mTrendingPerpsRow hydration^[[2m > ^[[22m^[[2mserver-renders the prefetched markets and hydrates without a mismatch
validate-code / unit-tests (test:unit)	UNKNOWN STEP	2026-10-09T12:39:56.2847626Z ^[[22m^[[39mDetected multiple renderers concurrently rendering the same context provider. This is currently unsupported.
validate-code / unit-tests (test:unit)	UNKNOWN STEP	2026-10-09T12:39:56.2848916Z 
validate-code / unit-tests (test:unit)	UNKNOWN STEP	2026-10-09T12:39:56.2895756Z ^[[90mstderr^[[2m | src/features/trade/components/TrendingPerpsRow/TrendingPerpsRow.hydration.test.tsx^[[2m > ^[[22m^[[2mTrendingPerpsRow hydration^[[2m > ^[[22m^[[2mserver-renders the prefetched markets and hydrates without a mismatch
validate-code / unit-tests (test:unit)	UNKNOWN STEP	2026-10-09T12:39:56.2907176Z ^[[22m^[[39mThe current testing environment is not configured to support act(...)
validate-code / unit-tests (test:unit)	UNKNOWN STEP	2026-10-09T12:39:56.2908141Z 
validate-code / unit-tests (test:unit)	UNKNOWN STEP	2026-10-09T12:39:56.4053807Z  ^[[32m✓^[[39m src/features/trade/components/TrendingPerpsRow/TrendingPerpsRow.hydration.test.tsx ^[[2m(^[[22m^[[2m1 test^[[22m^[[2m)^[[22m^[[32m 94^[[2mms^[[22m^[[39m
validate-code / unit-tests (test:unit)	UNKNOWN STEP	2026-10-09T12:39:57.6216419Z  ^[[32m✓^[[39m src/features/perpetuals/infra/useActivePerpsProvider.test.ts ^[[2m(^[[22m^[[2m3 tests^[[22m^[[2m)^[[22m^[[32m 25^[[2mms^[[22m^[[39m
validate-code / unit-tests (test:unit)	UNKNOWN STEP	2026-10-09T12:39:58.7056258Z  ^[[32m✓^[[39m src/features/tokens/domain/token-page-query.test.ts ^[[2m(^[[22m^[[2m3 tests^[[22m^[[2m)^[[22m^[[32m 8^[[2mms^[[22m^[[39m
validate-code / unit-tests (test:unit)	UNKNOWN STEP	2026-10-09T12:40:01.9879103Z  ^[[32m✓^[[39m src/app/settings/page.test.tsx ^[[2m(^[[22m^[[2m2 tests^[[22m^[[2m)^[[22m^[[33m 462^[[2mms^[[22m^[[39m
validate-code / unit-tests (test:unit)	UNKNOWN STEP	2026-10-09T12:40:04.8467614Z  ^[[32m✓^[[39m src/features/explorer/components/TxInputData/TxInputData.test.tsx ^[[2m(^[[22m^[[2m1 test^[[22m^[[2m)^[[22m^[[32m 233^[[2mms^[[22m^[[39m
validate-code / unit-tests (test:unit)	UNKNOWN STEP	2026-10-09T12:40:07.5662847Z  ^[[32m✓^[[39m src/features/card/components/CardFeatureCard/CardFeatureCard.test.tsx ^[[2m(^[[22m^[[2m3 tests^[[22m^[[2m)^[[22m^[[32m 207^[[2mms^[[22m^[[39m
validate-code / unit-tests (test:unit)	UNKNOWN STEP	2026-10-09T12:40:08.8038938Z  ^[[32m✓^[[39m src/features/perpetuals/order/components/OrderBook/getDecimalPlaces.test.ts ^[[2m(^[[22m^[[2m8 tests^[[22m^[[2m)^[[22m^[[32m 7^[[2mms^[[22m^[[39m
validate-code / unit-tests (test:unit)	UNKNOWN STEP	2026-10-09T12:40:11.7432378Z  ^[[32m✓^[[39m src/features/bots/components/LiveOpenOrdersTable.test.tsx ^[[2m(^[[22m^[[2m2 tests^[[22m^[[2m)^[[22m^[[32m 271^[[2mms^[[22m^[[39m
validate-code / unit-tests (test:unit)	UNKNOWN STEP	2026-10-09T12:40:14.7116418Z  ^[[32m✓^[[39m src/components/ui/SegmentedControl/SegmentedControl.test.tsx ^[[2m(^[[22m^[[2m2 tests^[[22m^[[2m)^[[22m^[[32m 257^[[2mms^[[22m^[[39m
validate-code / unit-tests (test:unit)	UNKNOWN STEP	2026-10-09T12:40:17.6185500Z  ^[[32m✓^[[39m src/features/tokens/components/TokenHoldersTable/TokenHoldersTable.test.tsx ^[[2m(^[[22m^[[2m1 test^[[22m^[[2m)^[[22m^[[32m 281^[[2mms^[[22m^[[39m
validate-code / unit-tests (test:unit)	UNKNOWN STEP	2026-10-09T12:40:18.7252525Z  ^[[32m✓^[[39m src/app/api/accounts/[...path]/route.test.ts ^[[2m(^[[22m^[[2m1 test^[[22m^[[2m)^[[22m^[[32m 13^[[2mms^[[22m^[[39m
validate-code / unit-tests (test:unit)	UNKNOWN STEP	2026-10-09T12:40:21.4122968Z  ^[[32m✓^[[39m src/features/tokens/api/token-search.test.ts ^[[2m(^[[22m^[[2m3 tests^[[22m^[[2m)^[[22m^[[32m 73^[[2mms^[[22m^[[39m
validate-code / unit-tests (test:unit)	UNKNOWN STEP	2026-10-09T12:40:23.0071132Z  ^[[32m✓^[[39m src/core/clients/accounts-api/AccountsApiClient.test.ts ^[[2m(^[[22m^[[2m4 tests^[[22m^[[2m)^[[22m^[[32m 285^[[2mms^[[22m^[[39m
validate-code / unit-tests (test:unit)	UNKNOWN STEP	2026-10-09T12:40:25.9072143Z  ^[[32m✓^[[39m src/components/ui/InlineOptionTabs/InlineOptionTabs.test.tsx ^[[2m(^[[22m^[[2m2 tests^[[22m^[[2m)^[[22m^[[32m 273^[[2mms^[[22m^[[39m
validate-code / unit-tests (test:unit)	UNKNOWN STEP	2026-10-09T12:40:27.0525714Z  ^[[32m✓^[[39m src/features/tokens/domain/decode-transfer.test.ts ^[[2m(^[[22m^[[2m6 tests^[[22m^[[2m)^[[22m^[[32m 20^[[2mms^[[22m^[[39m
validate-code / unit-tests (test:unit)	UNKNOWN STEP	2026-10-09T12:40:28.1612612Z  ^[[32m✓^[[39m src/features/explorer/api/internal-transactions.test.ts ^[[2m(^[[22m^[[2m2 tests^[[22m^[[2m)^[[22m^[[32m 9^[[2mms^[[22m^[[39m
validate-code / unit-tests (test:unit)	UNKNOWN STEP	2026-10-09T12:40:29.2698661Z  ^[[32m✓^[[39m src/features/perpetuals/order/utils/deriveOrderMetrics.test.ts ^[[2m(^[[22m^[[2m2 tests^[[22m^[[2m)^[[22m^[[32m 7^[[2mms^[[22m^[[39m
validate-code / unit-tests (test:unit)	UNKNOWN STEP	2026-10-09T12:40:30.3829416Z  ^[[32m✓^[[39m src/features/perpetuals/order/utils/calculateLiquidationPrice.test.ts ^[[2m(^[[22m^[[2m4 tests^[[22m^[[2m)^[[22m^[[32m 7^[[2mms^[[22m^[[39m
validate-code / unit-tests (test:unit)	UNKNOWN STEP	2026-10-09T12:40:31.4988828Z  ^[[32m✓^[[39m src/features/explorer/domain/address-routes.test.ts ^[[2m(^[[22m^[[2m4 tests^[[22m^[[2m)^[[22m^[[32m 8^[[2mms^[[22m^[[39m
validate-code / unit-tests (test:unit)	UNKNOWN STEP	2026-10-09T12:40:32.6304164Z  ^[[32m✓^[[39m src/features/portfolio/token-icon.test.ts ^[[2m(^[[22m^[[2m4 tests^[[22m^[[2m)^[[22m^[[32m 7^[[2mms^[[22m^[[39m
validate-code / unit-tests (test:unit)	UNKNOWN STEP	2026-10-09T12:40:33.7337706Z  ^[[32m✓^[[39m src/features/ecosystems/utils/isValidNextImageSrc.test.ts ^[[2m(^[[22m^[[2m5 tests^[[22m^[[2m)^[[22m^[[32m 7^[[2mms^[[22m^[[39m
validate-code / unit-tests (test:unit)	UNKNOWN STEP	2026-10-09T12:40:34.8625172Z  ^[[32m✓^[[39m src/features/tokens/domain/wallet-swap-url.test.ts ^[[2m(^[[22m^[[2m3 tests^[[22m^[[2m)^[[22m^[[32m 8^[[2mms^[[22m^[[39m
validate-code / unit-tests (test:unit)	UNKNOWN STEP	2026-10-09T12:40:38.0642740Z  ^[[32m✓^[[39m src/features/bots/components/RenameBotButton.test.tsx ^[[2m(^[[22m^[[2m1 test^[[22m^[[2m)^[[22m^[[33m 549^[[2mms^[[22m^[[39m
validate-code / unit-tests (test:unit)	UNKNOWN STEP	2026-10-09T12:40:38.0648635Z    ^[[33m^[[2m✓^[[22m^[[39m RenameBotButton^[[2m > ^[[22mrenames a bot with trimmed input ^[[33m 545^[[2mms^[[22m^[[39m
validate-code / unit-tests (test:unit)	UNKNOWN STEP	2026-10-09T12:40:40.9599557Z  ^[[32m✓^[[39m src/features/perpetuals/order/components/OrderForm/OrderFormErrorBoundary/OrderFormErrorBoundary.test.tsx ^[[2m(^[[22m^[[2m2 tests^[[22m^[[2m)^[[22m^[[32m 189^[[2mms^[[22m^[[39m
validate-code / unit-tests (test:unit)	UNKNOWN STEP	2026-10-09T12:40:42.2379351Z  ^[[32m✓^[[39m src/features/tokens/api/explore-snapshot.test.ts ^[[2m(^[[22m^[[2m2 tests^[[22m^[[2m)^[[22m^[[32m 123^[[2mms^[[22m^[[39m
validate-code / unit-tests (test:unit)	UNKNOWN STEP	2026-10-09T12:40:45.0427940Z  ^[[32m✓^[[39m src/features/tokens/components/TokenPriceChart/TokenPriceChart.test.tsx ^[[2m(^[[22m^[[2m2 tests^[[22m^[[2m)^[[22m^[[32m 106^[[2mms^[[22m^[[39m
validate-code / unit-tests (test:unit)	UNKNOWN STEP	2026-10-09T12:40:46.1753216Z  ^[[32m✓^[[39m src/features/explorer/domain/block-routes.test.ts ^[[2m(^[[22m^[[2m3 tests^[[22m^[[2m)^[[22m^[[32m 7^[[2mms^[[22m^[[39m
validate-code / unit-tests (test:unit)	UNKNOWN STEP	2026-10-09T12:40:47.4563137Z  ^[[32m✓^[[39m src/features/tokens/api/token-activity.test.ts ^[[2m(^[[22m^[[2m2 tests^[[22m^[[2m)^[[22m^[[32m 145^[[2mms^[[22m^[[39m
validate-code / unit-tests (test:unit)	UNKNOWN STEP	2026-10-09T12:40:50.5306191Z  ^[[32m✓^[[39m src/components/ui/AvatarAccount/AvatarAccount.test.tsx ^[[2m(^[[22m^[[2m2 tests^[[22m^[[2m)^[[22m^[[32m 229^[[2mms^[[22m^[[39m
validate-code / unit-tests (test:unit)	UNKNOWN STEP	2026-10-09T12:40:51.7555433Z  ^[[32m✓^[[39m src/lib/hyperliquid/account-balances.test.ts ^[[2m(^[[22m^[[2m3 tests^[[22m^[[2m)^[[22m^[[32m 6^[[2mms^[[22m^[[39m
validate-code / unit-tests (test:unit)	UNKNOWN STEP	2026-10-09T12:40:52.8577654Z  ^[[32m✓^[[39m src/features/tokens/domain/token-routes.test.ts ^[[2m(^[[22m^[[2m4 tests^[[22m^[[2m)^[[22m^[[32m 7^[[2mms^[[22m^[[39m
validate-code / unit-tests (test:unit)	UNKNOWN STEP	2026-10-09T12:40:53.9639616Z  ^[[32m✓^[[39m src/features/tokens/domain/token-security.test.ts ^[[2m(^[[22m^[[2m3 tests^[[22m^[[2m)^[[22m^[[32m 7^[[2mms^[[22m^[[39m
validate-code / unit-tests (test:unit)	UNKNOWN STEP	2026-10-09T12:40:55.0748356Z  ^[[32m✓^[[39m src/features/tokens/domain/parse-token-route.test.ts ^[[2m(^[[22m^[[2m3 tests^[[22m^[[2m)^[[22m^[[32m 9^[[2mms^[[22m^[[39m
validate-code / unit-tests (test:unit)	UNKNOWN STEP	2026-10-09T12:40:57.8797235Z  ^[[32m✓^[[39m src/features/tokens/components/WalletSwapLink/WalletSwapLink.test.tsx ^[[2m(^[[22m^[[2m1 test^[[22m^[[2m)^[[22m^[[32m 195^[[2mms^[[22m^[[39m
validate-code / unit-tests (test:unit)	UNKNOWN STEP	2026-10-09T12:40:59.0451209Z  ^[[32m✓^[[39m src/features/perpetuals/utils/deriveChangeMeta.test.ts ^[[2m(^[[22m^[[2m3 tests^[[22m^[[2m)^[[22m^[[32m 25^[[2mms^[[22m^[[39m
validate-code / unit-tests (test:unit)	UNKNOWN STEP	2026-10-09T12:41:01.8715864Z  ^[[32m✓^[[39m src/components/ui/SliderField/SliderField.test.tsx ^[[2m(^[[22m^[[2m1 test^[[22m^[[2m)^[[22m^[[32m 224^[[2mms^[[22m^[[39m
validate-code / unit-tests (test:unit)	UNKNOWN STEP	2026-10-09T12:41:02.9943772Z  ^[[32m✓^[[39m src/features/perpetuals/order/utils/orderFormatters.test.ts ^[[2m(^[[22m^[[2m5 tests^[[22m^[[2m)^[[22m^[[32m 20^[[2mms^[[22m^[[39m
validate-code / unit-tests (test:unit)	UNKNOWN STEP	2026-10-09T12:41:04.1027121Z  ^[[32m✓^[[39m src/features/tokens/domain/search-perpetual-markets.test.ts ^[[2m(^[[22m^[[2m3 tests^[[22m^[[2m)^[[22m^[[32m 7^[[2mms^[[22m^[[39m
validate-code / unit-tests (test:unit)	UNKNOWN STEP	2026-10-09T12:41:05.1925832Z  ^[[32m✓^[[39m src/features/portfolio/hide-balances.test.ts ^[[2m(^[[22m^[[2m2 tests^[[22m^[[2m)^[[22m^[[32m 7^[[2mms^[[22m^[[39m
validate-code / unit-tests (test:unit)	UNKNOWN STEP	2026-10-09T12:41:06.3325167Z  ^[[32m✓^[[39m src/features/explorer/domain/tx-routes.test.ts ^[[2m(^[[22m^[[2m3 tests^[[22m^[[2m)^[[22m^[[32m 24^[[2mms^[[22m^[[39m
validate-code / unit-tests (test:unit)	UNKNOWN STEP	2026-10-09T12:41:07.4453034Z  ^[[32m✓^[[39m src/features/perpetuals/utils/deriveFundingMeta.test.ts ^[[2m(^[[22m^[[2m3 tests^[[22m^[[2m)^[[22m^[[32m 21^[[2mms^[[22m^[[39m
validate-code / unit-tests (test:unit)	UNKNOWN STEP	2026-10-09T12:41:08.5474613Z  ^[[32m✓^[[39m src/lib/open-external-url.test.ts ^[[2m(^[[22m^[[2m2 tests^[[22m^[[2m)^[[22m^[[32m 8^[[2mms^[[22m^[[39m
validate-code / unit-tests (test:unit)	UNKNOWN STEP	2026-10-09T12:41:11.4511423Z  ^[[32m✓^[[39m src/features/perpetuals/order/components/OrderForm/BotStrategyCta/BotStrategyCta.test.tsx ^[[2m(^[[22m^[[2m3 tests^[[22m^[[2m)^[[22m^[[32m 245^[[2mms^[[22m^[[39m
validate-code / unit-tests (test:unit)	UNKNOWN STEP	2026-10-09T12:41:13.3071390Z  ^[[32m✓^[[39m src/features/tokens/api/token-detail.test.ts ^[[2m(^[[22m^[[2m2 tests^[[22m^[[2m)^[[22m^[[32m 110^[[2mms^[[22m^[[39m
validate-code / unit-tests (test:unit)	UNKNOWN STEP	2026-10-09T12:41:14.4148922Z  ^[[32m✓^[[39m src/features/explorer/domain/format-tx.test.ts ^[[2m(^[[22m^[[2m3 tests^[[22m^[[2m)^[[22m^[[32m 20^[[2mms^[[22m^[[39m
validate-code / unit-tests (test:unit)	UNKNOWN STEP	2026-10-09T12:41:17.2587324Z  ^[[32m✓^[[39m src/features/tax/TaxHubPage.test.tsx ^[[2m(^[[22m^[[2m1 test^[[22m^[[2m)^[[22m^[[32m 248^[[2mms^[[22m^[[39m
validate-code / unit-tests (test:unit)	UNKNOWN STEP	2026-10-09T12:41:18.3666395Z  ^[[32m✓^[[39m src/features/tokens/domain/token-description.test.ts ^[[2m(^[[22m^[[2m4 tests^[[22m^[[2m)^[[22m^[[32m 6^[[2mms^[[22m^[[39m
validate-code / unit-tests (test:unit)	UNKNOWN STEP	2026-10-09T12:41:19.4573406Z  ^[[32m✓^[[39m src/features/perpetuals/utils/formatPercentage.test.ts ^[[2m(^[[22m^[[2m5 tests^[[22m^[[2m)^[[22m^[[32m 20^[[2mms^[[22m^[[39m
validate-code / unit-tests (test:unit)	UNKNOWN STEP	2026-10-09T12:41:20.5361187Z  ^[[32m✓^[[39m src/features/tokens/domain/parse-asset-id.test.ts ^[[2m(^[[22m^[[2m3 tests^[[22m^[[2m)^[[22m^[[32m 7^[[2mms^[[22m^[[39m
validate-code / unit-tests (test:unit)	UNKNOWN STEP	2026-10-09T12:41:21.6224943Z  ^[[32m✓^[[39m src/features/ecosystems/utils/formatDateRange.test.ts ^[[2m(^[[22m^[[2m3 tests^[[22m^[[2m)^[[22m^[[32m 6^[[2mms^[[22m^[[39m
validate-code / unit-tests (test:unit)	UNKNOWN STEP	2026-10-09T12:41:22.6960148Z  ^[[32m✓^[[39m src/features/perpetuals/order/components/TradeActivityPanel/close-all-mark-price.test.ts ^[[2m(^[[22m^[[2m5 tests^[[22m^[[2m)^[[22m^[[32m 6^[[2mms^[[22m^[[39m
validate-code / unit-tests (test:unit)	UNKNOWN STEP	2026-10-09T12:41:23.8249177Z  ^[[32m✓^[[39m src/features/tokens/api/token-history.test.ts ^[[2m(^[[22m^[[2m2 tests^[[22m^[[2m)^[[22m^[[32m 47^[[2mms^[[22m^[[39m
validate-code / unit-tests (test:unit)	UNKNOWN STEP	2026-10-09T12:41:24.9344969Z  ^[[32m✓^[[39m src/app/api/cex/origin.test.ts ^[[2m(^[[22m^[[2m2 tests^[[22m^[[2m)^[[22m^[[32m 10^[[2mms^[[22m^[[39m
validate-code / unit-tests (test:unit)	UNKNOWN STEP	2026-10-09T12:41:27.4748580Z  ^[[32m✓^[[39m src/features/send/components/ReceiveAddressQr.test.tsx ^[[2m(^[[22m^[[2m1 test^[[22m^[[2m)^[[22m^[[32m 76^[[2mms^[[22m^[[39m
validate-code / unit-tests (test:unit)	UNKNOWN STEP	2026-10-09T12:41:28.7628073Z  ^[[32m✓^[[39m src/features/tokens/api/watchlist-tokens.test.ts ^[[2m(^[[22m^[[2m2 tests^[[22m^[[2m)^[[22m^[[32m 61^[[2mms^[[22m^[[39m
validate-code / unit-tests (test:unit)	UNKNOWN STEP	2026-10-09T12:41:29.8385542Z  ^[[32m✓^[[39m src/features/perpetuals/utils/toNumber.test.ts ^[[2m(^[[22m^[[2m5 tests^[[22m^[[2m)^[[22m^[[32m 6^[[2mms^[[22m^[[39m
validate-code / unit-tests (test:unit)	UNKNOWN STEP	2026-10-09T12:41:30.9208741Z  ^[[32m✓^[[39m src/features/perpetuals/utils/formatUsd.test.ts ^[[2m(^[[22m^[[2m4 tests^[[22m^[[2m)^[[22m^[[32m 20^[[2mms^[[22m^[[39m
validate-code / unit-tests (test:unit)	UNKNOWN STEP	2026-10-09T12:41:31.9994278Z  ^[[32m✓^[[39m src/features/tokens/domain/explore-movers.test.ts ^[[2m(^[[22m^[[2m1 test^[[22m^[[2m)^[[22m^[[32m 7^[[2mms^[[22m^[[39m
validate-code / unit-tests (test:unit)	UNKNOWN STEP	2026-10-09T12:41:34.8355925Z  ^[[32m✓^[[39m src/features/ramps/components/RampPage.test.tsx ^[[2m(^[[22m^[[2m1 test^[[22m^[[2m)^[[22m^[[32m 215^[[2mms^[[22m^[[39m
validate-code / unit-tests (test:unit)	UNKNOWN STEP	2026-10-09T12:41:36.0081849Z  ^[[32m✓^[[39m src/features/tokens/api/token-insights.test.ts ^[[2m(^[[22m^[[2m1 test^[[22m^[[2m)^[[22m^[[32m 74^[[2mms^[[22m^[[39m
validate-code / unit-tests (test:unit)	UNKNOWN STEP	2026-10-09T12:41:37.1178843Z  ^[[32m✓^[[39m src/features/perpetuals/order/utils/limit-price.test.ts ^[[2m(^[[22m^[[2m2 tests^[[22m^[[2m)^[[22m^[[32m 6^[[2mms^[[22m^[[39m
validate-code / unit-tests (test:unit)	UNKNOWN STEP	2026-10-09T12:41:38.1940606Z  ^[[32m✓^[[39m src/features/ecosystems/utils/isValidNetwork.test.ts ^[[2m(^[[22m^[[2m4 tests^[[22m^[[2m)^[[22m^[[32m 7^[[2mms^[[22m^[[39m
validate-code / unit-tests (test:unit)	UNKNOWN STEP	2026-10-09T12:41:40.0060235Z  ^[[32m✓^[[39m src/core/shortcuts/ShortcutsProvider.test.tsx ^[[2m(^[[22m^[[2m1 test^[[22m^[[2m)^[[22m^[[32m 160^[[2mms^[[22m^[[39m
validate-code / unit-tests (test:unit)	UNKNOWN STEP	2026-10-09T12:41:41.1006756Z  ^[[32m✓^[[39m electron/cex-session-store.test.ts ^[[2m(^[[22m^[[2m2 tests^[[22m^[[2m)^[[22m^[[32m 7^[[2mms^[[22m^[[39m
validate-code / unit-tests (test:unit)	UNKNOWN STEP	2026-10-09T12:41:43.0695652Z  ^[[32m✓^[[39m src/core/config/wagmi-config.test.ts ^[[2m(^[[22m^[[2m1 test^[[22m^[[2m)^[[22m^[[32m 7^[[2mms^[[22m^[[39m
validate-code / unit-tests (test:unit)	UNKNOWN STEP	2026-10-09T12:41:44.1591106Z  ^[[32m✓^[[39m src/features/perpetuals/order/utils/order-direction-param.test.ts ^[[2m(^[[22m^[[2m2 tests^[[22m^[[2m)^[[22m^[[32m 6^[[2mms^[[22m^[[39m
validate-code / unit-tests (test:unit)	UNKNOWN STEP	2026-10-09T12:41:45.8085419Z  ^[[32m✓^[[39m src/features/explorer/domain/explorer-networks.test.ts ^[[2m(^[[22m^[[2m2 tests^[[22m^[[2m)^[[22m^[[32m 7^[[2mms^[[22m^[[39m
validate-code / unit-tests (test:unit)	UNKNOWN STEP	2026-10-09T12:41:47.1048815Z  ^[[32m✓^[[39m src/features/perpetuals/order/queries/order-queries.keys.test.ts ^[[2m(^[[22m^[[2m1 test^[[22m^[[2m)^[[22m^[[32m 8^[[2mms^[[22m^[[39m
validate-code / unit-tests (test:unit)	UNKNOWN STEP	2026-10-09T12:41:48.1845382Z  ^[[32m✓^[[39m src/features/accounts/networks.test.ts ^[[2m(^[[22m^[[2m1 test^[[22m^[[2m)^[[22m^[[32m 7^[[2mms^[[22m^[[39m
validate-code / unit-tests (test:unit)	UNKNOWN STEP	2026-10-09T12:41:49.3415391Z  ^[[32m✓^[[39m src/features/tokens/api/token-security.test.ts ^[[2m(^[[22m^[[2m1 test^[[22m^[[2m)^[[22m^[[32m 90^[[2mms^[[22m^[[39m
validate-code / unit-tests (test:unit)	UNKNOWN STEP	2026-10-09T12:41:50.4239895Z  ^[[32m✓^[[39m src/features/tokens/domain/token-asset-id.test.ts ^[[2m(^[[22m^[[2m1 test^[[22m^[[2m)^[[22m^[[32m 6^[[2mms^[[22m^[[39m
validate-code / unit-tests (test:unit)	UNKNOWN STEP	2026-10-09T12:41:51.5002451Z  ^[[32m✓^[[39m src/features/tokens/domain/network-icon.test.ts ^[[2m(^[[22m^[[2m1 test^[[22m^[[2m)^[[22m^[[32m 6^[[2mms^[[22m^[[39m
validate-code / unit-tests (test:unit)	UNKNOWN STEP	2026-10-09T12:41:52.5796695Z  ^[[32m✓^[[39m src/features/tokens/domain/native-token.test.ts ^[[2m(^[[22m^[[2m1 test^[[22m^[[2m)^[[22m^[[32m 6^[[2mms^[[22m^[[39m
validate-code / unit-tests (test:unit)	UNKNOWN STEP	2026-10-09T12:42:02.1996071Z 
validate-code / unit-tests (test:unit)	UNKNOWN STEP	2026-10-09T12:42:02.1998130Z ^[[31m⎯⎯⎯⎯⎯⎯⎯^[[39m^[[1m^[[41m Failed Tests 2 ^[[49m^[[22m^[[31m⎯⎯⎯⎯⎯⎯⎯^[[39m
validate-code / unit-tests (test:unit)	UNKNOWN STEP	2026-10-09T12:42:02.1999303Z 
validate-code / unit-tests (test:unit)	UNKNOWN STEP	2026-10-09T12:42:02.2001698Z ^[[41m^[[1m FAIL ^[[22m^[[49m src/features/perpetuals/queries/live-orders-query.test.tsx^[[2m > ^[[22museLiveOrders^[[2m > ^[[22mstate reset on disable^[[2m > ^[[22mresets connection state when becoming disabled
validate-code / unit-tests (test:unit)	UNKNOWN STEP	2026-10-09T12:42:02.2019566Z ^[[31m^[[1mAssertionError^[[22m: expected false to be true // Object.is equality
validate-code / unit-tests (test:unit)	UNKNOWN STEP	2026-10-09T12:42:02.2020708Z 
validate-code / unit-tests (test:unit)	UNKNOWN STEP	2026-10-09T12:42:02.2021333Z Ignored nodes: comments, script, style
validate-code / unit-tests (test:unit)	UNKNOWN STEP	2026-10-09T12:42:02.2022334Z ^[[36m<html>^[[31m
validate-code / unit-tests (test:unit)	UNKNOWN STEP	2026-10-09T12:42:02.2023110Z   ^[[36m<head />^[[31m
validate-code / unit-tests (test:unit)	UNKNOWN STEP	2026-10-09T12:42:02.2023900Z   ^[[36m<body>^[[31m
validate-code / unit-tests (test:unit)	UNKNOWN STEP	2026-10-09T12:42:02.2024698Z     ^[[36m<div />^[[31m
validate-code / unit-tests (test:unit)	UNKNOWN STEP	2026-10-09T12:42:02.2025440Z   ^[[36m</body>^[[31m
validate-code / unit-tests (test:unit)	UNKNOWN STEP	2026-10-09T12:42:02.2026174Z ^[[36m</html>^[[31m^[[39m
validate-code / unit-tests (test:unit)	UNKNOWN STEP	2026-10-09T12:42:02.2026637Z 
validate-code / unit-tests (test:unit)	UNKNOWN STEP	2026-10-09T12:42:02.2027116Z ^[[32m- Expected^[[39m
validate-code / unit-tests (test:unit)	UNKNOWN STEP	2026-10-09T12:42:02.2027882Z ^[[31m+ Received^[[39m
validate-code / unit-tests (test:unit)	UNKNOWN STEP	2026-10-09T12:42:02.2028358Z 
validate-code / unit-tests (test:unit)	UNKNOWN STEP	2026-10-09T12:42:02.2028822Z ^[[32m- true^[[39m
validate-code / unit-tests (test:unit)	UNKNOWN STEP	2026-10-09T12:42:02.2029672Z ^[[31m+ false^[[39m
validate-code / unit-tests (test:unit)	UNKNOWN STEP	2026-10-09T12:42:02.2030670Z 
validate-code / unit-tests (test:unit)	UNKNOWN STEP	2026-10-09T12:42:02.2031892Z ^[[36m ^[[2m❯^[[22m src/features/perpetuals/queries/live-orders-query.test.tsx:^[[2m685:44^[[22m^[[39m
validate-code / unit-tests (test:unit)	UNKNOWN STEP	2026-10-09T12:42:02.2161614Z     ^[[90m683| ^[[39m      ^[[90m// Wait for connection^[[39m
validate-code / unit-tests (test:unit)	UNKNOWN STEP	2026-10-09T12:42:02.2192285Z     ^[[90m684| ^[[39m      ^[[35mawait^[[39m ^[[34mwaitFor^[[39m(() ^[[33m=>^[[39m ***
validate-code / unit-tests (test:unit)	UNKNOWN STEP	2026-10-09T12:42:02.2192827Z 
validate-code / unit-tests (test:unit)	UNKNOWN STEP	2026-10-09T12:42:02.2242133Z     ^[[90m685| ^[[39m        ^[[34mexpect^[[39m(result^[[33m.^[[39mcurrent^[[33m.^[[39misConnected)^[[33m.^[[39m^[[34mtoBe^[[39m(^[[35mtrue^[[39m)^[[33m;^[[39m
validate-code / unit-tests (test:unit)	UNKNOWN STEP	2026-10-09T12:42:02.2301463Z     ^[[90m   | ^[[39m                                           ^[[31m^^[[39m
validate-code / unit-tests (test:unit)	UNKNOWN STEP	2026-10-09T12:42:02.2302825Z ^[[2m Test Files ^[[22m ^[[1m^[[31m1 failed^[[39m^[[22m^[[2m | ^[[22m^[[1m^[[32m257 passed^[[39m^[[22m^[[90m (258)^[[39m
validate-code / unit-tests (test:unit)	UNKNOWN STEP	2026-10-09T12:42:02.2311274Z     ^[[90m686| ^[[39m      ***)^[[33m;^[[39m
validate-code / unit-tests (test:unit)	UNKNOWN STEP	2026-10-09T12:42:02.2361314Z     ^[[90m687| ^[[39m
validate-code / unit-tests (test:unit)	UNKNOWN STEP	2026-10-09T12:42:02.2362273Z ^[[2m      Tests ^[[22m ^[[1m^[[31m2 failed^[[39m^[[22m^[[2m | ^[[22m^[[1m^[[32m1834 passed^[[39m^[[22m^[[2m | ^[[22m^[[33m7 skipped^[[39m^[[90m (1843)^[[39m
validate-code / unit-tests (test:unit)	UNKNOWN STEP	2026-10-09T12:42:02.2382194Z ^[[90m ^[[2m❯^[[22m runWithExpensiveErrorDiagnosticsDisabled node_modules/@testing-library/dom/dist/config.js:^[[2m47:12^[[22m^[[39m
validate-code / unit-tests (test:unit)	UNKNOWN STEP	2026-10-09T12:42:02.2383516Z ^[[2m   Start at ^[[22m 12:31:53
validate-code / unit-tests (test:unit)	UNKNOWN STEP	2026-10-09T12:42:02.2401829Z ^[[90m ^[[2m❯^[[22m checkCallback node_modules/@testing-library/dom/dist/wait-for.js:^[[2m124:77^[[22m^[[39m
validate-code / unit-tests (test:unit)	UNKNOWN STEP	2026-10-09T12:42:02.2403789Z ^[[2m   Duration ^[[22m 608.70s^[[2m (transform 5.95s, setup 75.12s, collect 206.00s, tests 95.96s, environment 121.52s, prepare 28.08s)^[[22m
validate-code / unit-tests (test:unit)	UNKNOWN STEP	2026-10-09T12:42:02.2422147Z ^[[90m ^[[2m❯^[[22m Timeout.checkRealTimersCallback node_modules/@testing-library/dom/dist/wait-for.js:^[[2m118:16^[[22m^[[39m
validate-code / unit-tests (test:unit)	UNKNOWN STEP	2026-10-09T12:42:02.2423015Z 
validate-code / unit-tests (test:unit)	UNKNOWN STEP	2026-10-09T12:42:02.2423230Z 
validate-code / unit-tests (test:unit)	UNKNOWN STEP	2026-10-09T12:42:02.2423760Z ^[[31m^[[2m⎯⎯⎯⎯⎯⎯⎯⎯⎯⎯⎯⎯⎯⎯⎯⎯⎯⎯⎯⎯⎯⎯⎯⎯[1/2]⎯^[[22m^[[39m
validate-code / unit-tests (test:unit)	UNKNOWN STEP	2026-10-09T12:42:02.2424153Z 
validate-code / unit-tests (test:unit)	UNKNOWN STEP	2026-10-09T12:42:02.2425844Z ^[[41m^[[1m FAIL ^[[22m^[[49m src/features/perpetuals/queries/live-orders-query.test.tsx^[[2m > ^[[22museLiveOrders^[[2m > ^[[22mstate reset on disable^[[2m > ^[[22mresets error state when becoming disabled
validate-code / unit-tests (test:unit)	UNKNOWN STEP	2026-10-09T12:42:02.2427402Z ^[[31m^[[1mAssertionError^[[22m: expected false to be true // Object.is equality
validate-code / unit-tests (test:unit)	UNKNOWN STEP	2026-10-09T12:42:02.2427761Z 
validate-code / unit-tests (test:unit)	UNKNOWN STEP	2026-10-09T12:42:02.2427950Z Ignored nodes: comments, script, style
validate-code / unit-tests (test:unit)	UNKNOWN STEP	2026-10-09T12:42:02.2428298Z ^[[36m<html>^[[31m
validate-code / unit-tests (test:unit)	UNKNOWN STEP	2026-10-09T12:42:02.2428578Z   ^[[36m<head />^[[31m
validate-code / unit-tests (test:unit)	UNKNOWN STEP	2026-10-09T12:42:02.2428855Z   ^[[36m<body>^[[31m
validate-code / unit-tests (test:unit)	UNKNOWN STEP	2026-10-09T12:42:02.2429124Z     ^[[36m<div />^[[31m
validate-code / unit-tests (test:unit)	UNKNOWN STEP	2026-10-09T12:42:02.2429402Z   ^[[36m</body>^[[31m
validate-code / unit-tests (test:unit)	UNKNOWN STEP	2026-10-09T12:42:02.2429689Z ^[[36m</html>^[[31m^[[39m
validate-code / unit-tests (test:unit)	UNKNOWN STEP	2026-10-09T12:42:02.2429843Z 
validate-code / unit-tests (test:unit)	UNKNOWN STEP	2026-10-09T12:42:02.2429986Z ^[[32m- Expected^[[39m
validate-code / unit-tests (test:unit)	UNKNOWN STEP	2026-10-09T12:42:02.2430277Z ^[[31m+ Received^[[39m
validate-code / unit-tests (test:unit)	UNKNOWN STEP	2026-10-09T12:42:02.2430751Z 
validate-code / unit-tests (test:unit)	UNKNOWN STEP	2026-10-09T12:42:02.2430896Z ^[[32m- true^[[39m
validate-code / unit-tests (test:unit)	UNKNOWN STEP	2026-10-09T12:42:02.2431182Z ^[[31m+ false^[[39m
validate-code / unit-tests (test:unit)	UNKNOWN STEP	2026-10-09T12:42:02.2431323Z 
validate-code / unit-tests (test:unit)	UNKNOWN STEP	2026-10-09T12:42:02.2431824Z ^[[36m ^[[2m❯^[[22m src/features/perpetuals/queries/live-orders-query.test.tsx:^[[2m716:40^[[22m^[[39m
validate-code / unit-tests (test:unit)	UNKNOWN STEP	2026-10-09T12:42:02.2432888Z     ^[[90m714| ^[[39m      ^[[90m// Wait for error state^[[39m
validate-code / unit-tests (test:unit)	UNKNOWN STEP	2026-10-09T12:42:02.2433478Z     ^[[90m715| ^[[39m      ^[[35mawait^[[39m ^[[34mwaitFor^[[39m(() ^[[33m=>^[[39m ***
validate-code / unit-tests (test:unit)	UNKNOWN STEP	2026-10-09T12:42:02.2434319Z     ^[[90m716| ^[[39m        ^[[34mexpect^[[39m(result^[[33m.^[[39mcurrent^[[33m.^[[39misError)^[[33m.^[[39m^[[34mtoBe^[[39m(^[[35mtrue^[[39m)^[[33m;^[[39m
validate-code / unit-tests (test:unit)	UNKNOWN STEP	2026-10-09T12:42:02.2435035Z     ^[[90m   | ^[[39m                                       ^[[31m^^[[39m
validate-code / unit-tests (test:unit)	UNKNOWN STEP	2026-10-09T12:42:02.2435476Z     ^[[90m717| ^[[39m      ***)^[[33m;^[[39m
validate-code / unit-tests (test:unit)	UNKNOWN STEP	2026-10-09T12:42:02.2464127Z     ^[[90m718| ^[[39m
validate-code / unit-tests (test:unit)	UNKNOWN STEP	2026-10-09T12:42:02.2465626Z ^[[90m ^[[2m❯^[[22m runWithExpensiveErrorDiagnosticsDisabled node_modules/@testing-library/dom/dist/config.js:^[[2m47:12^[[22m^[[39m
validate-code / unit-tests (test:unit)	UNKNOWN STEP	2026-10-09T12:42:02.2467467Z ^[[90m ^[[2m❯^[[22m checkCallback node_modules/@testing-library/dom/dist/wait-for.js:^[[2m124:77^[[22m^[[39m
validate-code / unit-tests (test:unit)	UNKNOWN STEP	2026-10-09T12:42:02.2469241Z ^[[90m ^[[2m❯^[[22m Timeout.checkRealTimersCallback node_modules/@testing-library/dom/dist/wait-for.js:^[[2m118:16^[[22m^[[39m
validate-code / unit-tests (test:unit)	UNKNOWN STEP	2026-10-09T12:42:02.2470123Z 
validate-code / unit-tests (test:unit)	UNKNOWN STEP	2026-10-09T12:42:02.2471145Z ^[[31m^[[2m⎯⎯⎯⎯⎯⎯⎯⎯⎯⎯⎯⎯⎯⎯⎯⎯⎯⎯⎯⎯⎯⎯⎯⎯[2/2]⎯^[[22m^[[39m
validate-code / unit-tests (test:unit)	UNKNOWN STEP	2026-10-09T12:42:02.2471564Z 
validate-code / unit-tests (test:unit)	UNKNOWN STEP	2026-10-09T12:42:02.2471575Z 
validate-code / unit-tests (test:unit)	UNKNOWN STEP	2026-10-09T12:42:02.2487519Z ##[error]AssertionError: expected false to be true // Object.is equality
validate-code / unit-tests (test:unit)	UNKNOWN STEP	
validate-code / unit-tests (test:unit)	UNKNOWN STEP	Ignored nodes: comments, script, style
validate-code / unit-tests (test:unit)	UNKNOWN STEP	<html>
validate-code / unit-tests (test:unit)	UNKNOWN STEP	  <head />
validate-code / unit-tests (test:unit)	UNKNOWN STEP	  <body>
validate-code / unit-tests (test:unit)	UNKNOWN STEP	    <div />
validate-code / unit-tests (test:unit)	UNKNOWN STEP	  </body>
validate-code / unit-tests (test:unit)	UNKNOWN STEP	</html>
validate-code / unit-tests (test:unit)	UNKNOWN STEP	
validate-code / unit-tests (test:unit)	UNKNOWN STEP	- Expected
validate-code / unit-tests (test:unit)	UNKNOWN STEP	+ Received
validate-code / unit-tests (test:unit)	UNKNOWN STEP	
validate-code / unit-tests (test:unit)	UNKNOWN STEP	- true
validate-code / unit-tests (test:unit)	UNKNOWN STEP	+ false
validate-code / unit-tests (test:unit)	UNKNOWN STEP	
validate-code / unit-tests (test:unit)	UNKNOWN STEP	 ❯ src/features/perpetuals/queries/live-orders-query.test.tsx:685:44
validate-code / unit-tests (test:unit)	UNKNOWN STEP	 ❯ runWithExpensiveErrorDiagnosticsDisabled node_modules/@testing-library/dom/dist/config.js:47:12
validate-code / unit-tests (test:unit)	UNKNOWN STEP	 ❯ checkCallback node_modules/@testing-library/dom/dist/wait-for.js:124:77
validate-code / unit-tests (test:unit)	UNKNOWN STEP	 ❯ Timeout.checkRealTimersCallback node_modules/@testing-library/dom/dist/wait-for.js:118:16
validate-code / unit-tests (test:unit)	UNKNOWN STEP	
validate-code / unit-tests (test:unit)	UNKNOWN STEP	
validate-code / unit-tests (test:unit)	UNKNOWN STEP	2026-10-09T12:42:02.2492024Z 
validate-code / unit-tests (test:unit)	UNKNOWN STEP	2026-10-09T12:42:02.2504764Z ##[error]AssertionError: expected false to be true // Object.is equality
validate-code / unit-tests (test:unit)	UNKNOWN STEP	
validate-code / unit-tests (test:unit)	UNKNOWN STEP	Ignored nodes: comments, script, style
validate-code / unit-tests (test:unit)	UNKNOWN STEP	<html>
validate-code / unit-tests (test:unit)	UNKNOWN STEP	  <head />
validate-code / unit-tests (test:unit)	UNKNOWN STEP	  <body>
validate-code / unit-tests (test:unit)	UNKNOWN STEP	    <div />
validate-code / unit-tests (test:unit)	UNKNOWN STEP	  </body>
validate-code / unit-tests (test:unit)	UNKNOWN STEP	</html>
validate-code / unit-tests (test:unit)	UNKNOWN STEP	
validate-code / unit-tests (test:unit)	UNKNOWN STEP	- Expected
validate-code / unit-tests (test:unit)	UNKNOWN STEP	+ Received
validate-code / unit-tests (test:unit)	UNKNOWN STEP	
validate-code / unit-tests (test:unit)	UNKNOWN STEP	- true
validate-code / unit-tests (test:unit)	UNKNOWN STEP	+ false
validate-code / unit-tests (test:unit)	UNKNOWN STEP	
validate-code / unit-tests (test:unit)	UNKNOWN STEP	 ❯ src/features/perpetuals/queries/live-orders-query.test.tsx:716:40
validate-code / unit-tests (test:unit)	UNKNOWN STEP	 ❯ runWithExpensiveErrorDiagnosticsDisabled node_modules/@testing-library/dom/dist/config.js:47:12
validate-code / unit-tests (test:unit)	UNKNOWN STEP	 ❯ checkCallback node_modules/@testing-library/dom/dist/wait-for.js:124:77
validate-code / unit-tests (test:unit)	UNKNOWN STEP	 ❯ Timeout.checkRealTimersCallback node_modules/@testing-library/dom/dist/wait-for.js:118:16
validate-code / unit-tests (test:unit)	UNKNOWN STEP	
validate-code / unit-tests (test:unit)	UNKNOWN STEP	
validate-code / unit-tests (test:unit)	UNKNOWN STEP	2026-10-09T12:42:02.4403760Z ##[error]Process completed with exit code 1.
validate-code / unit-tests (test:unit)	UNKNOWN STEP	2026-10-09T12:42:02.4487797Z ##[group]Run dorny/test-reporter@a43b3a5f7366b97d083190328d2c652e1a8b6aa2
validate-code / unit-tests (test:unit)	UNKNOWN STEP	2026-10-09T12:42:02.4488250Z with:
validate-code / unit-tests (test:unit)	UNKNOWN STEP	2026-10-09T12:42:02.4488507Z   name: 📝 Tests report (test unit)
validate-code / unit-tests (test:unit)	UNKNOWN STEP	2026-10-09T12:42:02.4488806Z   path: junit.xml
validate-code / unit-tests (test:unit)	UNKNOWN STEP	2026-10-09T12:42:02.4489051Z   reporter: jest-junit
validate-code / unit-tests (test:unit)	UNKNOWN STEP	2026-10-09T12:42:02.4489315Z   fail-on-empty: false
validate-code / unit-tests (test:unit)	UNKNOWN STEP	2026-10-09T12:42:02.4489588Z   path-replace-backslashes: false
validate-code / unit-tests (test:unit)	UNKNOWN STEP	2026-10-09T12:42:02.4489910Z   list-suites: all
validate-code / unit-tests (test:unit)	UNKNOWN STEP	2026-10-09T12:42:02.4490147Z   list-tests: all
validate-code / unit-tests (test:unit)	UNKNOWN STEP	2026-10-09T12:42:02.4490743Z   max-annotations: 10
validate-code / unit-tests (test:unit)	UNKNOWN STEP	2026-10-09T12:42:02.4491048Z   fail-on-error: true
validate-code / unit-tests (test:unit)	UNKNOWN STEP	2026-10-09T12:42:02.4491300Z   only-summary: false
validate-code / unit-tests (test:unit)	UNKNOWN STEP	2026-10-09T12:42:02.4491553Z   use-actions-summary: true
validate-code / unit-tests (test:unit)	UNKNOWN STEP	2026-10-09T12:42:02.4491825Z   badge-title: tests
validate-code / unit-tests (test:unit)	UNKNOWN STEP	2026-10-09T12:42:02.4492079Z   collapsed: auto
validate-code / unit-tests (test:unit)	UNKNOWN STEP	2026-10-09T12:42:02.4494445Z   token: ***
validate-code / unit-tests (test:unit)	UNKNOWN STEP	2026-10-09T12:42:02.4494677Z env:
validate-code / unit-tests (test:unit)	UNKNOWN STEP	2026-10-09T12:42:02.4495218Z   JFROG_CLI_ENV_EXCLUDE: *password*;*secret*;*key*;*token*;*auth*;JF_ARTIFACTORY_*;JF_ENV_*;JF_URL;JF_USER;JF_PASSWORD;JF_ACCESS_TOKEN
validate-code / unit-tests (test:unit)	UNKNOWN STEP	2026-10-09T12:42:02.4495829Z   JFROG_CLI_OFFER_CONFIG: false
validate-code / unit-tests (test:unit)	UNKNOWN STEP	2026-10-09T12:42:02.4496133Z   JFROG_CLI_AVOID_NEW_VERSION_WARNING: true
validate-code / unit-tests (test:unit)	UNKNOWN STEP	2026-10-09T12:42:02.4496575Z   JFROG_CLI_SOURCECODE_REPOSITORY: consensys-vertical-apps/va-mmcx-terminal
validate-code / unit-tests (test:unit)	UNKNOWN STEP	2026-10-09T12:42:02.4497025Z   JFROG_CLI_CI_JOB_ID: Validate PR
validate-code / unit-tests (test:unit)	UNKNOWN STEP	2026-10-09T12:42:02.4497321Z   JFROG_CLI_CI_RUN_ID: 37930418772
validate-code / unit-tests (test:unit)	UNKNOWN STEP	2026-10-09T12:42:02.4497607Z   JFROG_CLI_GITHUB_TOKEN: 
validate-code / unit-tests (test:unit)	UNKNOWN STEP	2026-10-09T12:42:02.4497969Z   JFROG_CLI_CI_VCS_REVISION: 03d9b9c089fa32b8fbc434bcfeb10bdade16f710
validate-code / unit-tests (test:unit)	UNKNOWN STEP	2026-10-09T12:42:02.4498569Z   JFROG_CLI_CI_BRANCH: 181/merge
validate-code / unit-tests (test:unit)	UNKNOWN STEP	2026-10-09T12:42:02.4499007Z   JFROG_CLI_CI_VCS_URL: https://github.com/consensys-vertical-apps/va-mmcx-terminal
validate-code / unit-tests (test:unit)	UNKNOWN STEP	2026-10-09T12:42:02.4499480Z   JFROG_CLI_BUILD_NAME: Validate PR
validate-code / unit-tests (test:unit)	UNKNOWN STEP	2026-10-09T12:42:02.4499777Z   JFROG_CLI_BUILD_NUMBER: 819
validate-code / unit-tests (test:unit)	UNKNOWN STEP	2026-10-09T12:42:02.4500512Z   JFROG_CLI_BUILD_URL: https://github.com/consensys-vertical-apps/va-mmcx-terminal/actions/runs/37930418772
validate-code / unit-tests (test:unit)	UNKNOWN STEP	2026-10-09T12:42:02.4501182Z   JFROG_CLI_USER_AGENT: setup-jfrog-cli-github-action/5.1.0
validate-code / unit-tests (test:unit)	UNKNOWN STEP	2026-10-09T12:42:02.4501633Z   JFROG_CLI_COMMAND_SUMMARY_OUTPUT_DIR: /home/runner/work/_temp
validate-code / unit-tests (test:unit)	UNKNOWN STEP	2026-10-09T12:42:02.4502077Z   JFROG_CLI_USAGE_GH_TOKEN_FOR_CODE_SCANNING_ALERTS_PROVIDED: 
validate-code / unit-tests (test:unit)	UNKNOWN STEP	2026-10-09T12:42:02.4502500Z   SETUP_JFROG_CLI_SERVER_IDS: setup-jfrog-cli-server
validate-code / unit-tests (test:unit)	UNKNOWN STEP	2026-10-09T12:42:02.4502839Z   TEST_NAME: test unit
validate-code / unit-tests (test:unit)	UNKNOWN STEP	2026-10-09T12:42:02.4503101Z   TEST_ARTEFACT_NAME: test-unit
validate-code / unit-tests (test:unit)	UNKNOWN STEP	2026-10-09T12:42:02.4503370Z ##[endgroup]
validate-code / unit-tests (test:unit)	UNKNOWN STEP	2026-10-09T12:42:02.5510684Z Action was triggered by pull_request: using SHA from head of source branch
validate-code / unit-tests (test:unit)	UNKNOWN STEP	2026-10-09T12:42:02.5522989Z Check runs will be created with SHA=af81d282d932b82de843d2b25c150d636b6818f7
validate-code / unit-tests (test:unit)	UNKNOWN STEP	2026-10-09T12:42:02.5525921Z ##[group]Listing all files tracked by git
validate-code / unit-tests (test:unit)	UNKNOWN STEP	2026-10-09T12:42:02.5576489Z [command]/usr/bin/git ls-files -z
