validate-code / unit-tests (test:unit)	UNKNOWN STEP	﻿2026-10-08T08:35:44.1070249Z Current runner version: '2.337.0'
validate-code / unit-tests (test:unit)	UNKNOWN STEP	2026-10-08T08:35:44.1092323Z ##[group]Runner Image Provisioner
validate-code / unit-tests (test:unit)	UNKNOWN STEP	2026-10-08T08:35:44.1093032Z Hosted Compute Agent
validate-code / unit-tests (test:unit)	UNKNOWN STEP	2026-10-08T08:35:44.1093509Z Version: 20260901.588
validate-code / unit-tests (test:unit)	UNKNOWN STEP	2026-10-08T08:35:44.1094022Z Commit: f88ec8081b781fac6c440065ac7ff9e710ce3d0b
validate-code / unit-tests (test:unit)	UNKNOWN STEP	2026-10-08T08:35:44.1094535Z Build Date: 2026-09-01T19:56:44Z
validate-code / unit-tests (test:unit)	UNKNOWN STEP	2026-10-08T08:35:44.1095153Z Worker ID: ***a1433daa-818a-4d7d-8e4b-de6d721510f9***
validate-code / unit-tests (test:unit)	UNKNOWN STEP	2026-10-08T08:35:44.1095726Z Azure Region: centralus
validate-code / unit-tests (test:unit)	UNKNOWN STEP	2026-10-08T08:35:44.1096229Z ##[endgroup]
validate-code / unit-tests (test:unit)	UNKNOWN STEP	2026-10-08T08:35:44.1097133Z ##[group]Operating System
validate-code / unit-tests (test:unit)	UNKNOWN STEP	2026-10-08T08:35:44.1097551Z Ubuntu
validate-code / unit-tests (test:unit)	UNKNOWN STEP	2026-10-08T08:35:44.1098232Z 24.04.5
validate-code / unit-tests (test:unit)	UNKNOWN STEP	2026-10-08T08:35:44.1098647Z LTS
validate-code / unit-tests (test:unit)	UNKNOWN STEP	2026-10-08T08:35:44.1099091Z ##[endgroup]
validate-code / unit-tests (test:unit)	UNKNOWN STEP	2026-10-08T08:35:44.1099481Z ##[group]Runner Image
validate-code / unit-tests (test:unit)	UNKNOWN STEP	2026-10-08T08:35:44.1099957Z Image: ubuntu-24.04
validate-code / unit-tests (test:unit)	UNKNOWN STEP	2026-10-08T08:35:44.1100416Z Version: 20260927.320.1
validate-code / unit-tests (test:unit)	UNKNOWN STEP	2026-10-08T08:35:44.1101330Z Included Software: https://github.com/actions/runner-images/blob/ubuntu24/20260927.320/images/ubuntu/Ubuntu2404-Readme.md
validate-code / unit-tests (test:unit)	UNKNOWN STEP	2026-10-08T08:35:44.1102340Z Image Release: https://github.com/actions/runner-images/releases/tag/ubuntu24%2F20260927.320
validate-code / unit-tests (test:unit)	UNKNOWN STEP	2026-10-08T08:35:44.1103033Z ##[endgroup]
validate-code / unit-tests (test:unit)	UNKNOWN STEP	2026-10-08T08:35:44.1103977Z ##[group]GITHUB_TOKEN Permissions
validate-code / unit-tests (test:unit)	UNKNOWN STEP	2026-10-08T08:35:44.1105290Z Actions: read
validate-code / unit-tests (test:unit)	UNKNOWN STEP	2026-10-08T08:35:44.1105808Z Checks: write
validate-code / unit-tests (test:unit)	UNKNOWN STEP	2026-10-08T08:35:44.1106206Z Contents: read
validate-code / unit-tests (test:unit)	UNKNOWN STEP	2026-10-08T08:35:44.1106638Z Metadata: read
validate-code / unit-tests (test:unit)	UNKNOWN STEP	2026-10-08T08:35:44.1107053Z ##[endgroup]
validate-code / unit-tests (test:unit)	UNKNOWN STEP	2026-10-08T08:35:44.1108790Z Secret source: Actions
validate-code / unit-tests (test:unit)	UNKNOWN STEP	2026-10-08T08:35:44.1109506Z Cache mode: write
validate-code / unit-tests (test:unit)	UNKNOWN STEP	2026-10-08T08:35:44.1109994Z Prepare workflow directory
validate-code / unit-tests (test:unit)	UNKNOWN STEP	2026-10-08T08:35:44.1435840Z Prepare all required actions
validate-code / unit-tests (test:unit)	UNKNOWN STEP	2026-10-08T08:35:44.1485433Z Getting action download info
validate-code / unit-tests (test:unit)	UNKNOWN STEP	2026-10-08T08:35:44.4936520Z Download action repository 'consensys-vertical-apps/shared-services-workflows@ee5456cf63f32f96987af955f66bd6b1b8b5cbd8' (SHA:ee5456cf63f32f96987af955f66bd6b1b8b5cbd8)
validate-code / unit-tests (test:unit)	UNKNOWN STEP	2026-10-08T08:35:45.0430507Z Download action repository 'actions/checkout@3d3c42e5aac5ba805825da76410c181273ba90b1' (SHA:3d3c42e5aac5ba805825da76410c181273ba90b1)
validate-code / unit-tests (test:unit)	UNKNOWN STEP	2026-10-08T08:35:45.0944164Z Download action repository 'consensys-vertical-apps/shared-services-workflows@0ad0566241bddeb4f6b3b5f310b368a89283e7df' (SHA:0ad0566241bddeb4f6b3b5f310b368a89283e7df)
validate-code / unit-tests (test:unit)	UNKNOWN STEP	2026-10-08T08:35:45.5081530Z Download action repository 'dorny/test-reporter@a43b3a5f7366b97d083190328d2c652e1a8b6aa2' (SHA:a43b3a5f7366b97d083190328d2c652e1a8b6aa2)
validate-code / unit-tests (test:unit)	UNKNOWN STEP	2026-10-08T08:35:46.0416599Z Download action repository 'actions/upload-artifact@043fb46d1a93c77aae656e7c1c64a875d1fc6a0a' (SHA:043fb46d1a93c77aae656e7c1c64a875d1fc6a0a)
validate-code / unit-tests (test:unit)	UNKNOWN STEP	2026-10-08T08:35:46.2669156Z Getting action download info
validate-code / unit-tests (test:unit)	UNKNOWN STEP	2026-10-08T08:35:46.3772949Z Download action repository 'wiz-sec-public/wiz-sensor-github-action@2f72488477988739561233bbc10ceff0c53273fd' (SHA:2f72488477988739561233bbc10ceff0c53273fd)
validate-code / unit-tests (test:unit)	UNKNOWN STEP	2026-10-08T08:35:46.8186250Z Getting action download info
validate-code / unit-tests (test:unit)	UNKNOWN STEP	2026-10-08T08:35:46.9366458Z Download action repository 'actions/checkout@df4cb1c069e1874edd31b4311f1884172cec0e10' (SHA:df4cb1c069e1874edd31b4311f1884172cec0e10)
validate-code / unit-tests (test:unit)	UNKNOWN STEP	2026-10-08T08:35:47.0133410Z Download action repository 'jfrog/setup-jfrog-cli@deda456d982fc5e9a7a020b63eb0d2968aedd33e' (SHA:deda456d982fc5e9a7a020b63eb0d2968aedd33e)
validate-code / unit-tests (test:unit)	UNKNOWN STEP	2026-10-08T08:35:48.0723635Z Download action repository 'pnpm/action-setup@fc06bc1257f339d1d5d8b3a19a8cae5388b55320' (SHA:fc06bc1257f339d1d5d8b3a19a8cae5388b55320)
validate-code / unit-tests (test:unit)	UNKNOWN STEP	2026-10-08T08:35:48.5884533Z Download action repository 'actions/setup-node@48b55a011bda9f5d6aeb4c2d9c7362e8dae4041e' (SHA:48b55a011bda9f5d6aeb4c2d9c7362e8dae4041e)
validate-code / unit-tests (test:unit)	UNKNOWN STEP	2026-10-08T08:35:48.8128544Z Uses: consensys-vertical-apps/shared-services-workflows/.github/workflows/js-validate-code.yml@refs/tags/v1.19.1 (ee5456cf63f32f96987af955f66bd6b1b8b5cbd8)
validate-code / unit-tests (test:unit)	UNKNOWN STEP	2026-10-08T08:35:48.8131418Z ##[group] Inputs
validate-code / unit-tests (test:unit)	UNKNOWN STEP	2026-10-08T08:35:48.8131622Z   run_on: ubuntu-latest
validate-code / unit-tests (test:unit)	UNKNOWN STEP	2026-10-08T08:35:48.8131800Z   node_version: 22
validate-code / unit-tests (test:unit)	UNKNOWN STEP	2026-10-08T08:35:48.8131969Z   security_audit_fail_level: critical
validate-code / unit-tests (test:unit)	UNKNOWN STEP	2026-10-08T08:35:48.8132346Z   security_audit_ignore_failure: false
validate-code / unit-tests (test:unit)	UNKNOWN STEP	2026-10-08T08:35:48.8132843Z   npm_client: npm
validate-code / unit-tests (test:unit)	UNKNOWN STEP	2026-10-08T08:35:48.8133156Z   npm_client_production_flag: --frozen-lockfile
validate-code / unit-tests (test:unit)	UNKNOWN STEP	2026-10-08T08:35:48.8133347Z   yarn_version: 1
validate-code / unit-tests (test:unit)	UNKNOWN STEP	2026-10-08T08:35:48.8133502Z   npm_registry_name: npm
validate-code / unit-tests (test:unit)	UNKNOWN STEP	2026-10-08T08:35:48.8133740Z   npm_registry_url: https://consensys.jfrog.io/artifactory/api/npm/npm/
validate-code / unit-tests (test:unit)	UNKNOWN STEP	2026-10-08T08:35:48.8134034Z   checkout_repository: consensys-vertical-apps/va-mmcx-terminal
validate-code / unit-tests (test:unit)	UNKNOWN STEP	2026-10-08T08:35:48.8134257Z   checkout_ref: 
validate-code / unit-tests (test:unit)	UNKNOWN STEP	2026-10-08T08:35:48.8134404Z   test_names: ['test:unit']
validate-code / unit-tests (test:unit)	UNKNOWN STEP	2026-10-08T08:35:48.8134958Z   test_timeout_minutes: 30
validate-code / unit-tests (test:unit)	UNKNOWN STEP	2026-10-08T08:35:48.8135117Z   eslint_enabled: false
validate-code / unit-tests (test:unit)	UNKNOWN STEP	2026-10-08T08:35:48.8135274Z   prettier_enabled: false
validate-code / unit-tests (test:unit)	UNKNOWN STEP	2026-10-08T08:35:48.8135439Z   tests_report_path: junit.xml
validate-code / unit-tests (test:unit)	UNKNOWN STEP	2026-10-08T08:35:48.8135616Z   tests_coverage_path: coverage/**/*
validate-code / unit-tests (test:unit)	UNKNOWN STEP	2026-10-08T08:35:48.8135835Z   typecheck_command: npm run typecheck
validate-code / unit-tests (test:unit)	UNKNOWN STEP	2026-10-08T08:35:48.8136010Z   typecheck_enabled: true
validate-code / unit-tests (test:unit)	UNKNOWN STEP	2026-10-08T08:35:48.8136164Z   pre_lint_command: 
validate-code / unit-tests (test:unit)	UNKNOWN STEP	2026-10-08T08:35:48.8136325Z   jfrog_oidc_provider_name: github
validate-code / unit-tests (test:unit)	UNKNOWN STEP	2026-10-08T08:35:48.8136504Z ##[endgroup]
validate-code / unit-tests (test:unit)	UNKNOWN STEP	2026-10-08T08:35:48.8136682Z Complete job name: validate-code / unit-tests (test:unit)
validate-code / unit-tests (test:unit)	UNKNOWN STEP	2026-10-08T08:35:48.8482543Z ##[group]Checking docker version
validate-code / unit-tests (test:unit)	UNKNOWN STEP	2026-10-08T08:35:48.8491483Z ##[command]/usr/bin/docker version --format '***.Server.APIVersion***'
validate-code / unit-tests (test:unit)	UNKNOWN STEP	2026-10-08T08:35:48.9310915Z '1.48'
validate-code / unit-tests (test:unit)	UNKNOWN STEP	2026-10-08T08:35:48.9315793Z Docker daemon API version: '1.48'
validate-code / unit-tests (test:unit)	UNKNOWN STEP	2026-10-08T08:35:48.9316422Z ##[command]/usr/bin/docker version --format '***.Client.APIVersion***'
validate-code / unit-tests (test:unit)	UNKNOWN STEP	2026-10-08T08:35:48.9464242Z '1.48'
validate-code / unit-tests (test:unit)	UNKNOWN STEP	2026-10-08T08:35:48.9472835Z Docker client API version: '1.48'
validate-code / unit-tests (test:unit)	UNKNOWN STEP	2026-10-08T08:35:48.9479572Z ##[endgroup]
validate-code / unit-tests (test:unit)	UNKNOWN STEP	2026-10-08T08:35:48.9481239Z ##[group]Clean up resources from previous jobs
validate-code / unit-tests (test:unit)	UNKNOWN STEP	2026-10-08T08:35:48.9485335Z ##[command]/usr/bin/docker ps --all --quiet --no-trunc --filter "label=7942f8"
validate-code / unit-tests (test:unit)	UNKNOWN STEP	2026-10-08T08:35:48.9615128Z ##[command]/usr/bin/docker network prune --force --filter "label=7942f8"
validate-code / unit-tests (test:unit)	UNKNOWN STEP	2026-10-08T08:35:48.9750721Z ##[endgroup]
validate-code / unit-tests (test:unit)	UNKNOWN STEP	2026-10-08T08:35:48.9750966Z ##[group]Create local container network
validate-code / unit-tests (test:unit)	UNKNOWN STEP	2026-10-08T08:35:48.9758733Z ##[command]/usr/bin/docker network create --label 7942f8 github_network_36138510b42e4d8790d5b4767e19397c
validate-code / unit-tests (test:unit)	UNKNOWN STEP	2026-10-08T08:35:49.0542477Z 9fc35921031b050cfc3247581506fc40391973db24fb0c5296da5e22940c4ae3
validate-code / unit-tests (test:unit)	UNKNOWN STEP	2026-10-08T08:35:49.0558852Z ##[endgroup]
validate-code / unit-tests (test:unit)	UNKNOWN STEP	2026-10-08T08:35:49.0578322Z ##[group]Starting redis service container
validate-code / unit-tests (test:unit)	UNKNOWN STEP	2026-10-08T08:35:49.0596068Z ##[command]/usr/bin/docker pull redis
validate-code / unit-tests (test:unit)	UNKNOWN STEP	2026-10-08T08:35:49.0682686Z Using default tag: latest
validate-code / unit-tests (test:unit)	UNKNOWN STEP	2026-10-08T08:35:49.6236691Z latest: Pulling from library/redis
validate-code / unit-tests (test:unit)	UNKNOWN STEP	2026-10-08T08:35:49.8325193Z ecc510c1e359: Pulling fs layer
validate-code / unit-tests (test:unit)	UNKNOWN STEP	2026-10-08T08:35:49.8329515Z 4ac6ba6b019e: Pulling fs layer
validate-code / unit-tests (test:unit)	UNKNOWN STEP	2026-10-08T08:35:49.8330177Z f55e02ea8cde: Pulling fs layer
validate-code / unit-tests (test:unit)	UNKNOWN STEP	2026-10-08T08:35:49.8330616Z c30201c9cd3c: Pulling fs layer
validate-code / unit-tests (test:unit)	UNKNOWN STEP	2026-10-08T08:35:49.8331083Z dc611c1ed116: Pulling fs layer
validate-code / unit-tests (test:unit)	UNKNOWN STEP	2026-10-08T08:35:49.8331584Z 4f4fb700ef54: Pulling fs layer
validate-code / unit-tests (test:unit)	UNKNOWN STEP	2026-10-08T08:35:49.8332160Z 0a3621ec1dd4: Pulling fs layer
validate-code / unit-tests (test:unit)	UNKNOWN STEP	2026-10-08T08:35:49.8332641Z 4f4fb700ef54: Waiting
validate-code / unit-tests (test:unit)	UNKNOWN STEP	2026-10-08T08:35:49.8333131Z 0a3621ec1dd4: Waiting
validate-code / unit-tests (test:unit)	UNKNOWN STEP	2026-10-08T08:35:49.8333632Z c30201c9cd3c: Waiting
validate-code / unit-tests (test:unit)	UNKNOWN STEP	2026-10-08T08:35:49.8334145Z dc611c1ed116: Waiting
validate-code / unit-tests (test:unit)	UNKNOWN STEP	2026-10-08T08:35:49.9331048Z f55e02ea8cde: Verifying Checksum
validate-code / unit-tests (test:unit)	UNKNOWN STEP	2026-10-08T08:35:49.9331283Z f55e02ea8cde: Download complete
validate-code / unit-tests (test:unit)	UNKNOWN STEP	2026-10-08T08:35:49.9350662Z 4ac6ba6b019e: Verifying Checksum
validate-code / unit-tests (test:unit)	UNKNOWN STEP	2026-10-08T08:35:49.9351184Z 4ac6ba6b019e: Download complete
validate-code / unit-tests (test:unit)	UNKNOWN STEP	2026-10-08T08:35:50.0949477Z dc611c1ed116: Verifying Checksum
validate-code / unit-tests (test:unit)	UNKNOWN STEP	2026-10-08T08:35:50.0950249Z dc611c1ed116: Download complete
validate-code / unit-tests (test:unit)	UNKNOWN STEP	2026-10-08T08:35:50.1575748Z ecc510c1e359: Verifying Checksum
validate-code / unit-tests (test:unit)	UNKNOWN STEP	2026-10-08T08:35:50.1576251Z ecc510c1e359: Download complete
validate-code / unit-tests (test:unit)	UNKNOWN STEP	2026-10-08T08:35:50.2342197Z c30201c9cd3c: Verifying Checksum
validate-code / unit-tests (test:unit)	UNKNOWN STEP	2026-10-08T08:35:50.2344109Z c30201c9cd3c: Download complete
validate-code / unit-tests (test:unit)	UNKNOWN STEP	2026-10-08T08:35:50.2344466Z 4f4fb700ef54: Verifying Checksum
validate-code / unit-tests (test:unit)	UNKNOWN STEP	2026-10-08T08:35:50.2345241Z 4f4fb700ef54: Download complete
validate-code / unit-tests (test:unit)	UNKNOWN STEP	2026-10-08T08:35:50.2975212Z 0a3621ec1dd4: Verifying Checksum
validate-code / unit-tests (test:unit)	UNKNOWN STEP	2026-10-08T08:35:50.2975762Z 0a3621ec1dd4: Download complete
validate-code / unit-tests (test:unit)	UNKNOWN STEP	2026-10-08T08:35:50.9494946Z ecc510c1e359: Pull complete
validate-code / unit-tests (test:unit)	UNKNOWN STEP	2026-10-08T08:35:52.3914157Z 4ac6ba6b019e: Pull complete
validate-code / unit-tests (test:unit)	UNKNOWN STEP	2026-10-08T08:35:52.4100814Z f55e02ea8cde: Pull complete
validate-code / unit-tests (test:unit)	UNKNOWN STEP	2026-10-08T08:35:53.3896518Z c30201c9cd3c: Pull complete
validate-code / unit-tests (test:unit)	UNKNOWN STEP	2026-10-08T08:35:53.4015406Z dc611c1ed116: Pull complete
validate-code / unit-tests (test:unit)	UNKNOWN STEP	2026-10-08T08:35:53.4202866Z 4f4fb700ef54: Pull complete
validate-code / unit-tests (test:unit)	UNKNOWN STEP	2026-10-08T08:35:53.4330076Z 0a3621ec1dd4: Pull complete
validate-code / unit-tests (test:unit)	UNKNOWN STEP	2026-10-08T08:35:53.4369624Z Digest: sha256:2c2dff791878316e3b083188be0d578423b24813cdda5de0e80ea4f7b3e6bfd6
validate-code / unit-tests (test:unit)	UNKNOWN STEP	2026-10-08T08:35:53.4383578Z Status: Downloaded newer image for redis:latest
validate-code / unit-tests (test:unit)	UNKNOWN STEP	2026-10-08T08:35:53.4394872Z docker.io/library/redis:latest
validate-code / unit-tests (test:unit)	UNKNOWN STEP	2026-10-08T08:35:53.4443593Z ##[command]/usr/bin/docker create --name 4aecb41c03684f7cb56593772e8d1f19_redis_d4d004 --label 7942f8 --network github_network_36138510b42e4d8790d5b4767e19397c --network-alias redis -p 6379:6379  -e GITHUB_ACTIONS=true -e CI=true redis
validate-code / unit-tests (test:unit)	UNKNOWN STEP	2026-10-08T08:35:53.4663482Z 149fe04f107492f62d97a7f18f9854216252f241ff6edbaca923cc8f65d0c50f
validate-code / unit-tests (test:unit)	UNKNOWN STEP	2026-10-08T08:35:53.4685611Z ##[command]/usr/bin/docker start 149fe04f107492f62d97a7f18f9854216252f241ff6edbaca923cc8f65d0c50f
validate-code / unit-tests (test:unit)	UNKNOWN STEP	2026-10-08T08:35:53.6545335Z 149fe04f107492f62d97a7f18f9854216252f241ff6edbaca923cc8f65d0c50f
validate-code / unit-tests (test:unit)	UNKNOWN STEP	2026-10-08T08:35:53.6565380Z ##[command]/usr/bin/docker ps --all --filter id=149fe04f107492f62d97a7f18f9854216252f241ff6edbaca923cc8f65d0c50f --filter status=running --no-trunc --format "***.ID*** ***.Status***"
validate-code / unit-tests (test:unit)	UNKNOWN STEP	2026-10-08T08:35:53.6713087Z 149fe04f107492f62d97a7f18f9854216252f241ff6edbaca923cc8f65d0c50f Up Less than a second
validate-code / unit-tests (test:unit)	UNKNOWN STEP	2026-10-08T08:35:53.6737413Z ##[command]/usr/bin/docker port 149fe04f107492f62d97a7f18f9854216252f241ff6edbaca923cc8f65d0c50f
validate-code / unit-tests (test:unit)	UNKNOWN STEP	2026-10-08T08:35:53.6893127Z 6379/tcp -> 0.0.0.0:6379
validate-code / unit-tests (test:unit)	UNKNOWN STEP	2026-10-08T08:35:53.6908297Z 6379/tcp -> [::]:6379
validate-code / unit-tests (test:unit)	UNKNOWN STEP	2026-10-08T08:35:53.6951779Z ##[endgroup]
validate-code / unit-tests (test:unit)	UNKNOWN STEP	2026-10-08T08:35:53.6958199Z ##[group]Waiting for all services to be ready
validate-code / unit-tests (test:unit)	UNKNOWN STEP	2026-10-08T08:35:53.6967269Z ##[command]/usr/bin/docker inspect --format="***if .Config.Healthcheck***print .State.Health.Status***end***" 149fe04f107492f62d97a7f18f9854216252f241ff6edbaca923cc8f65d0c50f
validate-code / unit-tests (test:unit)	UNKNOWN STEP	2026-10-08T08:35:53.7086506Z redis service is healthy.
validate-code / unit-tests (test:unit)	UNKNOWN STEP	2026-10-08T08:35:53.7086950Z ##[endgroup]
validate-code / unit-tests (test:unit)	UNKNOWN STEP	2026-10-08T08:35:53.7258506Z ##[group]Run consensys-vertical-apps/shared-services-workflows/.github/actions/wiz-sensor@ee5456cf63f32f96987af955f66bd6b1b8b5cbd8
validate-code / unit-tests (test:unit)	UNKNOWN STEP	2026-10-08T08:35:53.7259013Z with:
validate-code / unit-tests (test:unit)	UNKNOWN STEP	2026-10-08T08:35:53.7259154Z   enabled: false
validate-code / unit-tests (test:unit)	UNKNOWN STEP	2026-10-08T08:35:53.7260035Z   token: ***
validate-code / unit-tests (test:unit)	UNKNOWN STEP	2026-10-08T08:35:53.7260227Z ##[endgroup]
validate-code / unit-tests (test:unit)	UNKNOWN STEP	2026-10-08T08:35:53.7308010Z ##[start-action display=Skip Wiz sensor;id=__self.__run]
validate-code / unit-tests (test:unit)	UNKNOWN STEP	2026-10-08T08:35:53.7345661Z ##[group]Run if [ "$WIZ_RUNNER_OS" != "Linux" ]; then
validate-code / unit-tests (test:unit)	UNKNOWN STEP	2026-10-08T08:35:53.7345966Z ^[[36;1mif [ "$WIZ_RUNNER_OS" != "Linux" ]; then^[[0m
validate-code / unit-tests (test:unit)	UNKNOWN STEP	2026-10-08T08:35:53.7346318Z ^[[36;1m  echo "::notice title=Wiz sensor::Skipped because the runner OS is $***WIZ_RUNNER_OS***."^[[0m
validate-code / unit-tests (test:unit)	UNKNOWN STEP	2026-10-08T08:35:53.7346624Z ^[[36;1melif [ "$WIZ_SENSOR_ENABLED" != "true" ]; then^[[0m
validate-code / unit-tests (test:unit)	UNKNOWN STEP	2026-10-08T08:35:53.7346912Z ^[[36;1m  echo "::notice title=Wiz sensor::Skipped because WIZ_SENSOR_ENABLED is not true."^[[0m
validate-code / unit-tests (test:unit)	UNKNOWN STEP	2026-10-08T08:35:53.7347188Z ^[[36;1melse^[[0m
validate-code / unit-tests (test:unit)	UNKNOWN STEP	2026-10-08T08:35:53.7347448Z ^[[36;1m  echo "::notice title=Wiz sensor::Skipped because WIZ_SENSOR_TOKEN is not set."^[[0m
validate-code / unit-tests (test:unit)	UNKNOWN STEP	2026-10-08T08:35:53.7347698Z ^[[36;1mfi^[[0m
validate-code / unit-tests (test:unit)	UNKNOWN STEP	2026-10-08T08:35:53.7527563Z shell: /usr/bin/bash --noprofile --norc -e -o pipefail ***0***
validate-code / unit-tests (test:unit)	UNKNOWN STEP	2026-10-08T08:35:53.7528035Z env:
validate-code / unit-tests (test:unit)	UNKNOWN STEP	2026-10-08T08:35:53.7528187Z   WIZ_SENSOR_ENABLED: false
validate-code / unit-tests (test:unit)	UNKNOWN STEP	2026-10-08T08:35:53.7528350Z   WIZ_SENSOR_TOKEN_SET: true
validate-code / unit-tests (test:unit)	UNKNOWN STEP	2026-10-08T08:35:53.7528504Z   WIZ_RUNNER_OS: Linux
validate-code / unit-tests (test:unit)	UNKNOWN STEP	2026-10-08T08:35:53.7528652Z ##[endgroup]
validate-code / unit-tests (test:unit)	UNKNOWN STEP	2026-10-08T08:35:53.7672586Z ##[notice]Skipped because WIZ_SENSOR_ENABLED is not true.
validate-code / unit-tests (test:unit)	UNKNOWN STEP	2026-10-08T08:35:53.7711768Z ##[end-action id=__self.__run;outcome=success;conclusion=success;duration_ms=40]
validate-code / unit-tests (test:unit)	UNKNOWN STEP	2026-10-08T08:35:53.7714794Z ##[start-action display=Mask Wiz sensor token fields;id=__self.mask-wiz-sensor-token]
validate-code / unit-tests (test:unit)	UNKNOWN STEP	2026-10-08T08:35:53.7720241Z ##[end-action id=__self.mask-wiz-sensor-token;outcome=skipped;conclusion=skipped;duration_ms=0]
validate-code / unit-tests (test:unit)	UNKNOWN STEP	2026-10-08T08:35:53.7721601Z ##[start-action display=Start Wiz sensor;id=__self.__wiz-sec-public_wiz-sensor-github-action]
validate-code / unit-tests (test:unit)	UNKNOWN STEP	2026-10-08T08:35:53.7725199Z ##[end-action id=__self.__wiz-sec-public_wiz-sensor-github-action;outcome=skipped;conclusion=skipped;duration_ms=0]
validate-code / unit-tests (test:unit)	UNKNOWN STEP	2026-10-08T08:35:53.7797229Z ##[group]Run actions/checkout@3d3c42e5aac5ba805825da76410c181273ba90b1
validate-code / unit-tests (test:unit)	UNKNOWN STEP	2026-10-08T08:35:53.7797499Z with:
validate-code / unit-tests (test:unit)	UNKNOWN STEP	2026-10-08T08:35:53.7797671Z   repository: consensys-vertical-apps/va-mmcx-terminal
validate-code / unit-tests (test:unit)	UNKNOWN STEP	2026-10-08T08:35:53.7814439Z   token: ***
validate-code / unit-tests (test:unit)	UNKNOWN STEP	2026-10-08T08:35:53.7814667Z   ssh-strict: true
validate-code / unit-tests (test:unit)	UNKNOWN STEP	2026-10-08T08:35:53.7814876Z   ssh-user: git
validate-code / unit-tests (test:unit)	UNKNOWN STEP	2026-10-08T08:35:53.7815098Z   persist-credentials: true
validate-code / unit-tests (test:unit)	UNKNOWN STEP	2026-10-08T08:35:53.7815334Z   clean: true
validate-code / unit-tests (test:unit)	UNKNOWN STEP	2026-10-08T08:35:53.7815559Z   sparse-checkout-cone-mode: true
validate-code / unit-tests (test:unit)	UNKNOWN STEP	2026-10-08T08:35:53.7815810Z   fetch-depth: 1
validate-code / unit-tests (test:unit)	UNKNOWN STEP	2026-10-08T08:35:53.7816016Z   fetch-tags: false
validate-code / unit-tests (test:unit)	UNKNOWN STEP	2026-10-08T08:35:53.7816235Z   show-progress: true
validate-code / unit-tests (test:unit)	UNKNOWN STEP	2026-10-08T08:35:53.7816449Z   lfs: false
validate-code / unit-tests (test:unit)	UNKNOWN STEP	2026-10-08T08:35:53.7816654Z   submodules: false
validate-code / unit-tests (test:unit)	UNKNOWN STEP	2026-10-08T08:35:53.7816877Z   set-safe-directory: true
validate-code / unit-tests (test:unit)	UNKNOWN STEP	2026-10-08T08:35:53.7817153Z   allow-unsafe-pr-checkout: false
validate-code / unit-tests (test:unit)	UNKNOWN STEP	2026-10-08T08:35:53.7817408Z ##[endgroup]
validate-code / unit-tests (test:unit)	UNKNOWN STEP	2026-10-08T08:35:53.8538376Z Syncing repository: consensys-vertical-apps/va-mmcx-terminal
validate-code / unit-tests (test:unit)	UNKNOWN STEP	2026-10-08T08:35:53.8540000Z ##[group]Getting Git version info
validate-code / unit-tests (test:unit)	UNKNOWN STEP	2026-10-08T08:35:53.8540388Z Working directory is '/home/runner/work/va-mmcx-terminal/va-mmcx-terminal'
validate-code / unit-tests (test:unit)	UNKNOWN STEP	2026-10-08T08:35:53.8540915Z [command]/usr/bin/git version
validate-code / unit-tests (test:unit)	UNKNOWN STEP	2026-10-08T08:35:53.8631907Z git version 2.55.0
validate-code / unit-tests (test:unit)	UNKNOWN STEP	2026-10-08T08:35:53.8646919Z ##[endgroup]
validate-code / unit-tests (test:unit)	UNKNOWN STEP	2026-10-08T08:35:53.8665095Z Temporarily overriding HOME='/home/runner/work/_temp/a17aac48-fec4-47b9-a717-040d08a1aa01' before making global git config changes
validate-code / unit-tests (test:unit)	UNKNOWN STEP	2026-10-08T08:35:53.8667494Z Adding repository directory to the temporary git global config as a safe directory
validate-code / unit-tests (test:unit)	UNKNOWN STEP	2026-10-08T08:35:53.8674793Z [command]/usr/bin/git config --global --add safe.directory /home/runner/work/va-mmcx-terminal/va-mmcx-terminal
validate-code / unit-tests (test:unit)	UNKNOWN STEP	2026-10-08T08:35:53.8713742Z Deleting the contents of '/home/runner/work/va-mmcx-terminal/va-mmcx-terminal'
validate-code / unit-tests (test:unit)	UNKNOWN STEP	2026-10-08T08:35:53.8717031Z ##[group]Determining repository object format
validate-code / unit-tests (test:unit)	UNKNOWN STEP	2026-10-08T08:35:53.8718342Z ##[endgroup]
validate-code / unit-tests (test:unit)	UNKNOWN STEP	2026-10-08T08:35:53.8718943Z ##[group]Initializing the repository
validate-code / unit-tests (test:unit)	UNKNOWN STEP	2026-10-08T08:35:53.8722556Z [command]/usr/bin/git init /home/runner/work/va-mmcx-terminal/va-mmcx-terminal
validate-code / unit-tests (test:unit)	UNKNOWN STEP	2026-10-08T08:35:53.8831613Z hint: Using 'master' as the name for the initial branch. This default branch name
validate-code / unit-tests (test:unit)	UNKNOWN STEP	2026-10-08T08:35:53.8837211Z hint: will change to "main" in Git 3.0. To configure the initial branch name
validate-code / unit-tests (test:unit)	UNKNOWN STEP	2026-10-08T08:35:53.8838108Z hint: to use in all of your new repositories, which will suppress this warning,
validate-code / unit-tests (test:unit)	UNKNOWN STEP	2026-10-08T08:35:53.8839964Z hint: call:
validate-code / unit-tests (test:unit)	UNKNOWN STEP	2026-10-08T08:35:53.8840255Z hint:
validate-code / unit-tests (test:unit)	UNKNOWN STEP	2026-10-08T08:35:53.8840531Z hint: 	git config --global init.defaultBranch <name>
validate-code / unit-tests (test:unit)	UNKNOWN STEP	2026-10-08T08:35:53.8840820Z hint:
validate-code / unit-tests (test:unit)	UNKNOWN STEP	2026-10-08T08:35:53.8841096Z hint: Names commonly chosen instead of 'master' are 'main', 'trunk' and
validate-code / unit-tests (test:unit)	UNKNOWN STEP	2026-10-08T08:35:53.8841567Z hint: 'development'. The just-created branch can be renamed via this command:
validate-code / unit-tests (test:unit)	UNKNOWN STEP	2026-10-08T08:35:53.8841964Z hint:
validate-code / unit-tests (test:unit)	UNKNOWN STEP	2026-10-08T08:35:53.8842175Z hint: 	git branch -m <name>
validate-code / unit-tests (test:unit)	UNKNOWN STEP	2026-10-08T08:35:53.8842414Z hint:
validate-code / unit-tests (test:unit)	UNKNOWN STEP	2026-10-08T08:35:53.8842741Z hint: Disable this message with "git config set advice.defaultBranchName false"
validate-code / unit-tests (test:unit)	UNKNOWN STEP	2026-10-08T08:35:53.8843307Z Initialized empty Git repository in /home/runner/work/va-mmcx-terminal/va-mmcx-terminal/.git/
validate-code / unit-tests (test:unit)	UNKNOWN STEP	2026-10-08T08:35:53.8846918Z [command]/usr/bin/git remote add origin https://github.com/consensys-vertical-apps/va-mmcx-terminal
validate-code / unit-tests (test:unit)	UNKNOWN STEP	2026-10-08T08:35:53.8892092Z ##[endgroup]
validate-code / unit-tests (test:unit)	UNKNOWN STEP	2026-10-08T08:35:53.8894077Z ##[group]Disabling automatic garbage collection
validate-code / unit-tests (test:unit)	UNKNOWN STEP	2026-10-08T08:35:53.8900332Z [command]/usr/bin/git config --local gc.auto 0
validate-code / unit-tests (test:unit)	UNKNOWN STEP	2026-10-08T08:35:53.8926563Z ##[endgroup]
validate-code / unit-tests (test:unit)	UNKNOWN STEP	2026-10-08T08:35:53.8927076Z ##[group]Setting up auth
validate-code / unit-tests (test:unit)	UNKNOWN STEP	2026-10-08T08:35:53.8927763Z Removing SSH command configuration
validate-code / unit-tests (test:unit)	UNKNOWN STEP	2026-10-08T08:35:53.8932066Z [command]/usr/bin/git config --local --name-only --get-regexp core\.sshCommand
validate-code / unit-tests (test:unit)	UNKNOWN STEP	2026-10-08T08:35:53.8960476Z [command]/usr/bin/git submodule foreach --recursive sh -c "git config --local --name-only --get-regexp 'core\.sshCommand' && git config --local --unset-all 'core.sshCommand' || :"
validate-code / unit-tests (test:unit)	UNKNOWN STEP	2026-10-08T08:35:53.9264014Z Removing HTTP extra header
validate-code / unit-tests (test:unit)	UNKNOWN STEP	2026-10-08T08:35:53.9270670Z [command]/usr/bin/git config --local --name-only --get-regexp http\.https\:\/\/github\.com\/\.extraheader
validate-code / unit-tests (test:unit)	UNKNOWN STEP	2026-10-08T08:35:53.9304028Z [command]/usr/bin/git submodule foreach --recursive sh -c "git config --local --name-only --get-regexp 'http\.https\:\/\/github\.com\/\.extraheader' && git config --local --unset-all 'http.https://github.com/.extraheader' || :"
validate-code / unit-tests (test:unit)	UNKNOWN STEP	2026-10-08T08:35:53.9533625Z Removing includeIf entries pointing to credentials config files
validate-code / unit-tests (test:unit)	UNKNOWN STEP	2026-10-08T08:35:53.9534205Z [command]/usr/bin/git config --local --name-only --get-regexp ^includeIf\.gitdir:
validate-code / unit-tests (test:unit)	UNKNOWN STEP	2026-10-08T08:35:53.9553360Z [command]/usr/bin/git submodule foreach --recursive git config --local --show-origin --name-only --get-regexp remote.origin.url
validate-code / unit-tests (test:unit)	UNKNOWN STEP	2026-10-08T08:35:53.9749281Z [command]/usr/bin/git config --file /home/runner/work/_temp/git-credentials-cae1d35d-ce5b-405f-9168-1b11480d4c52.config http.https://github.com/.extraheader AUTHORIZATION: basic ***
validate-code / unit-tests (test:unit)	UNKNOWN STEP	2026-10-08T08:35:53.9781037Z [command]/usr/bin/git config --local includeIf.gitdir:/home/runner/work/va-mmcx-terminal/va-mmcx-terminal/.git.path /home/runner/work/_temp/git-credentials-cae1d35d-ce5b-405f-9168-1b11480d4c52.config
validate-code / unit-tests (test:unit)	UNKNOWN STEP	2026-10-08T08:35:53.9809552Z [command]/usr/bin/git config --local includeIf.gitdir:/home/runner/work/va-mmcx-terminal/va-mmcx-terminal/.git/worktrees/*.path /home/runner/work/_temp/git-credentials-cae1d35d-ce5b-405f-9168-1b11480d4c52.config
validate-code / unit-tests (test:unit)	UNKNOWN STEP	2026-10-08T08:35:53.9838394Z [command]/usr/bin/git config --local includeIf.gitdir:/github/workspace/.git.path /github/runner_temp/git-credentials-cae1d35d-ce5b-405f-9168-1b11480d4c52.config
validate-code / unit-tests (test:unit)	UNKNOWN STEP	2026-10-08T08:35:53.9865741Z [command]/usr/bin/git config --local includeIf.gitdir:/github/workspace/.git/worktrees/*.path /github/runner_temp/git-credentials-cae1d35d-ce5b-405f-9168-1b11480d4c52.config
validate-code / unit-tests (test:unit)	UNKNOWN STEP	2026-10-08T08:35:53.9890389Z ##[endgroup]
validate-code / unit-tests (test:unit)	UNKNOWN STEP	2026-10-08T08:35:53.9890908Z ##[group]Fetching the repository
validate-code / unit-tests (test:unit)	UNKNOWN STEP	2026-10-08T08:35:53.9895257Z [command]/usr/bin/git -c protocol.version=2 fetch --no-tags --prune --no-recurse-submodules --depth=1 origin +79374ac1def015cd22660379c27aec1084db7322:refs/remotes/origin/main
validate-code / unit-tests (test:unit)	UNKNOWN STEP	2026-10-08T08:35:55.0454012Z From https://github.com/consensys-vertical-apps/va-mmcx-terminal
validate-code / unit-tests (test:unit)	UNKNOWN STEP	2026-10-08T08:35:55.0454856Z  * [new ref]         79374ac1def015cd22660379c27aec1084db7322 -> origin/main
validate-code / unit-tests (test:unit)	UNKNOWN STEP	2026-10-08T08:35:55.0456056Z [command]/usr/bin/git branch --list --remote origin/main
validate-code / unit-tests (test:unit)	UNKNOWN STEP	2026-10-08T08:35:55.0466800Z   origin/main
validate-code / unit-tests (test:unit)	UNKNOWN STEP	2026-10-08T08:35:55.0468735Z [command]/usr/bin/git rev-parse refs/remotes/origin/main
validate-code / unit-tests (test:unit)	UNKNOWN STEP	2026-10-08T08:35:55.0489131Z 79374ac1def015cd22660379c27aec1084db7322
validate-code / unit-tests (test:unit)	UNKNOWN STEP	2026-10-08T08:35:55.0492975Z ##[endgroup]
validate-code / unit-tests (test:unit)	UNKNOWN STEP	2026-10-08T08:35:55.0493494Z ##[group]Determining the checkout info
validate-code / unit-tests (test:unit)	UNKNOWN STEP	2026-10-08T08:35:55.0494328Z ##[endgroup]
validate-code / unit-tests (test:unit)	UNKNOWN STEP	2026-10-08T08:35:55.0496944Z [command]/usr/bin/git sparse-checkout disable
validate-code / unit-tests (test:unit)	UNKNOWN STEP	2026-10-08T08:35:55.0541663Z [command]/usr/bin/git config --local --unset-all extensions.worktreeConfig
validate-code / unit-tests (test:unit)	UNKNOWN STEP	2026-10-08T08:35:55.0566059Z ##[group]Checking out the ref
validate-code / unit-tests (test:unit)	UNKNOWN STEP	2026-10-08T08:35:55.0568687Z [command]/usr/bin/git checkout --progress --force -B main refs/remotes/origin/main
validate-code / unit-tests (test:unit)	UNKNOWN STEP	2026-10-08T08:35:55.1770139Z Switched to a new branch 'main'
validate-code / unit-tests (test:unit)	UNKNOWN STEP	2026-10-08T08:35:55.1825736Z branch 'main' set up to track 'origin/main'.
validate-code / unit-tests (test:unit)	UNKNOWN STEP	2026-10-08T08:35:55.1902526Z ##[endgroup]
validate-code / unit-tests (test:unit)	UNKNOWN STEP	2026-10-08T08:35:55.1989165Z [command]/usr/bin/git log -1 --format=%H
validate-code / unit-tests (test:unit)	UNKNOWN STEP	2026-10-08T08:35:55.1989611Z 79374ac1def015cd22660379c27aec1084db7322
validate-code / unit-tests (test:unit)	UNKNOWN STEP	2026-10-08T08:35:55.2091200Z ##[group]Run consensys-vertical-apps/shared-services-workflows/.github/actions/node-base-actions@0ad0566241bddeb4f6b3b5f310b368a89283e7df
validate-code / unit-tests (test:unit)	UNKNOWN STEP	2026-10-08T08:35:55.2091578Z with:
validate-code / unit-tests (test:unit)	UNKNOWN STEP	2026-10-08T08:35:55.2091713Z   node_version: 22
validate-code / unit-tests (test:unit)	UNKNOWN STEP	2026-10-08T08:35:55.2091853Z   npm_client: npm
validate-code / unit-tests (test:unit)	UNKNOWN STEP	2026-10-08T08:35:55.2092017Z   npm_client_production_flag: --frozen-lockfile
validate-code / unit-tests (test:unit)	UNKNOWN STEP	2026-10-08T08:35:55.2092211Z   npm_registry_name: npm
validate-code / unit-tests (test:unit)	UNKNOWN STEP	2026-10-08T08:35:55.2092564Z   npm_registry_url: https://consensys.jfrog.io/artifactory/api/npm/npm/
validate-code / unit-tests (test:unit)	UNKNOWN STEP	2026-10-08T08:35:55.2092823Z   node_modules_cache_key_prefix: node-modules-tests
validate-code / unit-tests (test:unit)	UNKNOWN STEP	2026-10-08T08:35:55.2093030Z   jfrog_oidc_provider_name: github
validate-code / unit-tests (test:unit)	UNKNOWN STEP	2026-10-08T08:35:55.2093193Z   yarn_version: 1
validate-code / unit-tests (test:unit)	UNKNOWN STEP	2026-10-08T08:35:55.2093339Z   npm_deploy_registry_name: npm-local
validate-code / unit-tests (test:unit)	UNKNOWN STEP	2026-10-08T08:35:55.2093521Z   jfrog_url: https://consensys.jfrog.io
validate-code / unit-tests (test:unit)	UNKNOWN STEP	2026-10-08T08:35:55.2093706Z   yarn_client_production_flag: --immutable
validate-code / unit-tests (test:unit)	UNKNOWN STEP	2026-10-08T08:35:55.2093879Z ##[endgroup]
validate-code / unit-tests (test:unit)	UNKNOWN STEP	2026-10-08T08:35:55.2099417Z ##[start-action display=Checkout;id=__consensys-vertical-apps_shared-services-workflows.__actions_checkout]
validate-code / unit-tests (test:unit)	UNKNOWN STEP	2026-10-08T08:35:55.2135632Z ##[group]Run actions/checkout@df4cb1c069e1874edd31b4311f1884172cec0e10
validate-code / unit-tests (test:unit)	UNKNOWN STEP	2026-10-08T08:35:55.2135862Z with:
validate-code / unit-tests (test:unit)	UNKNOWN STEP	2026-10-08T08:35:55.2136033Z   repository: consensys-vertical-apps/va-mmcx-terminal
validate-code / unit-tests (test:unit)	UNKNOWN STEP	2026-10-08T08:35:55.2137514Z   token: ***
validate-code / unit-tests (test:unit)	UNKNOWN STEP	2026-10-08T08:35:55.2137654Z   ssh-strict: true
validate-code / unit-tests (test:unit)	UNKNOWN STEP	2026-10-08T08:35:55.2137794Z   ssh-user: git
validate-code / unit-tests (test:unit)	UNKNOWN STEP	2026-10-08T08:35:55.2138119Z   persist-credentials: true
validate-code / unit-tests (test:unit)	UNKNOWN STEP	2026-10-08T08:35:55.2138277Z   clean: true
validate-code / unit-tests (test:unit)	UNKNOWN STEP	2026-10-08T08:35:55.2138428Z   sparse-checkout-cone-mode: true
validate-code / unit-tests (test:unit)	UNKNOWN STEP	2026-10-08T08:35:55.2138597Z   fetch-depth: 1
validate-code / unit-tests (test:unit)	UNKNOWN STEP	2026-10-08T08:35:55.2138735Z   fetch-tags: false
validate-code / unit-tests (test:unit)	UNKNOWN STEP	2026-10-08T08:35:55.2138877Z   show-progress: true
validate-code / unit-tests (test:unit)	UNKNOWN STEP	2026-10-08T08:35:55.2139018Z   lfs: false
validate-code / unit-tests (test:unit)	UNKNOWN STEP	2026-10-08T08:35:55.2139152Z   submodules: false
validate-code / unit-tests (test:unit)	UNKNOWN STEP	2026-10-08T08:35:55.2139298Z   set-safe-directory: true
validate-code / unit-tests (test:unit)	UNKNOWN STEP	2026-10-08T08:35:55.2139456Z ##[endgroup]
validate-code / unit-tests (test:unit)	UNKNOWN STEP	2026-10-08T08:35:55.2744352Z Syncing repository: consensys-vertical-apps/va-mmcx-terminal
validate-code / unit-tests (test:unit)	UNKNOWN STEP	2026-10-08T08:35:55.2745165Z ##[group]Getting Git version info
validate-code / unit-tests (test:unit)	UNKNOWN STEP	2026-10-08T08:35:55.2745997Z Working directory is '/home/runner/work/va-mmcx-terminal/va-mmcx-terminal'
validate-code / unit-tests (test:unit)	UNKNOWN STEP	2026-10-08T08:35:55.2769927Z [command]/usr/bin/git version
validate-code / unit-tests (test:unit)	UNKNOWN STEP	2026-10-08T08:35:55.2801920Z git version 2.55.0
validate-code / unit-tests (test:unit)	UNKNOWN STEP	2026-10-08T08:35:55.2816822Z ##[endgroup]
validate-code / unit-tests (test:unit)	UNKNOWN STEP	2026-10-08T08:35:55.2827060Z Temporarily overriding HOME='/home/runner/work/_temp/14241a89-a4ef-4202-ab63-afa41aaf1529' before making global git config changes
validate-code / unit-tests (test:unit)	UNKNOWN STEP	2026-10-08T08:35:55.2828142Z Adding repository directory to the temporary git global config as a safe directory
validate-code / unit-tests (test:unit)	UNKNOWN STEP	2026-10-08T08:35:55.2831529Z [command]/usr/bin/git config --global --add safe.directory /home/runner/work/va-mmcx-terminal/va-mmcx-terminal
validate-code / unit-tests (test:unit)	UNKNOWN STEP	2026-10-08T08:35:55.2868354Z [command]/usr/bin/git config --local --get remote.origin.url
validate-code / unit-tests (test:unit)	UNKNOWN STEP	2026-10-08T08:35:55.2893303Z https://github.com/consensys-vertical-apps/va-mmcx-terminal
validate-code / unit-tests (test:unit)	UNKNOWN STEP	2026-10-08T08:35:55.2903949Z ##[group]Removing previously created refs, to avoid conflicts
validate-code / unit-tests (test:unit)	UNKNOWN STEP	2026-10-08T08:35:55.2907375Z [command]/usr/bin/git rev-parse --symbolic-full-name --verify --quiet HEAD
validate-code / unit-tests (test:unit)	UNKNOWN STEP	2026-10-08T08:35:55.2936142Z refs/heads/main
validate-code / unit-tests (test:unit)	UNKNOWN STEP	2026-10-08T08:35:55.2938774Z [command]/usr/bin/git checkout --detach
validate-code / unit-tests (test:unit)	UNKNOWN STEP	2026-10-08T08:35:55.3610199Z HEAD is now at 79374ac Merge pull request #175 from consensys-vertical-apps/INFRA-4094-pin-shared-workflows-v1.19.1
validate-code / unit-tests (test:unit)	UNKNOWN STEP	2026-10-08T08:35:55.3644129Z [command]/usr/bin/git branch --delete --force main
validate-code / unit-tests (test:unit)	UNKNOWN STEP	2026-10-08T08:35:55.4282748Z Deleted branch main (was 79374ac).
validate-code / unit-tests (test:unit)	UNKNOWN STEP	2026-10-08T08:35:55.4306625Z ##[endgroup]
validate-code / unit-tests (test:unit)	UNKNOWN STEP	2026-10-08T08:35:55.4311770Z [command]/usr/bin/git submodule status
validate-code / unit-tests (test:unit)	UNKNOWN STEP	2026-10-08T08:35:55.4529697Z ##[group]Cleaning the repository
validate-code / unit-tests (test:unit)	UNKNOWN STEP	2026-10-08T08:35:55.4533098Z [command]/usr/bin/git clean -ffdx
validate-code / unit-tests (test:unit)	UNKNOWN STEP	2026-10-08T08:35:55.4596222Z [command]/usr/bin/git reset --hard HEAD
validate-code / unit-tests (test:unit)	UNKNOWN STEP	2026-10-08T08:35:55.5939243Z HEAD is now at 79374ac Merge pull request #175 from consensys-vertical-apps/INFRA-4094-pin-shared-workflows-v1.19.1
validate-code / unit-tests (test:unit)	UNKNOWN STEP	2026-10-08T08:35:55.5956085Z ##[endgroup]
validate-code / unit-tests (test:unit)	UNKNOWN STEP	2026-10-08T08:35:55.5956877Z ##[group]Disabling automatic garbage collection
validate-code / unit-tests (test:unit)	UNKNOWN STEP	2026-10-08T08:35:55.5989419Z [command]/usr/bin/git config --local gc.auto 0
validate-code / unit-tests (test:unit)	UNKNOWN STEP	2026-10-08T08:35:55.6077030Z ##[endgroup]
validate-code / unit-tests (test:unit)	UNKNOWN STEP	2026-10-08T08:35:55.6077423Z ##[group]Setting up auth
validate-code / unit-tests (test:unit)	UNKNOWN STEP	2026-10-08T08:35:55.6078057Z Removing SSH command configuration
validate-code / unit-tests (test:unit)	UNKNOWN STEP	2026-10-08T08:35:55.6088614Z [command]/usr/bin/git config --local --name-only --get-regexp core\.sshCommand
validate-code / unit-tests (test:unit)	UNKNOWN STEP	2026-10-08T08:35:55.6143815Z [command]/usr/bin/git submodule foreach --recursive sh -c "git config --local --name-only --get-regexp 'core\.sshCommand' && git config --local --unset-all 'core.sshCommand' || :"
validate-code / unit-tests (test:unit)	UNKNOWN STEP	2026-10-08T08:35:55.6291679Z Removing HTTP extra header
validate-code / unit-tests (test:unit)	UNKNOWN STEP	2026-10-08T08:35:55.6292563Z [command]/usr/bin/git config --local --name-only --get-regexp http\.https\:\/\/github\.com\/\.extraheader
validate-code / unit-tests (test:unit)	UNKNOWN STEP	2026-10-08T08:35:55.6329175Z [command]/usr/bin/git submodule foreach --recursive sh -c "git config --local --name-only --get-regexp 'http\.https\:\/\/github\.com\/\.extraheader' && git config --local --unset-all 'http.https://github.com/.extraheader' || :"
validate-code / unit-tests (test:unit)	UNKNOWN STEP	2026-10-08T08:35:55.6511968Z Removing includeIf entries pointing to credentials config files
validate-code / unit-tests (test:unit)	UNKNOWN STEP	2026-10-08T08:35:55.6512684Z [command]/usr/bin/git config --local --name-only --get-regexp ^includeIf\.gitdir:
validate-code / unit-tests (test:unit)	UNKNOWN STEP	2026-10-08T08:35:55.6548818Z includeif.gitdir:/home/runner/work/va-mmcx-terminal/va-mmcx-terminal/.git.path
validate-code / unit-tests (test:unit)	UNKNOWN STEP	2026-10-08T08:35:55.6549437Z includeif.gitdir:/home/runner/work/va-mmcx-terminal/va-mmcx-terminal/.git/worktrees/*.path
validate-code / unit-tests (test:unit)	UNKNOWN STEP	2026-10-08T08:35:55.6552097Z includeif.gitdir:/github/workspace/.git.path
validate-code / unit-tests (test:unit)	UNKNOWN STEP	2026-10-08T08:35:55.6552881Z includeif.gitdir:/github/workspace/.git/worktrees/*.path
validate-code / unit-tests (test:unit)	UNKNOWN STEP	2026-10-08T08:35:55.6554323Z [command]/usr/bin/git config --local --get-all includeif.gitdir:/home/runner/work/va-mmcx-terminal/va-mmcx-terminal/.git.path
validate-code / unit-tests (test:unit)	UNKNOWN STEP	2026-10-08T08:35:55.6568172Z /home/runner/work/_temp/git-credentials-cae1d35d-ce5b-405f-9168-1b11480d4c52.config
validate-code / unit-tests (test:unit)	UNKNOWN STEP	2026-10-08T08:35:55.6581411Z [command]/usr/bin/git config --local --unset includeif.gitdir:/home/runner/work/va-mmcx-terminal/va-mmcx-terminal/.git.path /home/runner/work/_temp/git-credentials-cae1d35d-ce5b-405f-9168-1b11480d4c52.config
validate-code / unit-tests (test:unit)	UNKNOWN STEP	2026-10-08T08:35:55.6604901Z [command]/usr/bin/git config --local --get-all includeif.gitdir:/home/runner/work/va-mmcx-terminal/va-mmcx-terminal/.git/worktrees/*.path
validate-code / unit-tests (test:unit)	UNKNOWN STEP	2026-10-08T08:35:55.6624063Z /home/runner/work/_temp/git-credentials-cae1d35d-ce5b-405f-9168-1b11480d4c52.config
validate-code / unit-tests (test:unit)	UNKNOWN STEP	2026-10-08T08:35:55.6643229Z [command]/usr/bin/git config --local --unset includeif.gitdir:/home/runner/work/va-mmcx-terminal/va-mmcx-terminal/.git/worktrees/*.path /home/runner/work/_temp/git-credentials-cae1d35d-ce5b-405f-9168-1b11480d4c52.config
validate-code / unit-tests (test:unit)	UNKNOWN STEP	2026-10-08T08:35:55.6663292Z [command]/usr/bin/git config --local --get-all includeif.gitdir:/github/workspace/.git.path
validate-code / unit-tests (test:unit)	UNKNOWN STEP	2026-10-08T08:35:55.6678709Z /github/runner_temp/git-credentials-cae1d35d-ce5b-405f-9168-1b11480d4c52.config
validate-code / unit-tests (test:unit)	UNKNOWN STEP	2026-10-08T08:35:55.6684619Z [command]/usr/bin/git config --local --unset includeif.gitdir:/github/workspace/.git.path /github/runner_temp/git-credentials-cae1d35d-ce5b-405f-9168-1b11480d4c52.config
validate-code / unit-tests (test:unit)	UNKNOWN STEP	2026-10-08T08:35:55.6713755Z [command]/usr/bin/git config --local --get-all includeif.gitdir:/github/workspace/.git/worktrees/*.path
validate-code / unit-tests (test:unit)	UNKNOWN STEP	2026-10-08T08:35:55.6769962Z /github/runner_temp/git-credentials-cae1d35d-ce5b-405f-9168-1b11480d4c52.config
validate-code / unit-tests (test:unit)	UNKNOWN STEP	2026-10-08T08:35:55.6772305Z [command]/usr/bin/git config --local --unset includeif.gitdir:/github/workspace/.git/worktrees/*.path /github/runner_temp/git-credentials-cae1d35d-ce5b-405f-9168-1b11480d4c52.config
validate-code / unit-tests (test:unit)	UNKNOWN STEP	2026-10-08T08:35:55.6802003Z [command]/usr/bin/git submodule foreach --recursive git config --local --show-origin --name-only --get-regexp remote.origin.url
validate-code / unit-tests (test:unit)	UNKNOWN STEP	2026-10-08T08:35:55.6988369Z Removing credentials config '/home/runner/work/_temp/git-credentials-cae1d35d-ce5b-405f-9168-1b11480d4c52.config'
validate-code / unit-tests (test:unit)	UNKNOWN STEP	2026-10-08T08:35:55.7001283Z [command]/usr/bin/git config --file /home/runner/work/_temp/git-credentials-b9b03392-2db4-47b2-a863-92188a6a1cd5.config http.https://github.com/.extraheader AUTHORIZATION: basic ***
validate-code / unit-tests (test:unit)	UNKNOWN STEP	2026-10-08T08:35:55.7032307Z [command]/usr/bin/git config --local includeIf.gitdir:/home/runner/work/va-mmcx-terminal/va-mmcx-terminal/.git.path /home/runner/work/_temp/git-credentials-b9b03392-2db4-47b2-a863-92188a6a1cd5.config
validate-code / unit-tests (test:unit)	UNKNOWN STEP	2026-10-08T08:35:55.7062696Z [command]/usr/bin/git config --local includeIf.gitdir:/home/runner/work/va-mmcx-terminal/va-mmcx-terminal/.git/worktrees/*.path /home/runner/work/_temp/git-credentials-b9b03392-2db4-47b2-a863-92188a6a1cd5.config
validate-code / unit-tests (test:unit)	UNKNOWN STEP	2026-10-08T08:35:55.7133106Z [command]/usr/bin/git config --local includeIf.gitdir:/github/workspace/.git.path /github/runner_temp/git-credentials-b9b03392-2db4-47b2-a863-92188a6a1cd5.config
validate-code / unit-tests (test:unit)	UNKNOWN STEP	2026-10-08T08:35:55.7158794Z [command]/usr/bin/git config --local includeIf.gitdir:/github/workspace/.git/worktrees/*.path /github/runner_temp/git-credentials-b9b03392-2db4-47b2-a863-92188a6a1cd5.config
validate-code / unit-tests (test:unit)	UNKNOWN STEP	2026-10-08T08:35:55.7186729Z ##[endgroup]
validate-code / unit-tests (test:unit)	UNKNOWN STEP	2026-10-08T08:35:55.7187140Z ##[group]Fetching the repository
validate-code / unit-tests (test:unit)	UNKNOWN STEP	2026-10-08T08:35:55.7195697Z [command]/usr/bin/git -c protocol.version=2 fetch --no-tags --prune --no-recurse-submodules --depth=1 origin +79374ac1def015cd22660379c27aec1084db7322:refs/remotes/origin/main
validate-code / unit-tests (test:unit)	UNKNOWN STEP	2026-10-08T08:35:56.0430003Z [command]/usr/bin/git branch --list --remote origin/main
validate-code / unit-tests (test:unit)	UNKNOWN STEP	2026-10-08T08:35:56.0438348Z   origin/main
validate-code / unit-tests (test:unit)	UNKNOWN STEP	2026-10-08T08:35:56.0441149Z [command]/usr/bin/git rev-parse refs/remotes/origin/main
validate-code / unit-tests (test:unit)	UNKNOWN STEP	2026-10-08T08:35:56.0471171Z 79374ac1def015cd22660379c27aec1084db7322
validate-code / unit-tests (test:unit)	UNKNOWN STEP	2026-10-08T08:35:56.0474695Z ##[endgroup]
validate-code / unit-tests (test:unit)	UNKNOWN STEP	2026-10-08T08:35:56.0475373Z ##[group]Determining the checkout info
validate-code / unit-tests (test:unit)	UNKNOWN STEP	2026-10-08T08:35:56.0476145Z ##[endgroup]
validate-code / unit-tests (test:unit)	UNKNOWN STEP	2026-10-08T08:35:56.0476543Z [command]/usr/bin/git sparse-checkout disable
validate-code / unit-tests (test:unit)	UNKNOWN STEP	2026-10-08T08:35:56.1057019Z [command]/usr/bin/git config --local --unset-all extensions.worktreeConfig
validate-code / unit-tests (test:unit)	UNKNOWN STEP	2026-10-08T08:35:56.1086771Z ##[group]Checking out the ref
validate-code / unit-tests (test:unit)	UNKNOWN STEP	2026-10-08T08:35:56.1089214Z [command]/usr/bin/git checkout --progress --force -B main refs/remotes/origin/main
validate-code / unit-tests (test:unit)	UNKNOWN STEP	2026-10-08T08:35:56.1157114Z Switched to a new branch 'main'
validate-code / unit-tests (test:unit)	UNKNOWN STEP	2026-10-08T08:35:56.1157488Z branch 'main' set up to track 'origin/main'.
validate-code / unit-tests (test:unit)	UNKNOWN STEP	2026-10-08T08:35:56.1162832Z ##[endgroup]
validate-code / unit-tests (test:unit)	UNKNOWN STEP	2026-10-08T08:35:56.1191596Z [command]/usr/bin/git log -1 --format=%H
validate-code / unit-tests (test:unit)	UNKNOWN STEP	2026-10-08T08:35:56.1212525Z 79374ac1def015cd22660379c27aec1084db7322
validate-code / unit-tests (test:unit)	UNKNOWN STEP	2026-10-08T08:35:56.1299082Z ##[end-action id=__consensys-vertical-apps_shared-services-workflows.__actions_checkout;outcome=success;conclusion=success;duration_ms=919]
validate-code / unit-tests (test:unit)	UNKNOWN STEP	2026-10-08T08:35:56.1302319Z ##[start-action display=NPM client check;id=__consensys-vertical-apps_shared-services-workflows.__run]
validate-code / unit-tests (test:unit)	UNKNOWN STEP	2026-10-08T08:35:56.1316123Z ##[group]Run if [[ ! "$NPM_CLIENT" =~ ^(yarn|npm|pnpm)$ ]]; then
validate-code / unit-tests (test:unit)	UNKNOWN STEP	2026-10-08T08:35:56.1316411Z ^[[36;1mif [[ ! "$NPM_CLIENT" =~ ^(yarn|npm|pnpm)$ ]]; then^[[0m
validate-code / unit-tests (test:unit)	UNKNOWN STEP	2026-10-08T08:35:56.1316671Z ^[[36;1m  echo "Please use a supported NPM client \'npm\' or \'yarn\'"^[[0m
validate-code / unit-tests (test:unit)	UNKNOWN STEP	2026-10-08T08:35:56.1316900Z ^[[36;1m  exit 1^[[0m
validate-code / unit-tests (test:unit)	UNKNOWN STEP	2026-10-08T08:35:56.1317033Z ^[[36;1mfi^[[0m
validate-code / unit-tests (test:unit)	UNKNOWN STEP	2026-10-08T08:35:56.1367435Z shell: /usr/bin/bash --noprofile --norc -e -o pipefail ***0***
validate-code / unit-tests (test:unit)	UNKNOWN STEP	2026-10-08T08:35:56.1367661Z env:
validate-code / unit-tests (test:unit)	UNKNOWN STEP	2026-10-08T08:35:56.1367976Z   NPM_CLIENT: npm
validate-code / unit-tests (test:unit)	UNKNOWN STEP	2026-10-08T08:35:56.1368149Z ##[endgroup]
validate-code / unit-tests (test:unit)	UNKNOWN STEP	2026-10-08T08:35:56.1435974Z ##[end-action id=__consensys-vertical-apps_shared-services-workflows.__run;outcome=success;conclusion=success;duration_ms=13]
validate-code / unit-tests (test:unit)	UNKNOWN STEP	2026-10-08T08:35:56.1438670Z ##[start-action display=JFrog Auth;id=__consensys-vertical-apps_shared-services-workflows.jfrog_token]
validate-code / unit-tests (test:unit)	UNKNOWN STEP	2026-10-08T08:35:56.1465110Z ##[group]Run jfrog/setup-jfrog-cli@deda456d982fc5e9a7a020b63eb0d2968aedd33e
validate-code / unit-tests (test:unit)	UNKNOWN STEP	2026-10-08T08:35:56.1465365Z with:
validate-code / unit-tests (test:unit)	UNKNOWN STEP	2026-10-08T08:35:56.1465508Z   oidc-provider-name: github
validate-code / unit-tests (test:unit)	UNKNOWN STEP	2026-10-08T08:35:56.1465661Z   version: 2.91.0
validate-code / unit-tests (test:unit)	UNKNOWN STEP	2026-10-08T08:35:56.1465801Z   disable-job-summary: false
validate-code / unit-tests (test:unit)	UNKNOWN STEP	2026-10-08T08:35:56.1465966Z   disable-auto-build-publish: false
validate-code / unit-tests (test:unit)	UNKNOWN STEP	2026-10-08T08:35:56.1466150Z   disable-auto-evidence-collection: false
validate-code / unit-tests (test:unit)	UNKNOWN STEP	2026-10-08T08:35:56.1466336Z   enable-package-alias: false
validate-code / unit-tests (test:unit)	UNKNOWN STEP	2026-10-08T08:35:56.1466491Z env:
validate-code / unit-tests (test:unit)	UNKNOWN STEP	2026-10-08T08:35:56.1466633Z   JF_URL: https://consensys.jfrog.io
validate-code / unit-tests (test:unit)	UNKNOWN STEP	2026-10-08T08:35:56.1466801Z ##[endgroup]
validate-code / unit-tests (test:unit)	UNKNOWN STEP	2026-10-08T08:35:56.2545567Z ##[group]Setup JFrog CLI
validate-code / unit-tests (test:unit)	UNKNOWN STEP	2026-10-08T08:35:56.2668007Z Downloading JFrog CLI from https://releases.jfrog.io/artifactory/jfrog-cli/v2/2.91.0/jfrog-cli-linux-amd64/jfrog
validate-code / unit-tests (test:unit)	UNKNOWN STEP	2026-10-08T08:35:58.2917310Z [command]/opt/hostedtoolcache/jf/2.91.0/x64/jf config add setup-jfrog-cli-server --url https://consensys.jfrog.io --interactive=false --overwrite=true --access-token ***
validate-code / unit-tests (test:unit)	UNKNOWN STEP	2026-10-08T08:35:58.3052332Z ##[endgroup]
validate-code / unit-tests (test:unit)	UNKNOWN STEP	2026-10-08T08:35:58.3152407Z ##[end-action id=__consensys-vertical-apps_shared-services-workflows.jfrog_token;outcome=success;conclusion=success;duration_ms=2171]
validate-code / unit-tests (test:unit)	UNKNOWN STEP	2026-10-08T08:35:58.3156067Z ##[start-action display=Corepack enable;id=__consensys-vertical-apps_shared-services-workflows.__run_2]
validate-code / unit-tests (test:unit)	UNKNOWN STEP	2026-10-08T08:35:58.3170362Z ##[group]Run if [ "$NPM_CLIENT" = "yarn" ] && [ "$YARN_VERSION" = "4" ]; then
validate-code / unit-tests (test:unit)	UNKNOWN STEP	2026-10-08T08:35:58.3170682Z ^[[36;1mif [ "$NPM_CLIENT" = "yarn" ] && [ "$YARN_VERSION" = "4" ]; then^[[0m
validate-code / unit-tests (test:unit)	UNKNOWN STEP	2026-10-08T08:35:58.3170909Z ^[[36;1m  corepack enable^[[0m
validate-code / unit-tests (test:unit)	UNKNOWN STEP	2026-10-08T08:35:58.3171061Z ^[[36;1mfi^[[0m
validate-code / unit-tests (test:unit)	UNKNOWN STEP	2026-10-08T08:35:58.3171223Z ^[[36;1mif [ "$NPM_CLIENT" = "pnpm" ]; then^[[0m
validate-code / unit-tests (test:unit)	UNKNOWN STEP	2026-10-08T08:35:58.3171410Z ^[[36;1m  corepack enable^[[0m
validate-code / unit-tests (test:unit)	UNKNOWN STEP	2026-10-08T08:35:58.3171559Z ^[[36;1mfi^[[0m
validate-code / unit-tests (test:unit)	UNKNOWN STEP	2026-10-08T08:35:58.3224412Z shell: /usr/bin/bash --noprofile --norc -e -o pipefail ***0***
validate-code / unit-tests (test:unit)	UNKNOWN STEP	2026-10-08T08:35:58.3224644Z env:
validate-code / unit-tests (test:unit)	UNKNOWN STEP	2026-10-08T08:35:58.3224943Z   JFROG_CLI_ENV_EXCLUDE: *password*;*secret*;*key*;*token*;*auth*;JF_ARTIFACTORY_*;JF_ENV_*;JF_URL;JF_USER;JF_PASSWORD;JF_ACCESS_TOKEN
validate-code / unit-tests (test:unit)	UNKNOWN STEP	2026-10-08T08:35:58.3225292Z   JFROG_CLI_OFFER_CONFIG: false
validate-code / unit-tests (test:unit)	UNKNOWN STEP	2026-10-08T08:35:58.3225470Z   JFROG_CLI_AVOID_NEW_VERSION_WARNING: true
validate-code / unit-tests (test:unit)	UNKNOWN STEP	2026-10-08T08:35:58.3225720Z   JFROG_CLI_SOURCECODE_REPOSITORY: consensys-vertical-apps/va-mmcx-terminal
validate-code / unit-tests (test:unit)	UNKNOWN STEP	2026-10-08T08:35:58.3225971Z   JFROG_CLI_CI_JOB_ID: Release
validate-code / unit-tests (test:unit)	UNKNOWN STEP	2026-10-08T08:35:58.3226137Z   JFROG_CLI_CI_RUN_ID: 37750852902
validate-code / unit-tests (test:unit)	UNKNOWN STEP	2026-10-08T08:35:58.3226305Z   JFROG_CLI_GITHUB_TOKEN: 
validate-code / unit-tests (test:unit)	UNKNOWN STEP	2026-10-08T08:35:58.3226505Z   JFROG_CLI_CI_VCS_REVISION: 79374ac1def015cd22660379c27aec1084db7322
validate-code / unit-tests (test:unit)	UNKNOWN STEP	2026-10-08T08:35:58.3226726Z   JFROG_CLI_CI_BRANCH: main
validate-code / unit-tests (test:unit)	UNKNOWN STEP	2026-10-08T08:35:58.3226984Z   JFROG_CLI_CI_VCS_URL: https://github.com/consensys-vertical-apps/va-mmcx-terminal
validate-code / unit-tests (test:unit)	UNKNOWN STEP	2026-10-08T08:35:58.3227243Z   JFROG_CLI_BUILD_NAME: Release
validate-code / unit-tests (test:unit)	UNKNOWN STEP	2026-10-08T08:35:58.3227407Z   JFROG_CLI_BUILD_NUMBER: 82
validate-code / unit-tests (test:unit)	UNKNOWN STEP	2026-10-08T08:35:58.3227688Z   JFROG_CLI_BUILD_URL: https://github.com/consensys-vertical-apps/va-mmcx-terminal/actions/runs/37750852902
validate-code / unit-tests (test:unit)	UNKNOWN STEP	2026-10-08T08:35:58.3228242Z   JFROG_CLI_USER_AGENT: setup-jfrog-cli-github-action/5.1.0
validate-code / unit-tests (test:unit)	UNKNOWN STEP	2026-10-08T08:35:58.3228498Z   JFROG_CLI_COMMAND_SUMMARY_OUTPUT_DIR: /home/runner/work/_temp
validate-code / unit-tests (test:unit)	UNKNOWN STEP	2026-10-08T08:35:58.3228749Z   JFROG_CLI_USAGE_GH_TOKEN_FOR_CODE_SCANNING_ALERTS_PROVIDED: 
validate-code / unit-tests (test:unit)	UNKNOWN STEP	2026-10-08T08:35:58.3228988Z   SETUP_JFROG_CLI_SERVER_IDS: setup-jfrog-cli-server
validate-code / unit-tests (test:unit)	UNKNOWN STEP	2026-10-08T08:35:58.3229182Z   NPM_CLIENT: npm
validate-code / unit-tests (test:unit)	UNKNOWN STEP	2026-10-08T08:35:58.3229322Z   YARN_VERSION: 1
validate-code / unit-tests (test:unit)	UNKNOWN STEP	2026-10-08T08:35:58.3229462Z ##[endgroup]
validate-code / unit-tests (test:unit)	UNKNOWN STEP	2026-10-08T08:35:58.3306452Z ##[end-action id=__consensys-vertical-apps_shared-services-workflows.__run_2;outcome=success;conclusion=success;duration_ms=14]
validate-code / unit-tests (test:unit)	UNKNOWN STEP	2026-10-08T08:35:58.3308937Z ##[start-action display=Run pnpm/action-setup@fc06bc1257f339d1d5d8b3a19a8cae5388b55320;id=__consensys-vertical-apps_shared-services-workflows.__pnpm_action-setup]
validate-code / unit-tests (test:unit)	UNKNOWN STEP	2026-10-08T08:35:58.3312434Z ##[end-action id=__consensys-vertical-apps_shared-services-workflows.__pnpm_action-setup;outcome=skipped;conclusion=skipped;duration_ms=0]
validate-code / unit-tests (test:unit)	UNKNOWN STEP	2026-10-08T08:35:58.3314156Z ##[start-action display=Setup Node.js;id=__consensys-vertical-apps_shared-services-workflows.__actions_setup-node]
validate-code / unit-tests (test:unit)	UNKNOWN STEP	2026-10-08T08:35:58.3343349Z ##[group]Run actions/setup-node@48b55a011bda9f5d6aeb4c2d9c7362e8dae4041e
validate-code / unit-tests (test:unit)	UNKNOWN STEP	2026-10-08T08:35:58.3343723Z with:
validate-code / unit-tests (test:unit)	UNKNOWN STEP	2026-10-08T08:35:58.3343999Z   node-version: 22
validate-code / unit-tests (test:unit)	UNKNOWN STEP	2026-10-08T08:35:58.3344276Z   cache: npm
validate-code / unit-tests (test:unit)	UNKNOWN STEP	2026-10-08T08:35:58.3358157Z   check-latest: false
validate-code / unit-tests (test:unit)	UNKNOWN STEP	2026-10-08T08:35:58.3359873Z   token: ***
validate-code / unit-tests (test:unit)	UNKNOWN STEP	2026-10-08T08:35:58.3360025Z   package-manager-cache: true
validate-code / unit-tests (test:unit)	UNKNOWN STEP	2026-10-08T08:35:58.3360190Z env:
validate-code / unit-tests (test:unit)	UNKNOWN STEP	2026-10-08T08:35:58.3360673Z   JFROG_CLI_ENV_EXCLUDE: *password*;*secret*;*key*;*token*;*auth*;JF_ARTIFACTORY_*;JF_ENV_*;JF_URL;JF_USER;JF_PASSWORD;JF_ACCESS_TOKEN
validate-code / unit-tests (test:unit)	UNKNOWN STEP	2026-10-08T08:35:58.3361008Z   JFROG_CLI_OFFER_CONFIG: false
validate-code / unit-tests (test:unit)	UNKNOWN STEP	2026-10-08T08:35:58.3361183Z   JFROG_CLI_AVOID_NEW_VERSION_WARNING: true
validate-code / unit-tests (test:unit)	UNKNOWN STEP	2026-10-08T08:35:58.3361429Z   JFROG_CLI_SOURCECODE_REPOSITORY: consensys-vertical-apps/va-mmcx-terminal
validate-code / unit-tests (test:unit)	UNKNOWN STEP	2026-10-08T08:35:58.3361679Z   JFROG_CLI_CI_JOB_ID: Release
validate-code / unit-tests (test:unit)	UNKNOWN STEP	2026-10-08T08:35:58.3361845Z   JFROG_CLI_CI_RUN_ID: 37750852902
validate-code / unit-tests (test:unit)	UNKNOWN STEP	2026-10-08T08:35:58.3362013Z   JFROG_CLI_GITHUB_TOKEN: 
validate-code / unit-tests (test:unit)	UNKNOWN STEP	2026-10-08T08:35:58.3362354Z   JFROG_CLI_CI_VCS_REVISION: 79374ac1def015cd22660379c27aec1084db7322
validate-code / unit-tests (test:unit)	UNKNOWN STEP	2026-10-08T08:35:58.3362571Z   JFROG_CLI_CI_BRANCH: main
validate-code / unit-tests (test:unit)	UNKNOWN STEP	2026-10-08T08:35:58.3362808Z   JFROG_CLI_CI_VCS_URL: https://github.com/consensys-vertical-apps/va-mmcx-terminal
validate-code / unit-tests (test:unit)	UNKNOWN STEP	2026-10-08T08:35:58.3363059Z   JFROG_CLI_BUILD_NAME: Release
validate-code / unit-tests (test:unit)	UNKNOWN STEP	2026-10-08T08:35:58.3363223Z   JFROG_CLI_BUILD_NUMBER: 82
validate-code / unit-tests (test:unit)	UNKNOWN STEP	2026-10-08T08:35:58.3363508Z   JFROG_CLI_BUILD_URL: https://github.com/consensys-vertical-apps/va-mmcx-terminal/actions/runs/37750852902
validate-code / unit-tests (test:unit)	UNKNOWN STEP	2026-10-08T08:35:58.3363849Z   JFROG_CLI_USER_AGENT: setup-jfrog-cli-github-action/5.1.0
validate-code / unit-tests (test:unit)	UNKNOWN STEP	2026-10-08T08:35:58.3364102Z   JFROG_CLI_COMMAND_SUMMARY_OUTPUT_DIR: /home/runner/work/_temp
validate-code / unit-tests (test:unit)	UNKNOWN STEP	2026-10-08T08:35:58.3364351Z   JFROG_CLI_USAGE_GH_TOKEN_FOR_CODE_SCANNING_ALERTS_PROVIDED: 
validate-code / unit-tests (test:unit)	UNKNOWN STEP	2026-10-08T08:35:58.3364585Z   SETUP_JFROG_CLI_SERVER_IDS: setup-jfrog-cli-server
validate-code / unit-tests (test:unit)	UNKNOWN STEP	2026-10-08T08:35:58.3369189Z   JFROG_ACCESS_TOKEN: ***
validate-code / unit-tests (test:unit)	UNKNOWN STEP	2026-10-08T08:35:58.3369346Z ##[endgroup]
validate-code / unit-tests (test:unit)	UNKNOWN STEP	2026-10-08T08:35:58.4505562Z Found in cache @ /opt/hostedtoolcache/node/22.23.3/x64
validate-code / unit-tests (test:unit)	UNKNOWN STEP	2026-10-08T08:35:58.4507171Z ##[group]Environment details
validate-code / unit-tests (test:unit)	UNKNOWN STEP	2026-10-08T08:35:58.7810580Z node: v22.23.3
validate-code / unit-tests (test:unit)	UNKNOWN STEP	2026-10-08T08:35:58.7811348Z npm: 10.9.9
validate-code / unit-tests (test:unit)	UNKNOWN STEP	2026-10-08T08:35:58.7811781Z yarn: 1.22.22
validate-code / unit-tests (test:unit)	UNKNOWN STEP	2026-10-08T08:35:58.7812444Z ##[endgroup]
validate-code / unit-tests (test:unit)	UNKNOWN STEP	2026-10-08T08:35:58.7824788Z [command]/opt/hostedtoolcache/node/22.23.3/x64/bin/npm config get cache
validate-code / unit-tests (test:unit)	UNKNOWN STEP	2026-10-08T08:35:58.8664838Z /home/runner/.npm
validate-code / unit-tests (test:unit)	UNKNOWN STEP	2026-10-08T08:35:59.0175422Z Cache hit for: node-cache-Linux-x64-npm-37a8545c001c84aca180b37119bb59277f0f2a04cabc389c446716dfb08231b2
validate-code / unit-tests (test:unit)	UNKNOWN STEP	2026-10-08T08:36:00.1559119Z Received 113246208 of 325395524 (34.8%), 107.7 MBs/sec
validate-code / unit-tests (test:unit)	UNKNOWN STEP	2026-10-08T08:36:01.1516708Z Received 306184192 of 325395524 (94.1%), 145.8 MBs/sec
validate-code / unit-tests (test:unit)	UNKNOWN STEP	2026-10-08T08:36:01.2193755Z Received 325395524 of 325395524 (100.0%), 149.8 MBs/sec
validate-code / unit-tests (test:unit)	UNKNOWN STEP	2026-10-08T08:36:01.2194434Z Cache Size: ~310 MB (325395524 B)
validate-code / unit-tests (test:unit)	UNKNOWN STEP	2026-10-08T08:36:01.2218407Z [command]/usr/bin/tar -xf /home/runner/work/_temp/f11b687c-8578-4019-88cd-0d80184faa9c/cache.tzst -P -C /home/runner/work/va-mmcx-terminal/va-mmcx-terminal --use-compress-program unzstd
validate-code / unit-tests (test:unit)	UNKNOWN STEP	2026-10-08T08:36:01.8549074Z Cache restored successfully
validate-code / unit-tests (test:unit)	UNKNOWN STEP	2026-10-08T08:36:01.8696560Z Cache restored from key: node-cache-Linux-x64-npm-37a8545c001c84aca180b37119bb59277f0f2a04cabc389c446716dfb08231b2
validate-code / unit-tests (test:unit)	UNKNOWN STEP	2026-10-08T08:36:01.8863222Z ##[end-action id=__consensys-vertical-apps_shared-services-workflows.__actions_setup-node;outcome=success;conclusion=success;duration_ms=3554]
validate-code / unit-tests (test:unit)	UNKNOWN STEP	2026-10-08T08:36:01.8866275Z ##[start-action display=Setup lock file name;id=__consensys-vertical-apps_shared-services-workflows.lock_file_name]
validate-code / unit-tests (test:unit)	UNKNOWN STEP	2026-10-08T08:36:01.8893925Z ##[group]Run if [ "$NPM_CLIENT" = "yarn" ]; then
validate-code / unit-tests (test:unit)	UNKNOWN STEP	2026-10-08T08:36:01.8894161Z ^[[36;1mif [ "$NPM_CLIENT" = "yarn" ]; then^[[0m
validate-code / unit-tests (test:unit)	UNKNOWN STEP	2026-10-08T08:36:01.8894384Z ^[[36;1m  echo "file_name=**/yarn.lock" >> "$GITHUB_OUTPUT"^[[0m
validate-code / unit-tests (test:unit)	UNKNOWN STEP	2026-10-08T08:36:01.8894611Z ^[[36;1melif [ "$NPM_CLIENT" = "pnpm" ]; then^[[0m
validate-code / unit-tests (test:unit)	UNKNOWN STEP	2026-10-08T08:36:01.8894841Z ^[[36;1m  echo "file_name=**/pnpm-lock.yaml" >> "$GITHUB_OUTPUT"^[[0m
validate-code / unit-tests (test:unit)	UNKNOWN STEP	2026-10-08T08:36:01.8895072Z ^[[36;1melse^[[0m
validate-code / unit-tests (test:unit)	UNKNOWN STEP	2026-10-08T08:36:01.8895262Z ^[[36;1m  echo "file_name=**/package-lock.json" >> "$GITHUB_OUTPUT"^[[0m
validate-code / unit-tests (test:unit)	UNKNOWN STEP	2026-10-08T08:36:01.8895475Z ^[[36;1mfi^[[0m
validate-code / unit-tests (test:unit)	UNKNOWN STEP	2026-10-08T08:36:01.8951665Z shell: /usr/bin/bash --noprofile --norc -e -o pipefail ***0***
validate-code / unit-tests (test:unit)	UNKNOWN STEP	2026-10-08T08:36:01.8951900Z env:
validate-code / unit-tests (test:unit)	UNKNOWN STEP	2026-10-08T08:36:01.8952200Z   JFROG_CLI_ENV_EXCLUDE: *password*;*secret*;*key*;*token*;*auth*;JF_ARTIFACTORY_*;JF_ENV_*;JF_URL;JF_USER;JF_PASSWORD;JF_ACCESS_TOKEN
validate-code / unit-tests (test:unit)	UNKNOWN STEP	2026-10-08T08:36:01.8952534Z   JFROG_CLI_OFFER_CONFIG: false
validate-code / unit-tests (test:unit)	UNKNOWN STEP	2026-10-08T08:36:01.8952872Z   JFROG_CLI_AVOID_NEW_VERSION_WARNING: true
validate-code / unit-tests (test:unit)	UNKNOWN STEP	2026-10-08T08:36:01.8953129Z   JFROG_CLI_SOURCECODE_REPOSITORY: consensys-vertical-apps/va-mmcx-terminal
validate-code / unit-tests (test:unit)	UNKNOWN STEP	2026-10-08T08:36:01.8953380Z   JFROG_CLI_CI_JOB_ID: Release
validate-code / unit-tests (test:unit)	UNKNOWN STEP	2026-10-08T08:36:01.8953552Z   JFROG_CLI_CI_RUN_ID: 37750852902
validate-code / unit-tests (test:unit)	UNKNOWN STEP	2026-10-08T08:36:01.8953726Z   JFROG_CLI_GITHUB_TOKEN: 
validate-code / unit-tests (test:unit)	UNKNOWN STEP	2026-10-08T08:36:01.8953930Z   JFROG_CLI_CI_VCS_REVISION: 79374ac1def015cd22660379c27aec1084db7322
validate-code / unit-tests (test:unit)	UNKNOWN STEP	2026-10-08T08:36:01.8954153Z   JFROG_CLI_CI_BRANCH: main
validate-code / unit-tests (test:unit)	UNKNOWN STEP	2026-10-08T08:36:01.8954520Z   JFROG_CLI_CI_VCS_URL: https://github.com/consensys-vertical-apps/va-mmcx-terminal
validate-code / unit-tests (test:unit)	UNKNOWN STEP	2026-10-08T08:36:01.8954778Z   JFROG_CLI_BUILD_NAME: Release
validate-code / unit-tests (test:unit)	UNKNOWN STEP	2026-10-08T08:36:01.8954940Z   JFROG_CLI_BUILD_NUMBER: 82
validate-code / unit-tests (test:unit)	UNKNOWN STEP	2026-10-08T08:36:01.8955225Z   JFROG_CLI_BUILD_URL: https://github.com/consensys-vertical-apps/va-mmcx-terminal/actions/runs/37750852902
validate-code / unit-tests (test:unit)	UNKNOWN STEP	2026-10-08T08:36:01.8955567Z   JFROG_CLI_USER_AGENT: setup-jfrog-cli-github-action/5.1.0
validate-code / unit-tests (test:unit)	UNKNOWN STEP	2026-10-08T08:36:01.8955826Z   JFROG_CLI_COMMAND_SUMMARY_OUTPUT_DIR: /home/runner/work/_temp
validate-code / unit-tests (test:unit)	UNKNOWN STEP	2026-10-08T08:36:01.8956086Z   JFROG_CLI_USAGE_GH_TOKEN_FOR_CODE_SCANNING_ALERTS_PROVIDED: 
validate-code / unit-tests (test:unit)	UNKNOWN STEP	2026-10-08T08:36:01.8956327Z   SETUP_JFROG_CLI_SERVER_IDS: setup-jfrog-cli-server
validate-code / unit-tests (test:unit)	UNKNOWN STEP	2026-10-08T08:36:01.8956816Z   NPM_CLIENT: npm
validate-code / unit-tests (test:unit)	UNKNOWN STEP	2026-10-08T08:36:01.8956968Z ##[endgroup]
validate-code / unit-tests (test:unit)	UNKNOWN STEP	2026-10-08T08:36:01.9328617Z ##[end-action id=__consensys-vertical-apps_shared-services-workflows.lock_file_name;outcome=success;conclusion=success;duration_ms=46]
validate-code / unit-tests (test:unit)	UNKNOWN STEP	2026-10-08T08:36:01.9331504Z ##[start-action display=Set jf npm config;id=__consensys-vertical-apps_shared-services-workflows.__run_3]
validate-code / unit-tests (test:unit)	UNKNOWN STEP	2026-10-08T08:36:01.9345526Z ##[group]Run jf npm-config --global=true --repo-resolve="$JFROG_NPM_REPO" --repo-deploy="$JFROG_NPM_DEPLOY_REPO"
validate-code / unit-tests (test:unit)	UNKNOWN STEP	2026-10-08T08:36:01.9345974Z ^[[36;1mjf npm-config --global=true --repo-resolve="$JFROG_NPM_REPO" --repo-deploy="$JFROG_NPM_DEPLOY_REPO"^[[0m
validate-code / unit-tests (test:unit)	UNKNOWN STEP	2026-10-08T08:36:01.9398340Z shell: /usr/bin/bash --noprofile --norc -e -o pipefail ***0***
validate-code / unit-tests (test:unit)	UNKNOWN STEP	2026-10-08T08:36:01.9398575Z env:
validate-code / unit-tests (test:unit)	UNKNOWN STEP	2026-10-08T08:36:01.9398889Z   JFROG_CLI_ENV_EXCLUDE: *password*;*secret*;*key*;*token*;*auth*;JF_ARTIFACTORY_*;JF_ENV_*;JF_URL;JF_USER;JF_PASSWORD;JF_ACCESS_TOKEN
validate-code / unit-tests (test:unit)	UNKNOWN STEP	2026-10-08T08:36:01.9399222Z   JFROG_CLI_OFFER_CONFIG: false
validate-code / unit-tests (test:unit)	UNKNOWN STEP	2026-10-08T08:36:01.9399406Z   JFROG_CLI_AVOID_NEW_VERSION_WARNING: true
validate-code / unit-tests (test:unit)	UNKNOWN STEP	2026-10-08T08:36:01.9399661Z   JFROG_CLI_SOURCECODE_REPOSITORY: consensys-vertical-apps/va-mmcx-terminal
validate-code / unit-tests (test:unit)	UNKNOWN STEP	2026-10-08T08:36:01.9399911Z   JFROG_CLI_CI_JOB_ID: Release
validate-code / unit-tests (test:unit)	UNKNOWN STEP	2026-10-08T08:36:01.9400079Z   JFROG_CLI_CI_RUN_ID: 37750852902
validate-code / unit-tests (test:unit)	UNKNOWN STEP	2026-10-08T08:36:01.9400261Z   JFROG_CLI_GITHUB_TOKEN: 
validate-code / unit-tests (test:unit)	UNKNOWN STEP	2026-10-08T08:36:01.9400463Z   JFROG_CLI_CI_VCS_REVISION: 79374ac1def015cd22660379c27aec1084db7322
validate-code / unit-tests (test:unit)	UNKNOWN STEP	2026-10-08T08:36:01.9400685Z   JFROG_CLI_CI_BRANCH: main
validate-code / unit-tests (test:unit)	UNKNOWN STEP	2026-10-08T08:36:01.9400934Z   JFROG_CLI_CI_VCS_URL: https://github.com/consensys-vertical-apps/va-mmcx-terminal
validate-code / unit-tests (test:unit)	UNKNOWN STEP	2026-10-08T08:36:01.9401194Z   JFROG_CLI_BUILD_NAME: Release
validate-code / unit-tests (test:unit)	UNKNOWN STEP	2026-10-08T08:36:01.9401360Z   JFROG_CLI_BUILD_NUMBER: 82
validate-code / unit-tests (test:unit)	UNKNOWN STEP	2026-10-08T08:36:01.9401646Z   JFROG_CLI_BUILD_URL: https://github.com/consensys-vertical-apps/va-mmcx-terminal/actions/runs/37750852902
validate-code / unit-tests (test:unit)	UNKNOWN STEP	2026-10-08T08:36:01.9401985Z   JFROG_CLI_USER_AGENT: setup-jfrog-cli-github-action/5.1.0
validate-code / unit-tests (test:unit)	UNKNOWN STEP	2026-10-08T08:36:01.9402237Z   JFROG_CLI_COMMAND_SUMMARY_OUTPUT_DIR: /home/runner/work/_temp
validate-code / unit-tests (test:unit)	UNKNOWN STEP	2026-10-08T08:36:01.9402491Z   JFROG_CLI_USAGE_GH_TOKEN_FOR_CODE_SCANNING_ALERTS_PROVIDED: 
validate-code / unit-tests (test:unit)	UNKNOWN STEP	2026-10-08T08:36:01.9402730Z   SETUP_JFROG_CLI_SERVER_IDS: setup-jfrog-cli-server
validate-code / unit-tests (test:unit)	UNKNOWN STEP	2026-10-08T08:36:01.9402931Z   JFROG_NPM_REPO: npm
validate-code / unit-tests (test:unit)	UNKNOWN STEP	2026-10-08T08:36:01.9403095Z   JFROG_NPM_DEPLOY_REPO: npm-local
validate-code / unit-tests (test:unit)	UNKNOWN STEP	2026-10-08T08:36:01.9403266Z ##[endgroup]
validate-code / unit-tests (test:unit)	UNKNOWN STEP	2026-10-08T08:36:01.9599276Z 08:36:01 [Info] npm build config successfully created.
validate-code / unit-tests (test:unit)	UNKNOWN STEP	2026-10-08T08:36:01.9607607Z ##[end-action id=__consensys-vertical-apps_shared-services-workflows.__run_3;outcome=success;conclusion=success;duration_ms=27]
validate-code / unit-tests (test:unit)	UNKNOWN STEP	2026-10-08T08:36:01.9611259Z ##[start-action display=Set npmrc config;id=__consensys-vertical-apps_shared-services-workflows.__run_4]
validate-code / unit-tests (test:unit)	UNKNOWN STEP	2026-10-08T08:36:01.9624671Z ##[group]Run npm config set registry "$REGISTRY_URL"
validate-code / unit-tests (test:unit)	UNKNOWN STEP	2026-10-08T08:36:01.9625074Z ^[[36;1mnpm config set registry "$REGISTRY_URL"^[[0m
validate-code / unit-tests (test:unit)	UNKNOWN STEP	2026-10-08T08:36:01.9625378Z ^[[36;1mnpm config set $***REGISTRY_URL#http*:***:_authToken $JFROG_ACCESS_TOKEN^[[0m
validate-code / unit-tests (test:unit)	UNKNOWN STEP	2026-10-08T08:36:01.9625652Z ^[[36;1m^[[0m
validate-code / unit-tests (test:unit)	UNKNOWN STEP	2026-10-08T08:36:01.9625803Z ^[[36;1m# Find the user-level .npmrc file^[[0m
validate-code / unit-tests (test:unit)	UNKNOWN STEP	2026-10-08T08:36:01.9626007Z ^[[36;1mNPMRC_PATH=$(npm config get userconfig)^[[0m
validate-code / unit-tests (test:unit)	UNKNOWN STEP	2026-10-08T08:36:01.9626194Z ^[[36;1m^[[0m
validate-code / unit-tests (test:unit)	UNKNOWN STEP	2026-10-08T08:36:01.9626340Z ^[[36;1mif [ -n "$NPMRC_PATH" ]; then^[[0m
validate-code / unit-tests (test:unit)	UNKNOWN STEP	2026-10-08T08:36:01.9626660Z ^[[36;1m  echo "always-auth=true" >> "$NPMRC_PATH"^[[0m
validate-code / unit-tests (test:unit)	UNKNOWN STEP	2026-10-08T08:36:01.9626874Z ^[[36;1m  echo "Updated .npmrc at $NPMRC_PATH"^[[0m
validate-code / unit-tests (test:unit)	UNKNOWN STEP	2026-10-08T08:36:01.9627057Z ^[[36;1melse^[[0m
validate-code / unit-tests (test:unit)	UNKNOWN STEP	2026-10-08T08:36:01.9627298Z ^[[36;1m  echo "Warning: Could not find user-level .npmrc. Creating one in the home directory."^[[0m
validate-code / unit-tests (test:unit)	UNKNOWN STEP	2026-10-08T08:36:01.9627575Z ^[[36;1m  NPMRC_PATH="$HOME/.npmrc"^[[0m
validate-code / unit-tests (test:unit)	UNKNOWN STEP	2026-10-08T08:36:01.9627769Z ^[[36;1m  echo "always-auth=true" >> "$NPMRC_PATH"^[[0m
validate-code / unit-tests (test:unit)	UNKNOWN STEP	2026-10-08T08:36:01.9628570Z ^[[36;1mfi^[[0m
validate-code / unit-tests (test:unit)	UNKNOWN STEP	2026-10-08T08:36:01.9680982Z shell: /usr/bin/bash --noprofile --norc -e -o pipefail ***0***
validate-code / unit-tests (test:unit)	UNKNOWN STEP	2026-10-08T08:36:01.9681215Z env:
validate-code / unit-tests (test:unit)	UNKNOWN STEP	2026-10-08T08:36:01.9681516Z   JFROG_CLI_ENV_EXCLUDE: *password*;*secret*;*key*;*token*;*auth*;JF_ARTIFACTORY_*;JF_ENV_*;JF_URL;JF_USER;JF_PASSWORD;JF_ACCESS_TOKEN
validate-code / unit-tests (test:unit)	UNKNOWN STEP	2026-10-08T08:36:01.9681858Z   JFROG_CLI_OFFER_CONFIG: false
validate-code / unit-tests (test:unit)	UNKNOWN STEP	2026-10-08T08:36:01.9682043Z   JFROG_CLI_AVOID_NEW_VERSION_WARNING: true
validate-code / unit-tests (test:unit)	UNKNOWN STEP	2026-10-08T08:36:01.9682301Z   JFROG_CLI_SOURCECODE_REPOSITORY: consensys-vertical-apps/va-mmcx-terminal
validate-code / unit-tests (test:unit)	UNKNOWN STEP	2026-10-08T08:36:01.9682563Z   JFROG_CLI_CI_JOB_ID: Release
validate-code / unit-tests (test:unit)	UNKNOWN STEP	2026-10-08T08:36:01.9682731Z   JFROG_CLI_CI_RUN_ID: 37750852902
validate-code / unit-tests (test:unit)	UNKNOWN STEP	2026-10-08T08:36:01.9682905Z   JFROG_CLI_GITHUB_TOKEN: 
validate-code / unit-tests (test:unit)	UNKNOWN STEP	2026-10-08T08:36:01.9683109Z   JFROG_CLI_CI_VCS_REVISION: 79374ac1def015cd22660379c27aec1084db7322
validate-code / unit-tests (test:unit)	UNKNOWN STEP	2026-10-08T08:36:01.9683333Z   JFROG_CLI_CI_BRANCH: main
validate-code / unit-tests (test:unit)	UNKNOWN STEP	2026-10-08T08:36:01.9683577Z   JFROG_CLI_CI_VCS_URL: https://github.com/consensys-vertical-apps/va-mmcx-terminal
validate-code / unit-tests (test:unit)	UNKNOWN STEP	2026-10-08T08:36:01.9683838Z   JFROG_CLI_BUILD_NAME: Release
validate-code / unit-tests (test:unit)	UNKNOWN STEP	2026-10-08T08:36:01.9684005Z   JFROG_CLI_BUILD_NUMBER: 82
validate-code / unit-tests (test:unit)	UNKNOWN STEP	2026-10-08T08:36:01.9684294Z   JFROG_CLI_BUILD_URL: https://github.com/consensys-vertical-apps/va-mmcx-terminal/actions/runs/37750852902
validate-code / unit-tests (test:unit)	UNKNOWN STEP	2026-10-08T08:36:01.9684636Z   JFROG_CLI_USER_AGENT: setup-jfrog-cli-github-action/5.1.0
validate-code / unit-tests (test:unit)	UNKNOWN STEP	2026-10-08T08:36:01.9684888Z   JFROG_CLI_COMMAND_SUMMARY_OUTPUT_DIR: /home/runner/work/_temp
validate-code / unit-tests (test:unit)	UNKNOWN STEP	2026-10-08T08:36:01.9685141Z   JFROG_CLI_USAGE_GH_TOKEN_FOR_CODE_SCANNING_ALERTS_PROVIDED: 
validate-code / unit-tests (test:unit)	UNKNOWN STEP	2026-10-08T08:36:01.9685409Z   SETUP_JFROG_CLI_SERVER_IDS: setup-jfrog-cli-server
validate-code / unit-tests (test:unit)	UNKNOWN STEP	2026-10-08T08:36:01.9685665Z   REGISTRY_URL: https://consensys.jfrog.io/artifactory/api/npm/npm/
validate-code / unit-tests (test:unit)	UNKNOWN STEP	2026-10-08T08:36:01.9690472Z   JFROG_ACCESS_TOKEN: ***
validate-code / unit-tests (test:unit)	UNKNOWN STEP	2026-10-08T08:36:01.9690635Z ##[endgroup]
validate-code / unit-tests (test:unit)	UNKNOWN STEP	2026-10-08T08:36:02.2284254Z Updated .npmrc at /home/runner/.npmrc
validate-code / unit-tests (test:unit)	UNKNOWN STEP	2026-10-08T08:36:02.2293595Z ##[end-action id=__consensys-vertical-apps_shared-services-workflows.__run_4;outcome=success;conclusion=success;duration_ms=268]
validate-code / unit-tests (test:unit)	UNKNOWN STEP	2026-10-08T08:36:02.2297774Z ##[start-action display=Set yarn 4 config;id=__consensys-vertical-apps_shared-services-workflows.__run_5]
validate-code / unit-tests (test:unit)	UNKNOWN STEP	2026-10-08T08:36:02.2302456Z ##[end-action id=__consensys-vertical-apps_shared-services-workflows.__run_5;outcome=skipped;conclusion=skipped;duration_ms=0]
validate-code / unit-tests (test:unit)	UNKNOWN STEP	2026-10-08T08:36:02.2305618Z ##[start-action display=NPM client install;id=__consensys-vertical-apps_shared-services-workflows.__run_6]
validate-code / unit-tests (test:unit)	UNKNOWN STEP	2026-10-08T08:36:02.2337660Z ##[group]Run if [ "$NPM_CLIENT" = "yarn" ]; then
validate-code / unit-tests (test:unit)	UNKNOWN STEP	2026-10-08T08:36:02.2338310Z ^[[36;1mif [ "$NPM_CLIENT" = "yarn" ]; then^[[0m
validate-code / unit-tests (test:unit)	UNKNOWN STEP	2026-10-08T08:36:02.2338518Z ^[[36;1m  if [ "$YARN_VERSION" = "4" ]; then^[[0m
validate-code / unit-tests (test:unit)	UNKNOWN STEP	2026-10-08T08:36:02.2338715Z ^[[36;1m    yarn install --immutable^[[0m
validate-code / unit-tests (test:unit)	UNKNOWN STEP	2026-10-08T08:36:02.2338887Z ^[[36;1m  else^[[0m
validate-code / unit-tests (test:unit)	UNKNOWN STEP	2026-10-08T08:36:02.2339044Z ^[[36;1m    yarn install --frozen-lockfile^[[0m
validate-code / unit-tests (test:unit)	UNKNOWN STEP	2026-10-08T08:36:02.2339224Z ^[[36;1m  fi^[[0m
validate-code / unit-tests (test:unit)	UNKNOWN STEP	2026-10-08T08:36:02.2339381Z ^[[36;1melif [ "$NPM_CLIENT" = "pnpm" ]; then^[[0m
validate-code / unit-tests (test:unit)	UNKNOWN STEP	2026-10-08T08:36:02.2339580Z ^[[36;1m  pnpm install --frozen-lockfile^[[0m
validate-code / unit-tests (test:unit)	UNKNOWN STEP	2026-10-08T08:36:02.2339761Z ^[[36;1melse^[[0m
validate-code / unit-tests (test:unit)	UNKNOWN STEP	2026-10-08T08:36:02.2340066Z ^[[36;1m  jf npm ci --audit=false^[[0m
validate-code / unit-tests (test:unit)	UNKNOWN STEP	2026-10-08T08:36:02.2340233Z ^[[36;1mfi^[[0m
validate-code / unit-tests (test:unit)	UNKNOWN STEP	2026-10-08T08:36:02.2390713Z shell: /usr/bin/bash --noprofile --norc -e -o pipefail ***0***
validate-code / unit-tests (test:unit)	UNKNOWN STEP	2026-10-08T08:36:02.2390942Z env:
validate-code / unit-tests (test:unit)	UNKNOWN STEP	2026-10-08T08:36:02.2391242Z   JFROG_CLI_ENV_EXCLUDE: *password*;*secret*;*key*;*token*;*auth*;JF_ARTIFACTORY_*;JF_ENV_*;JF_URL;JF_USER;JF_PASSWORD;JF_ACCESS_TOKEN
validate-code / unit-tests (test:unit)	UNKNOWN STEP	2026-10-08T08:36:02.2391572Z   JFROG_CLI_OFFER_CONFIG: false
validate-code / unit-tests (test:unit)	UNKNOWN STEP	2026-10-08T08:36:02.2391878Z   JFROG_CLI_AVOID_NEW_VERSION_WARNING: true
validate-code / unit-tests (test:unit)	UNKNOWN STEP	2026-10-08T08:36:02.2392126Z   JFROG_CLI_SOURCECODE_REPOSITORY: consensys-vertical-apps/va-mmcx-terminal
validate-code / unit-tests (test:unit)	UNKNOWN STEP	2026-10-08T08:36:02.2392377Z   JFROG_CLI_CI_JOB_ID: Release
validate-code / unit-tests (test:unit)	UNKNOWN STEP	2026-10-08T08:36:02.2392544Z   JFROG_CLI_CI_RUN_ID: 37750852902
validate-code / unit-tests (test:unit)	UNKNOWN STEP	2026-10-08T08:36:02.2392713Z   JFROG_CLI_GITHUB_TOKEN: 
validate-code / unit-tests (test:unit)	UNKNOWN STEP	2026-10-08T08:36:02.2392914Z   JFROG_CLI_CI_VCS_REVISION: 79374ac1def015cd22660379c27aec1084db7322
validate-code / unit-tests (test:unit)	UNKNOWN STEP	2026-10-08T08:36:02.2393137Z   JFROG_CLI_CI_BRANCH: main
validate-code / unit-tests (test:unit)	UNKNOWN STEP	2026-10-08T08:36:02.2393390Z   JFROG_CLI_CI_VCS_URL: https://github.com/consensys-vertical-apps/va-mmcx-terminal
validate-code / unit-tests (test:unit)	UNKNOWN STEP	2026-10-08T08:36:02.2393643Z   JFROG_CLI_BUILD_NAME: Release
validate-code / unit-tests (test:unit)	UNKNOWN STEP	2026-10-08T08:36:02.2393806Z   JFROG_CLI_BUILD_NUMBER: 82
validate-code / unit-tests (test:unit)	UNKNOWN STEP	2026-10-08T08:36:02.2394089Z   JFROG_CLI_BUILD_URL: https://github.com/consensys-vertical-apps/va-mmcx-terminal/actions/runs/37750852902
validate-code / unit-tests (test:unit)	UNKNOWN STEP	2026-10-08T08:36:02.2394426Z   JFROG_CLI_USER_AGENT: setup-jfrog-cli-github-action/5.1.0
validate-code / unit-tests (test:unit)	UNKNOWN STEP	2026-10-08T08:36:02.2394676Z   JFROG_CLI_COMMAND_SUMMARY_OUTPUT_DIR: /home/runner/work/_temp
validate-code / unit-tests (test:unit)	UNKNOWN STEP	2026-10-08T08:36:02.2394934Z   JFROG_CLI_USAGE_GH_TOKEN_FOR_CODE_SCANNING_ALERTS_PROVIDED: 
validate-code / unit-tests (test:unit)	UNKNOWN STEP	2026-10-08T08:36:02.2395172Z   SETUP_JFROG_CLI_SERVER_IDS: setup-jfrog-cli-server
validate-code / unit-tests (test:unit)	UNKNOWN STEP	2026-10-08T08:36:02.2395364Z   NPM_CLIENT: npm
validate-code / unit-tests (test:unit)	UNKNOWN STEP	2026-10-08T08:36:02.2395503Z   YARN_VERSION: 1
validate-code / unit-tests (test:unit)	UNKNOWN STEP	2026-10-08T08:36:02.2400079Z   NODE_AUTH_TOKEN: ***
validate-code / unit-tests (test:unit)	UNKNOWN STEP	2026-10-08T08:36:02.2404477Z   JFROG_ACCESS_TOKEN: ***
validate-code / unit-tests (test:unit)	UNKNOWN STEP	2026-10-08T08:36:02.2404633Z ##[endgroup]
validate-code / unit-tests (test:unit)	UNKNOWN STEP	2026-10-08T08:36:56.2945759Z added 2031 packages in 53s
validate-code / unit-tests (test:unit)	UNKNOWN STEP	2026-10-08T08:36:56.2946436Z 
validate-code / unit-tests (test:unit)	UNKNOWN STEP	2026-10-08T08:36:56.2946849Z 350 packages are looking for funding
validate-code / unit-tests (test:unit)	UNKNOWN STEP	2026-10-08T08:36:56.2947380Z   run `npm fund` for details
validate-code / unit-tests (test:unit)	UNKNOWN STEP	2026-10-08T08:36:57.4503677Z 08:36:57 [Warn] error while running '/opt/hostedtoolcache/node/22.23.3/x64/bin/npm ls --audit=false --json --all --long': exit status 1
validate-code / unit-tests (test:unit)	UNKNOWN STEP	2026-10-08T08:36:57.4504453Z npm error code ELSPROBLEMS
validate-code / unit-tests (test:unit)	UNKNOWN STEP	2026-10-08T08:36:57.4505775Z npm error extraneous: @emnapi/core@1.9.2 /home/runner/work/va-mmcx-terminal/va-mmcx-terminal/node_modules/@emnapi/core
validate-code / unit-tests (test:unit)	UNKNOWN STEP	2026-10-08T08:36:57.4510842Z npm error extraneous: @emnapi/runtime@1.11.3 /home/runner/work/va-mmcx-terminal/va-mmcx-terminal/node_modules/@emnapi/runtime
validate-code / unit-tests (test:unit)	UNKNOWN STEP	2026-10-08T08:36:57.4512005Z npm error extraneous: @emnapi/wasi-threads@1.2.1 /home/runner/work/va-mmcx-terminal/va-mmcx-terminal/node_modules/@emnapi/wasi-threads
validate-code / unit-tests (test:unit)	UNKNOWN STEP	2026-10-08T08:36:57.4513273Z npm error extraneous: @img/sharp-wasm32@0.35.5 /home/runner/work/va-mmcx-terminal/va-mmcx-terminal/node_modules/@img/sharp-wasm32
validate-code / unit-tests (test:unit)	UNKNOWN STEP	2026-10-08T08:36:57.4514438Z npm error extraneous: @napi-rs/wasm-runtime@1.2.5 /home/runner/work/va-mmcx-terminal/va-mmcx-terminal/node_modules/@napi-rs/wasm-runtime
validate-code / unit-tests (test:unit)	UNKNOWN STEP	2026-10-08T08:36:57.4515715Z npm error extraneous: @tybys/wasm-util@0.10.4 /home/runner/work/va-mmcx-terminal/va-mmcx-terminal/node_modules/@tybys/wasm-util
validate-code / unit-tests (test:unit)	UNKNOWN STEP	2026-10-08T08:36:57.4524861Z npm error missing: @metamask/design-system-tailwind-preset@^0.12.0, required by @metamask/design-system-react@0.38.1
validate-code / unit-tests (test:unit)	UNKNOWN STEP	2026-10-08T08:36:57.4525933Z npm error invalid: bs58@4.0.1 /home/runner/work/va-mmcx-terminal/va-mmcx-terminal/node_modules/bs58
validate-code / unit-tests (test:unit)	UNKNOWN STEP	2026-10-08T08:36:57.4526986Z npm error missing: electron-builder-squirrel-windows@26.15.3, required by app-builder-lib@26.15.3
validate-code / unit-tests (test:unit)	UNKNOWN STEP	2026-10-08T08:36:57.4528138Z npm error invalid: picomatch@2.3.2 /home/runner/work/va-mmcx-terminal/va-mmcx-terminal/node_modules/picomatch
validate-code / unit-tests (test:unit)	UNKNOWN STEP	2026-10-08T08:36:57.4529155Z npm error invalid: ox@0.14.45 /home/runner/work/va-mmcx-terminal/va-mmcx-terminal/node_modules/ox
validate-code / unit-tests (test:unit)	UNKNOWN STEP	2026-10-08T08:36:57.4530599Z npm error invalid: react@19.2.0 /home/runner/work/va-mmcx-terminal/va-mmcx-terminal/node_modules/react
validate-code / unit-tests (test:unit)	UNKNOWN STEP	2026-10-08T08:36:57.4531548Z npm error invalid: zod@4.1.12 /home/runner/work/va-mmcx-terminal/va-mmcx-terminal/node_modules/zod
validate-code / unit-tests (test:unit)	UNKNOWN STEP	2026-10-08T08:36:57.4532533Z npm error A complete log of this run can be found in: /home/runner/.npm/_logs/2026-10-08T08_36_56_391Z-debug-0.log
validate-code / unit-tests (test:unit)	UNKNOWN STEP	2026-10-08T08:36:59.0110282Z 08:36:59 [Warn] The following dependencies will not be included in the build-info, because they are missing in the npm cache: 'electron-builder-squirrel-windows:4c928c188a358fab7251e68ae55d324c8307c8b6,@metamask/design-system-tailwind-preset:4c32e8f6d6e7e251790cc3332433406c924c670d'.
validate-code / unit-tests (test:unit)	UNKNOWN STEP	2026-10-08T08:36:59.0128440Z Hint: Try deleting 'node_modules' and/or 'package-lock.json'.
validate-code / unit-tests (test:unit)	UNKNOWN STEP	2026-10-08T08:36:59.0212142Z ##[end-action id=__consensys-vertical-apps_shared-services-workflows.__run_6;outcome=success;conclusion=success;duration_ms=56790]
validate-code / unit-tests (test:unit)	UNKNOWN STEP	2026-10-08T08:36:59.0248581Z ##[group]Run if [[ $ENV_VARS ]]; then
validate-code / unit-tests (test:unit)	UNKNOWN STEP	2026-10-08T08:36:59.0248882Z ^[[36;1mif [[ $ENV_VARS ]]; then^[[0m
validate-code / unit-tests (test:unit)	UNKNOWN STEP	2026-10-08T08:36:59.0249158Z ^[[36;1m  echo "$***ENV_VARS***" | jq -r 'keys[] as $k | "\($k)=\(.[$k])"' >> .env^[[0m
validate-code / unit-tests (test:unit)	UNKNOWN STEP	2026-10-08T08:36:59.0249401Z ^[[36;1mfi^[[0m
validate-code / unit-tests (test:unit)	UNKNOWN STEP	2026-10-08T08:36:59.0354484Z shell: /usr/bin/bash -e ***0***
validate-code / unit-tests (test:unit)	UNKNOWN STEP	2026-10-08T08:36:59.0354672Z env:
validate-code / unit-tests (test:unit)	UNKNOWN STEP	2026-10-08T08:36:59.0354985Z   JFROG_CLI_ENV_EXCLUDE: *password*;*secret*;*key*;*token*;*auth*;JF_ARTIFACTORY_*;JF_ENV_*;JF_URL;JF_USER;JF_PASSWORD;JF_ACCESS_TOKEN
validate-code / unit-tests (test:unit)	UNKNOWN STEP	2026-10-08T08:36:59.0355329Z   JFROG_CLI_OFFER_CONFIG: false
validate-code / unit-tests (test:unit)	UNKNOWN STEP	2026-10-08T08:36:59.0355531Z   JFROG_CLI_AVOID_NEW_VERSION_WARNING: true
validate-code / unit-tests (test:unit)	UNKNOWN STEP	2026-10-08T08:36:59.0355808Z   JFROG_CLI_SOURCECODE_REPOSITORY: consensys-vertical-apps/va-mmcx-terminal
validate-code / unit-tests (test:unit)	UNKNOWN STEP	2026-10-08T08:36:59.0356066Z   JFROG_CLI_CI_JOB_ID: Release
validate-code / unit-tests (test:unit)	UNKNOWN STEP	2026-10-08T08:36:59.0356241Z   JFROG_CLI_CI_RUN_ID: 37750852902
validate-code / unit-tests (test:unit)	UNKNOWN STEP	2026-10-08T08:36:59.0356420Z   JFROG_CLI_GITHUB_TOKEN: 
validate-code / unit-tests (test:unit)	UNKNOWN STEP	2026-10-08T08:36:59.0356658Z   JFROG_CLI_CI_VCS_REVISION: 79374ac1def015cd22660379c27aec1084db7322
validate-code / unit-tests (test:unit)	UNKNOWN STEP	2026-10-08T08:36:59.0356883Z   JFROG_CLI_CI_BRANCH: main
validate-code / unit-tests (test:unit)	UNKNOWN STEP	2026-10-08T08:36:59.0357139Z   JFROG_CLI_CI_VCS_URL: https://github.com/consensys-vertical-apps/va-mmcx-terminal
validate-code / unit-tests (test:unit)	UNKNOWN STEP	2026-10-08T08:36:59.0357402Z   JFROG_CLI_BUILD_NAME: Release
validate-code / unit-tests (test:unit)	UNKNOWN STEP	2026-10-08T08:36:59.0357571Z   JFROG_CLI_BUILD_NUMBER: 82
validate-code / unit-tests (test:unit)	UNKNOWN STEP	2026-10-08T08:36:59.0358010Z   JFROG_CLI_BUILD_URL: https://github.com/consensys-vertical-apps/va-mmcx-terminal/actions/runs/37750852902
validate-code / unit-tests (test:unit)	UNKNOWN STEP	2026-10-08T08:36:59.0358357Z   JFROG_CLI_USER_AGENT: setup-jfrog-cli-github-action/5.1.0
validate-code / unit-tests (test:unit)	UNKNOWN STEP	2026-10-08T08:36:59.0358617Z   JFROG_CLI_COMMAND_SUMMARY_OUTPUT_DIR: /home/runner/work/_temp
validate-code / unit-tests (test:unit)	UNKNOWN STEP	2026-10-08T08:36:59.0358885Z   JFROG_CLI_USAGE_GH_TOKEN_FOR_CODE_SCANNING_ALERTS_PROVIDED: 
validate-code / unit-tests (test:unit)	UNKNOWN STEP	2026-10-08T08:36:59.0359133Z   SETUP_JFROG_CLI_SERVER_IDS: setup-jfrog-cli-server
validate-code / unit-tests (test:unit)	UNKNOWN STEP	2026-10-08T08:36:59.0359330Z   ENV_VARS: 
validate-code / unit-tests (test:unit)	UNKNOWN STEP	2026-10-08T08:36:59.0359473Z ##[endgroup]
validate-code / unit-tests (test:unit)	UNKNOWN STEP	2026-10-08T08:36:59.0459727Z ##[group]Run echo "TEST_NAME=$(echo 'test:unit' | sed 's/:/ /g')" >> $GITHUB_ENV
validate-code / unit-tests (test:unit)	UNKNOWN STEP	2026-10-08T08:36:59.0460072Z ^[[36;1mecho "TEST_NAME=$(echo 'test:unit' | sed 's/:/ /g')" >> $GITHUB_ENV^[[0m
validate-code / unit-tests (test:unit)	UNKNOWN STEP	2026-10-08T08:36:59.0460388Z ^[[36;1mecho "TEST_ARTEFACT_NAME=$(echo 'test:unit' | sed 's/:/-/g')" >> $GITHUB_ENV^[[0m
validate-code / unit-tests (test:unit)	UNKNOWN STEP	2026-10-08T08:36:59.0511679Z shell: /usr/bin/bash -e ***0***
validate-code / unit-tests (test:unit)	UNKNOWN STEP	2026-10-08T08:36:59.0511862Z env:
validate-code / unit-tests (test:unit)	UNKNOWN STEP	2026-10-08T08:36:59.0512169Z   JFROG_CLI_ENV_EXCLUDE: *password*;*secret*;*key*;*token*;*auth*;JF_ARTIFACTORY_*;JF_ENV_*;JF_URL;JF_USER;JF_PASSWORD;JF_ACCESS_TOKEN
validate-code / unit-tests (test:unit)	UNKNOWN STEP	2026-10-08T08:36:59.0512514Z   JFROG_CLI_OFFER_CONFIG: false
validate-code / unit-tests (test:unit)	UNKNOWN STEP	2026-10-08T08:36:59.0512698Z   JFROG_CLI_AVOID_NEW_VERSION_WARNING: true
validate-code / unit-tests (test:unit)	UNKNOWN STEP	2026-10-08T08:36:59.0512973Z   JFROG_CLI_SOURCECODE_REPOSITORY: consensys-vertical-apps/va-mmcx-terminal
validate-code / unit-tests (test:unit)	UNKNOWN STEP	2026-10-08T08:36:59.0513234Z   JFROG_CLI_CI_JOB_ID: Release
validate-code / unit-tests (test:unit)	UNKNOWN STEP	2026-10-08T08:36:59.0513405Z   JFROG_CLI_CI_RUN_ID: 37750852902
validate-code / unit-tests (test:unit)	UNKNOWN STEP	2026-10-08T08:36:59.0513582Z   JFROG_CLI_GITHUB_TOKEN: 
validate-code / unit-tests (test:unit)	UNKNOWN STEP	2026-10-08T08:36:59.0513816Z   JFROG_CLI_CI_VCS_REVISION: 79374ac1def015cd22660379c27aec1084db7322
validate-code / unit-tests (test:unit)	UNKNOWN STEP	2026-10-08T08:36:59.0514047Z   JFROG_CLI_CI_BRANCH: main
validate-code / unit-tests (test:unit)	UNKNOWN STEP	2026-10-08T08:36:59.0514298Z   JFROG_CLI_CI_VCS_URL: https://github.com/consensys-vertical-apps/va-mmcx-terminal
validate-code / unit-tests (test:unit)	UNKNOWN STEP	2026-10-08T08:36:59.0514560Z   JFROG_CLI_BUILD_NAME: Release
validate-code / unit-tests (test:unit)	UNKNOWN STEP	2026-10-08T08:36:59.0514729Z   JFROG_CLI_BUILD_NUMBER: 82
validate-code / unit-tests (test:unit)	UNKNOWN STEP	2026-10-08T08:36:59.0515023Z   JFROG_CLI_BUILD_URL: https://github.com/consensys-vertical-apps/va-mmcx-terminal/actions/runs/37750852902
validate-code / unit-tests (test:unit)	UNKNOWN STEP	2026-10-08T08:36:59.0515371Z   JFROG_CLI_USER_AGENT: setup-jfrog-cli-github-action/5.1.0
validate-code / unit-tests (test:unit)	UNKNOWN STEP	2026-10-08T08:36:59.0515631Z   JFROG_CLI_COMMAND_SUMMARY_OUTPUT_DIR: /home/runner/work/_temp
validate-code / unit-tests (test:unit)	UNKNOWN STEP	2026-10-08T08:36:59.0515896Z   JFROG_CLI_USAGE_GH_TOKEN_FOR_CODE_SCANNING_ALERTS_PROVIDED: 
validate-code / unit-tests (test:unit)	UNKNOWN STEP	2026-10-08T08:36:59.0516311Z   SETUP_JFROG_CLI_SERVER_IDS: setup-jfrog-cli-server
validate-code / unit-tests (test:unit)	UNKNOWN STEP	2026-10-08T08:36:59.0516511Z ##[endgroup]
validate-code / unit-tests (test:unit)	UNKNOWN STEP	2026-10-08T08:36:59.0654383Z ##[group]Run npm run test:unit
validate-code / unit-tests (test:unit)	UNKNOWN STEP	2026-10-08T08:36:59.0654582Z ^[[36;1mnpm run test:unit^[[0m
validate-code / unit-tests (test:unit)	UNKNOWN STEP	2026-10-08T08:36:59.0706776Z shell: /usr/bin/bash -e ***0***
validate-code / unit-tests (test:unit)	UNKNOWN STEP	2026-10-08T08:36:59.0706959Z env:
validate-code / unit-tests (test:unit)	UNKNOWN STEP	2026-10-08T08:36:59.0707268Z   JFROG_CLI_ENV_EXCLUDE: *password*;*secret*;*key*;*token*;*auth*;JF_ARTIFACTORY_*;JF_ENV_*;JF_URL;JF_USER;JF_PASSWORD;JF_ACCESS_TOKEN
validate-code / unit-tests (test:unit)	UNKNOWN STEP	2026-10-08T08:36:59.0707615Z   JFROG_CLI_OFFER_CONFIG: false
validate-code / unit-tests (test:unit)	UNKNOWN STEP	2026-10-08T08:36:59.0707795Z   JFROG_CLI_AVOID_NEW_VERSION_WARNING: true
validate-code / unit-tests (test:unit)	UNKNOWN STEP	2026-10-08T08:36:59.0708282Z   JFROG_CLI_SOURCECODE_REPOSITORY: consensys-vertical-apps/va-mmcx-terminal
validate-code / unit-tests (test:unit)	UNKNOWN STEP	2026-10-08T08:36:59.0708544Z   JFROG_CLI_CI_JOB_ID: Release
validate-code / unit-tests (test:unit)	UNKNOWN STEP	2026-10-08T08:36:59.0708715Z   JFROG_CLI_CI_RUN_ID: 37750852902
validate-code / unit-tests (test:unit)	UNKNOWN STEP	2026-10-08T08:36:59.0708891Z   JFROG_CLI_GITHUB_TOKEN: 
validate-code / unit-tests (test:unit)	UNKNOWN STEP	2026-10-08T08:36:59.0709104Z   JFROG_CLI_CI_VCS_REVISION: 79374ac1def015cd22660379c27aec1084db7322
validate-code / unit-tests (test:unit)	UNKNOWN STEP	2026-10-08T08:36:59.0709363Z   JFROG_CLI_CI_BRANCH: main
validate-code / unit-tests (test:unit)	UNKNOWN STEP	2026-10-08T08:36:59.0709655Z   JFROG_CLI_CI_VCS_URL: https://github.com/consensys-vertical-apps/va-mmcx-terminal
validate-code / unit-tests (test:unit)	UNKNOWN STEP	2026-10-08T08:36:59.0709918Z   JFROG_CLI_BUILD_NAME: Release
validate-code / unit-tests (test:unit)	UNKNOWN STEP	2026-10-08T08:36:59.0710086Z   JFROG_CLI_BUILD_NUMBER: 82
validate-code / unit-tests (test:unit)	UNKNOWN STEP	2026-10-08T08:36:59.0710382Z   JFROG_CLI_BUILD_URL: https://github.com/consensys-vertical-apps/va-mmcx-terminal/actions/runs/37750852902
validate-code / unit-tests (test:unit)	UNKNOWN STEP	2026-10-08T08:36:59.0710733Z   JFROG_CLI_USER_AGENT: setup-jfrog-cli-github-action/5.1.0
validate-code / unit-tests (test:unit)	UNKNOWN STEP	2026-10-08T08:36:59.0710992Z   JFROG_CLI_COMMAND_SUMMARY_OUTPUT_DIR: /home/runner/work/_temp
validate-code / unit-tests (test:unit)	UNKNOWN STEP	2026-10-08T08:36:59.0711255Z   JFROG_CLI_USAGE_GH_TOKEN_FOR_CODE_SCANNING_ALERTS_PROVIDED: 
validate-code / unit-tests (test:unit)	UNKNOWN STEP	2026-10-08T08:36:59.0711503Z   SETUP_JFROG_CLI_SERVER_IDS: setup-jfrog-cli-server
validate-code / unit-tests (test:unit)	UNKNOWN STEP	2026-10-08T08:36:59.0711704Z   TEST_NAME: test unit
validate-code / unit-tests (test:unit)	UNKNOWN STEP	2026-10-08T08:36:59.0711859Z   TEST_ARTEFACT_NAME: test-unit
validate-code / unit-tests (test:unit)	UNKNOWN STEP	2026-10-08T08:36:59.0712023Z   REGISTRY_TOKEN: 
validate-code / unit-tests (test:unit)	UNKNOWN STEP	2026-10-08T08:36:59.0712175Z ##[endgroup]
validate-code / unit-tests (test:unit)	UNKNOWN STEP	2026-10-08T08:36:59.1468776Z 
validate-code / unit-tests (test:unit)	UNKNOWN STEP	2026-10-08T08:36:59.1485697Z > terminal@0.1.0 test:unit
validate-code / unit-tests (test:unit)	UNKNOWN STEP	2026-10-08T08:36:59.1488277Z > vitest run --coverage
validate-code / unit-tests (test:unit)	UNKNOWN STEP	2026-10-08T08:36:59.1488491Z 
validate-code / unit-tests (test:unit)	UNKNOWN STEP	2026-10-08T08:36:59.5841629Z 
validate-code / unit-tests (test:unit)	UNKNOWN STEP	2026-10-08T08:36:59.5843251Z ^[[1m^[[46m RUN ^[[49m^[[22m ^[[36mv3.2.7 ^[[39m^[[90m/home/runner/work/va-mmcx-terminal/va-mmcx-terminal^[[39m
validate-code / unit-tests (test:unit)	UNKNOWN STEP	2026-10-08T08:36:59.5844225Z       ^[[2mCoverage enabled with ^[[22m^[[33mv8^[[39m
validate-code / unit-tests (test:unit)	UNKNOWN STEP	2026-10-08T08:36:59.5844673Z 
validate-code / unit-tests (test:unit)	UNKNOWN STEP	2026-10-08T08:37:02.7763281Z  ^[[32m✓^[[39m src/features/perpetuals/infra/perps-controller/ControllerPerpsProvider.test.ts ^[[2m(^[[22m^[[2m67 tests^[[22m^[[2m)^[[22m^[[32m 235^[[2mms^[[22m^[[39m
validate-code / unit-tests (test:unit)	UNKNOWN STEP	2026-10-08T08:37:03.5365403Z  ^[[32m✓^[[39m src/features/perpetuals/domain/OrderBook/helpers/OrderBookHelper.test.ts ^[[2m(^[[22m^[[2m83 tests^[[22m^[[2m)^[[22m^[[32m 17^[[2mms^[[22m^[[39m
validate-code / unit-tests (test:unit)	UNKNOWN STEP	2026-10-08T08:37:04.3825373Z ^[[90mstdout^[[2m | electron/services/bot-runner.test.ts^[[2m > ^[[22m^[[2mBotRunner^[[2m > ^[[22m^[[2mdoes not decrease isolated leverage on an existing position when starting
validate-code / unit-tests (test:unit)	UNKNOWN STEP	2026-10-08T08:37:04.3826956Z ^[[22m^[[39m[BotRunner] Auto-adopted orphan BTC position for bot BTC Simple Buy/Sell (buy 0.25 @ 100).
validate-code / unit-tests (test:unit)	UNKNOWN STEP	2026-10-08T08:37:04.3827584Z 
validate-code / unit-tests (test:unit)	UNKNOWN STEP	2026-10-08T08:37:04.4275729Z  ^[[32m✓^[[39m electron/services/bot-runner.test.ts ^[[2m(^[[22m^[[2m12 tests^[[22m^[[2m)^[[22m^[[32m 86^[[2mms^[[22m^[[39m
validate-code / unit-tests (test:unit)	UNKNOWN STEP	2026-10-08T08:37:07.3129083Z  ^[[32m✓^[[39m src/features/perpetuals/order/components/OrderBook/OrderBook.test.tsx ^[[2m(^[[22m^[[2m34 tests^[[22m^[[2m)^[[22m^[[33m 792^[[2mms^[[22m^[[39m
validate-code / unit-tests (test:unit)	UNKNOWN STEP	2026-10-08T08:37:10.2860463Z ^[[90mstderr^[[2m | src/features/perpetuals/order/components/OrderPage/OrderPage.test.tsx^[[2m > ^[[22m^[[2mOrderPage^[[2m > ^[[22m^[[2mrenders the header data when the symbol is present in the API response
validate-code / unit-tests (test:unit)	UNKNOWN STEP	2026-10-08T08:37:10.2864936Z ^[[22m^[[39mReceived `true` for a non-boolean attribute `unoptimized`.
validate-code / unit-tests (test:unit)	UNKNOWN STEP	2026-10-08T08:37:10.2869207Z 
validate-code / unit-tests (test:unit)	UNKNOWN STEP	2026-10-08T08:37:10.2870075Z If you want to write it to the DOM, pass a string instead: unoptimized="true" or unoptimized=***value.toString()***.
validate-code / unit-tests (test:unit)	UNKNOWN STEP	2026-10-08T08:37:10.2870713Z 
validate-code / unit-tests (test:unit)	UNKNOWN STEP	2026-10-08T08:37:11.5591542Z ^[[90mstderr^[[2m | src/features/perpetuals/order/components/OrderPage/OrderPage.test.tsx^[[2m > ^[[22m^[[2mOrderPageLayout - Tab Synchronization^[[2m > ^[[22m^[[2mrenders orders, positions, and holdings tabs in bot strategy mode for the selected bot
validate-code / unit-tests (test:unit)	UNKNOWN STEP	2026-10-08T08:37:11.5593411Z ^[[22m^[[39m[MSW] Warning: intercepted a request without a matching request handler:
validate-code / unit-tests (test:unit)	UNKNOWN STEP	2026-10-08T08:37:11.5593967Z 
validate-code / unit-tests (test:unit)	UNKNOWN STEP	2026-10-08T08:37:11.5594329Z   • GET wss://api.hyperliquid.xyz/ws
validate-code / unit-tests (test:unit)	UNKNOWN STEP	2026-10-08T08:37:11.5594707Z 
validate-code / unit-tests (test:unit)	UNKNOWN STEP	2026-10-08T08:37:11.5595212Z If you still wish to intercept this unhandled request, please create a request handler for it.
validate-code / unit-tests (test:unit)	UNKNOWN STEP	2026-10-08T08:37:11.5596014Z Read more: https://mswjs.io/docs/http/intercepting-requests
validate-code / unit-tests (test:unit)	UNKNOWN STEP	2026-10-08T08:37:11.5596583Z 
validate-code / unit-tests (test:unit)	UNKNOWN STEP	2026-10-08T08:37:11.5821148Z ^[[90mstderr^[[2m | src/features/perpetuals/order/components/OrderPage/OrderPage.test.tsx^[[2m > ^[[22m^[[2mOrderPageLayout - Tab Synchronization^[[2m > ^[[22m^[[2mrenders orders, positions, and holdings tabs in bot strategy mode for the selected bot
validate-code / unit-tests (test:unit)	UNKNOWN STEP	2026-10-08T08:37:11.5822740Z ^[[22m^[[39m[MSW] Warning: intercepted a request without a matching request handler:
validate-code / unit-tests (test:unit)	UNKNOWN STEP	2026-10-08T08:37:11.5823225Z 
validate-code / unit-tests (test:unit)	UNKNOWN STEP	2026-10-08T08:37:11.5823602Z   • GET https://api.hyperliquid.xyz/ws
validate-code / unit-tests (test:unit)	UNKNOWN STEP	2026-10-08T08:37:11.5823924Z 
validate-code / unit-tests (test:unit)	UNKNOWN STEP	2026-10-08T08:37:11.5824420Z If you still wish to intercept this unhandled request, please create a request handler for it.
validate-code / unit-tests (test:unit)	UNKNOWN STEP	2026-10-08T08:37:11.5825149Z Read more: https://mswjs.io/docs/http/intercepting-requests
validate-code / unit-tests (test:unit)	UNKNOWN STEP	2026-10-08T08:37:11.5825532Z 
validate-code / unit-tests (test:unit)	UNKNOWN STEP	2026-10-08T08:37:13.1879819Z  ^[[32m✓^[[39m src/features/perpetuals/order/components/OrderPage/OrderPage.test.tsx ^[[2m(^[[22m^[[2m20 tests^[[22m^[[2m)^[[22m^[[33m 2901^[[2mms^[[22m^[[39m
validate-code / unit-tests (test:unit)	UNKNOWN STEP	2026-10-08T08:37:13.1881031Z    ^[[33m^[[2m✓^[[22m^[[39m OrderPage^[[2m > ^[[22mopens the markets drawer from the header market selector ^[[33m 646^[[2mms^[[22m^[[39m
validate-code / unit-tests (test:unit)	UNKNOWN STEP	2026-10-08T08:37:13.1882334Z    ^[[33m^[[2m✓^[[22m^[[39m OrderPageLayout - Tab Synchronization^[[2m > ^[[22mrenders orders, positions, and holdings tabs in bot strategy mode for the selected bot ^[[33m 397^[[2mms^[[22m^[[39m
validate-code / unit-tests (test:unit)	UNKNOWN STEP	2026-10-08T08:37:14.8321227Z  ^[[32m✓^[[39m src/features/perpetuals/queries/submit-order-mutation.test.tsx ^[[2m(^[[22m^[[2m26 tests^[[22m^[[2m)^[[22m^[[32m 192^[[2mms^[[22m^[[39m
validate-code / unit-tests (test:unit)	UNKNOWN STEP	2026-10-08T08:37:17.0269293Z  ^[[32m✓^[[39m src/features/perpetuals/queries/live-orders-query.test.tsx ^[[2m(^[[22m^[[2m23 tests^[[22m^[[2m)^[[22m^[[33m 1303^[[2mms^[[22m^[[39m
validate-code / unit-tests (test:unit)	UNKNOWN STEP	2026-10-08T08:37:19.7516889Z  ^[[32m✓^[[39m src/components/ui/Table/Table.test.tsx ^[[2m(^[[22m^[[2m21 tests^[[22m^[[2m)^[[22m^[[33m 1023^[[2mms^[[22m^[[39m
validate-code / unit-tests (test:unit)	UNKNOWN STEP	2026-10-08T08:37:23.3375076Z  ^[[32m✓^[[39m src/features/perpetuals/order/components/OrderBook/OrderBookFilters.test.tsx ^[[2m(^[[22m^[[2m24 tests^[[22m^[[2m)^[[22m^[[33m 1909^[[2mms^[[22m^[[39m
validate-code / unit-tests (test:unit)	UNKNOWN STEP	2026-10-08T08:37:24.8985974Z  ^[[32m✓^[[39m src/features/perpetuals/queries/close-position-mutation.test.tsx ^[[2m(^[[22m^[[2m16 tests^[[22m^[[2m)^[[22m^[[32m 168^[[2mms^[[22m^[[39m
validate-code / unit-tests (test:unit)	UNKNOWN STEP	2026-10-08T08:37:26.1974707Z ^[[90mstderr^[[2m | src/features/perpetuals/infra/perps-controller/controller-host.test.ts^[[2m > ^[[22m^[[2mPerpsControllerHost^[[2m > ^[[22m^[[2mretries prepareTradingWallet while it is not ready
validate-code / unit-tests (test:unit)	UNKNOWN STEP	2026-10-08T08:37:26.1976243Z ^[[22m^[[39m[perps] prepareTradingWallet not ready: ^[[90mundefined^[[39m
validate-code / unit-tests (test:unit)	UNKNOWN STEP	2026-10-08T08:37:26.1976745Z 
validate-code / unit-tests (test:unit)	UNKNOWN STEP	2026-10-08T08:37:26.1978161Z ^[[90mstderr^[[2m | src/features/perpetuals/infra/perps-controller/controller-host.test.ts^[[2m > ^[[22m^[[2mPerpsControllerHost^[[2m > ^[[22m^[[2mretries prepareTradingWallet while it is not ready
validate-code / unit-tests (test:unit)	UNKNOWN STEP	2026-10-08T08:37:26.1979249Z ^[[22m^[[39m[perps] prepareTradingWallet not ready: ^[[90mundefined^[[39m
validate-code / unit-tests (test:unit)	UNKNOWN STEP	2026-10-08T08:37:26.1979642Z 
validate-code / unit-tests (test:unit)	UNKNOWN STEP	2026-10-08T08:37:26.2700887Z  ^[[32m✓^[[39m src/features/perpetuals/infra/perps-controller/controller-host.test.ts ^[[2m(^[[22m^[[2m19 tests^[[22m^[[2m)^[[22m^[[32m 29^[[2mms^[[22m^[[39m
validate-code / unit-tests (test:unit)	UNKNOWN STEP	2026-10-08T08:37:29.4767485Z  ^[[32m✓^[[39m src/components/layout/HeaderNav.test.tsx ^[[2m(^[[22m^[[2m27 tests^[[22m^[[2m)^[[22m^[[33m 1583^[[2mms^[[22m^[[39m
validate-code / unit-tests (test:unit)	UNKNOWN STEP	2026-10-08T08:37:30.5471278Z  ^[[32m✓^[[39m src/core/clients/rewards-api/RewardsApiClient.test.ts ^[[2m(^[[22m^[[2m34 tests^[[22m^[[2m)^[[22m^[[32m 296^[[2mms^[[22m^[[39m
validate-code / unit-tests (test:unit)	UNKNOWN STEP	2026-10-08T08:37:32.4352122Z  ^[[32m✓^[[39m src/components/ui/Modal/Modal.test.tsx ^[[2m(^[[22m^[[2m25 tests^[[22m^[[2m)^[[22m^[[33m 839^[[2mms^[[22m^[[39m
validate-code / unit-tests (test:unit)	UNKNOWN STEP	2026-10-08T08:37:35.0800318Z  ^[[32m✓^[[39m src/features/perpetuals/order/components/UserPositions/CurrentPosition.test.tsx ^[[2m(^[[22m^[[2m27 tests^[[22m^[[2m)^[[22m^[[33m 826^[[2mms^[[22m^[[39m
validate-code / unit-tests (test:unit)	UNKNOWN STEP	2026-10-08T08:37:37.6288774Z  ^[[32m✓^[[39m src/components/ui/Tooltip/Tooltip.test.tsx ^[[2m(^[[22m^[[2m19 tests^[[22m^[[2m)^[[22m^[[33m 848^[[2mms^[[22m^[[39m
validate-code / unit-tests (test:unit)	UNKNOWN STEP	2026-10-08T08:37:39.9848914Z  ^[[32m✓^[[39m src/features/perpetuals/order/components/OrderForm/OrderFormInner/OrderFormInner.test.tsx ^[[2m(^[[22m^[[2m21 tests^[[22m^[[2m)^[[22m^[[33m 588^[[2mms^[[22m^[[39m
validate-code / unit-tests (test:unit)	UNKNOWN STEP	2026-10-08T08:37:41.3819200Z  ^[[32m✓^[[39m src/features/charting/components/TradingViewChart/TradingViewChart.test.tsx ^[[2m(^[[22m^[[2m15 tests^[[22m^[[2m | ^[[22m^[[33m7 skipped^[[39m^[[2m)^[[22m^[[32m 106^[[2mms^[[22m^[[39m
validate-code / unit-tests (test:unit)	UNKNOWN STEP	2026-10-08T08:37:42.9950358Z  ^[[32m✓^[[39m src/features/perpetuals/queries/live-trades-query.test.tsx ^[[2m(^[[22m^[[2m19 tests^[[22m^[[2m)^[[22m^[[32m 117^[[2mms^[[22m^[[39m
validate-code / unit-tests (test:unit)	UNKNOWN STEP	2026-10-08T08:37:43.7776213Z  ^[[32m✓^[[39m src/features/perpetuals/infra/hyperliquid/market-data/aggregation.test.ts ^[[2m(^[[22m^[[2m51 tests^[[22m^[[2m)^[[22m^[[32m 10^[[2mms^[[22m^[[39m
validate-code / unit-tests (test:unit)	UNKNOWN STEP	2026-10-08T08:37:46.0501135Z  ^[[32m✓^[[39m src/features/perpetuals/order/components/OrderForm/OrderFormEditors/OrderFormEditors.test.tsx ^[[2m(^[[22m^[[2m25 tests^[[22m^[[2m)^[[22m^[[33m 536^[[2mms^[[22m^[[39m
validate-code / unit-tests (test:unit)	UNKNOWN STEP	2026-10-08T08:37:48.3149653Z  ^[[32m✓^[[39m src/features/perpetuals/order/components/PaneErrorBoundary/PaneErrorBoundary.test.tsx ^[[2m(^[[22m^[[2m15 tests^[[22m^[[2m)^[[22m^[[33m 488^[[2mms^[[22m^[[39m
validate-code / unit-tests (test:unit)	UNKNOWN STEP	2026-10-08T08:37:49.1151211Z  ^[[32m✓^[[39m electron/services/bot-store.test.ts ^[[2m(^[[22m^[[2m5 tests^[[22m^[[2m)^[[22m^[[32m 7^[[2mms^[[22m^[[39m
validate-code / unit-tests (test:unit)	UNKNOWN STEP	2026-10-08T08:37:49.8717716Z  ^[[32m✓^[[39m src/features/charting/overlays/ChartOverlayManager.test.ts ^[[2m(^[[22m^[[2m7 tests^[[22m^[[2m)^[[22m^[[32m 12^[[2mms^[[22m^[[39m
validate-code / unit-tests (test:unit)	UNKNOWN STEP	2026-10-08T08:37:52.2454467Z  ^[[32m✓^[[39m src/features/perpetuals/order/components/BotStrategyPanel/BotStrategyPanel.test.tsx ^[[2m(^[[22m^[[2m7 tests^[[22m^[[2m)^[[22m^[[33m 696^[[2mms^[[22m^[[39m
validate-code / unit-tests (test:unit)	UNKNOWN STEP	2026-10-08T08:37:54.3947982Z  ^[[32m✓^[[39m src/features/bots/components/StrategyConfigurator/StrategyConfigurator.test.tsx ^[[2m(^[[22m^[[2m10 tests^[[22m^[[2m)^[[22m^[[33m 983^[[2mms^[[22m^[[39m
validate-code / unit-tests (test:unit)	UNKNOWN STEP	2026-10-08T08:37:55.9912791Z  ^[[32m✓^[[39m src/features/perpetuals/queries/live-orderbook-query.test.tsx ^[[2m(^[[22m^[[2m14 tests^[[22m^[[2m)^[[22m^[[32m 83^[[2mms^[[22m^[[39m
validate-code / unit-tests (test:unit)	UNKNOWN STEP	2026-10-08T08:37:58.2555744Z  ^[[32m✓^[[39m src/features/perpetuals/order/components/OrderForm/AmountInput/AmountInput.test.tsx ^[[2m(^[[22m^[[2m19 tests^[[22m^[[2m)^[[22m^[[33m 575^[[2mms^[[22m^[[39m
validate-code / unit-tests (test:unit)	UNKNOWN STEP	2026-10-08T08:38:00.4686524Z  ^[[32m✓^[[39m src/features/perpetuals/order/components/UserPositions/LimitOrders.test.tsx ^[[2m(^[[22m^[[2m18 tests^[[22m^[[2m)^[[22m^[[33m 559^[[2mms^[[22m^[[39m
validate-code / unit-tests (test:unit)	UNKNOWN STEP	2026-10-08T08:38:02.1165419Z  ^[[32m✓^[[39m src/features/perpetuals/queries/live-positions-query.test.tsx ^[[2m(^[[22m^[[2m14 tests^[[22m^[[2m)^[[22m^[[33m 316^[[2mms^[[22m^[[39m
validate-code / unit-tests (test:unit)	UNKNOWN STEP	2026-10-08T08:38:04.2147730Z  ^[[32m✓^[[39m src/components/ButtonToggle/ButtonToggle.test.tsx ^[[2m(^[[22m^[[2m18 tests^[[22m^[[2m)^[[22m^[[33m 522^[[2mms^[[22m^[[39m
validate-code / unit-tests (test:unit)	UNKNOWN STEP	2026-10-08T08:38:04.9790367Z ^[[90mstderr^[[2m | src/features/perpetuals/infra/hyperliquid/market-data/trades.test.ts^[[2m > ^[[22m^[[2madaptRecentTradesResponse^[[2m > ^[[22m^[[2mmalformed data handling^[[2m > ^[[22m^[[2mskips trades with invalid price (NaN)
validate-code / unit-tests (test:unit)	UNKNOWN STEP	2026-10-08T08:38:04.9884619Z ^[[22m^[[39mSkipping malformed trade: ***"coin":"BTC","side":"B","px":"not-a-number","sz":"1.5","time":1234567890,"hash":"0xabc123","tid":1,"users":["0xmaker","0xtaker"]***
validate-code / unit-tests (test:unit)	UNKNOWN STEP	2026-10-08T08:38:04.9887214Z 
validate-code / unit-tests (test:unit)	UNKNOWN STEP	2026-10-08T08:38:04.9890294Z ^[[90mstderr^[[2m | src/features/perpetuals/infra/hyperliquid/market-data/trades.test.ts^[[2m > ^[[22m^[[2madaptRecentTradesResponse^[[2m > ^[[22m^[[2mmalformed data handling^[[2m > ^[[22m^[[2mskips trades with zero price
validate-code / unit-tests (test:unit)	UNKNOWN STEP	2026-10-08T08:38:04.9908910Z ^[[22m^[[39mSkipping malformed trade: ***"coin":"BTC","side":"B","px":"0","sz":"1.5","time":1234567890,"hash":"0xabc123","tid":1,"users":["0xmaker","0xtaker"]***
validate-code / unit-tests (test:unit)	UNKNOWN STEP	2026-10-08T08:38:04.9917076Z 
validate-code / unit-tests (test:unit)	UNKNOWN STEP	2026-10-08T08:38:04.9925270Z ^[[90mstderr^[[2m | src/features/perpetuals/infra/hyperliquid/market-data/trades.test.ts^[[2m > ^[[22m^[[2madaptRecentTradesResponse^[[2m > ^[[22m^[[2mmalformed data handling^[[2m > ^[[22m^[[2mskips trades with negative price
validate-code / unit-tests (test:unit)	UNKNOWN STEP	2026-10-08T08:38:04.9927604Z ^[[22m^[[39mSkipping malformed trade: ***"coin":"BTC","side":"B","px":"-100","sz":"1.5","time":1234567890,"hash":"0xabc123","tid":1,"users":["0xmaker","0xtaker"]***
validate-code / unit-tests (test:unit)	UNKNOWN STEP	2026-10-08T08:38:04.9932938Z 
validate-code / unit-tests (test:unit)	UNKNOWN STEP	2026-10-08T08:38:04.9934176Z ^[[90mstderr^[[2m | src/features/perpetuals/infra/hyperliquid/market-data/trades.test.ts^[[2m > ^[[22m^[[2madaptRecentTradesResponse^[[2m > ^[[22m^[[2mmalformed data handling^[[2m > ^[[22m^[[2mskips trades with invalid size (NaN)
validate-code / unit-tests (test:unit)	UNKNOWN STEP	2026-10-08T08:38:04.9935783Z ^[[22m^[[39mSkipping malformed trade: ***"coin":"BTC","side":"B","px":"50000","sz":"invalid","time":1234567890,"hash":"0xabc123","tid":1,"users":["0xmaker","0xtaker"]***
validate-code / unit-tests (test:unit)	UNKNOWN STEP	2026-10-08T08:38:04.9936419Z 
validate-code / unit-tests (test:unit)	UNKNOWN STEP	2026-10-08T08:38:04.9937490Z ^[[90mstderr^[[2m | src/features/perpetuals/infra/hyperliquid/market-data/trades.test.ts^[[2m > ^[[22m^[[2madaptRecentTradesResponse^[[2m > ^[[22m^[[2mmalformed data handling^[[2m > ^[[22m^[[2mskips trades with zero size
validate-code / unit-tests (test:unit)	UNKNOWN STEP	2026-10-08T08:38:04.9939152Z ^[[22m^[[39mSkipping malformed trade: ***"coin":"BTC","side":"B","px":"50000","sz":"0","time":1234567890,"hash":"0xabc123","tid":1,"users":["0xmaker","0xtaker"]***
validate-code / unit-tests (test:unit)	UNKNOWN STEP	2026-10-08T08:38:04.9939766Z 
validate-code / unit-tests (test:unit)	UNKNOWN STEP	2026-10-08T08:38:04.9940752Z ^[[90mstderr^[[2m | src/features/perpetuals/infra/hyperliquid/market-data/trades.test.ts^[[2m > ^[[22m^[[2madaptRecentTradesResponse^[[2m > ^[[22m^[[2mmalformed data handling^[[2m > ^[[22m^[[2mskips trades with negative size
validate-code / unit-tests (test:unit)	UNKNOWN STEP	2026-10-08T08:38:04.9942124Z ^[[22m^[[39mSkipping malformed trade: ***"coin":"BTC","side":"B","px":"50000","sz":"-1.5","time":1234567890,"hash":"0xabc123","tid":1,"users":["0xmaker","0xtaker"]***
validate-code / unit-tests (test:unit)	UNKNOWN STEP	2026-10-08T08:38:04.9942697Z 
validate-code / unit-tests (test:unit)	UNKNOWN STEP	2026-10-08T08:38:04.9943709Z ^[[90mstderr^[[2m | src/features/perpetuals/infra/hyperliquid/market-data/trades.test.ts^[[2m > ^[[22m^[[2madaptRecentTradesResponse^[[2m > ^[[22m^[[2mmalformed data handling^[[2m > ^[[22m^[[2mskips trades with invalid side
validate-code / unit-tests (test:unit)	UNKNOWN STEP	2026-10-08T08:38:04.9945179Z ^[[22m^[[39mSkipping malformed trade: ***"coin":"BTC","side":"X","px":"50000","sz":"1.5","time":1234567890,"hash":"0xabc123","tid":1,"users":["0xmaker","0xtaker"]***
validate-code / unit-tests (test:unit)	UNKNOWN STEP	2026-10-08T08:38:04.9945806Z 
validate-code / unit-tests (test:unit)	UNKNOWN STEP	2026-10-08T08:38:04.9946890Z ^[[90mstderr^[[2m | src/features/perpetuals/infra/hyperliquid/market-data/trades.test.ts^[[2m > ^[[22m^[[2madaptRecentTradesResponse^[[2m > ^[[22m^[[2mmalformed data handling^[[2m > ^[[22m^[[2mskips trades with non-numeric tid
validate-code / unit-tests (test:unit)	UNKNOWN STEP	2026-10-08T08:38:04.9948598Z ^[[22m^[[39mSkipping malformed trade: ***"coin":"BTC","side":"B","px":"50000","sz":"1.5","time":1234567890,"hash":"0xabc123","tid":"not-a-number","users":["0xmaker","0xtaker"]***
validate-code / unit-tests (test:unit)	UNKNOWN STEP	2026-10-08T08:38:04.9949263Z 
validate-code / unit-tests (test:unit)	UNKNOWN STEP	2026-10-08T08:38:04.9950409Z ^[[90mstderr^[[2m | src/features/perpetuals/infra/hyperliquid/market-data/trades.test.ts^[[2m > ^[[22m^[[2madaptRecentTradesResponse^[[2m > ^[[22m^[[2mmalformed data handling^[[2m > ^[[22m^[[2mreturns empty array when all trades are malformed
validate-code / unit-tests (test:unit)	UNKNOWN STEP	2026-10-08T08:38:04.9952202Z ^[[22m^[[39mSkipping malformed trade: ***"coin":"BTC","side":"B","px":"invalid","sz":"1.5","time":1234567890,"hash":"0xabc123","tid":1,"users":["0xmaker","0xtaker"]***
validate-code / unit-tests (test:unit)	UNKNOWN STEP	2026-10-08T08:38:04.9953327Z Skipping malformed trade: ***"coin":"BTC","side":"B","px":"50000","sz":"0","time":1234567890,"hash":"0xabc123","tid":2,"users":["0xmaker","0xtaker"]***
validate-code / unit-tests (test:unit)	UNKNOWN STEP	2026-10-08T08:38:04.9954392Z Skipping malformed trade: ***"coin":"BTC","side":"X","px":"50000","sz":"1.5","time":1234567890,"hash":"0xabc123","tid":3,"users":["0xmaker","0xtaker"]***
validate-code / unit-tests (test:unit)	UNKNOWN STEP	2026-10-08T08:38:04.9954967Z 
validate-code / unit-tests (test:unit)	UNKNOWN STEP	2026-10-08T08:38:04.9955978Z ^[[90mstderr^[[2m | src/features/perpetuals/infra/hyperliquid/market-data/trades.test.ts^[[2m > ^[[22m^[[2madaptTradesEvent^[[2m > ^[[22m^[[2mmalformed data handling^[[2m > ^[[22m^[[2mskips malformed trades gracefully
validate-code / unit-tests (test:unit)	UNKNOWN STEP	2026-10-08T08:38:04.9957398Z ^[[22m^[[39mSkipping malformed trade: ***"coin":"BTC","side":"B","px":"invalid","sz":"1.5","time":1234567890,"hash":"0xabc123","tid":1,"users":["0xmaker","0xtaker"]***
validate-code / unit-tests (test:unit)	UNKNOWN STEP	2026-10-08T08:38:04.9958285Z 
validate-code / unit-tests (test:unit)	UNKNOWN STEP	2026-10-08T08:38:05.0341395Z  ^[[32m✓^[[39m src/features/perpetuals/infra/hyperliquid/market-data/trades.test.ts ^[[2m(^[[22m^[[2m25 tests^[[22m^[[2m)^[[22m^[[32m 14^[[2mms^[[22m^[[39m
validate-code / unit-tests (test:unit)	UNKNOWN STEP	2026-10-08T08:38:07.0852161Z  ^[[32m✓^[[39m src/features/perpetuals/order/components/OrderForm/OrderFormSummary/OrderFormSummary.test.tsx ^[[2m(^[[22m^[[2m16 tests^[[22m^[[2m)^[[22m^[[33m 375^[[2mms^[[22m^[[39m
validate-code / unit-tests (test:unit)	UNKNOWN STEP	2026-10-08T08:38:09.9414449Z  ^[[32m✓^[[39m src/features/perpetuals/order/components/MarketDataTabs/MarketDataTabs.test.tsx ^[[2m(^[[22m^[[2m22 tests^[[22m^[[2m)^[[22m^[[33m 1172^[[2mms^[[22m^[[39m
validate-code / unit-tests (test:unit)	UNKNOWN STEP	2026-10-08T08:38:11.7092677Z  ^[[32m✓^[[39m src/features/perpetuals/order/hooks/use-order-bot-strategy.test.tsx ^[[2m(^[[22m^[[2m3 tests^[[22m^[[2m)^[[22m^[[32m 130^[[2mms^[[22m^[[39m
validate-code / unit-tests (test:unit)	UNKNOWN STEP	2026-10-08T08:38:12.4620995Z  ^[[32m✓^[[39m src/features/perpetuals/infra/hyperliquid/market-data/orderBook.test.ts ^[[2m(^[[22m^[[2m22 tests^[[22m^[[2m)^[[22m^[[32m 8^[[2mms^[[22m^[[39m
validate-code / unit-tests (test:unit)	UNKNOWN STEP	2026-10-08T08:38:15.1418222Z  ^[[32m✓^[[39m src/features/perpetuals/order/components/OrderPage/OrderPage.streaming.test.tsx ^[[2m(^[[22m^[[2m6 tests^[[22m^[[2m)^[[22m^[[33m 444^[[2mms^[[22m^[[39m
validate-code / unit-tests (test:unit)	UNKNOWN STEP	2026-10-08T08:38:15.8580746Z  ^[[32m✓^[[39m src/features/perpetuals/queries/live-trading-cache.test.ts ^[[2m(^[[22m^[[2m7 tests^[[22m^[[2m)^[[22m^[[32m 6^[[2mms^[[22m^[[39m
validate-code / unit-tests (test:unit)	UNKNOWN STEP	2026-10-08T08:38:17.3132208Z  ^[[32m✓^[[39m src/features/perpetuals/queries/cancel-order-mutation.test.tsx ^[[2m(^[[22m^[[2m11 tests^[[22m^[[2m)^[[22m^[[32m 154^[[2mms^[[22m^[[39m
validate-code / unit-tests (test:unit)	UNKNOWN STEP	2026-10-08T08:38:18.0496204Z  ^[[32m✓^[[39m src/features/perpetuals/infra/perps-controller/mappers.test.ts ^[[2m(^[[22m^[[2m17 tests^[[22m^[[2m)^[[22m^[[32m 7^[[2mms^[[22m^[[39m
validate-code / unit-tests (test:unit)	UNKNOWN STEP	2026-10-08T08:38:18.8132973Z  ^[[32m✓^[[39m electron/services/agentic-cli-service.test.ts ^[[2m(^[[22m^[[2m7 tests^[[22m^[[2m)^[[22m^[[32m 13^[[2mms^[[22m^[[39m
validate-code / unit-tests (test:unit)	UNKNOWN STEP	2026-10-08T08:38:20.7255960Z  ^[[32m✓^[[39m src/features/perpetuals/order/components/OrderForm/OrderFormAmountField/OrderFormAmountField.test.tsx ^[[2m(^[[22m^[[2m11 tests^[[22m^[[2m)^[[22m^[[33m 339^[[2mms^[[22m^[[39m
validate-code / unit-tests (test:unit)	UNKNOWN STEP	2026-10-08T08:38:23.3972904Z ^[[90mstderr^[[2m | src/features/perpetuals/order/components/OrderForm/OrderParametersModals/OrderFormLimitPriceEditor.test.tsx^[[2m > ^[[22m^[[2mOrderFormLimitPriceEditor^[[2m > ^[[22m^[[2mupdates the editor when the form price changes from the order book
validate-code / unit-tests (test:unit)	UNKNOWN STEP	2026-10-08T08:38:23.3975425Z ^[[22m^[[39m[MSW] Warning: intercepted a request without a matching request handler:
validate-code / unit-tests (test:unit)	UNKNOWN STEP	2026-10-08T08:38:23.3975997Z 
validate-code / unit-tests (test:unit)	UNKNOWN STEP	2026-10-08T08:38:23.3976379Z   • GET wss://api.hyperliquid.xyz/ws
validate-code / unit-tests (test:unit)	UNKNOWN STEP	2026-10-08T08:38:23.3976734Z 
validate-code / unit-tests (test:unit)	UNKNOWN STEP	2026-10-08T08:38:23.3977199Z If you still wish to intercept this unhandled request, please create a request handler for it.
validate-code / unit-tests (test:unit)	UNKNOWN STEP	2026-10-08T08:38:23.3978097Z Read more: https://mswjs.io/docs/http/intercepting-requests
validate-code / unit-tests (test:unit)	UNKNOWN STEP	2026-10-08T08:38:23.3978559Z 
validate-code / unit-tests (test:unit)	UNKNOWN STEP	2026-10-08T08:38:23.4167291Z ^[[90mstderr^[[2m | src/features/perpetuals/order/components/OrderForm/OrderParametersModals/OrderFormLimitPriceEditor.test.tsx^[[2m > ^[[22m^[[2mOrderFormLimitPriceEditor^[[2m > ^[[22m^[[2mupdates the editor when the form price changes from the order book
validate-code / unit-tests (test:unit)	UNKNOWN STEP	2026-10-08T08:38:23.4169617Z ^[[22m^[[39m[MSW] Warning: intercepted a request without a matching request handler:
validate-code / unit-tests (test:unit)	UNKNOWN STEP	2026-10-08T08:38:23.4170192Z 
validate-code / unit-tests (test:unit)	UNKNOWN STEP	2026-10-08T08:38:23.4170549Z   • GET https://api.hyperliquid.xyz/ws
validate-code / unit-tests (test:unit)	UNKNOWN STEP	2026-10-08T08:38:23.4170876Z 
validate-code / unit-tests (test:unit)	UNKNOWN STEP	2026-10-08T08:38:23.4171351Z If you still wish to intercept this unhandled request, please create a request handler for it.
validate-code / unit-tests (test:unit)	UNKNOWN STEP	2026-10-08T08:38:23.4172074Z Read more: https://mswjs.io/docs/http/intercepting-requests
validate-code / unit-tests (test:unit)	UNKNOWN STEP	2026-10-08T08:38:23.4172507Z 
validate-code / unit-tests (test:unit)	UNKNOWN STEP	2026-10-08T08:38:23.6694820Z  ^[[31m❯^[[39m src/features/perpetuals/order/components/OrderForm/OrderParametersModals/OrderFormLimitPriceEditor.test.tsx ^[[2m(^[[22m^[[2m11 tests^[[22m^[[2m | ^[[22m^[[31m2 failed^[[39m^[[2m)^[[22m^[[33m 1277^[[2mms^[[22m^[[39m
validate-code / unit-tests (test:unit)	UNKNOWN STEP	2026-10-08T08:38:23.6696105Z ^[[31m   ^[[31m×^[[31m OrderFormLimitPriceEditor^[[2m > ^[[22mpasses symbol + leverage to useLeverageMetrics^[[39m^[[32m 77^[[2mms^[[22m^[[39m
validate-code / unit-tests (test:unit)	UNKNOWN STEP	2026-10-08T08:38:23.6696844Z ^[[31m     → expected "spy" to be called with arguments: [ 'SOL', 3 ]^[[90m
validate-code / unit-tests (test:unit)	UNKNOWN STEP	2026-10-08T08:38:23.6697102Z 
validate-code / unit-tests (test:unit)	UNKNOWN STEP	2026-10-08T08:38:23.6697257Z Number of calls: ^[[1m0^[[22m
validate-code / unit-tests (test:unit)	UNKNOWN STEP	2026-10-08T08:38:23.6697518Z ^[[31m^[[39m
validate-code / unit-tests (test:unit)	UNKNOWN STEP	2026-10-08T08:38:23.6698363Z ^[[31m   ^[[31m×^[[31m OrderFormLimitPriceEditor^[[2m > ^[[22mrenders leverage metrics returned by the hook^[[39m^[[32m 35^[[2mms^[[22m^[[39m
validate-code / unit-tests (test:unit)	UNKNOWN STEP	2026-10-08T08:38:23.6700361Z ^[[31m     → Unable to find an element with the text: $123.46. This could be because the text is broken up by multiple elements. In this case, you can provide a function for your text matcher to make your matcher more flexible.
validate-code / unit-tests (test:unit)	UNKNOWN STEP	2026-10-08T08:38:23.6704826Z 
validate-code / unit-tests (test:unit)	UNKNOWN STEP	2026-10-08T08:38:23.6705433Z Ignored nodes: comments, script, style
validate-code / unit-tests (test:unit)	UNKNOWN STEP	2026-10-08T08:38:23.6705913Z ^[[36m<body>^[[31m
validate-code / unit-tests (test:unit)	UNKNOWN STEP	2026-10-08T08:38:23.6706285Z   ^[[36m<div>^[[31m
validate-code / unit-tests (test:unit)	UNKNOWN STEP	2026-10-08T08:38:23.6706642Z     ^[[36m<div^[[31m
validate-code / unit-tests (test:unit)	UNKNOWN STEP	2026-10-08T08:38:23.6707268Z       ^[[33mclass^[[31m=^[[32m"bg-alternative text-default flex flex-col gap-6 rounded-none p-6"^[[31m
validate-code / unit-tests (test:unit)	UNKNOWN STEP	2026-10-08T08:38:23.6708066Z     ^[[36m>^[[31m
validate-code / unit-tests (test:unit)	UNKNOWN STEP	2026-10-08T08:38:23.6708438Z       ^[[36m<div^[[31m
validate-code / unit-tests (test:unit)	UNKNOWN STEP	2026-10-08T08:38:23.6709139Z         ^[[33mclass^[[31m=^[[32m"rounded-md bg-alternative text-default flex flex-row justify-between items-center"^[[31m
validate-code / unit-tests (test:unit)	UNKNOWN STEP	2026-10-08T08:38:23.6709776Z       ^[[36m>^[[31m
validate-code / unit-tests (test:unit)	UNKNOWN STEP	2026-10-08T08:38:23.6710162Z         ^[[36m<div^[[31m
validate-code / unit-tests (test:unit)	UNKNOWN STEP	2026-10-08T08:38:23.6710593Z           ^[[33mclass^[[31m=^[[32m"w-6"^[[31m
validate-code / unit-tests (test:unit)	UNKNOWN STEP	2026-10-08T08:38:23.6711013Z         ^[[36m/>^[[31m
validate-code / unit-tests (test:unit)	UNKNOWN STEP	2026-10-08T08:38:23.6711423Z         ^[[0m ^[[0m
validate-code / unit-tests (test:unit)	UNKNOWN STEP	2026-10-08T08:38:23.6711811Z         ^[[36m<p^[[31m
validate-code / unit-tests (test:unit)	UNKNOWN STEP	2026-10-08T08:38:23.6712820Z           ^[[33mclass^[[31m=^[[32m"leading-s-heading-sm tracking-s-heading-sm text-default font-bold md:text-l-heading-sm md:leading-l-heading-sm md:tracking-l-heading-sm md:font-semibold"^[[31m
validate-code / unit-tests (test:unit)	UNKNOWN STEP	2026-10-08T08:38:23.6713690Z         ^[[36m>^[[31m
validate-code / unit-tests (test:unit)	UNKNOWN STEP	2026-10-08T08:38:23.6714104Z           ^[[0mSet limit price^[[0m
validate-code / unit-tests (test:unit)	UNKNOWN STEP	2026-10-08T08:38:23.6714514Z         ^[[36m</p>^[[31m
validate-code / unit-tests (test:unit)	UNKNOWN STEP	2026-10-08T08:38:23.6714890Z         ^[[36m<button^[[31m
validate-code / unit-tests (test:unit)	UNKNOWN STEP	2026-10-08T08:38:23.6715393Z           ^[[33maria-label^[[31m=^[[32m"Close parameter editor"^[[31m
validate-code / unit-tests (test:unit)	UNKNOWN STEP	2026-10-08T08:38:23.6716050Z           ^[[33mclass^[[31m=^[[32m"bg-transparent border-none p-0 cursor-pointer"^[[31m
validate-code / unit-tests (test:unit)	UNKNOWN STEP	2026-10-08T08:38:23.6716621Z           ^[[33mdata-rac^[[31m=^[[32m""^[[31m
validate-code / unit-tests (test:unit)	UNKNOWN STEP	2026-10-08T08:38:23.6717163Z           ^[[33mdata-react-aria-pressable^[[31m=^[[32m"true"^[[31m
validate-code / unit-tests (test:unit)	UNKNOWN STEP	2026-10-08T08:38:23.6717701Z           ^[[33mid^[[31m=^[[32m"react-aria-_r_k_"^[[31m
validate-code / unit-tests (test:unit)	UNKNOWN STEP	2026-10-08T08:38:23.6718361Z           ^[[33mtabindex^[[31m=^[[32m"0"^[[31m
validate-code / unit-tests (test:unit)	UNKNOWN STEP	2026-10-08T08:38:23.6719173Z           ^[[33mtype^[[31m=^[[32m"button"^[[31m
validate-code / unit-tests (test:unit)	UNKNOWN STEP	2026-10-08T08:38:23.6719601Z         ^[[36m>^[[31m
validate-code / unit-tests (test:unit)	UNKNOWN STEP	2026-10-08T08:38:23.6719998Z           ^[[36m<close-icon^[[31m
validate-code / unit-tests (test:unit)	UNKNOWN STEP	2026-10-08T08:38:23.6720454Z             ^[[33maria-hidden^[[31m=^[[32m""^[[31m
validate-code / unit-tests (test:unit)	UNKNOWN STEP	2026-10-08T08:38:23.6721237Z             ^[[33mclass^[[31m=^[[32m"block shrink-0 self-center overflow-visible w-6 h-6 text-white icon-fill-current"^[[31m
validate-code / unit-tests (test:unit)	UNKNOWN STEP	2026-10-08T08:38:23.6721939Z             ^[[33mfocusable^[[31m=^[[32m"false"^[[31m
validate-code / unit-tests (test:unit)	UNKNOWN STEP	2026-10-08T08:38:23.6722378Z           ^[[36m/>^[[31m
validate-code / unit-tests (test:unit)	UNKNOWN STEP	2026-10-08T08:38:23.6722763Z         ^[[36m</button>^[[31m
validate-code / unit-tests (test:unit)	UNKNOWN STEP	2026-10-08T08:38:23.6723158Z       ^[[36m</div>^[[31m
validate-code / unit-tests (test:unit)	UNKNOWN STEP	2026-10-08T08:38:23.6723533Z       ^[[36m<div^[[31m
validate-code / unit-tests (test:unit)	UNKNOWN STEP	2026-10-08T08:38:23.6724153Z         ^[[33mclass^[[31m=^[[32m"rounded-md text-default flex flex-col gap-2 bg-transparent p-0"^[[31m
validate-code / unit-tests (test:unit)	UNKNOWN STEP	2026-10-08T08:38:23.6724732Z       ^[[36m>^[[31m
validate-code / unit-tests (test:unit)	UNKNOWN STEP	2026-10-08T08:38:23.6725093Z         ^[[36m<div^[[31m
validate-code / unit-tests (test:unit)	UNKNOWN STEP	2026-10-08T08:38:23.6725727Z           ^[[33mclass^[[31m=^[[32m"rounded-md text-default flex flex-row bg-section justify-between"^[[31m
validate-code / unit-tests (test:unit)	UNKNOWN STEP	2026-10-08T08:38:23.6726305Z         ^[[36m>^[[31m
validate-code / unit-tests (test:unit)	UNKNOWN STEP	2026-10-08T08:38:23.6726670Z           ^[[36m<div^[[31m
validate-code / unit-tests (test:unit)	UNKNOWN STEP	2026-10-08T08:38:23.6727156Z             ^[[33mclass^[[31m=^[[32m"react-aria-NumberField"^[[31m
validate-code / unit-tests (test:unit)	UNKNOWN STEP	2026-10-08T08:38:23.6727666Z             ^[[33mdata-rac^[[31m=^[[32m""^[[31m
validate-code / unit-tests (test:unit)	UNKNOWN STEP	2026-10-08T08:38:23.6728201Z           ^[[36m>^[[31m
validate-code / unit-tests (test:unit)	UNKNOWN STEP	2026-10-08T08:38:23.6728585Z             ^[[36m<input^[[31m
validate-code / unit-tests (test:unit)	UNKNOWN STEP	2026-10-08T08:38:23.6729017Z               ^[[33maria-label^[[31m=^[[32m"limit price"^[[31m
validate-code / unit-tests (test:unit)	UNKNOWN STEP	2026-10-08T08:38:23.6729534Z               ^[[33maria-roledescription^[[31m=^[[32m"Number field"^[[31m
validate-code / unit-tests (test:unit)	UNKNOWN STEP	2026-10-08T08:38:23.6730037Z               ^[[33mautocomplete^[[31m=^[[32m"off"^[[31m
validate-code / unit-tests (test:unit)	UNKNOWN STEP	2026-10-08T08:38:23.6730485Z               ^[[33mautocorrect^[[31m=^[[32m"off"^[[31m
validate-code / unit-tests (test:unit)	UNKNOWN STEP	2026-10-08T08:38:23.6732404Z               ^[[33mclass^[[31m=^[[32m"w-full rounded-xl bg-section text-default px-4 py-3 placeholder:text-muted outline-none transition-colors border border-muted hover:bg-input-hover data-[hovered]:bg-input-hover focus-visible:border-focus data-[invalid]:border-[--color-error-alternative] data-[disabled]:opacity-50 data-[disabled]:cursor-not-allowed"^[[31m
validate-code / unit-tests (test:unit)	UNKNOWN STEP	2026-10-08T08:38:23.6733977Z               ^[[33mdata-rac^[[31m=^[[32m""^[[31m
validate-code / unit-tests (test:unit)	UNKNOWN STEP	2026-10-08T08:38:23.6734462Z               ^[[33mid^[[31m=^[[32m"react-aria-_r_m_"^[[31m
validate-code / unit-tests (test:unit)	UNKNOWN STEP	2026-10-08T08:38:23.6734935Z               ^[[33minputmode^[[31m=^[[32m"numeric"^[[31m
validate-code / unit-tests (test:unit)	UNKNOWN STEP	2026-10-08T08:38:23.6735444Z               ^[[33mplaceholder^[[31m=^[[32m"$104,750.50"^[[31m
validate-code / unit-tests (test:unit)	UNKNOWN STEP	2026-10-08T08:38:23.6735952Z               ^[[33mspellcheck^[[31m=^[[32m"false"^[[31m
validate-code / unit-tests (test:unit)	UNKNOWN STEP	2026-10-08T08:38:23.6736428Z               ^[[33mtabindex^[[31m=^[[32m"0"^[[31m
validate-code / unit-tests (test:unit)	UNKNOWN STEP	2026-10-08T08:38:23.6736891Z               ^[[33mtitle^[[31m=^[[32m""^[[31m
validate-code / unit-tests (test:unit)	UNKNOWN STEP	2026-10-08T08:38:23.6737353Z               ^[[33mtype^[[31m=^[[32m"text"^[[31m
validate-code / unit-tests (test:unit)	UNKNOWN STEP	2026-10-08T08:38:23.6737922Z               ^[[33mvalue^[[31m=^[[32m"$104,750.50"^[[31m
validate-code / unit-tests (test:unit)	UNKNOWN STEP	2026-10-08T08:38:23.6738341Z             ^[[36m/>^[[31m
validate-code / unit-tests (test:unit)	UNKNOWN STEP	2026-10-08T08:38:23.6738709Z           ^[[36m</div>^[[31m
validate-code / unit-tests (test:unit)	UNKNOWN STEP	2026-10-08T08:38:23.6739104Z           ^[[36m<button^[[31m
validate-code / unit-tests (test:unit)	UNKNOWN STEP	2026-10-08T08:38:23.6739569Z             ^[[33maria-label^[[31m=^[[32m"Use mid price"^[[31m
validate-code / unit-tests (test:unit)	UNKNOWN STEP	2026-10-08T08:38:23.6740811Z             ^[[33mclass^[[31m=^[[32m"leading-s-body-xs tracking-s-body-xs md:text-l-body-xs md:leading-l-body-xs md:tracking-l-body-xs font-normal text-alternative bg-muted px-2 py-1 mr-3 rounded-sm my-auto cursor-pointer border-none"^[[31m
validate-code / unit-tests (test:unit)	UNKNOWN STEP	2026-10-08T08:38:23.6741791Z             ^[[33mdata-rac^[[31m=^[[32m""^[[31m
validate-code / unit-tests (test:unit)	UNKNOWN STEP	2026-10-08T08:38:23.6742402Z             ^[[33mdata-react-aria-pressable^[[31m=^[[32m"true"^[[31m
validate-code / unit-tests (test:unit)	UNKNOWN STEP	2026-10-08T08:38:23.6742970Z             ^[[33mid^[[31m=^[[32m"react-aria-_r_u_"^[[31m
validate-code / unit-tests (test:unit)	UNKNOWN STEP	2026-10-08T08:38:23.6743434Z             ^[[33mtabindex^[[31m=^[[32m"0"^[[31m
validate-code / unit-tests (test:unit)	UNKNOWN STEP	2026-10-08T08:38:23.6743890Z             ^[[33mtype^[[31m=^[[32m"button"^[[31m
validate-code / unit-tests (test:unit)	UNKNOWN STEP	2026-10-08T08:38:23.6744292Z           ^[[36m>^[[31m
validate-code / unit-tests (test:unit)	UNKNOWN STEP	2026-10-08T08:38:23.6744650Z             ^[[0mMid^[[0m
validate-code / unit-tests (test:unit)	UNKNOWN STEP	2026-10-08T08:38:23.6745024Z           ^[[36m</button>^[[31m
validate-code / unit-tests (test:unit)	UNKNOWN STEP	2026-10-08T08:38:23.6745403Z         ^[[36m</div>^[[31m
validate-code / unit-tests (test:unit)	UNKNOWN STEP	2026-10-08T08:38:23.6745766Z         ^[[36m<div^[[31m
validate-code / unit-tests (test:unit)	UNKNOWN STEP	2026-10-08T08:38:23.6746513Z           ^[[33mclass^[[31m=^[[32m"text-default grid grid-cols-3 gap-3 bg-transparent shadow-none rounded-none p-0"^[[31m
validate-code / unit-tests (test:unit)	UNKNOWN STEP	2026-10-08T08:38:23.6747106Z         ^[[36m>^[[31m
validate-code / unit-tests (test:unit)	UNKNOWN STEP	2026-10-08T08:38:23.6747459Z           ^[[36m<button^[[31m
validate-code / unit-tests (test:unit)	UNKNOWN STEP	2026-10-08T08:38:23.6750432Z             ^[[33mclass^[[31m=^[[32m"inline-flex items-center rounded-xl overflow-hidden relative outline-none duration-100 ease-linear data-[disabled]:opacity-50 data-[disabled]:cursor-not-allowed bg-muted data-[hovered]:bg-muted-hover data-[pressed]:bg-muted-pressed h-btn-md px-4 gap-2 text-s-body-md leading-s-body-md tracking-s-body-md md:text-l-body-md md:leading-l-body-md md:tracking-l-body-md font-medium justify-center transition cursor-pointer focus-visible:border-transparent focus-visible:outline focus-visible:outline-2 focus-visible:outline-white focus-visible:outline-offset-0 focus:border-transparent focus:outline focus:outline-2 focus:outline-white focus:outline-offset-0"^[[31m
validate-code / unit-tests (test:unit)	UNKNOWN STEP	2026-10-08T08:38:23.6752808Z             ^[[33mdata-rac^[[31m=^[[32m""^[[31m
validate-code / unit-tests (test:unit)	UNKNOWN STEP	2026-10-08T08:38:23.6753312Z             ^[[33mdata-react-aria-pressable^[[31m=^[[32m"true"^[[31m
validate-code / unit-tests (test:unit)	UNKNOWN STEP	2026-10-08T08:38:23.6753824Z             ^[[33mid^[[31m=^[[32m"react-aria-_r_10_"^[[31m
validate-code / unit-tests (test:unit)	UNKNOWN STEP	2026-10-08T08:38:23.6754277Z             ^[[33mtabindex^[[31m=^[[32m"0"^[[31m
validate-code / unit-tests (test:unit)	UNKNOWN STEP	2026-10-08T08:38:23.6754731Z             ^[[33mtype^[[31m=^[[32m"button"^[[31m
validate-code / unit-tests (test:unit)	UNKNOWN STEP	2026-10-08T08:38:23.6755139Z           ^[[36m>^[[31m
validate-code / unit-tests (test:unit)	UNKNOWN STEP	2026-10-08T08:38:23.6755483Z             ^[[0m-1%^[[0m
validate-code / unit-tests (test:unit)	UNKNOWN STEP	2026-10-08T08:38:23.6755919Z           ^[[36m</button>^[[31m
validate-code / unit-tests (test:unit)	UNKNOWN STEP	2026-10-08T08:38:23.6756297Z           ^[[36m<button^[[31m
validate-code / unit-tests (test:unit)	UNKNOWN STEP	2026-10-08T08:38:23.6759436Z             ^[[33mclass^[[31m=^[[32m"inline-flex items-center rounded-xl overflow-hidden relative outline-none duration-100 ease-linear data-[disabled]:opacity-50 data-[disabled]:cursor-not-allowed bg-muted data-[hovered]:bg-muted-hover data-[pressed]:bg-muted-pressed h-btn-md px-4 gap-2 text-s-body-md leading-s-body-md tracking-s-body-md md:text-l-body-md md:leading-l-body-md md:tracking-l-body-md font-medium justify-center transition cursor-pointer focus-visible:border-transparent focus-visible:outline focus-visible:outline-2 focus-visible:outline-white focus-visible:outline-offset-0 focus:border-transparent focus:outline focus:outline-2 focus:outline-white focus:outline-offset-0"^[[31m
validate-code / unit-tests (test:unit)	UNKNOWN STEP	2026-10-08T08:38:23.6761817Z             ^[[33mdata-rac^[[31m=^[[32m""^[[31m
validate-code / unit-tests (test:unit)	UNKNOWN STEP	2026-10-08T08:38:23.6762297Z             ^[[33mdata-react-aria-pressable^[[31m=^[[32m"true"^[[31m
validate-code / unit-tests (test:unit)	UNKNOWN STEP	2026-10-08T08:38:23.6762794Z             ^[[33mid^[[31m=^[[32m"react-aria-_r_12_"^[[31m
validate-code / unit-tests (test:unit)	UNKNOWN STEP	2026-10-08T08:38:23.6763252Z             ^[[33mtabindex^[[31m=^[[32m"0"^[[31m
validate-code / unit-tests (test:unit)	UNKNOWN STEP	2026-10-08T08:38:23.6763694Z             ^[[33mtype^[[31m=^[[32m"button"^[[31m
validate-code / unit-tests (test:unit)	UNKNOWN STEP	2026-10-08T08:38:23.6764095Z           ^[[36m>^[[31m
validate-code / unit-tests (test:unit)	UNKNOWN STEP	2026-10-08T08:38:23.6764447Z             ^[[0m-2%^[[0m
validate-code / unit-tests (test:unit)	UNKNOWN STEP	2026-10-08T08:38:23.6764811Z           ^[[36m</button>^[[31m
validate-code / unit-tests (test:unit)	UNKNOWN STEP	2026-10-08T08:38:23.6765207Z           ^[[36m<button^[[31m
validate-code / unit-tests (test:unit)	UNKNOWN STEP	2026-10-08T08:38:23.6768105Z             ^[[33mclass^[[31m=^[[32m"inline-flex items-center rounded-xl overflow-hidden relative outline-none duration-100 ease-linear data-[disabled]:opacity-50 data-[disabled]:cursor-not-allowed bg-muted data-[hovered]:bg-muted-hover data-[pressed]:bg-muted-pressed h-btn-md px-4 gap-2 text-s-body-md leading-s-body-md tracking-s-body-md md:text-l-body-md md:leading-l-body-md md:tracking-l-body-md font-medium justify-center transition cursor-pointer focus-visible:border-transparent focus-visible:outline focus-visible:outline-2 focus-visible:outline-white focus-visible:outline-offset-0 focus:border-transparent focus:outline focus:outline-2 focus:outline-white focus:outline-offset-0"^[[31m
validate-code / unit-tests (test:unit)	UNKNOWN STEP	2026-10-08T08:38:23.6770451Z             ^[[33mdata-rac^[[31m=^[[32m""^[[31m
validate-code / unit-tests (test:unit)	UNKNOWN STEP	2026-10-08T08:38:23.6770949Z             ^[[33mdata-react-aria-pressable^[[31m=^[[32m"true"^[[31m
validate-code / unit-tests (test:unit)	UNKNOWN STEP	2026-10-08T08:38:23.6771457Z             ^[[33mid^[[31m=^[[32m"react-aria-_r_14_"^[[31m
validate-code / unit-tests (test:unit)	UNKNOWN STEP	2026-10-08T08:38:23.6771935Z             ^[[33mtabindex^[[31m=^[[32m"0"^[[31m
validate-code / unit-tests (test:unit)	UNKNOWN STEP	2026-10-08T08:38:23.6772389Z             ^[[33mtype^[[31m=^[[32m"button"^[[31m
validate-code / unit-tests (test:unit)	UNKNOWN STEP	2026-10-08T08:38:23.6772786Z           ^[[36m>^[[31m
validate-code / unit-tests (test:unit)	UNKNOWN STEP	2026-10-08T08:38:23.6773146Z             ^[[0m-5%^[[0m
validate-code / unit-tests (test:unit)	UNKNOWN STEP	2026-10-08T08:38:23.6773515Z           ^[[36m</button>^[[31m
validate-code / unit-tests (test:unit)	UNKNOWN STEP	2026-10-08T08:38:23.6773881Z         ^[[36m</div>^[[31m
validate-code / unit-tests (test:unit)	UNKNOWN STEP	2026-10-08T08:38:23.6774248Z       ^[[36m</div>^[[31m
validate-code / unit-tests (test:unit)	UNKNOWN STEP	2026-10-08T08:38:23.6774607Z       ^[[36m<div^[[31m
validate-code / unit-tests (test:unit)	UNKNOWN STEP	2026-10-08T08:38:23.6775171Z         ^[[33mclass^[[31m=^[[32m"rounded-md bg-alternative text-default flex flex-col gap-2"^[[31m
validate-code / unit-tests (test:unit)	UNKNOWN STEP	2026-10-08T08:38:23.6775675Z       ^[[36m>^[[31m
validate-code / unit-tests (test:unit)	UNKNOWN STEP	2026-10-08T08:38:23.6776013Z         ^[[36m<div^[[31m
validate-code / unit-tests (test:unit)	UNKNOWN STEP	2026-10-08T08:38:23.6776714Z           ^[[33mclass^[[31m=^[[32m"text-default flex flex-row items-center justify-between bg-transparent shadow-none rounded-none p-0"^[[31m
validate-code / unit-tests (test:unit)	UNKNOWN STEP	2026-10-08T08:38:23.6777344Z         ^[[36m>^[[31m
validate-code / unit-tests (test:unit)	UNKNOWN STEP	2026-10-08T08:38:23.6777688Z           ^[[36m<p^[[31m
validate-code / unit-tests (test:unit)	UNKNOWN STEP	2026-10-08T08:38:23.6778588Z             ^[[33mclass^[[31m=^[[32m"leading-s-body-sm tracking-s-body-sm md:text-l-body-sm md:leading-l-body-sm md:tracking-l-body-sm font-normal text-alternative"^[[31m
validate-code / unit-tests (test:unit)	UNKNOWN STEP	2026-10-08T08:38:23.6779275Z           ^[[36m>^[[31m
validate-code / unit-tests (test:unit)	UNKNOWN STEP	2026-10-08T08:38:23.6779651Z             ^[[0mLiquidation price^[[0m
validate-code / unit-tests (test:unit)	UNKNOWN STEP	2026-10-08T08:38:23.6780031Z           ^[[36m</p>^[[31m
validate-code / unit-tests (test:unit)	UNKNOWN STEP	2026-10-08T08:38:23.6780386Z           ^[[36m<div^[[31m
validate-code / unit-tests (test:unit)	UNKNOWN STEP	2026-10-08T08:38:23.6781262Z             ^[[33mclass^[[31m=^[[32m"rounded-md bg-alternative leading-s-body-sm tracking-s-body-sm md:text-l-body-sm md:leading-l-body-sm md:tracking-l-body-sm font-normal text-alternative"^[[31m
validate-code / unit-tests (test:unit)	UNKNOWN STEP	2026-10-08T08:38:23.6782098Z           ^[[36m>^[[31m
validate-code / unit-tests (test:unit)	UNKNOWN STEP	2026-10-08T08:38:23.6782489Z             ^[[36m<div^[[31m
validate-code / unit-tests (test:unit)	UNKNOWN STEP	2026-10-08T08:38:23.6783037Z               ^[[33mclass^[[31m=^[[32m"rounded-lg skeleton-gradient animate-pulse h-6 w-16"^[[31m
validate-code / unit-tests (test:unit)	UNKNOWN STEP	2026-10-08T08:38:23.6783564Z             ^[[36m/>^[[31m
validate-code / unit-tests (test:unit)	UNKNOWN STEP	2026-10-08T08:38:23.6783933Z           ^[[36m</div>^[[31m
validate-code / unit-tests (test:unit)	UNKNOWN STEP	2026-10-08T08:38:23.6784285Z         ^[[36m</div>^[[31m
validate-code / unit-tests (test:unit)	UNKNOWN STEP	2026-10-08T08:38:23.6784761Z         ^[[36m<div^[[31m
validate-code / unit-tests (test:unit)	UNKNOWN STEP	2026-10-08T08:38:23.6785581Z           ^[[33mclass^[[31m=^[[32m"text-default flex flex-row items-center justify-between bg-transparent shadow-none rounded-none p-0"^[[31m
validate-code / unit-tests (test:unit)	UNKNOWN STEP	2026-10-08T08:38:23.6786199Z         ^[[36m>^[[31m
validate-code / unit-tests (test:unit)	UNKNOWN STEP	2026-10-08T08:38:23.6786636Z           ^[[36m<p^[[31m
validate-code / unit-tests (test:unit)	UNKNOWN STEP	2026-10-08T08:38:23.6787492Z             ^[[33mclass^[[31m=^[[32m"leading-s-body-sm tracking-s-body-sm md:text-l-body-sm md:leading-l-body-sm md:tracking-l-body-sm font-normal text-alternative"^[[31m
validate-code / unit-tests (test:unit)	UNKNOWN STEP	2026-10-08T08:38:23.6788319Z           ^[[36m>^[[31m
validate-code / unit-tests (test:unit)	UNKNOWN STEP	2026-10-08T08:38:23.6788701Z             ^[[0mCurrent price^[[0m
validate-code / unit-tests (test:unit)	UNKNOWN STEP	2026-10-08T08:38:23.6789082Z           ^[[36m</p>^[[31m
validate-code / unit-tests (test:unit)	UNKNOWN STEP	2026-10-08T08:38:23.6789440Z           ^[[36m<div^[[31m
validate-code / unit-tests (test:unit)	UNKNOWN STEP	2026-10-08T08:38:23.6790358Z             ^[[33mclass^[[31m=^[[32m"rounded-md bg-alternative leading-s-body-sm tracking-s-body-sm md:text-l-body-sm md:leading-l-body-sm md:tracking-l-body-sm font-normal text-alternative"^[[31m
validate-code / unit-tests (test:unit)	UNKNOWN STEP	2026-10-08T08:38:23.6791140Z           ^[[36m>^[[31m
validate-code / unit-tests (test:unit)	UNKNOWN STEP	2026-10-08T08:38:23.6791496Z             ^[[36m<div^[[31m
validate-code / unit-tests (test:unit)	UNKNOWN STEP	2026-10-08T08:38:23.6792052Z               ^[[33mclass^[[31m=^[[32m"rounded-lg skeleton-gradient animate-pulse h-6 w-16"^[[31m
validate-code / unit-tests (test:unit)	UNKNOWN STEP	2026-10-08T08:38:23.6792571Z             ^[[36m/>^[[31m
validate-code / unit-tests (test:unit)	UNKNOWN STEP	2026-10-08T08:38:23.6792916Z           ^[[36m</div>^[[31m
validate-code / unit-tests (test:unit)	UNKNOWN STEP	2026-10-08T08:38:23.6793267Z         ^[[36m</div>^[[31m
validate-code / unit-tests (test:unit)	UNKNOWN STEP	2026-10-08T08:38:23.6793609Z       ^[[36m</div>^[[31m
validate-code / unit-tests (test:unit)	UNKNOWN STEP	2026-10-08T08:38:23.6793966Z       ^[[36m<div^[[31m
validate-code / unit-tests (test:unit)	UNKNOWN STEP	2026-10-08T08:38:23.6794607Z         ^[[33mclass^[[31m=^[[32m"text-default flex flex-col bg-transparent shadow-none rounded-none p-0 gap-3"^[[31m
validate-code / unit-tests (test:unit)	UNKNOWN STEP	2026-10-08T08:38:23.6795172Z       ^[[36m>^[[31m
validate-code / unit-tests (test:unit)	UNKNOWN STEP	2026-10-08T08:38:23.6795530Z         ^[[36m<button^[[31m
validate-code / unit-tests (test:unit)	UNKNOWN STEP	2026-10-08T08:38:23.6798101Z           ^[[33mclass^[[31m=^[[32m"inline-flex items-center justify-center rounded-xl overflow-hidden relative outline-none transition-all duration-100 ease-linear cursor-pointer data-[disabled]:opacity-50 data-[disabled]:cursor-not-allowed focus-visible:outline-2 focus-visible:outline-[var(--color-primary-default)] focus-visible:outline-offset-2 btn-contrast data-[hovered]:bg-icon-default-hover data-[pressed]:bg-icon-default-pressed h-btn-md px-4 gap-2 text-s-body-md leading-s-body-md tracking-s-body-md md:text-l-body-md md:leading-l-body-md md:tracking-l-body-md font-medium"^[[31m
validate-code / unit-tests (test:unit)	UNKNOWN STEP	2026-10-08T08:38:23.6800312Z           ^[[33mdata-rac^[[31m=^[[32m""^[[31m
validate-code / unit-tests (test:unit)	UNKNOWN STEP	2026-10-08T08:38:23.6800828Z           ^[[33mdata-react-aria-pressable^[[31m=^[[32m"true"^[[31m
validate-code / unit-tests (test:unit)	UNKNOWN STEP	2026-10-08T08:38:23.6801356Z           ^[[33mid^[[31m=^[[32m"react-aria-_r_16_"^[[31m
validate-code / unit-tests (test:unit)	UNKNOWN STEP	2026-10-08T08:38:23.6801828Z           ^[[33mtabindex^[[31m=^[[32m"0"^[[31m
validate-code / unit-tests (test:unit)	UNKNOWN STEP	2026-10-08T08:38:23.6802274Z           ^[[33mtype^[[31m=^[[32m"button"^[[31m
validate-code / unit-tests (test:unit)	UNKNOWN STEP	2026-10-08T08:38:23.6802688Z         ^[[36m>^[[31m
validate-code / unit-tests (test:unit)	UNKNOWN STEP	2026-10-08T08:38:23.6803056Z           ^[[0mSet^[[0m
validate-code / unit-tests (test:unit)	UNKNOWN STEP	2026-10-08T08:38:23.6803428Z         ^[[36m</button>^[[31m
validate-code / unit-tests (test:unit)	UNKNOWN STEP	2026-10-08T08:38:23.6803812Z       ^[[36m</div>^[[31m
validate-code / unit-tests (test:unit)	UNKNOWN STEP	2026-10-08T08:38:23.6804186Z     ^[[36m</div>^[[31m
validate-code / unit-tests (test:unit)	UNKNOWN STEP	2026-10-08T08:38:23.6804556Z   ^[[36m</div>^[[31m
validate-code / unit-tests (test:unit)	UNKNOWN STEP	2026-10-08T08:38:23.6804921Z ^[[36m</body>^[[31m^[[39m
validate-code / unit-tests (test:unit)	UNKNOWN STEP	2026-10-08T08:38:23.6805660Z    ^[[33m^[[2m✓^[[22m^[[39m OrderFormLimitPriceEditor^[[2m > ^[[22mapplies selected percentage to the mid price ^[[33m 544^[[2mms^[[22m^[[39m
validate-code / unit-tests (test:unit)	UNKNOWN STEP	2026-10-08T08:38:23.6806680Z    ^[[32m✓^[[39m OrderFormLimitPriceEditor^[[2m > ^[[22mapplies poitive percentage to the mid price when shorting^[[32m 84^[[2mms^[[22m^[[39m
validate-code / unit-tests (test:unit)	UNKNOWN STEP	2026-10-08T08:38:23.6807654Z    ^[[32m✓^[[39m OrderFormLimitPriceEditor^[[2m > ^[[22mignores percentage buttons when price is not set^[[32m 57^[[2mms^[[22m^[[39m
validate-code / unit-tests (test:unit)	UNKNOWN STEP	2026-10-08T08:38:23.6808778Z    ^[[32m✓^[[39m OrderFormLimitPriceEditor^[[2m > ^[[22mreverts price to the initial value when closing without confirming^[[32m 79^[[2mms^[[22m^[[39m
validate-code / unit-tests (test:unit)	UNKNOWN STEP	2026-10-08T08:38:23.6809735Z    ^[[32m✓^[[39m OrderFormLimitPriceEditor^[[2m > ^[[22mkeeps the updated price when confirming^[[32m 92^[[2mms^[[22m^[[39m
validate-code / unit-tests (test:unit)	UNKNOWN STEP	2026-10-08T08:38:23.6810625Z    ^[[32m✓^[[39m OrderFormLimitPriceEditor^[[2m > ^[[22mapplies the mid price when Mid is clicked^[[32m 78^[[2mms^[[22m^[[39m
validate-code / unit-tests (test:unit)	UNKNOWN STEP	2026-10-08T08:38:23.6811584Z    ^[[32m✓^[[39m OrderFormLimitPriceEditor^[[2m > ^[[22mupdates the editor when the form price changes from the order book^[[32m 89^[[2mms^[[22m^[[39m
validate-code / unit-tests (test:unit)	UNKNOWN STEP	2026-10-08T08:38:23.6812820Z    ^[[32m✓^[[39m OrderFormLimitPriceEditor^[[2m > ^[[22muses the mid price as placeholder when price is not set^[[32m 19^[[2mms^[[22m^[[39m
validate-code / unit-tests (test:unit)	UNKNOWN STEP	2026-10-08T08:38:23.6813776Z    ^[[32m✓^[[39m OrderFormLimitPriceEditor^[[2m > ^[[22mallows manual price entry before confirmation^[[32m 114^[[2mms^[[22m^[[39m
validate-code / unit-tests (test:unit)	UNKNOWN STEP	2026-10-08T08:38:24.3600365Z  ^[[32m✓^[[39m electron/strategies/simple-buy-sell.test.ts ^[[2m(^[[22m^[[2m11 tests^[[22m^[[2m)^[[22m^[[32m 7^[[2mms^[[22m^[[39m
validate-code / unit-tests (test:unit)	UNKNOWN STEP	2026-10-08T08:38:26.5203520Z  ^[[32m✓^[[39m src/features/perpetuals/order/components/OrderForm/OrderParametersModals/OrderFormLeverageEditor.test.tsx ^[[2m(^[[22m^[[2m10 tests^[[22m^[[2m)^[[22m^[[33m 590^[[2mms^[[22m^[[39m
validate-code / unit-tests (test:unit)	UNKNOWN STEP	2026-10-08T08:38:28.8432805Z  ^[[32m✓^[[39m src/features/perpetuals/order/components/OrderForm/OrderFormManualPanel/OrderFormManualPanel.test.tsx ^[[2m(^[[22m^[[2m11 tests^[[22m^[[2m)^[[22m^[[33m 592^[[2mms^[[22m^[[39m
validate-code / unit-tests (test:unit)	UNKNOWN STEP	2026-10-08T08:38:30.1719305Z  ^[[32m✓^[[39m src/features/perpetuals/queries/live-prices-query.test.tsx ^[[2m(^[[22m^[[2m11 tests^[[22m^[[2m)^[[22m^[[32m 56^[[2mms^[[22m^[[39m
validate-code / unit-tests (test:unit)	UNKNOWN STEP	2026-10-08T08:38:30.8685375Z  ^[[32m✓^[[39m src/features/perpetuals/infra/PerpsProviderRegistry.test.ts ^[[2m(^[[22m^[[2m17 tests^[[22m^[[2m)^[[22m^[[32m 9^[[2mms^[[22m^[[39m
validate-code / unit-tests (test:unit)	UNKNOWN STEP	2026-10-08T08:38:33.2508076Z  ^[[32m✓^[[39m src/features/tokens/components/TokenDetailView/TokenDetailView.test.tsx ^[[2m(^[[22m^[[2m8 tests^[[22m^[[2m)^[[22m^[[33m 562^[[2mms^[[22m^[[39m
validate-code / unit-tests (test:unit)	UNKNOWN STEP	2026-10-08T08:38:33.9267033Z  ^[[32m✓^[[39m src/features/bots/utils/simple-buy-sell-defaults.test.ts ^[[2m(^[[22m^[[2m10 tests^[[22m^[[2m)^[[22m^[[32m 7^[[2mms^[[22m^[[39m
validate-code / unit-tests (test:unit)	UNKNOWN STEP	2026-10-08T08:38:35.7669089Z  ^[[32m✓^[[39m src/features/perpetuals/order/components/UserPositions/OtherPositions.test.tsx ^[[2m(^[[22m^[[2m11 tests^[[22m^[[2m)^[[22m^[[33m 303^[[2mms^[[22m^[[39m
validate-code / unit-tests (test:unit)	UNKNOWN STEP	2026-10-08T08:38:37.9122653Z  ^[[32m✓^[[39m src/features/perpetuals/order/components/OrderBook/stacked/OrderBookLevelsStacked.test.tsx ^[[2m(^[[22m^[[2m12 tests^[[22m^[[2m)^[[22m^[[33m 501^[[2mms^[[22m^[[39m
validate-code / unit-tests (test:unit)	UNKNOWN STEP	2026-10-08T08:38:39.2410739Z  ^[[32m✓^[[39m src/features/perpetuals/infra/perps-controller/ControllerPerpsProvider.agent-refusal.test.ts ^[[2m(^[[22m^[[2m3 tests^[[22m^[[2m)^[[22m^[[33m 511^[[2mms^[[22m^[[39m
validate-code / unit-tests (test:unit)	UNKNOWN STEP	2026-10-08T08:38:41.1381590Z  ^[[32m✓^[[39m src/features/perpetuals/order/components/OrderBook/OrderBookRow.test.tsx ^[[2m(^[[22m^[[2m16 tests^[[22m^[[2m)^[[22m^[[33m 406^[[2mms^[[22m^[[39m
validate-code / unit-tests (test:unit)	UNKNOWN STEP	2026-10-08T08:38:43.6214933Z  ^[[32m✓^[[39m src/features/perpetuals/order/components/OrderForm/OrderParametersModals/OrderFormAutoCloseEditor.test.tsx ^[[2m(^[[22m^[[2m7 tests^[[22m^[[2m)^[[22m^[[33m 835^[[2mms^[[22m^[[39m
validate-code / unit-tests (test:unit)	UNKNOWN STEP	2026-10-08T08:38:44.3576301Z  ^[[32m✓^[[39m electron/services/mm-perps-executor.test.ts ^[[2m(^[[22m^[[2m7 tests^[[22m^[[2m)^[[22m^[[32m 58^[[2mms^[[22m^[[39m
validate-code / unit-tests (test:unit)	UNKNOWN STEP	2026-10-08T08:38:45.0840316Z  ^[[32m✓^[[39m src/features/perpetuals/order/components/OrderBook/useOrderBookLayout.test.ts ^[[2m(^[[22m^[[2m14 tests^[[22m^[[2m)^[[22m^[[32m 26^[[2mms^[[22m^[[39m
validate-code / unit-tests (test:unit)	UNKNOWN STEP	2026-10-08T08:38:46.8719589Z  ^[[32m✓^[[39m src/features/portfolio/components/PortfolioBreakdown/PortfolioBreakdown.test.tsx ^[[2m(^[[22m^[[2m6 tests^[[22m^[[2m)^[[22m^[[32m 221^[[2mms^[[22m^[[39m
validate-code / unit-tests (test:unit)	UNKNOWN STEP	2026-10-08T08:38:50.7132906Z  ^[[32m✓^[[39m src/features/perpetuals/components/MarketsDrawer/MarketsDrawer.test.tsx ^[[2m(^[[22m^[[2m9 tests^[[22m^[[2m)^[[22m^[[33m 2208^[[2mms^[[22m^[[39m
validate-code / unit-tests (test:unit)	UNKNOWN STEP	2026-10-08T08:38:50.7134044Z    ^[[33m^[[2m✓^[[22m^[[39m MarketsDrawer^[[2m > ^[[22mopens with search focused, tabs, sort options and markets by volume ^[[33m 305^[[2mms^[[22m^[[39m
validate-code / unit-tests (test:unit)	UNKNOWN STEP	2026-10-08T08:38:50.7134742Z    ^[[33m^[[2m✓^[[22m^[[39m MarketsDrawer^[[2m > ^[[22mkeeps starred markets in a persisted watchlist ^[[33m 493^[[2mms^[[22m^[[39m
validate-code / unit-tests (test:unit)	UNKNOWN STEP	2026-10-08T08:38:50.7135295Z    ^[[33m^[[2m✓^[[22m^[[39m MarketsDrawer^[[2m > ^[[22mhas no accessibility violations ^[[33m 306^[[2mms^[[22m^[[39m
validate-code / unit-tests (test:unit)	UNKNOWN STEP	2026-10-08T08:38:52.4654445Z ^[[90mstderr^[[2m | src/features/perpetuals/infra/perps-controller/controller-host.console.test.ts^[[2m > ^[[22m^[[2mPerpsControllerHost with the real controller^[[2m > ^[[22m^[[2mplaces an order without the controller logging an error
validate-code / unit-tests (test:unit)	UNKNOWN STEP	2026-10-08T08:38:52.4656444Z ^[[22m^[[39m[MSW] Warning: intercepted a request without a matching request handler:
validate-code / unit-tests (test:unit)	UNKNOWN STEP	2026-10-08T08:38:52.4657488Z 
validate-code / unit-tests (test:unit)	UNKNOWN STEP	2026-10-08T08:38:52.4658073Z   • GET wss://api.hyperliquid-testnet.xyz/ws
validate-code / unit-tests (test:unit)	UNKNOWN STEP	2026-10-08T08:38:52.4658463Z 
validate-code / unit-tests (test:unit)	UNKNOWN STEP	2026-10-08T08:38:52.4659155Z If you still wish to intercept this unhandled request, please create a request handler for it.
validate-code / unit-tests (test:unit)	UNKNOWN STEP	2026-10-08T08:38:52.4659881Z Read more: https://mswjs.io/docs/http/intercepting-requests
validate-code / unit-tests (test:unit)	UNKNOWN STEP	2026-10-08T08:38:52.4660310Z 
validate-code / unit-tests (test:unit)	UNKNOWN STEP	2026-10-08T08:38:52.5187507Z ^[[90mstderr^[[2m | src/features/perpetuals/infra/perps-controller/controller-host.console.test.ts^[[2m > ^[[22m^[[2mPerpsControllerHost with the real controller^[[2m > ^[[22m^[[2mplaces an order without the controller logging an error
validate-code / unit-tests (test:unit)	UNKNOWN STEP	2026-10-08T08:38:52.5189746Z ^[[22m^[[39m[MSW] Warning: intercepted a request without a matching request handler:
validate-code / unit-tests (test:unit)	UNKNOWN STEP	2026-10-08T08:38:52.5190284Z 
validate-code / unit-tests (test:unit)	UNKNOWN STEP	2026-10-08T08:38:52.5190669Z   • GET https://api.hyperliquid-testnet.xyz/ws
validate-code / unit-tests (test:unit)	UNKNOWN STEP	2026-10-08T08:38:52.5191030Z 
validate-code / unit-tests (test:unit)	UNKNOWN STEP	2026-10-08T08:38:52.5191500Z If you still wish to intercept this unhandled request, please create a request handler for it.
validate-code / unit-tests (test:unit)	UNKNOWN STEP	2026-10-08T08:38:52.5192189Z Read more: https://mswjs.io/docs/http/intercepting-requests
validate-code / unit-tests (test:unit)	UNKNOWN STEP	2026-10-08T08:38:52.5192638Z 
validate-code / unit-tests (test:unit)	UNKNOWN STEP	2026-10-08T08:38:53.9490080Z ^[[90mstderr^[[2m | src/features/perpetuals/infra/perps-controller/controller-host.console.test.ts^[[2m > ^[[22m^[[2mPerpsControllerHost with the real controller^[[2m > ^[[22m^[[2mquotes a fee preview without the controller logging an error
validate-code / unit-tests (test:unit)	UNKNOWN STEP	2026-10-08T08:38:53.9492069Z ^[[22m^[[39m[MSW] Warning: intercepted a request without a matching request handler:
validate-code / unit-tests (test:unit)	UNKNOWN STEP	2026-10-08T08:38:53.9492576Z 
validate-code / unit-tests (test:unit)	UNKNOWN STEP	2026-10-08T08:38:53.9492932Z   • GET wss://api.hyperliquid-testnet.xyz/ws
validate-code / unit-tests (test:unit)	UNKNOWN STEP	2026-10-08T08:38:53.9493286Z 
validate-code / unit-tests (test:unit)	UNKNOWN STEP	2026-10-08T08:38:53.9493767Z If you still wish to intercept this unhandled request, please create a request handler for it.
validate-code / unit-tests (test:unit)	UNKNOWN STEP	2026-10-08T08:38:53.9494432Z Read more: https://mswjs.io/docs/http/intercepting-requests
validate-code / unit-tests (test:unit)	UNKNOWN STEP	2026-10-08T08:38:53.9494838Z 
validate-code / unit-tests (test:unit)	UNKNOWN STEP	2026-10-08T08:38:53.9723456Z ^[[90mstderr^[[2m | src/features/perpetuals/infra/perps-controller/controller-host.console.test.ts^[[2m > ^[[22m^[[2mPerpsControllerHost with the real controller^[[2m > ^[[22m^[[2mquotes a fee preview without the controller logging an error
validate-code / unit-tests (test:unit)	UNKNOWN STEP	2026-10-08T08:38:53.9736980Z ^[[22m^[[39m[MSW] Warning: intercepted a request without a matching request handler:
validate-code / unit-tests (test:unit)	UNKNOWN STEP	2026-10-08T08:38:53.9737544Z 
validate-code / unit-tests (test:unit)	UNKNOWN STEP	2026-10-08T08:38:53.9738196Z   • GET https://api.hyperliquid-testnet.xyz/ws
validate-code / unit-tests (test:unit)	UNKNOWN STEP	2026-10-08T08:38:53.9738706Z 
validate-code / unit-tests (test:unit)	UNKNOWN STEP	2026-10-08T08:38:53.9739159Z If you still wish to intercept this unhandled request, please create a request handler for it.
validate-code / unit-tests (test:unit)	UNKNOWN STEP	2026-10-08T08:38:53.9739825Z Read more: https://mswjs.io/docs/http/intercepting-requests
validate-code / unit-tests (test:unit)	UNKNOWN STEP	2026-10-08T08:38:53.9740217Z 
validate-code / unit-tests (test:unit)	UNKNOWN STEP	2026-10-08T08:38:55.1598898Z ^[[90mstderr^[[2m | src/features/perpetuals/infra/perps-controller/controller-host.console.test.ts^[[2m > ^[[22m^[[2mPerpsControllerHost with the real controller^[[2m > ^[[22m^[[2manswers a venue refusal of the agent as this order's own KEYRING_LOCKED and drops the agent
validate-code / unit-tests (test:unit)	UNKNOWN STEP	2026-10-08T08:38:55.1601006Z ^[[22m^[[39m[MSW] Warning: intercepted a request without a matching request handler:
validate-code / unit-tests (test:unit)	UNKNOWN STEP	2026-10-08T08:38:55.1601535Z 
validate-code / unit-tests (test:unit)	UNKNOWN STEP	2026-10-08T08:38:55.1601933Z   • GET wss://api.hyperliquid-testnet.xyz/ws
validate-code / unit-tests (test:unit)	UNKNOWN STEP	2026-10-08T08:38:55.1602285Z 
validate-code / unit-tests (test:unit)	UNKNOWN STEP	2026-10-08T08:38:55.1602774Z If you still wish to intercept this unhandled request, please create a request handler for it.
validate-code / unit-tests (test:unit)	UNKNOWN STEP	2026-10-08T08:38:55.1603486Z Read more: https://mswjs.io/docs/http/intercepting-requests
validate-code / unit-tests (test:unit)	UNKNOWN STEP	2026-10-08T08:38:55.1603920Z 
validate-code / unit-tests (test:unit)	UNKNOWN STEP	2026-10-08T08:38:55.1778429Z ^[[90mstderr^[[2m | src/features/perpetuals/infra/perps-controller/controller-host.console.test.ts^[[2m > ^[[22m^[[2mPerpsControllerHost with the real controller^[[2m > ^[[22m^[[2manswers a venue refusal of the agent as this order's own KEYRING_LOCKED and drops the agent
validate-code / unit-tests (test:unit)	UNKNOWN STEP	2026-10-08T08:38:55.1780398Z ^[[22m^[[39m[MSW] Warning: intercepted a request without a matching request handler:
validate-code / unit-tests (test:unit)	UNKNOWN STEP	2026-10-08T08:38:55.1783815Z 
validate-code / unit-tests (test:unit)	UNKNOWN STEP	2026-10-08T08:38:55.1784267Z   • GET https://api.hyperliquid-testnet.xyz/ws
validate-code / unit-tests (test:unit)	UNKNOWN STEP	2026-10-08T08:38:55.1784637Z 
validate-code / unit-tests (test:unit)	UNKNOWN STEP	2026-10-08T08:38:55.1785112Z If you still wish to intercept this unhandled request, please create a request handler for it.
validate-code / unit-tests (test:unit)	UNKNOWN STEP	2026-10-08T08:38:55.1785945Z Read more: https://mswjs.io/docs/http/intercepting-requests
validate-code / unit-tests (test:unit)	UNKNOWN STEP	2026-10-08T08:38:55.1787121Z 
validate-code / unit-tests (test:unit)	UNKNOWN STEP	2026-10-08T08:38:56.4795682Z ^[[90mstderr^[[2m | src/features/perpetuals/infra/perps-controller/controller-host.console.test.ts^[[2m > ^[[22m^[[2mPerpsControllerHost with the real controller^[[2m > ^[[22m^[[2mreports a successful mainnet order without a sign-in token quietly
validate-code / unit-tests (test:unit)	UNKNOWN STEP	2026-10-08T08:38:56.4797734Z ^[[22m^[[39m[MSW] Warning: intercepted a request without a matching request handler:
validate-code / unit-tests (test:unit)	UNKNOWN STEP	2026-10-08T08:38:56.4798525Z 
validate-code / unit-tests (test:unit)	UNKNOWN STEP	2026-10-08T08:38:56.4798914Z   • GET wss://api.hyperliquid.xyz/ws
validate-code / unit-tests (test:unit)	UNKNOWN STEP	2026-10-08T08:38:56.4799261Z 
validate-code / unit-tests (test:unit)	UNKNOWN STEP	2026-10-08T08:38:56.4799733Z If you still wish to intercept this unhandled request, please create a request handler for it.
validate-code / unit-tests (test:unit)	UNKNOWN STEP	2026-10-08T08:38:56.4800428Z Read more: https://mswjs.io/docs/http/intercepting-requests
validate-code / unit-tests (test:unit)	UNKNOWN STEP	2026-10-08T08:38:56.4800843Z 
validate-code / unit-tests (test:unit)	UNKNOWN STEP	2026-10-08T08:38:56.4956810Z ^[[90mstderr^[[2m | src/features/perpetuals/infra/perps-controller/controller-host.console.test.ts^[[2m > ^[[22m^[[2mPerpsControllerHost with the real controller^[[2m > ^[[22m^[[2mreports a successful mainnet order without a sign-in token quietly
validate-code / unit-tests (test:unit)	UNKNOWN STEP	2026-10-08T08:38:56.4958635Z ^[[22m^[[39m[MSW] Warning: intercepted a request without a matching request handler:
validate-code / unit-tests (test:unit)	UNKNOWN STEP	2026-10-08T08:38:56.4959626Z 
validate-code / unit-tests (test:unit)	UNKNOWN STEP	2026-10-08T08:38:56.4959991Z   • GET https://api.hyperliquid.xyz/ws
validate-code / unit-tests (test:unit)	UNKNOWN STEP	2026-10-08T08:38:56.4963315Z 
validate-code / unit-tests (test:unit)	UNKNOWN STEP	2026-10-08T08:38:56.4963812Z If you still wish to intercept this unhandled request, please create a request handler for it.
validate-code / unit-tests (test:unit)	UNKNOWN STEP	2026-10-08T08:38:56.4964497Z Read more: https://mswjs.io/docs/http/intercepting-requests
validate-code / unit-tests (test:unit)	UNKNOWN STEP	2026-10-08T08:38:56.4964905Z 
validate-code / unit-tests (test:unit)	UNKNOWN STEP	2026-10-08T08:38:58.6608084Z  ^[[32m✓^[[39m src/features/perpetuals/infra/perps-controller/controller-host.console.test.ts ^[[2m(^[[22m^[[2m4 tests^[[22m^[[2m)^[[22m^[[33m 6649^[[2mms^[[22m^[[39m
validate-code / unit-tests (test:unit)	UNKNOWN STEP	2026-10-08T08:38:58.6624758Z    ^[[33m^[[2m✓^[[22m^[[39m PerpsControllerHost with the real controller^[[2m > ^[[22mplaces an order without the controller logging an error ^[[33m 1498^[[2mms^[[22m^[[39m
validate-code / unit-tests (test:unit)	UNKNOWN STEP	2026-10-08T08:38:58.6626747Z    ^[[33m^[[2m✓^[[22m^[[39m PerpsControllerHost with the real controller^[[2m > ^[[22mquotes a fee preview without the controller logging an error ^[[33m 1211^[[2mms^[[22m^[[39m
validate-code / unit-tests (test:unit)	UNKNOWN STEP	2026-10-08T08:38:58.6628326Z    ^[[33m^[[2m✓^[[22m^[[39m PerpsControllerHost with the real controller^[[2m > ^[[22manswers a venue refusal of the agent as this order's own KEYRING_LOCKED and drops the agent ^[[33m 1322^[[2mms^[[22m^[[39m
validate-code / unit-tests (test:unit)	UNKNOWN STEP	2026-10-08T08:38:58.6629666Z    ^[[33m^[[2m✓^[[22m^[[39m PerpsControllerHost with the real controller^[[2m > ^[[22mreports a successful mainnet order without a sign-in token quietly ^[[33m 2615^[[2mms^[[22m^[[39m
validate-code / unit-tests (test:unit)	UNKNOWN STEP	2026-10-08T08:38:59.3123003Z  ^[[32m✓^[[39m src/features/charting/tradingview/providers/HyperliquidTradingDataProvider.test.ts ^[[2m(^[[22m^[[2m6 tests^[[22m^[[2m)^[[22m^[[32m 7^[[2mms^[[22m^[[39m
validate-code / unit-tests (test:unit)	UNKNOWN STEP	2026-10-08T08:39:01.3943533Z  ^[[32m✓^[[39m src/features/ecosystems/components/EcosystemCard/EcosystemCard.test.tsx ^[[2m(^[[22m^[[2m14 tests^[[22m^[[2m)^[[22m^[[33m 389^[[2mms^[[22m^[[39m
validate-code / unit-tests (test:unit)	UNKNOWN STEP	2026-10-08T08:39:03.2221700Z  ^[[32m✓^[[39m src/core/hooks/useCurrency.test.tsx ^[[2m(^[[22m^[[2m15 tests^[[22m^[[2m)^[[22m^[[33m 365^[[2mms^[[22m^[[39m
validate-code / unit-tests (test:unit)	UNKNOWN STEP	2026-10-08T08:39:03.8850237Z  ^[[32m✓^[[39m src/features/perpetuals/domain/OrderBook/helpers/OrderBookLevelHelper.test.ts ^[[2m(^[[22m^[[2m19 tests^[[22m^[[2m)^[[22m^[[32m 6^[[2mms^[[22m^[[39m
validate-code / unit-tests (test:unit)	UNKNOWN STEP	2026-10-08T08:39:04.5687363Z  ^[[32m✓^[[39m src/features/charting/components/TradingViewChart/chart-order-lines.test.ts ^[[2m(^[[22m^[[2m5 tests^[[22m^[[2m)^[[22m^[[32m 7^[[2mms^[[22m^[[39m
validate-code / unit-tests (test:unit)	UNKNOWN STEP	2026-10-08T08:39:06.6767544Z  ^[[32m✓^[[39m src/features/perpetuals/components/PerpetualsTable/PerpetualsTable.test.tsx ^[[2m(^[[22m^[[2m10 tests^[[22m^[[2m)^[[22m^[[33m 556^[[2mms^[[22m^[[39m
validate-code / unit-tests (test:unit)	UNKNOWN STEP	2026-10-08T08:39:08.5122665Z  ^[[32m✓^[[39m src/features/portfolio/components/PortfolioTotalValue/PortfolioTotalValue.test.tsx ^[[2m(^[[22m^[[2m11 tests^[[22m^[[2m)^[[22m^[[33m 314^[[2mms^[[22m^[[39m
validate-code / unit-tests (test:unit)	UNKNOWN STEP	2026-10-08T08:39:10.3611806Z  ^[[32m✓^[[39m src/features/perpetuals/order/components/OrderForm/OrderFormSubmitButton/OrderFormSubmitButton.test.tsx ^[[2m(^[[22m^[[2m14 tests^[[22m^[[2m)^[[22m^[[33m 371^[[2mms^[[22m^[[39m
validate-code / unit-tests (test:unit)	UNKNOWN STEP	2026-10-08T08:39:11.8553439Z  ^[[32m✓^[[39m src/features/ecosystems/services/ecosystem.service.test.ts ^[[2m(^[[22m^[[2m6 tests^[[22m^[[2m)^[[22m^[[32m 29^[[2mms^[[22m^[[39m
validate-code / unit-tests (test:unit)	UNKNOWN STEP	2026-10-08T08:39:12.6457567Z  ^[[32m✓^[[39m src/features/charting/components/TradingViewChart/useChartOrderLines.test.tsx ^[[2m(^[[22m^[[2m4 tests^[[22m^[[2m)^[[22m^[[32m 22^[[2mms^[[22m^[[39m
validate-code / unit-tests (test:unit)	UNKNOWN STEP	2026-10-08T08:39:14.6571520Z  ^[[32m✓^[[39m src/features/auth/components/AccountMenu.test.tsx ^[[2m(^[[22m^[[2m6 tests^[[22m^[[2m)^[[22m^[[33m 415^[[2mms^[[22m^[[39m
validate-code / unit-tests (test:unit)	UNKNOWN STEP	2026-10-08T08:39:16.3039319Z  ^[[32m✓^[[39m src/features/accounts/AccountSessionProvider.test.tsx ^[[2m(^[[22m^[[2m6 tests^[[22m^[[2m)^[[22m^[[32m 168^[[2mms^[[22m^[[39m
validate-code / unit-tests (test:unit)	UNKNOWN STEP	2026-10-08T08:39:18.3807706Z  ^[[32m✓^[[39m src/components/ui/Menu/Menu.test.tsx ^[[2m(^[[22m^[[2m8 tests^[[22m^[[2m)^[[22m^[[33m 613^[[2mms^[[22m^[[39m
validate-code / unit-tests (test:unit)	UNKNOWN STEP	2026-10-08T08:39:19.9254205Z  ^[[32m✓^[[39m src/features/card/components/CardPage/CardPage.test.tsx ^[[2m(^[[22m^[[2m2 tests^[[22m^[[2m)^[[22m^[[32m 62^[[2mms^[[22m^[[39m
validate-code / unit-tests (test:unit)	UNKNOWN STEP	2026-10-08T08:39:21.8160596Z  ^[[32m✓^[[39m src/features/perpetuals/order/components/OrderForm/OrderParametersModals/ParameterEditor.test.tsx ^[[2m(^[[22m^[[2m12 tests^[[22m^[[2m)^[[22m^[[33m 355^[[2mms^[[22m^[[39m
validate-code / unit-tests (test:unit)	UNKNOWN STEP	2026-10-08T08:39:23.5912003Z  ^[[32m✓^[[39m src/features/explorer/components/TransactionDetailView/TransactionDetailView.test.tsx ^[[2m(^[[22m^[[2m2 tests^[[22m^[[2m)^[[22m^[[32m 234^[[2mms^[[22m^[[39m
validate-code / unit-tests (test:unit)	UNKNOWN STEP	2026-10-08T08:39:25.2241632Z  ^[[32m✓^[[39m src/features/perpetuals/order/components/OrderForm/OrderFormWrapper/OrderFormWrapper.test.tsx ^[[2m(^[[22m^[[2m7 tests^[[22m^[[2m)^[[22m^[[32m 199^[[2mms^[[22m^[[39m
validate-code / unit-tests (test:unit)	UNKNOWN STEP	2026-10-08T08:39:26.1367498Z  ^[[32m✓^[[39m src/features/perpetuals/infra/perps-controller/agent-approval.test.ts ^[[2m(^[[22m^[[2m5 tests^[[22m^[[2m)^[[22m^[[32m 51^[[2mms^[[22m^[[39m
validate-code / unit-tests (test:unit)	UNKNOWN STEP	2026-10-08T08:39:28.4619841Z  ^[[32m✓^[[39m src/features/portfolio/components/AccountsPane.test.tsx ^[[2m(^[[22m^[[2m6 tests^[[22m^[[2m)^[[22m^[[33m 653^[[2mms^[[22m^[[39m
validate-code / unit-tests (test:unit)	UNKNOWN STEP	2026-10-08T08:39:29.7214450Z  ^[[32m✓^[[39m src/features/perpetuals/queries/modify-order-mutation.test.tsx ^[[2m(^[[22m^[[2m4 tests^[[22m^[[2m)^[[22m^[[32m 50^[[2mms^[[22m^[[39m
validate-code / unit-tests (test:unit)	UNKNOWN STEP	2026-10-08T08:39:30.4892936Z  ^[[32m✓^[[39m src/core/hooks/useViewportTier.test.ts ^[[2m(^[[22m^[[2m6 tests^[[22m^[[2m)^[[22m^[[32m 29^[[2mms^[[22m^[[39m
validate-code / unit-tests (test:unit)	UNKNOWN STEP	2026-10-08T08:39:31.6215180Z  ^[[32m✓^[[39m src/features/perpetuals/infra/perps-controller/account-signer.test.ts ^[[2m(^[[22m^[[2m6 tests^[[22m^[[2m)^[[22m^[[32m 9^[[2mms^[[22m^[[39m
validate-code / unit-tests (test:unit)	UNKNOWN STEP	2026-10-08T08:39:32.2565312Z  ^[[32m✓^[[39m electron/strategies/bollinger-band.test.ts ^[[2m(^[[22m^[[2m5 tests^[[22m^[[2m)^[[22m^[[32m 6^[[2mms^[[22m^[[39m
validate-code / unit-tests (test:unit)	UNKNOWN STEP	2026-10-08T08:39:34.1008739Z  ^[[32m✓^[[39m src/components/ui/Skeleton/Skeleton.test.tsx ^[[2m(^[[22m^[[2m19 tests^[[22m^[[2m)^[[22m^[[33m 387^[[2mms^[[22m^[[39m
validate-code / unit-tests (test:unit)	UNKNOWN STEP	2026-10-08T08:39:34.7708532Z  ^[[32m✓^[[39m electron/services/app-updater.test.ts ^[[2m(^[[22m^[[2m6 tests^[[22m^[[2m)^[[22m^[[32m 6^[[2mms^[[22m^[[39m
validate-code / unit-tests (test:unit)	UNKNOWN STEP	2026-10-08T08:39:36.4722499Z ^[[90mstderr^[[2m | src/features/tokens/components/TokenSearchBar/TokenSearchBar.test.tsx^[[2m > ^[[22m^[[2mTokenSearchBar^[[2m > ^[[22m^[[2msubmits the query to the search results page
validate-code / unit-tests (test:unit)	UNKNOWN STEP	2026-10-08T08:39:36.4724659Z ^[[22m^[[39mThe tag <search> is unrecognized in this browser. If you meant to render a React component, start its name with an uppercase letter.
validate-code / unit-tests (test:unit)	UNKNOWN STEP	2026-10-08T08:39:36.4725580Z 
validate-code / unit-tests (test:unit)	UNKNOWN STEP	2026-10-08T08:39:38.3209894Z  ^[[32m✓^[[39m src/features/tokens/components/TokenSearchBar/TokenSearchBar.test.tsx ^[[2m(^[[22m^[[2m6 tests^[[22m^[[2m)^[[22m^[[33m 1812^[[2mms^[[22m^[[39m
validate-code / unit-tests (test:unit)	UNKNOWN STEP	2026-10-08T08:39:38.3218318Z    ^[[33m^[[2m✓^[[22m^[[39m TokenSearchBar^[[2m > ^[[22mshows token results that link to network-specific pages ^[[33m 492^[[2mms^[[22m^[[39m
validate-code / unit-tests (test:unit)	UNKNOWN STEP	2026-10-08T08:39:38.3219436Z    ^[[33m^[[2m✓^[[22m^[[39m TokenSearchBar^[[2m > ^[[22mkeeps one market request alive while a zero-hit search is pending ^[[33m 549^[[2mms^[[22m^[[39m
validate-code / unit-tests (test:unit)	UNKNOWN STEP	2026-10-08T08:39:38.3220541Z    ^[[33m^[[2m✓^[[22m^[[39m TokenSearchBar^[[2m > ^[[22mstill shows markets when the focus prefetch fails ^[[33m 408^[[2mms^[[22m^[[39m
validate-code / unit-tests (test:unit)	UNKNOWN STEP	2026-10-08T08:39:40.0340254Z  ^[[32m✓^[[39m src/features/card/components/CardHeroSection/CardHeroSection.test.tsx ^[[2m(^[[22m^[[2m4 tests^[[22m^[[2m)^[[22m^[[32m 207^[[2mms^[[22m^[[39m
validate-code / unit-tests (test:unit)	UNKNOWN STEP	2026-10-08T08:39:41.8423343Z  ^[[32m✓^[[39m src/features/perpetuals/order/components/OrderForm/OrderFormParameters/OrderFormParameters.test.tsx ^[[2m(^[[22m^[[2m4 tests^[[22m^[[2m)^[[22m^[[32m 296^[[2mms^[[22m^[[39m
validate-code / unit-tests (test:unit)	UNKNOWN STEP	2026-10-08T08:39:43.4445419Z  ^[[32m✓^[[39m src/features/ecosystems/components/EcosystemsNetworkPage/EcosystemsNetworkPage.test.tsx ^[[2m(^[[22m^[[2m2 tests^[[22m^[[2m)^[[22m^[[32m 116^[[2mms^[[22m^[[39m
validate-code / unit-tests (test:unit)	UNKNOWN STEP	2026-10-08T08:39:44.9906601Z  ^[[32m✓^[[39m src/features/perpetuals/order/components/UserPositions/UserPositionsWrapper.test.tsx ^[[2m(^[[22m^[[2m3 tests^[[22m^[[2m)^[[22m^[[32m 86^[[2mms^[[22m^[[39m
validate-code / unit-tests (test:unit)	UNKNOWN STEP	2026-10-08T08:39:46.4319507Z ^[[90mstderr^[[2m | src/features/perpetuals/order/components/OrderHeader/OrderHeader.integration.test.tsx^[[2m > ^[[22m^[[2mOrderHeader Integration Tests^[[2m > ^[[22m^[[2muses cached perpetuals data from trade page without refetching
validate-code / unit-tests (test:unit)	UNKNOWN STEP	2026-10-08T08:39:46.4321469Z ^[[22m^[[39mReceived `true` for a non-boolean attribute `unoptimized`.
validate-code / unit-tests (test:unit)	UNKNOWN STEP	2026-10-08T08:39:46.4321941Z 
validate-code / unit-tests (test:unit)	UNKNOWN STEP	2026-10-08T08:39:46.4322697Z If you want to write it to the DOM, pass a string instead: unoptimized="true" or unoptimized=***value.toString()***.
validate-code / unit-tests (test:unit)	UNKNOWN STEP	2026-10-08T08:39:46.4323294Z 
validate-code / unit-tests (test:unit)	UNKNOWN STEP	2026-10-08T08:39:46.5832157Z  ^[[32m✓^[[39m src/features/perpetuals/order/components/OrderHeader/OrderHeader.integration.test.tsx ^[[2m(^[[22m^[[2m3 tests^[[22m^[[2m)^[[22m^[[32m 73^[[2mms^[[22m^[[39m
validate-code / unit-tests (test:unit)	UNKNOWN STEP	2026-10-08T08:39:48.0606666Z  ^[[32m✓^[[39m src/features/card/components/HubspotForm/HubspotWaitlistModal.test.tsx ^[[2m(^[[22m^[[2m3 tests^[[22m^[[2m)^[[22m^[[32m 174^[[2mms^[[22m^[[39m
validate-code / unit-tests (test:unit)	UNKNOWN STEP	2026-10-08T08:39:48.7672037Z  ^[[32m✓^[[39m src/features/perpetuals/domain/OrderBook/helpers/OrderBookSpreadHelper.test.ts ^[[2m(^[[22m^[[2m14 tests^[[22m^[[2m)^[[22m^[[32m 5^[[2mms^[[22m^[[39m
validate-code / unit-tests (test:unit)	UNKNOWN STEP	2026-10-08T08:39:49.4179617Z  ^[[32m✓^[[39m src/features/bots/utils/bot-chart.test.ts ^[[2m(^[[22m^[[2m5 tests^[[22m^[[2m)^[[22m^[[32m 6^[[2mms^[[22m^[[39m
validate-code / unit-tests (test:unit)	UNKNOWN STEP	2026-10-08T08:39:51.0365505Z ^[[90mstderr^[[2m | src/features/perpetuals/order/components/OrderHeader/OrderHeader.test.tsx^[[2m > ^[[22m^[[2mOrderHeader^[[2m > ^[[22m^[[2mrenders the header stats when data is available
validate-code / unit-tests (test:unit)	UNKNOWN STEP	2026-10-08T08:39:51.0367389Z ^[[22m^[[39mReceived `true` for a non-boolean attribute `unoptimized`.
validate-code / unit-tests (test:unit)	UNKNOWN STEP	2026-10-08T08:39:51.0367753Z 
validate-code / unit-tests (test:unit)	UNKNOWN STEP	2026-10-08T08:39:51.0368598Z If you want to write it to the DOM, pass a string instead: unoptimized="true" or unoptimized=***value.toString()***.
validate-code / unit-tests (test:unit)	UNKNOWN STEP	2026-10-08T08:39:51.0369120Z 
validate-code / unit-tests (test:unit)	UNKNOWN STEP	2026-10-08T08:39:51.2099804Z  ^[[32m✓^[[39m src/features/perpetuals/order/components/OrderHeader/OrderHeader.test.tsx ^[[2m(^[[22m^[[2m5 tests^[[22m^[[2m)^[[22m^[[32m 185^[[2mms^[[22m^[[39m
validate-code / unit-tests (test:unit)	UNKNOWN STEP	2026-10-08T08:39:51.9393655Z  ^[[32m✓^[[39m src/features/perpetuals/order/components/OrderBook/useHasConnected.test.ts ^[[2m(^[[22m^[[2m8 tests^[[22m^[[2m)^[[22m^[[32m 19^[[2mms^[[22m^[[39m
validate-code / unit-tests (test:unit)	UNKNOWN STEP	2026-10-08T08:39:53.5460123Z  ^[[32m✓^[[39m src/features/perpetuals/order/components/Trades/Trades.test.tsx ^[[2m(^[[22m^[[2m5 tests^[[22m^[[2m)^[[22m^[[32m 163^[[2mms^[[22m^[[39m
validate-code / unit-tests (test:unit)	UNKNOWN STEP	2026-10-08T08:39:54.2678338Z  ^[[32m✓^[[39m src/features/charting/tradingview/MockTradingViewDatafeed.test.ts ^[[2m(^[[22m^[[2m5 tests^[[22m^[[2m)^[[22m^[[32m 7^[[2mms^[[22m^[[39m
validate-code / unit-tests (test:unit)	UNKNOWN STEP	2026-10-08T08:39:57.8308051Z  ^[[32m✓^[[39m src/features/trade/components/TradePage/TradePage.test.tsx ^[[2m(^[[22m^[[2m5 tests^[[22m^[[2m)^[[22m^[[33m 1932^[[2mms^[[22m^[[39m
validate-code / unit-tests (test:unit)	UNKNOWN STEP	2026-10-08T08:39:57.8319277Z    ^[[33m^[[2m✓^[[22m^[[39m TradePage^[[2m > ^[[22mrenders trending perps, discovery, and explore tokens ^[[33m 595^[[2mms^[[22m^[[39m
validate-code / unit-tests (test:unit)	UNKNOWN STEP	2026-10-08T08:39:57.8322316Z    ^[[33m^[[2m✓^[[22m^[[39m TradePage^[[2m > ^[[22mdeep-links spot tokens to in-app token detail ^[[33m 396^[[2mms^[[22m^[[39m
validate-code / unit-tests (test:unit)	UNKNOWN STEP	2026-10-08T08:39:57.8323501Z    ^[[33m^[[2m✓^[[22m^[[39m TradePage^[[2m > ^[[22mopens a wallet swap deep link from the quick buy icon ^[[33m 370^[[2mms^[[22m^[[39m
validate-code / unit-tests (test:unit)	UNKNOWN STEP	2026-10-08T08:39:57.8324444Z    ^[[33m^[[2m✓^[[22m^[[39m TradePage^[[2m > ^[[22mnavigates trending perpetual cards to the order page ^[[33m 324^[[2mms^[[22m^[[39m
validate-code / unit-tests (test:unit)	UNKNOWN STEP	2026-10-08T08:39:59.3924211Z  ^[[32m✓^[[39m src/features/ecosystems/components/FeaturedSitesSection.test.tsx ^[[2m(^[[22m^[[2m2 tests^[[22m^[[2m)^[[22m^[[32m 57^[[2mms^[[22m^[[39m
validate-code / unit-tests (test:unit)	UNKNOWN STEP	2026-10-08T08:40:01.0882359Z  ^[[32m✓^[[39m src/features/explorer/components/BlockDetailView/BlockDetailView.test.tsx ^[[2m(^[[22m^[[2m3 tests^[[22m^[[2m)^[[22m^[[32m 176^[[2mms^[[22m^[[39m
validate-code / unit-tests (test:unit)	UNKNOWN STEP	2026-10-08T08:40:02.8875379Z  ^[[32m✓^[[39m src/features/tokens/components/TokenActivity/TokenActivity.test.tsx ^[[2m(^[[22m^[[2m3 tests^[[22m^[[2m)^[[22m^[[32m 272^[[2mms^[[22m^[[39m
validate-code / unit-tests (test:unit)	UNKNOWN STEP	2026-10-08T08:40:03.6930307Z  ^[[32m✓^[[39m src/features/portfolio/domain/derive-portfolio.test.ts ^[[2m(^[[22m^[[2m2 tests^[[22m^[[2m)^[[22m^[[32m 6^[[2mms^[[22m^[[39m
validate-code / unit-tests (test:unit)	UNKNOWN STEP	2026-10-08T08:40:04.3449440Z  ^[[32m✓^[[39m src/features/charting/components/TradingViewMarketChart/depthChart.test.ts ^[[2m(^[[22m^[[2m7 tests^[[22m^[[2m)^[[22m^[[32m 5^[[2mms^[[22m^[[39m
validate-code / unit-tests (test:unit)	UNKNOWN STEP	2026-10-08T08:40:04.9859954Z  ^[[32m✓^[[39m src/features/perpetuals/domain/Position/helpers/tpslFromOrders.test.ts ^[[2m(^[[22m^[[2m5 tests^[[22m^[[2m)^[[22m^[[32m 4^[[2mms^[[22m^[[39m
validate-code / unit-tests (test:unit)	UNKNOWN STEP	2026-10-08T08:40:05.6608652Z  ^[[32m✓^[[39m src/lib/throttled-callback.test.ts ^[[2m(^[[22m^[[2m10 tests^[[22m^[[2m)^[[22m^[[32m 9^[[2mms^[[22m^[[39m
validate-code / unit-tests (test:unit)	UNKNOWN STEP	2026-10-08T08:40:06.6279703Z  ^[[32m✓^[[39m src/features/perpetuals/infra/perps-controller/trigger-edit.test.ts ^[[2m(^[[22m^[[2m14 tests^[[22m^[[2m)^[[22m^[[32m 5^[[2mms^[[22m^[[39m
validate-code / unit-tests (test:unit)	UNKNOWN STEP	2026-10-08T08:40:08.3714351Z  ^[[32m✓^[[39m src/features/bots/components/TradeHistoryTable/TradeHistoryTable.test.tsx ^[[2m(^[[22m^[[2m5 tests^[[22m^[[2m)^[[22m^[[32m 269^[[2mms^[[22m^[[39m
validate-code / unit-tests (test:unit)	UNKNOWN STEP	2026-10-08T08:40:10.0735459Z  ^[[32m✓^[[39m src/features/card/components/MetalCardSection/MetalCardSection.test.tsx ^[[2m(^[[22m^[[2m3 tests^[[22m^[[2m)^[[22m^[[32m 175^[[2mms^[[22m^[[39m
validate-code / unit-tests (test:unit)	UNKNOWN STEP	2026-10-08T08:40:11.6541506Z  ^[[32m✓^[[39m src/features/ecosystems/components/ExploreSitesSection.test.tsx ^[[2m(^[[22m^[[2m2 tests^[[22m^[[2m)^[[22m^[[32m 58^[[2mms^[[22m^[[39m
validate-code / unit-tests (test:unit)	UNKNOWN STEP	2026-10-08T08:40:13.0998200Z  ^[[32m✓^[[39m src/features/card/hooks/useSupportedRegions.test.tsx ^[[2m(^[[22m^[[2m3 tests^[[22m^[[2m)^[[22m^[[32m 76^[[2mms^[[22m^[[39m
validate-code / unit-tests (test:unit)	UNKNOWN STEP	2026-10-08T08:40:14.6992111Z  ^[[32m✓^[[39m src/features/ecosystems/components/EventsSection.test.tsx ^[[2m(^[[22m^[[2m2 tests^[[22m^[[2m)^[[22m^[[32m 68^[[2mms^[[22m^[[39m
validate-code / unit-tests (test:unit)	UNKNOWN STEP	2026-10-08T08:40:16.3138141Z  ^[[32m✓^[[39m src/features/ecosystems/components/PremiumPartnersSection.test.tsx ^[[2m(^[[22m^[[2m2 tests^[[22m^[[2m)^[[22m^[[32m 62^[[2mms^[[22m^[[39m
validate-code / unit-tests (test:unit)	UNKNOWN STEP	2026-10-08T08:40:18.0013408Z ^[[90mstderr^[[2m | src/core/providers/client.ssr.test.tsx^[[2m > ^[[22m^[[2mAppProviders server render^[[2m > ^[[22m^[[2mdoes not carry one request's wallet connection into the next
validate-code / unit-tests (test:unit)	UNKNOWN STEP	2026-10-08T08:40:18.0014879Z ^[[22m^[[39mThe current testing environment is not configured to support act(...)
validate-code / unit-tests (test:unit)	UNKNOWN STEP	2026-10-08T08:40:18.0015791Z The current testing environment is not configured to support act(...)
validate-code / unit-tests (test:unit)	UNKNOWN STEP	2026-10-08T08:40:18.0016518Z The current testing environment is not configured to support act(...)
validate-code / unit-tests (test:unit)	UNKNOWN STEP	2026-10-08T08:40:18.0017202Z The current testing environment is not configured to support act(...)
validate-code / unit-tests (test:unit)	UNKNOWN STEP	2026-10-08T08:40:18.0018102Z The current testing environment is not configured to support act(...)
validate-code / unit-tests (test:unit)	UNKNOWN STEP	2026-10-08T08:40:18.0018866Z The current testing environment is not configured to support act(...)
validate-code / unit-tests (test:unit)	UNKNOWN STEP	2026-10-08T08:40:18.0019541Z The current testing environment is not configured to support act(...)
validate-code / unit-tests (test:unit)	UNKNOWN STEP	2026-10-08T08:40:18.0020220Z The current testing environment is not configured to support act(...)
validate-code / unit-tests (test:unit)	UNKNOWN STEP	2026-10-08T08:40:18.0020892Z The current testing environment is not configured to support act(...)
validate-code / unit-tests (test:unit)	UNKNOWN STEP	2026-10-08T08:40:18.0021553Z The current testing environment is not configured to support act(...)
validate-code / unit-tests (test:unit)	UNKNOWN STEP	2026-10-08T08:40:18.0022233Z The current testing environment is not configured to support act(...)
validate-code / unit-tests (test:unit)	UNKNOWN STEP	2026-10-08T08:40:18.0022907Z The current testing environment is not configured to support act(...)
validate-code / unit-tests (test:unit)	UNKNOWN STEP	2026-10-08T08:40:18.0023395Z 
validate-code / unit-tests (test:unit)	UNKNOWN STEP	2026-10-08T08:40:18.0041991Z ^[[90mstderr^[[2m | src/core/providers/client.ssr.test.tsx^[[2m > ^[[22m^[[2mAppProviders server render^[[2m > ^[[22m^[[2mdoes not carry one request's wallet connection into the next
validate-code / unit-tests (test:unit)	UNKNOWN STEP	2026-10-08T08:40:18.0044735Z ^[[22m^[[39mThe current testing environment is not configured to support act(...)
validate-code / unit-tests (test:unit)	UNKNOWN STEP	2026-10-08T08:40:18.0045277Z 
validate-code / unit-tests (test:unit)	UNKNOWN STEP	2026-10-08T08:40:18.1013371Z  ^[[32m✓^[[39m src/core/providers/client.ssr.test.tsx ^[[2m(^[[22m^[[2m1 test^[[22m^[[2m)^[[22m^[[32m 104^[[2mms^[[22m^[[39m
validate-code / unit-tests (test:unit)	UNKNOWN STEP	2026-10-08T08:40:18.8709796Z  ^[[32m✓^[[39m electron/services/wallet-signer.test.ts ^[[2m(^[[22m^[[2m5 tests^[[22m^[[2m)^[[22m^[[32m 5^[[2mms^[[22m^[[39m
validate-code / unit-tests (test:unit)	UNKNOWN STEP	2026-10-08T08:40:19.5563154Z  ^[[32m✓^[[39m src/core/services/featureFlag.server.test.ts ^[[2m(^[[22m^[[2m5 tests^[[22m^[[2m)^[[22m^[[32m 20^[[2mms^[[22m^[[39m
validate-code / unit-tests (test:unit)	UNKNOWN STEP	2026-10-08T08:40:20.1960169Z  ^[[32m✓^[[39m src/features/perpetuals/domain/Order/order-line.test.ts ^[[2m(^[[22m^[[2m11 tests^[[22m^[[2m)^[[22m^[[32m 5^[[2mms^[[22m^[[39m
validate-code / unit-tests (test:unit)	UNKNOWN STEP	2026-10-08T08:40:21.9271882Z  ^[[32m✓^[[39m src/features/portfolio/components/tabs/TokensTab.hyperliquid.test.tsx ^[[2m(^[[22m^[[2m3 tests^[[22m^[[2m)^[[22m^[[32m 225^[[2mms^[[22m^[[39m
validate-code / unit-tests (test:unit)	UNKNOWN STEP	2026-10-08T08:40:23.7139601Z  ^[[32m✓^[[39m src/components/ui/Popover/Popover.test.tsx ^[[2m(^[[22m^[[2m4 tests^[[22m^[[2m)^[[22m^[[33m 351^[[2mms^[[22m^[[39m
validate-code / unit-tests (test:unit)	UNKNOWN STEP	2026-10-08T08:40:24.3947794Z  ^[[32m✓^[[39m src/features/accounts/other-networks.test.ts ^[[2m(^[[22m^[[2m6 tests^[[22m^[[2m)^[[22m^[[32m 8^[[2mms^[[22m^[[39m
validate-code / unit-tests (test:unit)	UNKNOWN STEP	2026-10-08T08:40:25.0513054Z  ^[[32m✓^[[39m src/features/charting/tradingview/providers/PriceApiTradingDataProvider.test.ts ^[[2m(^[[22m^[[2m2 tests^[[22m^[[2m)^[[22m^[[32m 26^[[2mms^[[22m^[[39m
validate-code / unit-tests (test:unit)	UNKNOWN STEP	2026-10-08T08:40:26.8404836Z  ^[[32m✓^[[39m src/features/perpetuals/order/components/OrderForm/OrderFormTabs/OrderFormTabs.test.tsx ^[[2m(^[[22m^[[2m5 tests^[[22m^[[2m)^[[22m^[[32m 288^[[2mms^[[22m^[[39m
validate-code / unit-tests (test:unit)	UNKNOWN STEP	2026-10-08T08:40:27.5800648Z  ^[[32m✓^[[39m src/core/shortcuts/useTradingShortcuts.test.tsx ^[[2m(^[[22m^[[2m6 tests^[[22m^[[2m)^[[22m^[[32m 29^[[2mms^[[22m^[[39m
validate-code / unit-tests (test:unit)	UNKNOWN STEP	2026-10-08T08:40:29.0864196Z  ^[[32m✓^[[39m src/features/card/components/CardGeoAvailableSection/CardGeoAvailableSection.test.tsx ^[[2m(^[[22m^[[2m2 tests^[[22m^[[2m)^[[22m^[[32m 98^[[2mms^[[22m^[[39m
validate-code / unit-tests (test:unit)	UNKNOWN STEP	2026-10-08T08:40:30.8422543Z  ^[[32m✓^[[39m src/features/perpetuals/order/components/OrderForm/OrderFormDirectionToggle/OrderFormDirectionToggle.test.tsx ^[[2m(^[[22m^[[2m3 tests^[[22m^[[2m)^[[22m^[[32m 180^[[2mms^[[22m^[[39m
validate-code / unit-tests (test:unit)	UNKNOWN STEP	2026-10-08T08:40:31.5114869Z  ^[[32m✓^[[39m src/core/integrations/launchdarkly.server.test.ts ^[[2m(^[[22m^[[2m3 tests^[[22m^[[2m)^[[22m^[[32m 11^[[2mms^[[22m^[[39m
validate-code / unit-tests (test:unit)	UNKNOWN STEP	2026-10-08T08:40:33.1887561Z  ^[[32m✓^[[39m src/components/layout/AppUpdateButton.test.tsx ^[[2m(^[[22m^[[2m4 tests^[[22m^[[2m)^[[22m^[[32m 205^[[2mms^[[22m^[[39m
validate-code / unit-tests (test:unit)	UNKNOWN STEP	2026-10-08T08:40:34.8205227Z  ^[[32m✓^[[39m src/features/ecosystems/components/NetworkSelector/NetworkSelector.test.tsx ^[[2m(^[[22m^[[2m3 tests^[[22m^[[2m)^[[22m^[[32m 137^[[2mms^[[22m^[[39m
validate-code / unit-tests (test:unit)	UNKNOWN STEP	2026-10-08T08:40:35.6091509Z  ^[[32m✓^[[39m src/features/accounts/wallet-accounts.test.ts ^[[2m(^[[22m^[[2m6 tests^[[22m^[[2m)^[[22m^[[32m 5^[[2mms^[[22m^[[39m
validate-code / unit-tests (test:unit)	UNKNOWN STEP	2026-10-08T08:40:36.2571351Z  ^[[32m✓^[[39m src/features/perpetuals/order/utils/buildOrderHeaderStats.test.ts ^[[2m(^[[22m^[[2m3 tests^[[22m^[[2m)^[[22m^[[32m 14^[[2mms^[[22m^[[39m
validate-code / unit-tests (test:unit)	UNKNOWN STEP	2026-10-08T08:40:36.9359148Z  ^[[31m❯^[[39m src/features/perpetuals/domain/Order/helpers/OrderBuilder.test.ts ^[[2m(^[[22m^[[2m6 tests^[[22m^[[2m | ^[[22m^[[31m1 failed^[[39m^[[2m)^[[22m^[[32m 10^[[2mms^[[22m^[[39m
validate-code / unit-tests (test:unit)	UNKNOWN STEP	2026-10-08T08:40:36.9361073Z ^[[31m   ^[[31m×^[[31m OrderBuilder^[[2m > ^[[22mbuilds a market order intent without price^[[39m^[[32m 6^[[2mms^[[22m^[[39m
validate-code / unit-tests (test:unit)	UNKNOWN STEP	2026-10-08T08:40:36.9364119Z ^[[31m     → expected *** symbol: 'ETH-PERP', …(14) *** to deeply equal *** symbol: 'ETH-PERP', …(8) ***^[[39m
validate-code / unit-tests (test:unit)	UNKNOWN STEP	2026-10-08T08:40:36.9364999Z    ^[[32m✓^[[39m OrderBuilder^[[2m > ^[[22mbuilds a limit order intent including price^[[32m 0^[[2mms^[[22m^[[39m
validate-code / unit-tests (test:unit)	UNKNOWN STEP	2026-10-08T08:40:36.9378928Z    ^[[32m✓^[[39m OrderBuilder^[[2m > ^[[22mthrows when amount is missing^[[32m 0^[[2mms^[[22m^[[39m
validate-code / unit-tests (test:unit)	UNKNOWN STEP	2026-10-08T08:40:36.9379770Z    ^[[32m✓^[[39m OrderBuilder^[[2m > ^[[22mthrows when amount is not positive^[[32m 0^[[2mms^[[22m^[[39m
validate-code / unit-tests (test:unit)	UNKNOWN STEP	2026-10-08T08:40:36.9380536Z    ^[[32m✓^[[39m OrderBuilder^[[2m > ^[[22mthrows when limit price is missing^[[32m 0^[[2mms^[[22m^[[39m
validate-code / unit-tests (test:unit)	UNKNOWN STEP	2026-10-08T08:40:36.9381291Z    ^[[32m✓^[[39m OrderBuilder^[[2m > ^[[22mthrows when limit price is invalid^[[32m 0^[[2mms^[[22m^[[39m
validate-code / unit-tests (test:unit)	UNKNOWN STEP	2026-10-08T08:40:37.5972349Z  ^[[32m✓^[[39m src/features/portfolio/domain/resolve-trade-market.test.ts ^[[2m(^[[22m^[[2m8 tests^[[22m^[[2m)^[[22m^[[32m 4^[[2mms^[[22m^[[39m
validate-code / unit-tests (test:unit)	UNKNOWN STEP	2026-10-08T08:40:39.3697625Z  ^[[32m✓^[[39m src/features/accounts/components/AddAccountModal.test.tsx ^[[2m(^[[22m^[[2m2 tests^[[22m^[[2m)^[[22m^[[32m 232^[[2mms^[[22m^[[39m
validate-code / unit-tests (test:unit)	UNKNOWN STEP	2026-10-08T08:40:40.0492652Z  ^[[32m✓^[[39m src/features/accounts/storage.test.ts ^[[2m(^[[22m^[[2m5 tests^[[22m^[[2m)^[[22m^[[32m 5^[[2mms^[[22m^[[39m
validate-code / unit-tests (test:unit)	UNKNOWN STEP	2026-10-08T08:40:40.8348958Z  ^[[32m✓^[[39m src/features/perpetuals/order/queries/order-queries.open-orders.test.tsx ^[[2m(^[[22m^[[2m1 test^[[22m^[[2m)^[[22m^[[32m 68^[[2mms^[[22m^[[39m
validate-code / unit-tests (test:unit)	UNKNOWN STEP	2026-10-08T08:40:41.5519210Z  ^[[32m✓^[[39m electron/services/app-update-state.test.ts ^[[2m(^[[22m^[[2m6 tests^[[22m^[[2m)^[[22m^[[32m 4^[[2mms^[[22m^[[39m
validate-code / unit-tests (test:unit)	UNKNOWN STEP	2026-10-08T08:40:43.5510627Z ^[[90mstderr^[[2m | src/features/portfolio/components/PortfolioDashboard.test.tsx^[[2m > ^[[22m^[[2mPortfolioDashboard^[[2m > ^[[22m^[[2mshows connect empty state and action buttons
validate-code / unit-tests (test:unit)	UNKNOWN STEP	2026-10-08T08:40:43.5522990Z ^[[22m^[[39mA PressResponder was rendered without a pressable child. Either call the usePress hook, or wrap your DOM node with <Pressable> component.
validate-code / unit-tests (test:unit)	UNKNOWN STEP	2026-10-08T08:40:43.5524432Z A PressResponder was rendered without a pressable child. Either call the usePress hook, or wrap your DOM node with <Pressable> component.
validate-code / unit-tests (test:unit)	UNKNOWN STEP	2026-10-08T08:40:43.5525132Z 
validate-code / unit-tests (test:unit)	UNKNOWN STEP	2026-10-08T08:40:43.6998629Z ^[[90mstderr^[[2m | src/features/portfolio/components/PortfolioDashboard.test.tsx^[[2m > ^[[22m^[[2mPortfolioDashboard^[[2m > ^[[22m^[[2mshows a unified total after a watched address is imported
validate-code / unit-tests (test:unit)	UNKNOWN STEP	2026-10-08T08:40:43.7000340Z ^[[22m^[[39mA PressResponder was rendered without a pressable child. Either call the usePress hook, or wrap your DOM node with <Pressable> component.
validate-code / unit-tests (test:unit)	UNKNOWN STEP	2026-10-08T08:40:43.7001607Z A PressResponder was rendered without a pressable child. Either call the usePress hook, or wrap your DOM node with <Pressable> component.
validate-code / unit-tests (test:unit)	UNKNOWN STEP	2026-10-08T08:40:43.7002330Z 
validate-code / unit-tests (test:unit)	UNKNOWN STEP	2026-10-08T08:40:44.0892241Z ^[[90mstderr^[[2m | src/features/portfolio/components/PortfolioDashboard.test.tsx^[[2m > ^[[22m^[[2mPortfolioDashboard^[[2m > ^[[22m^[[2mhides balances when the visibility toggle is pressed
validate-code / unit-tests (test:unit)	UNKNOWN STEP	2026-10-08T08:40:44.0894588Z ^[[22m^[[39mA PressResponder was rendered without a pressable child. Either call the usePress hook, or wrap your DOM node with <Pressable> component.
validate-code / unit-tests (test:unit)	UNKNOWN STEP	2026-10-08T08:40:44.0895902Z A PressResponder was rendered without a pressable child. Either call the usePress hook, or wrap your DOM node with <Pressable> component.
validate-code / unit-tests (test:unit)	UNKNOWN STEP	2026-10-08T08:40:44.0896617Z 
validate-code / unit-tests (test:unit)	UNKNOWN STEP	2026-10-08T08:40:44.5294646Z  ^[[32m✓^[[39m src/features/portfolio/components/PortfolioDashboard.test.tsx ^[[2m(^[[22m^[[2m3 tests^[[22m^[[2m)^[[22m^[[33m 1191^[[2mms^[[22m^[[39m
validate-code / unit-tests (test:unit)	UNKNOWN STEP	2026-10-08T08:40:44.5303505Z    ^[[33m^[[2m✓^[[22m^[[39m PortfolioDashboard^[[2m > ^[[22mshows connect empty state and action buttons ^[[33m 336^[[2mms^[[22m^[[39m
validate-code / unit-tests (test:unit)	UNKNOWN STEP	2026-10-08T08:40:44.5304566Z    ^[[33m^[[2m✓^[[22m^[[39m PortfolioDashboard^[[2m > ^[[22mshows a unified total after a watched address is imported ^[[33m 395^[[2mms^[[22m^[[39m
validate-code / unit-tests (test:unit)	UNKNOWN STEP	2026-10-08T08:40:44.5305626Z    ^[[33m^[[2m✓^[[22m^[[39m PortfolioDashboard^[[2m > ^[[22mhides balances when the visibility toggle is pressed ^[[33m 455^[[2mms^[[22m^[[39m
validate-code / unit-tests (test:unit)	UNKNOWN STEP	2026-10-08T08:40:45.1954511Z  ^[[32m✓^[[39m src/features/perpetuals/domain/select-drawer-markets.test.ts ^[[2m(^[[22m^[[2m6 tests^[[22m^[[2m)^[[22m^[[32m 4^[[2mms^[[22m^[[39m
validate-code / unit-tests (test:unit)	UNKNOWN STEP	2026-10-08T08:40:46.7754719Z  ^[[32m✓^[[39m src/features/ecosystems/components/Hero.test.tsx ^[[2m(^[[22m^[[2m2 tests^[[22m^[[2m)^[[22m^[[32m 93^[[2mms^[[22m^[[39m
validate-code / unit-tests (test:unit)	UNKNOWN STEP	2026-10-08T08:40:47.5965027Z  ^[[32m✓^[[39m src/features/ramps/ramps-client.test.ts ^[[2m(^[[22m^[[2m2 tests^[[22m^[[2m)^[[22m^[[32m 4^[[2mms^[[22m^[[39m
validate-code / unit-tests (test:unit)	UNKNOWN STEP	2026-10-08T08:40:49.3612919Z  ^[[32m✓^[[39m src/features/perpetuals/order/components/OrderForm/AmountToggleButton/AmountToggleButton.test.tsx ^[[2m(^[[22m^[[2m6 tests^[[22m^[[2m)^[[22m^[[32m 224^[[2mms^[[22m^[[39m
validate-code / unit-tests (test:unit)	UNKNOWN STEP	2026-10-08T08:40:51.1142851Z  ^[[32m✓^[[39m src/features/card/hooks/useCardData.test.tsx ^[[2m(^[[22m^[[2m4 tests^[[22m^[[2m)^[[22m^[[32m 248^[[2mms^[[22m^[[39m
validate-code / unit-tests (test:unit)	UNKNOWN STEP	2026-10-08T08:40:51.9033372Z  ^[[32m✓^[[39m src/features/portfolio/domain/derive-hyperliquid-portfolio.test.ts ^[[2m(^[[22m^[[2m2 tests^[[22m^[[2m)^[[22m^[[32m 6^[[2mms^[[22m^[[39m
validate-code / unit-tests (test:unit)	UNKNOWN STEP	2026-10-08T08:40:53.7533930Z  ^[[32m✓^[[39m src/features/send/components/TransferPage.test.tsx ^[[2m(^[[22m^[[2m2 tests^[[22m^[[2m)^[[22m^[[32m 300^[[2mms^[[22m^[[39m
validate-code / unit-tests (test:unit)	UNKNOWN STEP	2026-10-08T08:40:55.4499003Z  ^[[32m✓^[[39m src/features/card/components/HubspotForm/HubSpotScript.test.tsx ^[[2m(^[[22m^[[2m2 tests^[[22m^[[2m)^[[22m^[[32m 101^[[2mms^[[22m^[[39m
validate-code / unit-tests (test:unit)	UNKNOWN STEP	2026-10-08T08:40:56.2408642Z  ^[[32m✓^[[39m src/features/perpetuals/infra/perps-controller/PerpsControllerSession.test.tsx ^[[2m(^[[22m^[[2m4 tests^[[22m^[[2m)^[[22m^[[32m 17^[[2mms^[[22m^[[39m
validate-code / unit-tests (test:unit)	UNKNOWN STEP	2026-10-08T08:40:57.6370939Z ^[[90mstderr^[[2m | src/features/perpetuals/order/components/OrderHeader/OrderHeader.hydration.test.tsx^[[2m > ^[[22m^[[2mOrderHeader hydration^[[2m > ^[[22m^[[2mrenders the prefetched price on the server and hydrates without a mismatch
validate-code / unit-tests (test:unit)	UNKNOWN STEP	2026-10-08T08:40:57.6372419Z ^[[22m^[[39mDetected multiple renderers concurrently rendering the same context provider. This is currently unsupported.
validate-code / unit-tests (test:unit)	UNKNOWN STEP	2026-10-08T08:40:57.6398886Z Detected multiple renderers concurrently rendering the same context provider. This is currently unsupported.
validate-code / unit-tests (test:unit)	UNKNOWN STEP	2026-10-08T08:40:57.6399713Z Detected multiple renderers concurrently rendering the same context provider. This is currently unsupported.
validate-code / unit-tests (test:unit)	UNKNOWN STEP	2026-10-08T08:40:57.6400458Z Detected multiple renderers concurrently rendering the same context provider. This is currently unsupported.
validate-code / unit-tests (test:unit)	UNKNOWN STEP	2026-10-08T08:40:57.6401208Z Detected multiple renderers concurrently rendering the same context provider. This is currently unsupported.
validate-code / unit-tests (test:unit)	UNKNOWN STEP	2026-10-08T08:40:57.6401984Z Detected multiple renderers concurrently rendering the same context provider. This is currently unsupported.
validate-code / unit-tests (test:unit)	UNKNOWN STEP	2026-10-08T08:40:57.6402774Z Detected multiple renderers concurrently rendering the same context provider. This is currently unsupported.
validate-code / unit-tests (test:unit)	UNKNOWN STEP	2026-10-08T08:40:57.6403507Z Detected multiple renderers concurrently rendering the same context provider. This is currently unsupported.
validate-code / unit-tests (test:unit)	UNKNOWN STEP	2026-10-08T08:40:57.6404215Z Detected multiple renderers concurrently rendering the same context provider. This is currently unsupported.
validate-code / unit-tests (test:unit)	UNKNOWN STEP	2026-10-08T08:40:57.6404938Z Detected multiple renderers concurrently rendering the same context provider. This is currently unsupported.
validate-code / unit-tests (test:unit)	UNKNOWN STEP	2026-10-08T08:40:57.6405643Z Detected multiple renderers concurrently rendering the same context provider. This is currently unsupported.
validate-code / unit-tests (test:unit)	UNKNOWN STEP	2026-10-08T08:40:57.6406356Z Detected multiple renderers concurrently rendering the same context provider. This is currently unsupported.
validate-code / unit-tests (test:unit)	UNKNOWN STEP	2026-10-08T08:40:57.6407057Z Detected multiple renderers concurrently rendering the same context provider. This is currently unsupported.
validate-code / unit-tests (test:unit)	UNKNOWN STEP	2026-10-08T08:40:57.6407992Z Detected multiple renderers concurrently rendering the same context provider. This is currently unsupported.
validate-code / unit-tests (test:unit)	UNKNOWN STEP	2026-10-08T08:40:57.6408763Z Detected multiple renderers concurrently rendering the same context provider. This is currently unsupported.
validate-code / unit-tests (test:unit)	UNKNOWN STEP	2026-10-08T08:40:57.6409524Z Detected multiple renderers concurrently rendering the same context provider. This is currently unsupported.
validate-code / unit-tests (test:unit)	UNKNOWN STEP	2026-10-08T08:40:57.6410285Z Detected multiple renderers concurrently rendering the same context provider. This is currently unsupported.
validate-code / unit-tests (test:unit)	UNKNOWN STEP	2026-10-08T08:40:57.6411046Z Detected multiple renderers concurrently rendering the same context provider. This is currently unsupported.
validate-code / unit-tests (test:unit)	UNKNOWN STEP	2026-10-08T08:40:57.6411421Z 
validate-code / unit-tests (test:unit)	UNKNOWN STEP	2026-10-08T08:40:57.6523763Z ^[[90mstderr^[[2m | src/features/perpetuals/order/components/OrderHeader/OrderHeader.hydration.test.tsx^[[2m > ^[[22m^[[2mOrderHeader hydration^[[2m > ^[[22m^[[2mrenders the prefetched price on the server and hydrates without a mismatch
validate-code / unit-tests (test:unit)	UNKNOWN STEP	2026-10-08T08:40:57.6538676Z ^[[22m^[[39mThe current testing environment is not configured to support act(...)
validate-code / unit-tests (test:unit)	UNKNOWN STEP	2026-10-08T08:40:57.6553979Z The current testing environment is not configured to support act(...)
validate-code / unit-tests (test:unit)	UNKNOWN STEP	2026-10-08T08:40:57.6569959Z The current testing environment is not configured to support act(...)
validate-code / unit-tests (test:unit)	UNKNOWN STEP	2026-10-08T08:40:57.6578550Z The current testing environment is not configured to support act(...)
validate-code / unit-tests (test:unit)	UNKNOWN STEP	2026-10-08T08:40:57.6579319Z The current testing environment is not configured to support act(...)
validate-code / unit-tests (test:unit)	UNKNOWN STEP	2026-10-08T08:40:57.6579974Z The current testing environment is not configured to support act(...)
validate-code / unit-tests (test:unit)	UNKNOWN STEP	2026-10-08T08:40:57.6580620Z The current testing environment is not configured to support act(...)
validate-code / unit-tests (test:unit)	UNKNOWN STEP	2026-10-08T08:40:57.6581262Z The current testing environment is not configured to support act(...)
validate-code / unit-tests (test:unit)	UNKNOWN STEP	2026-10-08T08:40:57.6581905Z The current testing environment is not configured to support act(...)
validate-code / unit-tests (test:unit)	UNKNOWN STEP	2026-10-08T08:40:57.6582520Z The current testing environment is not configured to support act(...)
validate-code / unit-tests (test:unit)	UNKNOWN STEP	2026-10-08T08:40:57.6583163Z The current testing environment is not configured to support act(...)
validate-code / unit-tests (test:unit)	UNKNOWN STEP	2026-10-08T08:40:57.6584257Z The current testing environment is not configured to support act(...)
validate-code / unit-tests (test:unit)	UNKNOWN STEP	2026-10-08T08:40:57.6585047Z The current testing environment is not configured to support act(...)
validate-code / unit-tests (test:unit)	UNKNOWN STEP	2026-10-08T08:40:57.6585665Z The current testing environment is not configured to support act(...)
validate-code / unit-tests (test:unit)	UNKNOWN STEP	2026-10-08T08:40:57.6586274Z The current testing environment is not configured to support act(...)
validate-code / unit-tests (test:unit)	UNKNOWN STEP	2026-10-08T08:40:57.6586898Z The current testing environment is not configured to support act(...)
validate-code / unit-tests (test:unit)	UNKNOWN STEP	2026-10-08T08:40:57.6587711Z Detected multiple renderers concurrently rendering the same context provider. This is currently unsupported.
validate-code / unit-tests (test:unit)	UNKNOWN STEP	2026-10-08T08:40:57.6588766Z Detected multiple renderers concurrently rendering the same context provider. This is currently unsupported.
validate-code / unit-tests (test:unit)	UNKNOWN STEP	2026-10-08T08:40:57.6589751Z Detected multiple renderers concurrently rendering the same context provider. This is currently unsupported.
validate-code / unit-tests (test:unit)	UNKNOWN STEP	2026-10-08T08:40:57.6590681Z Detected multiple renderers concurrently rendering the same context provider. This is currently unsupported.
validate-code / unit-tests (test:unit)	UNKNOWN STEP	2026-10-08T08:40:57.6591619Z Detected multiple renderers concurrently rendering the same context provider. This is currently unsupported.
validate-code / unit-tests (test:unit)	UNKNOWN STEP	2026-10-08T08:40:57.6592534Z Detected multiple renderers concurrently rendering the same context provider. This is currently unsupported.
validate-code / unit-tests (test:unit)	UNKNOWN STEP	2026-10-08T08:40:57.6593419Z Detected multiple renderers concurrently rendering the same context provider. This is currently unsupported.
validate-code / unit-tests (test:unit)	UNKNOWN STEP	2026-10-08T08:40:57.6594350Z Detected multiple renderers concurrently rendering the same context provider. This is currently unsupported.
validate-code / unit-tests (test:unit)	UNKNOWN STEP	2026-10-08T08:40:57.6595298Z Detected multiple renderers concurrently rendering the same context provider. This is currently unsupported.
validate-code / unit-tests (test:unit)	UNKNOWN STEP	2026-10-08T08:40:57.6596195Z Detected multiple renderers concurrently rendering the same context provider. This is currently unsupported.
validate-code / unit-tests (test:unit)	UNKNOWN STEP	2026-10-08T08:40:57.6597077Z Detected multiple renderers concurrently rendering the same context provider. This is currently unsupported.
validate-code / unit-tests (test:unit)	UNKNOWN STEP	2026-10-08T08:40:57.6598137Z Detected multiple renderers concurrently rendering the same context provider. This is currently unsupported.
validate-code / unit-tests (test:unit)	UNKNOWN STEP	2026-10-08T08:40:57.6599036Z Detected multiple renderers concurrently rendering the same context provider. This is currently unsupported.
validate-code / unit-tests (test:unit)	UNKNOWN STEP	2026-10-08T08:40:57.6599931Z Detected multiple renderers concurrently rendering the same context provider. This is currently unsupported.
validate-code / unit-tests (test:unit)	UNKNOWN STEP	2026-10-08T08:40:57.6600856Z Detected multiple renderers concurrently rendering the same context provider. This is currently unsupported.
validate-code / unit-tests (test:unit)	UNKNOWN STEP	2026-10-08T08:40:57.6601796Z Detected multiple renderers concurrently rendering the same context provider. This is currently unsupported.
validate-code / unit-tests (test:unit)	UNKNOWN STEP	2026-10-08T08:40:57.6602698Z Detected multiple renderers concurrently rendering the same context provider. This is currently unsupported.
validate-code / unit-tests (test:unit)	UNKNOWN STEP	2026-10-08T08:40:57.6603628Z Detected multiple renderers concurrently rendering the same context provider. This is currently unsupported.
validate-code / unit-tests (test:unit)	UNKNOWN STEP	2026-10-08T08:40:57.6604568Z Detected multiple renderers concurrently rendering the same context provider. This is currently unsupported.
validate-code / unit-tests (test:unit)	UNKNOWN STEP	2026-10-08T08:40:57.6605097Z 
validate-code / unit-tests (test:unit)	UNKNOWN STEP	2026-10-08T08:40:57.6684436Z ^[[90mstderr^[[2m | src/features/perpetuals/order/components/OrderHeader/OrderHeader.hydration.test.tsx^[[2m > ^[[22m^[[2mOrderHeader hydration^[[2m > ^[[22m^[[2mrenders the prefetched price on the server and hydrates without a mismatch
validate-code / unit-tests (test:unit)	UNKNOWN STEP	2026-10-08T08:40:57.6698915Z ^[[22m^[[39mThe current testing environment is not configured to support act(...)
validate-code / unit-tests (test:unit)	UNKNOWN STEP	2026-10-08T08:40:57.6702545Z 
validate-code / unit-tests (test:unit)	UNKNOWN STEP	2026-10-08T08:40:57.7515899Z  ^[[32m✓^[[39m src/features/perpetuals/order/components/OrderHeader/OrderHeader.hydration.test.tsx ^[[2m(^[[22m^[[2m1 test^[[22m^[[2m)^[[22m^[[32m 87^[[2mms^[[22m^[[39m
validate-code / unit-tests (test:unit)	UNKNOWN STEP	2026-10-08T08:40:58.4313616Z  ^[[32m✓^[[39m src/features/perpetuals/order/utils/orderSizing.test.ts ^[[2m(^[[22m^[[2m9 tests^[[22m^[[2m)^[[22m^[[32m 5^[[2mms^[[22m^[[39m
validate-code / unit-tests (test:unit)	UNKNOWN STEP	2026-10-08T08:40:59.0854780Z  ^[[32m✓^[[39m src/features/perpetuals/domain/market-watchlist-storage.test.ts ^[[2m(^[[22m^[[2m5 tests^[[22m^[[2m)^[[22m^[[32m 6^[[2mms^[[22m^[[39m
validate-code / unit-tests (test:unit)	UNKNOWN STEP	2026-10-08T08:41:00.7725902Z  ^[[32m✓^[[39m src/components/layout/ElectronMasterBalance.test.tsx ^[[2m(^[[22m^[[2m3 tests^[[22m^[[2m)^[[22m^[[32m 124^[[2mms^[[22m^[[39m
validate-code / unit-tests (test:unit)	UNKNOWN STEP	2026-10-08T08:41:01.4631088Z  ^[[32m✓^[[39m src/features/card/hooks/useEligibleCountries.test.ts ^[[2m(^[[22m^[[2m2 tests^[[22m^[[2m)^[[22m^[[32m 15^[[2mms^[[22m^[[39m
validate-code / unit-tests (test:unit)	UNKNOWN STEP	2026-10-08T08:41:02.1120570Z  ^[[32m✓^[[39m electron/strategies/ema-crossover.test.ts ^[[2m(^[[22m^[[2m2 tests^[[22m^[[2m)^[[22m^[[32m 4^[[2mms^[[22m^[[39m
validate-code / unit-tests (test:unit)	UNKNOWN STEP	2026-10-08T08:41:02.7607196Z  ^[[32m✓^[[39m src/features/tokens/domain/watchlist-storage.test.ts ^[[2m(^[[22m^[[2m3 tests^[[22m^[[2m)^[[22m^[[32m 5^[[2mms^[[22m^[[39m
validate-code / unit-tests (test:unit)	UNKNOWN STEP	2026-10-08T08:41:04.3146321Z  ^[[32m✓^[[39m src/features/tokens/api/token-holders.test.ts ^[[2m(^[[22m^[[2m3 tests^[[22m^[[2m)^[[22m^[[32m 59^[[2mms^[[22m^[[39m
validate-code / unit-tests (test:unit)	UNKNOWN STEP	2026-10-08T08:41:06.0378595Z  ^[[32m✓^[[39m src/features/perpetuals/order/components/OrderHeaderItem/OrderHeaderItem.test.tsx ^[[2m(^[[22m^[[2m4 tests^[[22m^[[2m)^[[22m^[[32m 156^[[2mms^[[22m^[[39m
validate-code / unit-tests (test:unit)	UNKNOWN STEP	2026-10-08T08:41:06.7232955Z  ^[[32m✓^[[39m src/features/perpetuals/infra/perps-controller/agent-key-store.test.ts ^[[2m(^[[22m^[[2m2 tests^[[22m^[[2m)^[[22m^[[32m 5^[[2mms^[[22m^[[39m
validate-code / unit-tests (test:unit)	UNKNOWN STEP	2026-10-08T08:41:07.4090820Z  ^[[32m✓^[[39m electron/services/hyperliquid-order-intents.test.ts ^[[2m(^[[22m^[[2m2 tests^[[22m^[[2m)^[[22m^[[32m 4^[[2mms^[[22m^[[39m
validate-code / unit-tests (test:unit)	UNKNOWN STEP	2026-10-08T08:41:09.4147592Z  ^[[32m✓^[[39m src/features/portfolio/components/tabs/TokensTab.test.tsx ^[[2m(^[[22m^[[2m2 tests^[[22m^[[2m)^[[22m^[[33m 415^[[2mms^[[22m^[[39m
validate-code / unit-tests (test:unit)	UNKNOWN STEP	2026-10-08T08:41:11.0132687Z  ^[[32m✓^[[39m src/features/explorer/api/block-detail.test.ts ^[[2m(^[[22m^[[2m3 tests^[[22m^[[2m)^[[22m^[[32m 52^[[2mms^[[22m^[[39m
validate-code / unit-tests (test:unit)	UNKNOWN STEP	2026-10-08T08:41:12.6742809Z  ^[[32m✓^[[39m src/features/ecosystems/components/MobileDetectionButton/MobileDetectionButton.test.tsx ^[[2m(^[[22m^[[2m2 tests^[[22m^[[2m)^[[22m^[[32m 129^[[2mms^[[22m^[[39m
validate-code / unit-tests (test:unit)	UNKNOWN STEP	2026-10-08T08:41:14.3684435Z  ^[[32m✓^[[39m src/features/perpetuals/order/components/OrderForm/TradingAccountCard.test.tsx ^[[2m(^[[22m^[[2m2 tests^[[22m^[[2m)^[[22m^[[32m 69^[[2mms^[[22m^[[39m
validate-code / unit-tests (test:unit)	UNKNOWN STEP	2026-10-08T08:41:15.2108431Z  ^[[32m✓^[[39m src/core/config/pilot-routes.test.ts ^[[2m(^[[22m^[[2m4 tests^[[22m^[[2m)^[[22m^[[32m 4^[[2mms^[[22m^[[39m
validate-code / unit-tests (test:unit)	UNKNOWN STEP	2026-10-08T08:41:15.8510726Z  ^[[32m✓^[[39m src/features/perpetuals/domain/filter-and-sort-markets.test.ts ^[[2m(^[[22m^[[2m2 tests^[[22m^[[2m)^[[22m^[[32m 4^[[2mms^[[22m^[[39m
validate-code / unit-tests (test:unit)	UNKNOWN STEP	2026-10-08T08:41:16.8759449Z  ^[[32m✓^[[39m src/features/portfolio/queries/use-unified-portfolio.test.ts ^[[2m(^[[22m^[[2m2 tests^[[22m^[[2m)^[[22m^[[32m 4^[[2mms^[[22m^[[39m
validate-code / unit-tests (test:unit)	UNKNOWN STEP	2026-10-08T08:41:18.5339375Z  ^[[32m✓^[[39m src/features/cex/components/CexTransferPanel.test.tsx ^[[2m(^[[22m^[[2m1 test^[[22m^[[2m)^[[22m^[[32m 137^[[2mms^[[22m^[[39m
validate-code / unit-tests (test:unit)	UNKNOWN STEP	2026-10-08T08:41:20.7018071Z  ^[[32m✓^[[39m src/features/portfolio/components/PortfolioFilters.test.tsx ^[[2m(^[[22m^[[2m1 test^[[22m^[[2m)^[[22m^[[33m 400^[[2mms^[[22m^[[39m
validate-code / unit-tests (test:unit)	UNKNOWN STEP	2026-10-08T08:41:20.7024221Z    ^[[33m^[[2m✓^[[22m^[[39m PortfolioFilters^[[2m > ^[[22mopens account and network menus with Portfolio-style labels ^[[33m 397^[[2mms^[[22m^[[39m
validate-code / unit-tests (test:unit)	UNKNOWN STEP	2026-10-08T08:41:22.3155650Z  ^[[32m✓^[[39m src/features/tokens/api/trending-tokens.test.ts ^[[2m(^[[22m^[[2m3 tests^[[22m^[[2m)^[[22m^[[32m 55^[[2mms^[[22m^[[39m
validate-code / unit-tests (test:unit)	UNKNOWN STEP	2026-10-08T08:41:23.0102024Z  ^[[32m✓^[[39m src/features/cex/domain/derive-cex-portfolio.test.ts ^[[2m(^[[22m^[[2m1 test^[[22m^[[2m)^[[22m^[[32m 4^[[2mms^[[22m^[[39m
validate-code / unit-tests (test:unit)	UNKNOWN STEP	2026-10-08T08:41:24.7246477Z  ^[[32m✓^[[39m src/features/perpetuals/order/components/OrderBook/OrderBookSpread.test.tsx ^[[2m(^[[22m^[[2m6 tests^[[22m^[[2m)^[[22m^[[32m 158^[[2mms^[[22m^[[39m
validate-code / unit-tests (test:unit)	UNKNOWN STEP	2026-10-08T08:41:25.4327396Z  ^[[32m✓^[[39m src/features/card/services/card.service.test.ts ^[[2m(^[[22m^[[2m3 tests^[[22m^[[2m)^[[22m^[[32m 6^[[2mms^[[22m^[[39m
validate-code / unit-tests (test:unit)	UNKNOWN STEP	2026-10-08T08:41:27.0333441Z  ^[[32m✓^[[39m src/features/explorer/api/decode-input.test.ts ^[[2m(^[[22m^[[2m3 tests^[[22m^[[2m)^[[22m^[[32m 17^[[2mms^[[22m^[[39m
validate-code / unit-tests (test:unit)	UNKNOWN STEP	2026-10-08T08:41:27.7705142Z  ^[[32m✓^[[39m src/features/perpetuals/order/utils/persist-order-draft.test.ts ^[[2m(^[[22m^[[2m3 tests^[[22m^[[2m)^[[22m^[[32m 6^[[2mms^[[22m^[[39m
validate-code / unit-tests (test:unit)	UNKNOWN STEP	2026-10-08T08:41:29.5635381Z  ^[[32m✓^[[39m src/features/stake/components/StakePage.test.tsx ^[[2m(^[[22m^[[2m1 test^[[22m^[[2m)^[[22m^[[32m 205^[[2mms^[[22m^[[39m
validate-code / unit-tests (test:unit)	UNKNOWN STEP	2026-10-08T08:41:30.2689155Z  ^[[32m✓^[[39m src/features/tokens/domain/format-token-market.test.ts ^[[2m(^[[22m^[[2m9 tests^[[22m^[[2m)^[[22m^[[32m 13^[[2mms^[[22m^[[39m
validate-code / unit-tests (test:unit)	UNKNOWN STEP	2026-10-08T08:41:31.0190430Z  ^[[32m✓^[[39m src/features/perpetuals/order/hooks/useFundingCountdown.test.ts ^[[2m(^[[22m^[[2m4 tests^[[22m^[[2m)^[[22m^[[32m 19^[[2mms^[[22m^[[39m
validate-code / unit-tests (test:unit)	UNKNOWN STEP	2026-10-08T08:41:32.7490650Z  ^[[32m✓^[[39m src/features/tokens/components/TokenSearchPage/TokenSearchPage.test.tsx ^[[2m(^[[22m^[[2m2 tests^[[22m^[[2m)^[[22m^[[32m 128^[[2mms^[[22m^[[39m
validate-code / unit-tests (test:unit)	UNKNOWN STEP	2026-10-08T08:41:34.5695271Z  ^[[32m✓^[[39m src/features/perpetuals/order/components/OrderForm/OrderParametersModals/OrderFormMarginModeEditor.test.tsx ^[[2m(^[[22m^[[2m2 tests^[[22m^[[2m)^[[22m^[[32m 218^[[2mms^[[22m^[[39m
validate-code / unit-tests (test:unit)	UNKNOWN STEP	2026-10-08T08:41:35.3582039Z  ^[[32m✓^[[39m src/core/cex/session-crypto.test.ts ^[[2m(^[[22m^[[2m2 tests^[[22m^[[2m)^[[22m^[[32m 76^[[2mms^[[22m^[[39m
validate-code / unit-tests (test:unit)	UNKNOWN STEP	2026-10-08T08:41:37.2747696Z  ^[[32m✓^[[39m src/features/portfolio/components/PortfolioActionBar.test.tsx ^[[2m(^[[22m^[[2m2 tests^[[22m^[[2m)^[[22m^[[33m 368^[[2mms^[[22m^[[39m
validate-code / unit-tests (test:unit)	UNKNOWN STEP	2026-10-08T08:41:38.9059726Z  ^[[32m✓^[[39m src/features/auth/components/login-button.test.tsx ^[[2m(^[[22m^[[2m2 tests^[[22m^[[2m)^[[22m^[[32m 98^[[2mms^[[22m^[[39m
validate-code / unit-tests (test:unit)	UNKNOWN STEP	2026-10-08T08:41:40.6439469Z  ^[[32m✓^[[39m src/features/explorer/api/transaction-detail.test.ts ^[[2m(^[[22m^[[2m3 tests^[[22m^[[2m)^[[22m^[[32m 96^[[2mms^[[22m^[[39m
validate-code / unit-tests (test:unit)	UNKNOWN STEP	2026-10-08T08:41:42.0189112Z ^[[90mstderr^[[2m | src/features/trade/components/TrendingPerpsRow/TrendingPerpsRow.hydration.test.tsx^[[2m > ^[[22m^[[2mTrendingPerpsRow hydration^[[2m > ^[[22m^[[2mserver-renders the prefetched markets and hydrates without a mismatch
validate-code / unit-tests (test:unit)	UNKNOWN STEP	2026-10-08T08:41:42.0190834Z ^[[22m^[[39mDetected multiple renderers concurrently rendering the same context provider. This is currently unsupported.
validate-code / unit-tests (test:unit)	UNKNOWN STEP	2026-10-08T08:41:42.0191529Z 
validate-code / unit-tests (test:unit)	UNKNOWN STEP	2026-10-08T08:41:42.0243969Z ^[[90mstderr^[[2m | src/features/trade/components/TrendingPerpsRow/TrendingPerpsRow.hydration.test.tsx^[[2m > ^[[22m^[[2mTrendingPerpsRow hydration^[[2m > ^[[22m^[[2mserver-renders the prefetched markets and hydrates without a mismatch
validate-code / unit-tests (test:unit)	UNKNOWN STEP	2026-10-08T08:41:42.0246199Z ^[[22m^[[39mDetected multiple renderers concurrently rendering the same context provider. This is currently unsupported.
validate-code / unit-tests (test:unit)	UNKNOWN STEP	2026-10-08T08:41:42.0246951Z 
validate-code / unit-tests (test:unit)	UNKNOWN STEP	2026-10-08T08:41:42.0278628Z ^[[90mstderr^[[2m | src/features/trade/components/TrendingPerpsRow/TrendingPerpsRow.hydration.test.tsx^[[2m > ^[[22m^[[2mTrendingPerpsRow hydration^[[2m > ^[[22m^[[2mserver-renders the prefetched markets and hydrates without a mismatch
validate-code / unit-tests (test:unit)	UNKNOWN STEP	2026-10-08T08:41:42.0287500Z ^[[22m^[[39mThe current testing environment is not configured to support act(...)
validate-code / unit-tests (test:unit)	UNKNOWN STEP	2026-10-08T08:41:42.0288241Z 
validate-code / unit-tests (test:unit)	UNKNOWN STEP	2026-10-08T08:41:42.1329926Z  ^[[32m✓^[[39m src/features/trade/components/TrendingPerpsRow/TrendingPerpsRow.hydration.test.tsx ^[[2m(^[[22m^[[2m1 test^[[22m^[[2m)^[[22m^[[32m 58^[[2mms^[[22m^[[39m
validate-code / unit-tests (test:unit)	UNKNOWN STEP	2026-10-08T08:41:42.9231256Z  ^[[32m✓^[[39m src/features/perpetuals/infra/useActivePerpsProvider.test.ts ^[[2m(^[[22m^[[2m3 tests^[[22m^[[2m)^[[22m^[[32m 16^[[2mms^[[22m^[[39m
validate-code / unit-tests (test:unit)	UNKNOWN STEP	2026-10-08T08:41:43.6090285Z  ^[[32m✓^[[39m src/features/tokens/domain/token-page-query.test.ts ^[[2m(^[[22m^[[2m3 tests^[[22m^[[2m)^[[22m^[[32m 5^[[2mms^[[22m^[[39m
validate-code / unit-tests (test:unit)	UNKNOWN STEP	2026-10-08T08:41:44.3059182Z  ^[[32m✓^[[39m src/features/perpetuals/order/utils/deriveOrderMetrics.test.ts ^[[2m(^[[22m^[[2m2 tests^[[22m^[[2m)^[[22m^[[32m 4^[[2mms^[[22m^[[39m
validate-code / unit-tests (test:unit)	UNKNOWN STEP	2026-10-08T08:41:46.3277249Z  ^[[32m✓^[[39m src/app/settings/page.test.tsx ^[[2m(^[[22m^[[2m2 tests^[[22m^[[2m)^[[22m^[[32m 280^[[2mms^[[22m^[[39m
validate-code / unit-tests (test:unit)	UNKNOWN STEP	2026-10-08T08:41:48.0667117Z  ^[[32m✓^[[39m src/features/explorer/components/TxInputData/TxInputData.test.tsx ^[[2m(^[[22m^[[2m1 test^[[22m^[[2m)^[[22m^[[32m 139^[[2mms^[[22m^[[39m
validate-code / unit-tests (test:unit)	UNKNOWN STEP	2026-10-08T08:41:49.7840324Z  ^[[32m✓^[[39m src/features/card/components/CardFeatureCard/CardFeatureCard.test.tsx ^[[2m(^[[22m^[[2m3 tests^[[22m^[[2m)^[[22m^[[32m 120^[[2mms^[[22m^[[39m
validate-code / unit-tests (test:unit)	UNKNOWN STEP	2026-10-08T08:41:50.5201768Z  ^[[32m✓^[[39m src/features/perpetuals/order/components/OrderBook/getDecimalPlaces.test.ts ^[[2m(^[[22m^[[2m8 tests^[[22m^[[2m)^[[22m^[[32m 5^[[2mms^[[22m^[[39m
validate-code / unit-tests (test:unit)	UNKNOWN STEP	2026-10-08T08:41:52.2655753Z  ^[[32m✓^[[39m src/components/ui/SegmentedControl/SegmentedControl.test.tsx ^[[2m(^[[22m^[[2m2 tests^[[22m^[[2m)^[[22m^[[32m 159^[[2mms^[[22m^[[39m
validate-code / unit-tests (test:unit)	UNKNOWN STEP	2026-10-08T08:41:54.0710474Z  ^[[32m✓^[[39m src/features/tokens/components/TokenHoldersTable/TokenHoldersTable.test.tsx ^[[2m(^[[22m^[[2m1 test^[[22m^[[2m)^[[22m^[[32m 160^[[2mms^[[22m^[[39m
validate-code / unit-tests (test:unit)	UNKNOWN STEP	2026-10-08T08:41:54.7927731Z  ^[[32m✓^[[39m src/app/api/accounts/[...path]/route.test.ts ^[[2m(^[[22m^[[2m1 test^[[22m^[[2m)^[[22m^[[32m 8^[[2mms^[[22m^[[39m
validate-code / unit-tests (test:unit)	UNKNOWN STEP	2026-10-08T08:41:56.4061265Z  ^[[32m✓^[[39m src/features/tokens/api/token-search.test.ts ^[[2m(^[[22m^[[2m3 tests^[[22m^[[2m)^[[22m^[[32m 48^[[2mms^[[22m^[[39m
validate-code / unit-tests (test:unit)	UNKNOWN STEP	2026-10-08T08:41:57.4106875Z  ^[[32m✓^[[39m src/core/clients/accounts-api/AccountsApiClient.test.ts ^[[2m(^[[22m^[[2m4 tests^[[22m^[[2m)^[[22m^[[32m 195^[[2mms^[[22m^[[39m
validate-code / unit-tests (test:unit)	UNKNOWN STEP	2026-10-08T08:41:59.1171915Z  ^[[32m✓^[[39m src/components/ui/InlineOptionTabs/InlineOptionTabs.test.tsx ^[[2m(^[[22m^[[2m2 tests^[[22m^[[2m)^[[22m^[[32m 164^[[2mms^[[22m^[[39m
validate-code / unit-tests (test:unit)	UNKNOWN STEP	2026-10-08T08:41:59.8283873Z  ^[[32m✓^[[39m src/features/tokens/domain/decode-transfer.test.ts ^[[2m(^[[22m^[[2m6 tests^[[22m^[[2m)^[[22m^[[32m 12^[[2mms^[[22m^[[39m
validate-code / unit-tests (test:unit)	UNKNOWN STEP	2026-10-08T08:42:00.5287562Z  ^[[32m✓^[[39m src/features/explorer/api/internal-transactions.test.ts ^[[2m(^[[22m^[[2m2 tests^[[22m^[[2m)^[[22m^[[32m 5^[[2mms^[[22m^[[39m
validate-code / unit-tests (test:unit)	UNKNOWN STEP	2026-10-08T08:42:01.2062777Z  ^[[32m✓^[[39m src/features/perpetuals/order/utils/calculateLiquidationPrice.test.ts ^[[2m(^[[22m^[[2m4 tests^[[22m^[[2m)^[[22m^[[32m 4^[[2mms^[[22m^[[39m
validate-code / unit-tests (test:unit)	UNKNOWN STEP	2026-10-08T08:42:01.8989875Z  ^[[32m✓^[[39m src/features/explorer/domain/address-routes.test.ts ^[[2m(^[[22m^[[2m4 tests^[[22m^[[2m)^[[22m^[[32m 5^[[2mms^[[22m^[[39m
validate-code / unit-tests (test:unit)	UNKNOWN STEP	2026-10-08T08:42:02.6197721Z  ^[[32m✓^[[39m src/features/portfolio/token-icon.test.ts ^[[2m(^[[22m^[[2m4 tests^[[22m^[[2m)^[[22m^[[32m 4^[[2mms^[[22m^[[39m
validate-code / unit-tests (test:unit)	UNKNOWN STEP	2026-10-08T08:42:03.3294455Z  ^[[32m✓^[[39m src/features/ecosystems/utils/isValidNextImageSrc.test.ts ^[[2m(^[[22m^[[2m5 tests^[[22m^[[2m)^[[22m^[[32m 4^[[2mms^[[22m^[[39m
validate-code / unit-tests (test:unit)	UNKNOWN STEP	2026-10-08T08:42:04.0196237Z  ^[[32m✓^[[39m src/features/tokens/domain/wallet-swap-url.test.ts ^[[2m(^[[22m^[[2m3 tests^[[22m^[[2m)^[[22m^[[32m 5^[[2mms^[[22m^[[39m
validate-code / unit-tests (test:unit)	UNKNOWN STEP	2026-10-08T08:42:05.9334790Z  ^[[32m✓^[[39m src/features/bots/components/RenameBotButton.test.tsx ^[[2m(^[[22m^[[2m1 test^[[22m^[[2m)^[[22m^[[33m 339^[[2mms^[[22m^[[39m
validate-code / unit-tests (test:unit)	UNKNOWN STEP	2026-10-08T08:42:05.9339627Z    ^[[33m^[[2m✓^[[22m^[[39m RenameBotButton^[[2m > ^[[22mrenames a bot with trimmed input ^[[33m 337^[[2mms^[[22m^[[39m
validate-code / unit-tests (test:unit)	UNKNOWN STEP	2026-10-08T08:42:07.6174950Z  ^[[32m✓^[[39m src/features/perpetuals/order/components/OrderForm/OrderFormErrorBoundary/OrderFormErrorBoundary.test.tsx ^[[2m(^[[22m^[[2m2 tests^[[22m^[[2m)^[[22m^[[32m 106^[[2mms^[[22m^[[39m
validate-code / unit-tests (test:unit)	UNKNOWN STEP	2026-10-08T08:42:08.4142089Z  ^[[32m✓^[[39m src/features/tokens/api/explore-snapshot.test.ts ^[[2m(^[[22m^[[2m2 tests^[[22m^[[2m)^[[22m^[[32m 68^[[2mms^[[22m^[[39m
validate-code / unit-tests (test:unit)	UNKNOWN STEP	2026-10-08T08:42:09.9952228Z  ^[[32m✓^[[39m src/features/tokens/components/TokenPriceChart/TokenPriceChart.test.tsx ^[[2m(^[[22m^[[2m2 tests^[[22m^[[2m)^[[22m^[[32m 61^[[2mms^[[22m^[[39m
validate-code / unit-tests (test:unit)	UNKNOWN STEP	2026-10-08T08:42:10.8207329Z  ^[[32m✓^[[39m src/features/explorer/domain/block-routes.test.ts ^[[2m(^[[22m^[[2m3 tests^[[22m^[[2m)^[[22m^[[32m 4^[[2mms^[[22m^[[39m
validate-code / unit-tests (test:unit)	UNKNOWN STEP	2026-10-08T08:42:11.6068834Z  ^[[32m✓^[[39m src/features/tokens/api/token-activity.test.ts ^[[2m(^[[22m^[[2m2 tests^[[22m^[[2m)^[[22m^[[32m 88^[[2mms^[[22m^[[39m
validate-code / unit-tests (test:unit)	UNKNOWN STEP	2026-10-08T08:42:13.5246812Z  ^[[32m✓^[[39m src/components/ui/AvatarAccount/AvatarAccount.test.tsx ^[[2m(^[[22m^[[2m2 tests^[[22m^[[2m)^[[22m^[[32m 148^[[2mms^[[22m^[[39m
validate-code / unit-tests (test:unit)	UNKNOWN STEP	2026-10-08T08:42:14.3699882Z  ^[[32m✓^[[39m src/lib/hyperliquid/account-balances.test.ts ^[[2m(^[[22m^[[2m3 tests^[[22m^[[2m)^[[22m^[[32m 4^[[2mms^[[22m^[[39m
validate-code / unit-tests (test:unit)	UNKNOWN STEP	2026-10-08T08:42:15.1140904Z  ^[[32m✓^[[39m src/features/tokens/domain/token-routes.test.ts ^[[2m(^[[22m^[[2m4 tests^[[22m^[[2m)^[[22m^[[32m 5^[[2mms^[[22m^[[39m
validate-code / unit-tests (test:unit)	UNKNOWN STEP	2026-10-08T08:42:15.8679973Z  ^[[32m✓^[[39m src/features/tokens/domain/token-security.test.ts ^[[2m(^[[22m^[[2m3 tests^[[22m^[[2m)^[[22m^[[32m 4^[[2mms^[[22m^[[39m
validate-code / unit-tests (test:unit)	UNKNOWN STEP	2026-10-08T08:42:16.6116486Z  ^[[32m✓^[[39m src/features/tokens/domain/parse-token-route.test.ts ^[[2m(^[[22m^[[2m3 tests^[[22m^[[2m)^[[22m^[[32m 4^[[2mms^[[22m^[[39m
validate-code / unit-tests (test:unit)	UNKNOWN STEP	2026-10-08T08:42:18.3796537Z  ^[[32m✓^[[39m src/features/tokens/components/WalletSwapLink/WalletSwapLink.test.tsx ^[[2m(^[[22m^[[2m1 test^[[22m^[[2m)^[[22m^[[32m 117^[[2mms^[[22m^[[39m
validate-code / unit-tests (test:unit)	UNKNOWN STEP	2026-10-08T08:42:19.1689339Z  ^[[32m✓^[[39m src/features/perpetuals/utils/deriveChangeMeta.test.ts ^[[2m(^[[22m^[[2m3 tests^[[22m^[[2m)^[[22m^[[32m 14^[[2mms^[[22m^[[39m
validate-code / unit-tests (test:unit)	UNKNOWN STEP	2026-10-08T08:42:19.9170946Z  ^[[32m✓^[[39m src/features/perpetuals/order/utils/orderFormatters.test.ts ^[[2m(^[[22m^[[2m5 tests^[[22m^[[2m)^[[22m^[[32m 16^[[2mms^[[22m^[[39m
validate-code / unit-tests (test:unit)	UNKNOWN STEP	2026-10-08T08:42:20.7047239Z  ^[[32m✓^[[39m src/features/tokens/domain/search-perpetual-markets.test.ts ^[[2m(^[[22m^[[2m3 tests^[[22m^[[2m)^[[22m^[[32m 5^[[2mms^[[22m^[[39m
validate-code / unit-tests (test:unit)	UNKNOWN STEP	2026-10-08T08:42:21.4240053Z  ^[[32m✓^[[39m src/features/portfolio/hide-balances.test.ts ^[[2m(^[[22m^[[2m2 tests^[[22m^[[2m)^[[22m^[[32m 4^[[2mms^[[22m^[[39m
validate-code / unit-tests (test:unit)	UNKNOWN STEP	2026-10-08T08:42:22.1575294Z  ^[[32m✓^[[39m src/features/explorer/domain/tx-routes.test.ts ^[[2m(^[[22m^[[2m3 tests^[[22m^[[2m)^[[22m^[[32m 4^[[2mms^[[22m^[[39m
validate-code / unit-tests (test:unit)	UNKNOWN STEP	2026-10-08T08:42:22.9085083Z  ^[[32m✓^[[39m src/features/perpetuals/utils/deriveFundingMeta.test.ts ^[[2m(^[[22m^[[2m3 tests^[[22m^[[2m)^[[22m^[[32m 15^[[2mms^[[22m^[[39m
validate-code / unit-tests (test:unit)	UNKNOWN STEP	2026-10-08T08:42:23.6241033Z  ^[[32m✓^[[39m src/lib/open-external-url.test.ts ^[[2m(^[[22m^[[2m2 tests^[[22m^[[2m)^[[22m^[[32m 5^[[2mms^[[22m^[[39m
validate-code / unit-tests (test:unit)	UNKNOWN STEP	2026-10-08T08:42:25.3972747Z  ^[[32m✓^[[39m src/features/perpetuals/order/components/OrderForm/BotStrategyCta/BotStrategyCta.test.tsx ^[[2m(^[[22m^[[2m3 tests^[[22m^[[2m)^[[22m^[[32m 146^[[2mms^[[22m^[[39m
validate-code / unit-tests (test:unit)	UNKNOWN STEP	2026-10-08T08:42:26.5593008Z  ^[[32m✓^[[39m src/features/tokens/api/token-detail.test.ts ^[[2m(^[[22m^[[2m2 tests^[[22m^[[2m)^[[22m^[[32m 68^[[2mms^[[22m^[[39m
validate-code / unit-tests (test:unit)	UNKNOWN STEP	2026-10-08T08:42:27.2853367Z  ^[[32m✓^[[39m src/features/explorer/domain/format-tx.test.ts ^[[2m(^[[22m^[[2m3 tests^[[22m^[[2m)^[[22m^[[32m 13^[[2mms^[[22m^[[39m
validate-code / unit-tests (test:unit)	UNKNOWN STEP	2026-10-08T08:42:29.0892344Z  ^[[32m✓^[[39m src/features/tax/TaxHubPage.test.tsx ^[[2m(^[[22m^[[2m1 test^[[22m^[[2m)^[[22m^[[32m 157^[[2mms^[[22m^[[39m
validate-code / unit-tests (test:unit)	UNKNOWN STEP	2026-10-08T08:42:29.8471282Z  ^[[32m✓^[[39m src/features/tokens/domain/token-description.test.ts ^[[2m(^[[22m^[[2m4 tests^[[22m^[[2m)^[[22m^[[32m 4^[[2mms^[[22m^[[39m
validate-code / unit-tests (test:unit)	UNKNOWN STEP	2026-10-08T08:42:30.6154651Z  ^[[32m✓^[[39m src/features/perpetuals/utils/formatPercentage.test.ts ^[[2m(^[[22m^[[2m5 tests^[[22m^[[2m)^[[22m^[[32m 13^[[2mms^[[22m^[[39m
validate-code / unit-tests (test:unit)	UNKNOWN STEP	2026-10-08T08:42:31.3396065Z  ^[[32m✓^[[39m src/features/tokens/domain/parse-asset-id.test.ts ^[[2m(^[[22m^[[2m3 tests^[[22m^[[2m)^[[22m^[[32m 4^[[2mms^[[22m^[[39m
validate-code / unit-tests (test:unit)	UNKNOWN STEP	2026-10-08T08:42:32.1043017Z  ^[[32m✓^[[39m src/features/ecosystems/utils/formatDateRange.test.ts ^[[2m(^[[22m^[[2m3 tests^[[22m^[[2m)^[[22m^[[32m 4^[[2mms^[[22m^[[39m
validate-code / unit-tests (test:unit)	UNKNOWN STEP	2026-10-08T08:42:32.8504401Z  ^[[32m✓^[[39m src/features/perpetuals/order/components/TradeActivityPanel/close-all-mark-price.test.ts ^[[2m(^[[22m^[[2m5 tests^[[22m^[[2m)^[[22m^[[32m 4^[[2mms^[[22m^[[39m
validate-code / unit-tests (test:unit)	UNKNOWN STEP	2026-10-08T08:42:33.6016791Z  ^[[32m✓^[[39m src/features/tokens/api/token-history.test.ts ^[[2m(^[[22m^[[2m2 tests^[[22m^[[2m)^[[22m^[[32m 31^[[2mms^[[22m^[[39m
validate-code / unit-tests (test:unit)	UNKNOWN STEP	2026-10-08T08:42:34.3581473Z  ^[[32m✓^[[39m src/app/api/cex/origin.test.ts ^[[2m(^[[22m^[[2m2 tests^[[22m^[[2m)^[[22m^[[32m 7^[[2mms^[[22m^[[39m
validate-code / unit-tests (test:unit)	UNKNOWN STEP	2026-10-08T08:42:36.1112422Z  ^[[32m✓^[[39m src/features/send/components/ReceiveAddressQr.test.tsx ^[[2m(^[[22m^[[2m1 test^[[22m^[[2m)^[[22m^[[32m 49^[[2mms^[[22m^[[39m
validate-code / unit-tests (test:unit)	UNKNOWN STEP	2026-10-08T08:42:36.9189452Z  ^[[32m✓^[[39m src/features/tokens/api/watchlist-tokens.test.ts ^[[2m(^[[22m^[[2m2 tests^[[22m^[[2m)^[[22m^[[32m 39^[[2mms^[[22m^[[39m
validate-code / unit-tests (test:unit)	UNKNOWN STEP	2026-10-08T08:42:37.6548229Z  ^[[32m✓^[[39m src/features/perpetuals/utils/toNumber.test.ts ^[[2m(^[[22m^[[2m5 tests^[[22m^[[2m)^[[22m^[[32m 4^[[2mms^[[22m^[[39m
validate-code / unit-tests (test:unit)	UNKNOWN STEP	2026-10-08T08:42:38.4054573Z  ^[[32m✓^[[39m src/features/perpetuals/utils/formatUsd.test.ts ^[[2m(^[[22m^[[2m4 tests^[[22m^[[2m)^[[22m^[[32m 13^[[2mms^[[22m^[[39m
validate-code / unit-tests (test:unit)	UNKNOWN STEP	2026-10-08T08:42:39.1288351Z  ^[[32m✓^[[39m src/features/tokens/domain/explore-movers.test.ts ^[[2m(^[[22m^[[2m1 test^[[22m^[[2m)^[[22m^[[32m 4^[[2mms^[[22m^[[39m
validate-code / unit-tests (test:unit)	UNKNOWN STEP	2026-10-08T08:42:40.9198111Z  ^[[32m✓^[[39m src/features/ramps/components/RampPage.test.tsx ^[[2m(^[[22m^[[2m1 test^[[22m^[[2m)^[[22m^[[32m 128^[[2mms^[[22m^[[39m
validate-code / unit-tests (test:unit)	UNKNOWN STEP	2026-10-08T08:42:41.7313423Z  ^[[32m✓^[[39m src/features/tokens/api/token-insights.test.ts ^[[2m(^[[22m^[[2m1 test^[[22m^[[2m)^[[22m^[[32m 45^[[2mms^[[22m^[[39m
validate-code / unit-tests (test:unit)	UNKNOWN STEP	2026-10-08T08:42:42.4766683Z  ^[[32m✓^[[39m src/features/perpetuals/order/utils/limit-price.test.ts ^[[2m(^[[22m^[[2m2 tests^[[22m^[[2m)^[[22m^[[32m 4^[[2mms^[[22m^[[39m
validate-code / unit-tests (test:unit)	UNKNOWN STEP	2026-10-08T08:42:43.2097280Z  ^[[32m✓^[[39m src/features/ecosystems/utils/isValidNetwork.test.ts ^[[2m(^[[22m^[[2m4 tests^[[22m^[[2m)^[[22m^[[32m 4^[[2mms^[[22m^[[39m
validate-code / unit-tests (test:unit)	UNKNOWN STEP	2026-10-08T08:42:44.3668989Z  ^[[32m✓^[[39m src/core/shortcuts/ShortcutsProvider.test.tsx ^[[2m(^[[22m^[[2m1 test^[[22m^[[2m)^[[22m^[[32m 87^[[2mms^[[22m^[[39m
validate-code / unit-tests (test:unit)	UNKNOWN STEP	2026-10-08T08:42:45.1006610Z  ^[[32m✓^[[39m electron/cex-session-store.test.ts ^[[2m(^[[22m^[[2m2 tests^[[22m^[[2m)^[[22m^[[32m 5^[[2mms^[[22m^[[39m
validate-code / unit-tests (test:unit)	UNKNOWN STEP	2026-10-08T08:42:46.3972074Z  ^[[32m✓^[[39m src/core/config/wagmi-config.test.ts ^[[2m(^[[22m^[[2m1 test^[[22m^[[2m)^[[22m^[[32m 5^[[2mms^[[22m^[[39m
validate-code / unit-tests (test:unit)	UNKNOWN STEP	2026-10-08T08:42:47.1286763Z  ^[[32m✓^[[39m src/features/perpetuals/order/utils/order-direction-param.test.ts ^[[2m(^[[22m^[[2m2 tests^[[22m^[[2m)^[[22m^[[32m 3^[[2mms^[[22m^[[39m
validate-code / unit-tests (test:unit)	UNKNOWN STEP	2026-10-08T08:42:48.1972626Z  ^[[32m✓^[[39m src/features/explorer/domain/explorer-networks.test.ts ^[[2m(^[[22m^[[2m2 tests^[[22m^[[2m)^[[22m^[[32m 4^[[2mms^[[22m^[[39m
validate-code / unit-tests (test:unit)	UNKNOWN STEP	2026-10-08T08:42:49.0660063Z  ^[[32m✓^[[39m src/features/perpetuals/order/queries/order-queries.keys.test.ts ^[[2m(^[[22m^[[2m1 test^[[22m^[[2m)^[[22m^[[32m 3^[[2mms^[[22m^[[39m
validate-code / unit-tests (test:unit)	UNKNOWN STEP	2026-10-08T08:42:49.7948945Z  ^[[32m✓^[[39m src/features/accounts/networks.test.ts ^[[2m(^[[22m^[[2m1 test^[[22m^[[2m)^[[22m^[[32m 4^[[2mms^[[22m^[[39m
validate-code / unit-tests (test:unit)	UNKNOWN STEP	2026-10-08T08:42:50.5784363Z  ^[[32m✓^[[39m src/features/tokens/api/token-security.test.ts ^[[2m(^[[22m^[[2m1 test^[[22m^[[2m)^[[22m^[[32m 53^[[2mms^[[22m^[[39m
validate-code / unit-tests (test:unit)	UNKNOWN STEP	2026-10-08T08:42:51.3709666Z  ^[[32m✓^[[39m src/features/tokens/domain/token-asset-id.test.ts ^[[2m(^[[22m^[[2m1 test^[[22m^[[2m)^[[22m^[[32m 3^[[2mms^[[22m^[[39m
validate-code / unit-tests (test:unit)	UNKNOWN STEP	2026-10-08T08:42:52.0990252Z  ^[[32m✓^[[39m src/features/tokens/domain/network-icon.test.ts ^[[2m(^[[22m^[[2m1 test^[[22m^[[2m)^[[22m^[[32m 3^[[2mms^[[22m^[[39m
validate-code / unit-tests (test:unit)	UNKNOWN STEP	2026-10-08T08:42:52.8497140Z  ^[[32m✓^[[39m src/features/tokens/domain/native-token.test.ts ^[[2m(^[[22m^[[2m1 test^[[22m^[[2m)^[[22m^[[32m 4^[[2mms^[[22m^[[39m
validate-code / unit-tests (test:unit)	UNKNOWN STEP	2026-10-08T08:43:00.5469203Z 
validate-code / unit-tests (test:unit)	UNKNOWN STEP	2026-10-08T08:43:00.5489371Z ^[[31m⎯⎯⎯⎯⎯⎯⎯^[[39m^[[1m^[[41m Failed Tests 3 ^[[49m^[[22m^[[31m⎯⎯⎯⎯⎯⎯⎯^[[39m
validate-code / unit-tests (test:unit)	UNKNOWN STEP	2026-10-08T08:43:00.5489708Z 
validate-code / unit-tests (test:unit)	UNKNOWN STEP	2026-10-08T08:43:00.5509377Z ^[[41m^[[1m FAIL ^[[22m^[[49m src/features/perpetuals/domain/Order/helpers/OrderBuilder.test.ts^[[2m > ^[[22mOrderBuilder^[[2m > ^[[22mbuilds a market order intent without price
validate-code / unit-tests (test:unit)	UNKNOWN STEP	2026-10-08T08:43:00.5510434Z ^[[31m^[[1mAssertionError^[[22m: expected *** symbol: 'ETH-PERP', …(14) *** to deeply equal *** symbol: 'ETH-PERP', …(8) ***^[[39m
validate-code / unit-tests (test:unit)	UNKNOWN STEP	2026-10-08T08:43:00.5510782Z 
validate-code / unit-tests (test:unit)	UNKNOWN STEP	2026-10-08T08:43:00.5511013Z ^[[32m- Expected^[[39m
validate-code / unit-tests (test:unit)	UNKNOWN STEP	2026-10-08T08:43:00.5511253Z ^[[31m+ Received^[[39m
validate-code / unit-tests (test:unit)	UNKNOWN STEP	2026-10-08T08:43:00.5511346Z 
validate-code / unit-tests (test:unit)	UNKNOWN STEP	2026-10-08T08:43:00.5511451Z ^[[33m@@ -2,10 +2,16 @@^[[39m
validate-code / unit-tests (test:unit)	UNKNOWN STEP	2026-10-08T08:43:00.5511663Z ^[[2m    "amount": 100,^[[22m
validate-code / unit-tests (test:unit)	UNKNOWN STEP	2026-10-08T08:43:00.5511875Z ^[[2m    "direction": "long",^[[22m
validate-code / unit-tests (test:unit)	UNKNOWN STEP	2026-10-08T08:43:00.5512077Z ^[[2m    "leverage": 3,^[[22m
validate-code / unit-tests (test:unit)	UNKNOWN STEP	2026-10-08T08:43:00.5512291Z ^[[2m    "marginMode": "isolated",^[[22m
validate-code / unit-tests (test:unit)	UNKNOWN STEP	2026-10-08T08:43:00.5512515Z ^[[2m    "price": undefined,^[[22m
validate-code / unit-tests (test:unit)	UNKNOWN STEP	2026-10-08T08:43:00.5512730Z ^[[31m+   "reduceOnly": false,^[[39m
validate-code / unit-tests (test:unit)	UNKNOWN STEP	2026-10-08T08:43:00.5512946Z ^[[31m+   "slippage": 0.01,^[[39m
validate-code / unit-tests (test:unit)	UNKNOWN STEP	2026-10-08T08:43:00.5513160Z ^[[2m    "stopLoss": undefined,^[[22m
validate-code / unit-tests (test:unit)	UNKNOWN STEP	2026-10-08T08:43:00.5513398Z ^[[2m    "symbol": "ETH-PERP",^[[22m
validate-code / unit-tests (test:unit)	UNKNOWN STEP	2026-10-08T08:43:00.5513619Z ^[[2m    "takeProfit": undefined,^[[22m
validate-code / unit-tests (test:unit)	UNKNOWN STEP	2026-10-08T08:43:00.5513842Z ^[[31m+   "timeInForce": "GTC",^[[39m
validate-code / unit-tests (test:unit)	UNKNOWN STEP	2026-10-08T08:43:00.5514067Z ^[[31m+   "triggerPrice": undefined,^[[39m
validate-code / unit-tests (test:unit)	UNKNOWN STEP	2026-10-08T08:43:00.5514320Z ^[[31m+   "twapDurationMinutes": undefined,^[[39m
validate-code / unit-tests (test:unit)	UNKNOWN STEP	2026-10-08T08:43:00.5514579Z ^[[31m+   "twapRandomize": false,^[[39m
validate-code / unit-tests (test:unit)	UNKNOWN STEP	2026-10-08T08:43:00.5514795Z ^[[2m    "type": "market",^[[22m
validate-code / unit-tests (test:unit)	UNKNOWN STEP	2026-10-08T08:43:00.5514990Z ^[[2m  ***^[[22m
validate-code / unit-tests (test:unit)	UNKNOWN STEP	2026-10-08T08:43:00.5515082Z 
validate-code / unit-tests (test:unit)	UNKNOWN STEP	2026-10-08T08:43:00.5515401Z ^[[36m ^[[2m❯^[[22m src/features/perpetuals/domain/Order/helpers/OrderBuilder.test.ts:^[[2m49:20^[[22m^[[39m
validate-code / unit-tests (test:unit)	UNKNOWN STEP	2026-10-08T08:43:00.5516253Z     ^[[90m 47| ^[[39m    ^[[35mconst^[[39m intent ^[[33m=^[[39m builder^[[33m.^[[39m^[[34mbuildOrderIntent^[[39m(^[[32m"ETH-PERP"^[[39m^[[33m,^[[39m draft)^[[33m;^[[39m
validate-code / unit-tests (test:unit)	UNKNOWN STEP	2026-10-08T08:43:00.5516730Z     ^[[90m 48| ^[[39m
validate-code / unit-tests (test:unit)	UNKNOWN STEP	2026-10-08T08:43:00.5517174Z     ^[[90m 49| ^[[39m    ^[[34mexpect^[[39m(intent)^[[33m.^[[39m^[[34mtoEqual^[[39m(***
validate-code / unit-tests (test:unit)	UNKNOWN STEP	2026-10-08T08:43:00.5549017Z     ^[[90m   | ^[[39m                   ^[[31m^^[[39m
validate-code / unit-tests (test:unit)	UNKNOWN STEP	2026-10-08T08:43:00.5568945Z     ^[[90m 50| ^[[39m      symbol^[[33m:^[[39m ^[[32m"ETH-PERP"^[[39m^[[33m,^[[39m
validate-code / unit-tests (test:unit)	UNKNOWN STEP	2026-10-08T08:43:00.5609241Z     ^[[90m 51| ^[[39m      direction^[[33m:^[[39m ^[[32m"long"^[[39m^[[33m,^[[39m
validate-code / unit-tests (test:unit)	UNKNOWN STEP	2026-10-08T08:43:00.5609571Z 
validate-code / unit-tests (test:unit)	UNKNOWN STEP	2026-10-08T08:43:00.5625437Z 
validate-code / unit-tests (test:unit)	UNKNOWN STEP	2026-10-08T08:43:00.5627059Z ^[[2m Test Files ^[[22m ^[[1m^[[31m2 failed^[[39m^[[22m^[[2m | ^[[22m^[[1m^[[32m250 passed^[[39m^[[22m^[[90m (252)^[[39m
validate-code / unit-tests (test:unit)	UNKNOWN STEP	2026-10-08T08:43:00.5628000Z ^[[31m^[[2m⎯⎯⎯⎯⎯⎯⎯⎯⎯⎯⎯⎯⎯⎯⎯⎯⎯⎯⎯⎯⎯⎯⎯⎯[1/3]⎯^[[22m^[[39m
validate-code / unit-tests (test:unit)	UNKNOWN STEP	2026-10-08T08:43:00.5628934Z ^[[2m      Tests ^[[22m ^[[1m^[[31m3 failed^[[39m^[[22m^[[2m | ^[[22m^[[1m^[[32m1804 passed^[[39m^[[22m^[[2m | ^[[22m^[[33m7 skipped^[[39m^[[90m (1814)^[[39m
validate-code / unit-tests (test:unit)	UNKNOWN STEP	2026-10-08T08:43:00.5629597Z ^[[2m   Start at ^[[22m 08:36:59
validate-code / unit-tests (test:unit)	UNKNOWN STEP	2026-10-08T08:43:00.5630387Z ^[[2m   Duration ^[[22m 360.96s^[[2m (transform 4.64s, setup 45.38s, collect 112.87s, tests 58.45s, environment 69.96s, prepare 17.10s)^[[22m
validate-code / unit-tests (test:unit)	UNKNOWN STEP	2026-10-08T08:43:00.5630888Z 
validate-code / unit-tests (test:unit)	UNKNOWN STEP	2026-10-08T08:43:00.5648747Z 
validate-code / unit-tests (test:unit)	UNKNOWN STEP	2026-10-08T08:43:00.5650056Z ^[[41m^[[1m FAIL ^[[22m^[[49m src/features/perpetuals/order/components/OrderForm/OrderParametersModals/OrderFormLimitPriceEditor.test.tsx^[[2m > ^[[22mOrderFormLimitPriceEditor^[[2m > ^[[22mpasses symbol + leverage to useLeverageMetrics
validate-code / unit-tests (test:unit)	UNKNOWN STEP	2026-10-08T08:43:00.5651257Z ^[[31m^[[1mAssertionError^[[22m: expected "spy" to be called with arguments: [ 'SOL', 3 ]^[[90m
validate-code / unit-tests (test:unit)	UNKNOWN STEP	2026-10-08T08:43:00.5651630Z 
validate-code / unit-tests (test:unit)	UNKNOWN STEP	2026-10-08T08:43:00.5651794Z Number of calls: ^[[1m0^[[22m
validate-code / unit-tests (test:unit)	UNKNOWN STEP	2026-10-08T08:43:00.5662092Z ^[[31m^[[39m
validate-code / unit-tests (test:unit)	UNKNOWN STEP	2026-10-08T08:43:00.5663551Z ^[[36m ^[[2m❯^[[22m src/features/perpetuals/order/components/OrderForm/OrderParametersModals/OrderFormLimitPriceEditor.test.tsx:^[[2m86:36^[[22m^[[39m
validate-code / unit-tests (test:unit)	UNKNOWN STEP	2026-10-08T08:43:00.5664668Z     ^[[90m 84| ^[[39m    )^[[33m;^[[39m
validate-code / unit-tests (test:unit)	UNKNOWN STEP	2026-10-08T08:43:00.5665141Z     ^[[90m 85| ^[[39m
validate-code / unit-tests (test:unit)	UNKNOWN STEP	2026-10-08T08:43:00.5665754Z     ^[[90m 86| ^[[39m    expect(mockUseLeverageMetrics).toHaveBeenCalledWith("SOL", 3); // …
validate-code / unit-tests (test:unit)	UNKNOWN STEP	2026-10-08T08:43:00.5666420Z     ^[[90m   | ^[[39m                                   ^[[31m^^[[39m
validate-code / unit-tests (test:unit)	UNKNOWN STEP	2026-10-08T08:43:00.5666992Z     ^[[90m 87| ^[[39m  ***)^[[33m;^[[39m
validate-code / unit-tests (test:unit)	UNKNOWN STEP	2026-10-08T08:43:00.5667399Z     ^[[90m 88| ^[[39m
validate-code / unit-tests (test:unit)	UNKNOWN STEP	2026-10-08T08:43:00.5667650Z 
validate-code / unit-tests (test:unit)	UNKNOWN STEP	2026-10-08T08:43:00.5668165Z ^[[31m^[[2m⎯⎯⎯⎯⎯⎯⎯⎯⎯⎯⎯⎯⎯⎯⎯⎯⎯⎯⎯⎯⎯⎯⎯⎯[2/3]⎯^[[22m^[[39m
validate-code / unit-tests (test:unit)	UNKNOWN STEP	2026-10-08T08:43:00.5668487Z 
validate-code / unit-tests (test:unit)	UNKNOWN STEP	2026-10-08T08:43:00.5669684Z ^[[41m^[[1m FAIL ^[[22m^[[49m src/features/perpetuals/order/components/OrderForm/OrderParametersModals/OrderFormLimitPriceEditor.test.tsx^[[2m > ^[[22mOrderFormLimitPriceEditor^[[2m > ^[[22mrenders leverage metrics returned by the hook
validate-code / unit-tests (test:unit)	UNKNOWN STEP	2026-10-08T08:43:00.5671853Z ^[[31m^[[1mTestingLibraryElementError^[[22m^[[39m: Unable to find an element with the text: $123.46. This could be because the text is broken up by multiple elements. In this case, you can provide a function for your text matcher to make your matcher more flexible.
validate-code / unit-tests (test:unit)	UNKNOWN STEP	2026-10-08T08:43:00.5672778Z 
validate-code / unit-tests (test:unit)	UNKNOWN STEP	2026-10-08T08:43:00.5673058Z Ignored nodes: comments, script, style
validate-code / unit-tests (test:unit)	UNKNOWN STEP	2026-10-08T08:43:00.5673494Z ^[[36m<body>^[[39m
validate-code / unit-tests (test:unit)	UNKNOWN STEP	2026-10-08T08:43:00.5673856Z   ^[[36m<div>^[[39m
validate-code / unit-tests (test:unit)	UNKNOWN STEP	2026-10-08T08:43:00.5674217Z     ^[[36m<div^[[39m
validate-code / unit-tests (test:unit)	UNKNOWN STEP	2026-10-08T08:43:00.5674846Z       ^[[33mclass^[[39m=^[[32m"bg-alternative text-default flex flex-col gap-6 rounded-none p-6"^[[39m
validate-code / unit-tests (test:unit)	UNKNOWN STEP	2026-10-08T08:43:00.5675426Z     ^[[36m>^[[39m
validate-code / unit-tests (test:unit)	UNKNOWN STEP	2026-10-08T08:43:00.5675789Z       ^[[36m<div^[[39m
validate-code / unit-tests (test:unit)	UNKNOWN STEP	2026-10-08T08:43:00.5676497Z         ^[[33mclass^[[39m=^[[32m"rounded-md bg-alternative text-default flex flex-row justify-between items-center"^[[39m
validate-code / unit-tests (test:unit)	UNKNOWN STEP	2026-10-08T08:43:00.5677147Z       ^[[36m>^[[39m
validate-code / unit-tests (test:unit)	UNKNOWN STEP	2026-10-08T08:43:00.5677514Z         ^[[36m<div^[[39m
validate-code / unit-tests (test:unit)	UNKNOWN STEP	2026-10-08T08:43:00.5678096Z           ^[[33mclass^[[39m=^[[32m"w-6"^[[39m
validate-code / unit-tests (test:unit)	UNKNOWN STEP	2026-10-08T08:43:00.5678502Z         ^[[36m/>^[[39m
validate-code / unit-tests (test:unit)	UNKNOWN STEP	2026-10-08T08:43:00.5678858Z         ^[[0m ^[[0m
validate-code / unit-tests (test:unit)	UNKNOWN STEP	2026-10-08T08:43:00.5679213Z         ^[[36m<p^[[39m
validate-code / unit-tests (test:unit)	UNKNOWN STEP	2026-10-08T08:43:00.5680204Z           ^[[33mclass^[[39m=^[[32m"leading-s-heading-sm tracking-s-heading-sm text-default font-bold md:text-l-heading-sm md:leading-l-heading-sm md:tracking-l-heading-sm md:font-semibold"^[[39m
validate-code / unit-tests (test:unit)	UNKNOWN STEP	2026-10-08T08:43:00.5681104Z         ^[[36m>^[[39m
validate-code / unit-tests (test:unit)	UNKNOWN STEP	2026-10-08T08:43:00.5681507Z           ^[[0mSet limit price^[[0m
validate-code / unit-tests (test:unit)	UNKNOWN STEP	2026-10-08T08:43:00.5681924Z         ^[[36m</p>^[[39m
validate-code / unit-tests (test:unit)	UNKNOWN STEP	2026-10-08T08:43:00.5682315Z         ^[[36m<button^[[39m
validate-code / unit-tests (test:unit)	UNKNOWN STEP	2026-10-08T08:43:00.5682807Z           ^[[33maria-label^[[39m=^[[32m"Close parameter editor"^[[39m
validate-code / unit-tests (test:unit)	UNKNOWN STEP	2026-10-08T08:43:00.5683470Z           ^[[33mclass^[[39m=^[[32m"bg-transparent border-none p-0 cursor-pointer"^[[39m
validate-code / unit-tests (test:unit)	UNKNOWN STEP	2026-10-08T08:43:00.5684053Z           ^[[33mdata-rac^[[39m=^[[32m""^[[39m
validate-code / unit-tests (test:unit)	UNKNOWN STEP	2026-10-08T08:43:00.5685009Z           ^[[33mdata-react-aria-pressable^[[39m=^[[32m"true"^[[39m
validate-code / unit-tests (test:unit)	UNKNOWN STEP	2026-10-08T08:43:00.5685700Z           ^[[33mid^[[39m=^[[32m"react-aria-_r_k_"^[[39m
validate-code / unit-tests (test:unit)	UNKNOWN STEP	2026-10-08T08:43:00.5686214Z           ^[[33mtabindex^[[39m=^[[32m"0"^[[39m
validate-code / unit-tests (test:unit)	UNKNOWN STEP	2026-10-08T08:43:00.5686704Z           ^[[33mtype^[[39m=^[[32m"button"^[[39m
validate-code / unit-tests (test:unit)	UNKNOWN STEP	2026-10-08T08:43:00.5687124Z         ^[[36m>^[[39m
validate-code / unit-tests (test:unit)	UNKNOWN STEP	2026-10-08T08:43:00.5687525Z           ^[[36m<close-icon^[[39m
validate-code / unit-tests (test:unit)	UNKNOWN STEP	2026-10-08T08:43:00.5688128Z             ^[[33maria-hidden^[[39m=^[[32m""^[[39m
validate-code / unit-tests (test:unit)	UNKNOWN STEP	2026-10-08T08:43:00.5688849Z             ^[[33mclass^[[39m=^[[32m"block shrink-0 self-center overflow-visible w-6 h-6 text-white icon-fill-current"^[[39m
validate-code / unit-tests (test:unit)	UNKNOWN STEP	2026-10-08T08:43:00.5689540Z             ^[[33mfocusable^[[39m=^[[32m"false"^[[39m
validate-code / unit-tests (test:unit)	UNKNOWN STEP	2026-10-08T08:43:00.5689977Z           ^[[36m/>^[[39m
validate-code / unit-tests (test:unit)	UNKNOWN STEP	2026-10-08T08:43:00.5718749Z         ^[[36m</button>^[[39m
validate-code / unit-tests (test:unit)	UNKNOWN STEP	2026-10-08T08:43:00.5719299Z       ^[[36m</div>^[[39m
validate-code / unit-tests (test:unit)	UNKNOWN STEP	2026-10-08T08:43:00.5719691Z       ^[[36m<div^[[39m
validate-code / unit-tests (test:unit)	UNKNOWN STEP	2026-10-08T08:43:00.5720353Z         ^[[33mclass^[[39m=^[[32m"rounded-md text-default flex flex-col gap-2 bg-transparent p-0"^[[39m
validate-code / unit-tests (test:unit)	UNKNOWN STEP	2026-10-08T08:43:00.5720967Z       ^[[36m>^[[39m
validate-code / unit-tests (test:unit)	UNKNOWN STEP	2026-10-08T08:43:00.5721338Z         ^[[36m<div^[[39m
validate-code / unit-tests (test:unit)	UNKNOWN STEP	2026-10-08T08:43:00.5722007Z           ^[[33mclass^[[39m=^[[32m"rounded-md text-default flex flex-row bg-section justify-between"^[[39m
validate-code / unit-tests (test:unit)	UNKNOWN STEP	2026-10-08T08:43:00.5722592Z         ^[[36m>^[[39m
validate-code / unit-tests (test:unit)	UNKNOWN STEP	2026-10-08T08:43:00.5722968Z           ^[[36m<div^[[39m
validate-code / unit-tests (test:unit)	UNKNOWN STEP	2026-10-08T08:43:00.5723456Z             ^[[33mclass^[[39m=^[[32m"react-aria-NumberField"^[[39m
validate-code / unit-tests (test:unit)	UNKNOWN STEP	2026-10-08T08:43:00.5723986Z             ^[[33mdata-rac^[[39m=^[[32m""^[[39m
validate-code / unit-tests (test:unit)	UNKNOWN STEP	2026-10-08T08:43:00.5724407Z           ^[[36m>^[[39m
validate-code / unit-tests (test:unit)	UNKNOWN STEP	2026-10-08T08:43:00.5724779Z             ^[[36m<input^[[39m
validate-code / unit-tests (test:unit)	UNKNOWN STEP	2026-10-08T08:43:00.5725257Z               ^[[33maria-label^[[39m=^[[32m"limit price"^[[39m
validate-code / unit-tests (test:unit)	UNKNOWN STEP	2026-10-08T08:43:00.5725832Z               ^[[33maria-roledescription^[[39m=^[[32m"Number field"^[[39m
validate-code / unit-tests (test:unit)	UNKNOWN STEP	2026-10-08T08:43:00.5726394Z               ^[[33mautocomplete^[[39m=^[[32m"off"^[[39m
validate-code / unit-tests (test:unit)	UNKNOWN STEP	2026-10-08T08:43:00.5726900Z               ^[[33mautocorrect^[[39m=^[[32m"off"^[[39m
validate-code / unit-tests (test:unit)	UNKNOWN STEP	2026-10-08T08:43:00.5728824Z               ^[[33mclass^[[39m=^[[32m"w-full rounded-xl bg-section text-default px-4 py-3 placeholder:text-muted outline-none transition-colors border border-muted hover:bg-input-hover data-[hovered]:bg-input-hover focus-visible:border-focus data-[invalid]:border-[--color-error-alternative] data-[disabled]:opacity-50 data-[disabled]:cursor-not-allowed"^[[39m
validate-code / unit-tests (test:unit)	UNKNOWN STEP	2026-10-08T08:43:00.5730432Z               ^[[33mdata-rac^[[39m=^[[32m""^[[39m
validate-code / unit-tests (test:unit)	UNKNOWN STEP	2026-10-08T08:43:00.5730935Z               ^[[33mid^[[39m=^[[32m"react-aria-_r_m_"^[[39m
validate-code / unit-tests (test:unit)	UNKNOWN STEP	2026-10-08T08:43:00.5731442Z               ^[[33minputmode^[[39m=^[[32m"numeric"^[[39m
validate-code / unit-tests (test:unit)	UNKNOWN STEP	2026-10-08T08:43:00.5731964Z               ^[[33mplaceholder^[[39m=^[[32m"$104,750.50"^[[39m
validate-code / unit-tests (test:unit)	UNKNOWN STEP	2026-10-08T08:43:00.5732470Z               ^[[33mspellcheck^[[39m=^[[32m"false"^[[39m
validate-code / unit-tests (test:unit)	UNKNOWN STEP	2026-10-08T08:43:00.5732957Z               ^[[33mtabindex^[[39m=^[[32m"0"^[[39m
validate-code / unit-tests (test:unit)	UNKNOWN STEP	2026-10-08T08:43:00.5733417Z               ^[[33mtitle^[[39m=^[[32m""^[[39m
validate-code / unit-tests (test:unit)	UNKNOWN STEP	2026-10-08T08:43:00.5733874Z               ^[[33mtype^[[39m=^[[32m"text"^[[39m
validate-code / unit-tests (test:unit)	UNKNOWN STEP	2026-10-08T08:43:00.5734362Z               ^[[33mvalue^[[39m=^[[32m"$104,750.50"^[[39m
validate-code / unit-tests (test:unit)	UNKNOWN STEP	2026-10-08T08:43:00.5734788Z             ^[[36m/>^[[39m
validate-code / unit-tests (test:unit)	UNKNOWN STEP	2026-10-08T08:43:00.5735174Z           ^[[36m</div>^[[39m
validate-code / unit-tests (test:unit)	UNKNOWN STEP	2026-10-08T08:43:00.5735556Z           ^[[36m<button^[[39m
validate-code / unit-tests (test:unit)	UNKNOWN STEP	2026-10-08T08:43:00.5736036Z             ^[[33maria-label^[[39m=^[[32m"Use mid price"^[[39m
validate-code / unit-tests (test:unit)	UNKNOWN STEP	2026-10-08T08:43:00.5737382Z             ^[[33mclass^[[39m=^[[32m"leading-s-body-xs tracking-s-body-xs md:text-l-body-xs md:leading-l-body-xs md:tracking-l-body-xs font-normal text-alternative bg-muted px-2 py-1 mr-3 rounded-sm my-auto cursor-pointer border-none"^[[39m
validate-code / unit-tests (test:unit)	UNKNOWN STEP	2026-10-08T08:43:00.5738598Z             ^[[33mdata-rac^[[39m=^[[32m""^[[39m
validate-code / unit-tests (test:unit)	UNKNOWN STEP	2026-10-08T08:43:00.5739141Z             ^[[33mdata-react-aria-pressable^[[39m=^[[32m"true"^[[39m
validate-code / unit-tests (test:unit)	UNKNOWN STEP	2026-10-08T08:43:00.5739693Z             ^[[33mid^[[39m=^[[32m"react-aria-_r_u_"^[[39m
validate-code / unit-tests (test:unit)	UNKNOWN STEP	2026-10-08T08:43:00.5740204Z             ^[[33mtabindex^[[39m=^[[32m"0"^[[39m
validate-code / unit-tests (test:unit)	UNKNOWN STEP	2026-10-08T08:43:00.5740683Z             ^[[33mtype^[[39m=^[[32m"button"^[[39m
validate-code / unit-tests (test:unit)	UNKNOWN STEP	2026-10-08T08:43:00.5741569Z           ^[[36m>^[[39m
validate-code / unit-tests (test:unit)	UNKNOWN STEP	2026-10-08T08:43:00.5741955Z             ^[[0mMid^[[0m
validate-code / unit-tests (test:unit)	UNKNOWN STEP	2026-10-08T08:43:00.5742347Z           ^[[36m</button>^[[39m
validate-code / unit-tests (test:unit)	UNKNOWN STEP	2026-10-08T08:43:00.5742926Z         ^[[36m</div>^[[39m
validate-code / unit-tests (test:unit)	UNKNOWN STEP	2026-10-08T08:43:00.5743325Z         ^[[36m<div^[[39m
validate-code / unit-tests (test:unit)	UNKNOWN STEP	2026-10-08T08:43:00.5744039Z           ^[[33mclass^[[39m=^[[32m"text-default grid grid-cols-3 gap-3 bg-transparent shadow-none rounded-none p-0"^[[39m
validate-code / unit-tests (test:unit)	UNKNOWN STEP	2026-10-08T08:43:00.5744669Z         ^[[36m>^[[39m
validate-code / unit-tests (test:unit)	UNKNOWN STEP	2026-10-08T08:43:00.5745037Z           ^[[36m<button^[[39m
validate-code / unit-tests (test:unit)	UNKNOWN STEP	2026-10-08T08:43:00.5748365Z             ^[[33mclass^[[39m=^[[32m"inline-flex items-center rounded-xl overflow-hidden relative outline-none duration-100 ease-linear data-[disabled]:opacity-50 data-[disabled]:cursor-not-allowed bg-muted data-[hovered]:bg-muted-hover data-[pressed]:bg-muted-pressed h-btn-md px-4 gap-2 text-s-body-md leading-s-body-md tracking-s-body-md md:text-l-body-md md:leading-l-body-md md:tracking-l-body-md font-medium justify-center transition cursor-pointer focus-visible:border-transparent focus-visible:outline focus-visible:outline-2 focus-visible:outline-white focus-visible:outline-offset-0 focus:border-transparent focus:outline focus:outline-2 focus:outline-white focus:outline-offset-0"^[[39m
validate-code / unit-tests (test:unit)	UNKNOWN STEP	2026-10-08T08:43:00.5750822Z             ^[[33mdata-rac^[[39m=^[[32m""^[[39m
validate-code / unit-tests (test:unit)	UNKNOWN STEP	2026-10-08T08:43:00.5751336Z             ^[[33mdata-react-aria-pressable^[[39m=^[[32m"true"^[[39m
validate-code / unit-tests (test:unit)	UNKNOWN STEP	2026-10-08T08:43:00.5751885Z             ^[[33mid^[[39m=^[[32m"react-aria-_r_10_"^[[39m
validate-code / unit-tests (test:unit)	UNKNOWN STEP	2026-10-08T08:43:00.5752401Z             ^[[33mtabindex^[[39m=^[[32m"0"^[[39m
validate-code / unit-tests (test:unit)	UNKNOWN STEP	2026-10-08T08:43:00.5752870Z             ^[[33mtype^[[39m=^[[32m"button"^[[39m
validate-code / unit-tests (test:unit)	UNKNOWN STEP	2026-10-08T08:43:00.5753305Z           ^[[36m>^[[39m
validate-code / unit-tests (test:unit)	UNKNOWN STEP	2026-10-08T08:43:00.5753669Z             ^[[0m-1%^[[0m
validate-code / unit-tests (test:unit)	UNKNOWN STEP	2026-10-08T08:43:00.5754039Z           ^[[36m</button>^[[39m
validate-code / unit-tests (test:unit)	UNKNOWN STEP	2026-10-08T08:43:00.5754426Z           ^[[36m<button^[[39m
validate-code / unit-tests (test:unit)	UNKNOWN STEP	2026-10-08T08:43:00.5757430Z             ^[[33mclass^[[39m=^[[32m"inline-flex items-center rounded-xl overflow-hidden relative outline-none duration-100 ease-linear data-[disabled]:opacity-50 data-[disabled]:cursor-not-allowed bg-muted data-[hovered]:bg-muted-hover data-[pressed]:bg-muted-pressed h-btn-md px-4 gap-2 text-s-body-md leading-s-body-md tracking-s-body-md md:text-l-body-md md:leading-l-body-md md:tracking-l-body-md font-medium justify-center transition cursor-pointer focus-visible:border-transparent focus-visible:outline focus-visible:outline-2 focus-visible:outline-white focus-visible:outline-offset-0 focus:border-transparent focus:outline focus:outline-2 focus:outline-white focus:outline-offset-0"^[[39m
validate-code / unit-tests (test:unit)	UNKNOWN STEP	2026-10-08T08:43:00.5760192Z             ^[[33mdata-rac^[[39m=^[[32m""^[[39m
validate-code / unit-tests (test:unit)	UNKNOWN STEP	2026-10-08T08:43:00.5760767Z             ^[[33mdata-react-aria-pressable^[[39m=^[[32m"true"^[[39m
validate-code / unit-tests (test:unit)	UNKNOWN STEP	2026-10-08T08:43:00.5761339Z             ^[[33mid^[[39m=^[[32m"react-aria-_r_12_"^[[39m
validate-code / unit-tests (test:unit)	UNKNOWN STEP	2026-10-08T08:43:00.5761839Z             ^[[33mtabindex^[[39m=^[[32m"0"^[[39m
validate-code / unit-tests (test:unit)	UNKNOWN STEP	2026-10-08T08:43:00.5762410Z             ^[[33mtype^[[39m=^[[32m"button"^[[39m
validate-code / unit-tests (test:unit)	UNKNOWN STEP	2026-10-08T08:43:00.5778538Z           ^[[36m>^[[39m
validate-code / unit-tests (test:unit)	UNKNOWN STEP	2026-10-08T08:43:00.5779524Z             ^[[0m-2%^[[0m
validate-code / unit-tests (test:unit)	UNKNOWN STEP	2026-10-08T08:43:00.5779702Z 
validate-code / unit-tests (test:unit)	UNKNOWN STEP	2026-10-08T08:43:00.5791635Z ##[error]AssertionError: expected *** symbol: 'ETH-PERP', …(14) *** to deeply equal *** symbol: 'ETH-PERP', …(8) ***
validate-code / unit-tests (test:unit)	UNKNOWN STEP	
validate-code / unit-tests (test:unit)	UNKNOWN STEP	- Expected
validate-code / unit-tests (test:unit)	UNKNOWN STEP	+ Received
validate-code / unit-tests (test:unit)	UNKNOWN STEP	
validate-code / unit-tests (test:unit)	UNKNOWN STEP	@@ -2,10 +2,16 @@
validate-code / unit-tests (test:unit)	UNKNOWN STEP	    "amount": 100,
validate-code / unit-tests (test:unit)	UNKNOWN STEP	    "direction": "long",
validate-code / unit-tests (test:unit)	UNKNOWN STEP	    "leverage": 3,
validate-code / unit-tests (test:unit)	UNKNOWN STEP	    "marginMode": "isolated",
validate-code / unit-tests (test:unit)	UNKNOWN STEP	    "price": undefined,
validate-code / unit-tests (test:unit)	UNKNOWN STEP	+   "reduceOnly": false,
validate-code / unit-tests (test:unit)	UNKNOWN STEP	+   "slippage": 0.01,
validate-code / unit-tests (test:unit)	UNKNOWN STEP	    "stopLoss": undefined,
validate-code / unit-tests (test:unit)	UNKNOWN STEP	    "symbol": "ETH-PERP",
validate-code / unit-tests (test:unit)	UNKNOWN STEP	    "takeProfit": undefined,
validate-code / unit-tests (test:unit)	UNKNOWN STEP	+   "timeInForce": "GTC",
validate-code / unit-tests (test:unit)	UNKNOWN STEP	+   "triggerPrice": undefined,
validate-code / unit-tests (test:unit)	UNKNOWN STEP	+   "twapDurationMinutes": undefined,
validate-code / unit-tests (test:unit)	UNKNOWN STEP	+   "twapRandomize": false,
validate-code / unit-tests (test:unit)	UNKNOWN STEP	    "type": "market",
validate-code / unit-tests (test:unit)	UNKNOWN STEP	  ***
validate-code / unit-tests (test:unit)	UNKNOWN STEP	
validate-code / unit-tests (test:unit)	UNKNOWN STEP	 ❯ src/features/perpetuals/domain/Order/helpers/OrderBuilder.test.ts:49:20
validate-code / unit-tests (test:unit)	UNKNOWN STEP	
validate-code / unit-tests (test:unit)	UNKNOWN STEP	
validate-code / unit-tests (test:unit)	UNKNOWN STEP	2026-10-08T08:43:00.5794634Z           ^[[36m</button>^[[39m
validate-code / unit-tests (test:unit)	UNKNOWN STEP	2026-10-08T08:43:00.5796001Z           ^[[36m<button^[[39m
validate-code / unit-tests (test:unit)	UNKNOWN STEP	2026-10-08T08:43:00.5796180Z 
validate-code / unit-tests (test:unit)	UNKNOWN STEP	2026-10-08T08:43:00.5800030Z             ^[[33mclass^[[39m=^[[32m"inline-flex items-center rounded-xl overflow-hidden relative outline-none duration-100 ease-linear data-[disabled]:opacity-50 data-[disabled]:cursor-not-allowed bg-muted data-[hovered]:bg-muted-hover data-[pressed]:bg-muted-pressed h-btn-md px-4 gap-2 text-s-body-md leading-s-body-md tracking-s-body-md md:text-l-body-md md:leading-l-body-md md:tracking-l-body-md font-medium justify-center transition cursor-pointer focus-visible:border-transparent focus-visible:outline focus-visible:outline-2 focus-visible:outline-white focus-visible:outline-offset-0 focus:border-transparent focus:outline focus:outline-2 focus:outline-white focus:outline-offset-0"^[[39m
validate-code / unit-tests (test:unit)	UNKNOWN STEP	2026-10-08T08:43:00.5804623Z ##[error]AssertionError: expected "spy" to be called with arguments: [ 'SOL', 3 ]
validate-code / unit-tests (test:unit)	UNKNOWN STEP	
validate-code / unit-tests (test:unit)	UNKNOWN STEP	Number of calls: 0
validate-code / unit-tests (test:unit)	UNKNOWN STEP	
validate-code / unit-tests (test:unit)	UNKNOWN STEP	 ❯ src/features/perpetuals/order/components/OrderForm/OrderParametersModals/OrderFormLimitPriceEditor.test.tsx:86:36
validate-code / unit-tests (test:unit)	UNKNOWN STEP	
validate-code / unit-tests (test:unit)	UNKNOWN STEP	
validate-code / unit-tests (test:unit)	UNKNOWN STEP	2026-10-08T08:43:00.5806553Z             ^[[33mdata-rac^[[39m=^[[32m""^[[39m
validate-code / unit-tests (test:unit)	UNKNOWN STEP	2026-10-08T08:43:00.5806761Z 
validate-code / unit-tests (test:unit)	UNKNOWN STEP	2026-10-08T08:43:00.5807326Z             ^[[33mdata-react-aria-pressable^[[39m=^[[32m"true"^[[39m
validate-code / unit-tests (test:unit)	UNKNOWN STEP	2026-10-08T08:43:00.5851483Z ##[error]TestingLibraryElementError: Unable to find an element with the text: $123.46. This could be because the text is broken up by multiple elements. In this case, you can provide a function for your text matcher to make your matcher more flexible.
validate-code / unit-tests (test:unit)	UNKNOWN STEP	
validate-code / unit-tests (test:unit)	UNKNOWN STEP	Ignored nodes: comments, script, style
validate-code / unit-tests (test:unit)	UNKNOWN STEP	<body>
validate-code / unit-tests (test:unit)	UNKNOWN STEP	  <div>
validate-code / unit-tests (test:unit)	UNKNOWN STEP	    <div
validate-code / unit-tests (test:unit)	UNKNOWN STEP	      class="bg-alternative text-default flex flex-col gap-6 rounded-none p-6"
validate-code / unit-tests (test:unit)	UNKNOWN STEP	    >
validate-code / unit-tests (test:unit)	UNKNOWN STEP	      <div
validate-code / unit-tests (test:unit)	UNKNOWN STEP	        class="rounded-md bg-alternative text-default flex flex-row justify-between items-center"
validate-code / unit-tests (test:unit)	UNKNOWN STEP	      >
validate-code / unit-tests (test:unit)	UNKNOWN STEP	        <div
validate-code / unit-tests (test:unit)	UNKNOWN STEP	          class="w-6"
validate-code / unit-tests (test:unit)	UNKNOWN STEP	        />
validate-code / unit-tests (test:unit)	UNKNOWN STEP	         
validate-code / unit-tests (test:unit)	UNKNOWN STEP	        <p
validate-code / unit-tests (test:unit)	UNKNOWN STEP	          class="leading-s-heading-sm tracking-s-heading-sm text-default font-bold md:text-l-heading-sm md:leading-l-heading-sm md:tracking-l-heading-sm md:font-semibold"
validate-code / unit-tests (test:unit)	UNKNOWN STEP	        >
validate-code / unit-tests (test:unit)	UNKNOWN STEP	          Set limit price
validate-code / unit-tests (test:unit)	UNKNOWN STEP	        </p>
validate-code / unit-tests (test:unit)	UNKNOWN STEP	        <button
validate-code / unit-tests (test:unit)	UNKNOWN STEP	          aria-label="Close parameter editor"
validate-code / unit-tests (test:unit)	UNKNOWN STEP	          class="bg-transparent border-none p-0 cursor-pointer"
validate-code / unit-tests (test:unit)	UNKNOWN STEP	          data-rac=""
validate-code / unit-tests (test:unit)	UNKNOWN STEP	          data-react-aria-pressable="true"
validate-code / unit-tests (test:unit)	UNKNOWN STEP	          id="react-aria-_r_k_"
validate-code / unit-tests (test:unit)	UNKNOWN STEP	          tabindex="0"
validate-code / unit-tests (test:unit)	UNKNOWN STEP	          type="button"
validate-code / unit-tests (test:unit)	UNKNOWN STEP	        >
validate-code / unit-tests (test:unit)	UNKNOWN STEP	          <close-icon
validate-code / unit-tests (test:unit)	UNKNOWN STEP	            aria-hidden=""
validate-code / unit-tests (test:unit)	UNKNOWN STEP	            class="block shrink-0 self-center overflow-visible w-6 h-6 text-white icon-fill-current"
validate-code / unit-tests (test:unit)	UNKNOWN STEP	            focusable="false"
validate-code / unit-tests (test:unit)	UNKNOWN STEP	          />
validate-code / unit-tests (test:unit)	UNKNOWN STEP	        </button>
validate-code / unit-tests (test:unit)	UNKNOWN STEP	      </div>
validate-code / unit-tests (test:unit)	UNKNOWN STEP	      <div
validate-code / unit-tests (test:unit)	UNKNOWN STEP	        class="rounded-md text-default flex flex-col gap-2 bg-transparent p-0"
validate-code / unit-tests (test:unit)	UNKNOWN STEP	      >
validate-code / unit-tests (test:unit)	UNKNOWN STEP	        <div
validate-code / unit-tests (test:unit)	UNKNOWN STEP	          class="rounded-md text-default flex flex-row bg-section justify-between"
validate-code / unit-tests (test:unit)	UNKNOWN STEP	        >
validate-code / unit-tests (test:unit)	UNKNOWN STEP	          <div
validate-code / unit-tests (test:unit)	UNKNOWN STEP	            class="react-aria-NumberField"
validate-code / unit-tests (test:unit)	UNKNOWN STEP	            data-rac=""
validate-code / unit-tests (test:unit)	UNKNOWN STEP	          >
validate-code / unit-tests (test:unit)	UNKNOWN STEP	            <input
validate-code / unit-tests (test:unit)	UNKNOWN STEP	              aria-label="limit price"
validate-code / unit-tests (test:unit)	UNKNOWN STEP	              aria-roledescription="Number field"
validate-code / unit-tests (test:unit)	UNKNOWN STEP	              autocomplete="off"
validate-code / unit-tests (test:unit)	UNKNOWN STEP	              autocorrect="off"
validate-code / unit-tests (test:unit)	UNKNOWN STEP	              class="w-full rounded-xl bg-section text-default px-4 py-3 placeholder:text-muted outline-none transition-colors border border-muted hover:bg-input-hover data-[hovered]:bg-input-hover focus-visible:border-focus data-[invalid]:border-[--color-error-alternative] data-[disabled]:opacity-50 data-[disabled]:cursor-not-allowed"
validate-code / unit-tests (test:unit)	UNKNOWN STEP	              data-rac=""
validate-code / unit-tests (test:unit)	UNKNOWN STEP	              id="react-aria-_r_m_"
validate-code / unit-tests (test:unit)	UNKNOWN STEP	              inputmode="numeric"
validate-code / unit-tests (test:unit)	UNKNOWN STEP	              placeholder="$104,750.50"
validate-code / unit-tests (test:unit)	UNKNOWN STEP	              spellcheck="false"
validate-code / unit-tests (test:unit)	UNKNOWN STEP	              tabindex="0"
validate-code / unit-tests (test:unit)	UNKNOWN STEP	              title=""
validate-code / unit-tests (test:unit)	UNKNOWN STEP	              type="text"
validate-code / unit-tests (test:unit)	UNKNOWN STEP	              value="$104,750.50"
validate-code / unit-tests (test:unit)	UNKNOWN STEP	            />
validate-code / unit-tests (test:unit)	UNKNOWN STEP	          </div>
validate-code / unit-tests (test:unit)	UNKNOWN STEP	          <button
validate-code / unit-tests (test:unit)	UNKNOWN STEP	            aria-label="Use mid price"
validate-code / unit-tests (test:unit)	UNKNOWN STEP	            class="leading-s-body-xs tracking-s-body-xs md:text-l-body-xs md:leading-l-body-xs md:tracking-l-body-xs font-normal text-alternative bg-muted px-2 py-1 mr-3 rounded-sm my-auto cursor-pointer border-none"
validate-code / unit-tests (test:unit)	UNKNOWN STEP	            data-rac=""
validate-code / unit-tests (test:unit)	UNKNOWN STEP	            data-react-aria-pressable="true"
validate-code / unit-tests (test:unit)	UNKNOWN STEP	            id="react-aria-_r_u_"
validate-code / unit-tests (test:unit)	UNKNOWN STEP	            tabindex="0"
validate-code / unit-tests (test:unit)	UNKNOWN STEP	            type="button"
validate-code / unit-tests (test:unit)	UNKNOWN STEP	          >
validate-code / unit-tests (test:unit)	UNKNOWN STEP	            Mid
validate-code / unit-tests (test:unit)	UNKNOWN STEP	          </button>
validate-code / unit-tests (test:unit)	UNKNOWN STEP	        </div>
validate-code / unit-tests (test:unit)	UNKNOWN STEP	        <div
validate-code / unit-tests (test:unit)	UNKNOWN STEP	          class="text-default grid grid-cols-3 gap-3 bg-transparent shadow-none rounded-none p-0"
validate-code / unit-tests (test:unit)	UNKNOWN STEP	        >
validate-code / unit-tests (test:unit)	UNKNOWN STEP	          <button
validate-code / unit-tests (test:unit)	UNKNOWN STEP	            class="inline-flex items-center rounded-xl overflow-hidden relative outline-none duration-100 ease-linear data-[disabled]:opacity-50 data-[disabled]:cursor-not-allowed bg-muted data-[hovered]:bg-muted-hover data-[pressed]:bg-muted-pressed h-btn-md px-4 gap-2 text-s-body-md leading-s-body-md tracking-s-body-md md:text-l-body-md md:leading-l-body-md md:tracking-l-body-md font-medium justify-center transition cursor-pointer focus-visible:border-transparent focus-visible:outline focus-visible:outline-2 focus-visible:outline-white focus-visible:outline-offset-0 focus:border-transparent focus:outline focus:outline-2 focus:outline-white focus:outline-offset-0"
validate-code / unit-tests (test:unit)	UNKNOWN STEP	            data-rac=""
validate-code / unit-tests (test:unit)	UNKNOWN STEP	            data-react-aria-pressable="true"
validate-code / unit-tests (test:unit)	UNKNOWN STEP	            id="react-aria-_r_10_"
validate-code / unit-tests (test:unit)	UNKNOWN STEP	            tabindex="0"
validate-code / unit-tests (test:unit)	UNKNOWN STEP	            type="button"
validate-code / unit-tests (test:unit)	UNKNOWN STEP	          >
validate-code / unit-tests (test:unit)	UNKNOWN STEP	            -1%
validate-code / unit-tests (test:unit)	UNKNOWN STEP	          </button>
validate-code / unit-tests (test:unit)	UNKNOWN STEP	          <button
validate-code / unit-tests (test:unit)	UNKNOWN STEP	            class="inline-flex items-center rounded-xl overflow-hidden relative outline-none duration-100 ease-linear data-[disabled]:opacity-50 data-[
validate-code / unit-tests (test:unit)	UNKNOWN STEP	2026-10-08T08:43:00.5865216Z             ^[[33mid^[[39m=^[[32m"react-aria-_r_14_"^[[39m
validate-code / unit-tests (test:unit)	UNKNOWN STEP	2026-10-08T08:43:00.5865642Z             ^[[33mtabindex^[[39m=^[[32m"0"^[[39m
validate-code / unit-tests (test:unit)	UNKNOWN STEP	2026-10-08T08:43:00.5866060Z             ^[[33mtype^[[39m=^[[32m"button"^[[39m
validate-code / unit-tests (test:unit)	UNKNOWN STEP	2026-10-08T08:43:00.5866387Z           ^[[36m>^[[39m
validate-code / unit-tests (test:unit)	UNKNOWN STEP	2026-10-08T08:43:00.5866660Z             ^[[0m-5%^[[0m
validate-code / unit-tests (test:unit)	UNKNOWN STEP	2026-10-08T08:43:00.5866948Z           ^[[36m</button>^[[39m
validate-code / unit-tests (test:unit)	UNKNOWN STEP	2026-10-08T08:43:00.5867241Z         ^[[36m</div>^[[39m
validate-code / unit-tests (test:unit)	UNKNOWN STEP	2026-10-08T08:43:00.5867511Z       ^[[36m</div>^[[39m
validate-code / unit-tests (test:unit)	UNKNOWN STEP	2026-10-08T08:43:00.5867774Z       ^[[36m<div^[[39m
validate-code / unit-tests (test:unit)	UNKNOWN STEP	2026-10-08T08:43:00.5868416Z         ^[[33mclass^[[39m=^[[32m"rounded-md bg-alternative text-default flex flex-col gap-2"^[[39m
validate-code / unit-tests (test:unit)	UNKNOWN STEP	2026-10-08T08:43:00.5868872Z       ^[[36m>^[[39m
validate-code / unit-tests (test:unit)	UNKNOWN STEP	2026-10-08T08:43:00.5869129Z         ^[[36m<div^[[39m
validate-code / unit-tests (test:unit)	UNKNOWN STEP	2026-10-08T08:43:00.5869835Z           ^[[33mclass^[[39m=^[[32m"text-default flex flex-row items-center justify-between bg-transparent shadow-none rounded-none p-0"^[[39m
validate-code / unit-tests (test:unit)	UNKNOWN STEP	2026-10-08T08:43:00.5870444Z         ^[[36m>^[[39m
validate-code / unit-tests (test:unit)	UNKNOWN STEP	2026-10-08T08:43:00.5870708Z           ^[[36m<p^[[39m
validate-code / unit-tests (test:unit)	UNKNOWN STEP	2026-10-08T08:43:00.5871537Z             ^[[33mclass^[[39m=^[[32m"leading-s-body-sm tracking-s-body-sm md:text-l-body-sm md:leading-l-body-sm md:tracking-l-body-sm font-normal text-alternative"^[[39m
validate-code / unit-tests (test:unit)	UNKNOWN STEP	2026-10-08T08:43:00.5872230Z           ^[[36m>^[[39m
validate-code / unit-tests (test:unit)	UNKNOWN STEP	2026-10-08T08:43:00.5872550Z             ^[[0mLiquidation price^[[0m
validate-code / unit-tests (test:unit)	UNKNOWN STEP	2026-10-08T08:43:00.5872870Z           ^[[36m</p>^[[39m
validate-code / unit-tests (test:unit)	UNKNOWN STEP	2026-10-08T08:43:00.5873148Z           ^[[36m<div^[[39m
validate-code / unit-tests (test:unit)	UNKNOWN STEP	2026-10-08T08:43:00.5874012Z             ^[[33mclass^[[39m=^[[32m"rounded-md bg-alternative leading-s-body-sm tracking-s-body-sm md:text-l-body-sm md:leading-l-body-sm md:tracking-l-body-sm font-normal text-alternative"^[[39m
validate-code / unit-tests (test:unit)	UNKNOWN STEP	2026-10-08T08:43:00.5874733Z           ^[[36m>^[[39m
validate-code / unit-tests (test:unit)	UNKNOWN STEP	2026-10-08T08:43:00.5874999Z             ^[[36m<div^[[39m
validate-code / unit-tests (test:unit)	UNKNOWN STEP	2026-10-08T08:43:00.5875514Z               ^[[33mclass^[[39m=^[[32m"rounded-lg skeleton-gradient animate-pulse h-6 w-16"^[[39m
validate-code / unit-tests (test:unit)	UNKNOWN STEP	2026-10-08T08:43:00.5875964Z             ^[[36m/>^[[39m
validate-code / unit-tests (test:unit)	UNKNOWN STEP	2026-10-08T08:43:00.5876242Z           ^[[36m</div>^[[39m
validate-code / unit-tests (test:unit)	UNKNOWN STEP	2026-10-08T08:43:00.5876530Z         ^[[36m</div>^[[39m
validate-code / unit-tests (test:unit)	UNKNOWN STEP	2026-10-08T08:43:00.5876802Z         ^[[36m<div^[[39m
validate-code / unit-tests (test:unit)	UNKNOWN STEP	2026-10-08T08:43:00.5877498Z           ^[[33mclass^[[39m=^[[32m"text-default flex flex-row items-center justify-between bg-transparent shadow-none rounded-none p-0"^[[39m
validate-code / unit-tests (test:unit)	UNKNOWN STEP	2026-10-08T08:43:00.5878604Z         ^[[36m>^[[39m
validate-code / unit-tests (test:unit)	UNKNOWN STEP	2026-10-08T08:43:00.5879041Z           ^[[36m<p^[[39m
validate-code / unit-tests (test:unit)	UNKNOWN STEP	2026-10-08T08:43:00.5879833Z             ^[[33mclass^[[39m=^[[32m"leading-s-body-sm tracking-s-body-sm md:text-l-body-sm md:leading-l-body-sm md:tracking-l-body-sm font-normal text-alternative"^[[39m
validate-code / unit-tests (test:unit)	UNKNOWN STEP	2026-10-08T08:43:00.5880668Z           ^[[36m>^[[39m
validate-code / unit-tests (test:unit)	UNKNOWN STEP	2026-10-08T08:43:00.5880956Z             ^[[0mCurrent price^[[0m
validate-code / unit-tests (test:unit)	UNKNOWN STEP	2026-10-08T08:43:00.5881252Z           ^[[36m</p>^[[39m
validate-code / unit-tests (test:unit)	UNKNOWN STEP	2026-10-08T08:43:00.5881523Z           ^[[36m<div^[[39m
validate-code / unit-tests (test:unit)	UNKNOWN STEP	2026-10-08T08:43:00.5897951Z             ^[[33mclass^[[39m=^[[32m"rounded-md bg-alternative leading-s-body-sm tracking-s-body-sm md:text-l-body-sm md:leading-l-body-sm md:tracking-l-body-sm font-normal text-alternative"^[[39m
validate-code / unit-tests (test:unit)	UNKNOWN STEP	2026-10-08T08:43:00.5898997Z           ^[[36m>^[[39m
validate-code / unit-tests (test:unit)	UNKNOWN STEP	2026-10-08T08:43:00.5899531Z             ^[[36m<div^[[39m
validate-code / unit-tests (test:unit)	UNKNOWN STEP	2026-10-08T08:43:00.5899965Z               ^[[33mclass^[[39m=^[[32m"rounded-lg skeleton-gradient animate-pulse h-6 w-16"^[[39m
validate-code / unit-tests (test:unit)	UNKNOWN STEP	2026-10-08T08:43:00.5900250Z             ^[[36m/>^[[39m
validate-code / unit-tests (test:unit)	UNKNOWN STEP	2026-10-08T08:43:00.5900429Z           ^[[36m</div>^[[39m
validate-code / unit-tests (test:unit)	UNKNOWN STEP	2026-10-08T08:43:00.5900603Z         ^[[36m</div>^[[39m
validate-code / unit-tests (test:unit)	UNKNOWN STEP	2026-10-08T08:43:00.5900771Z       ^[[36m</div>^[[39m
validate-code / unit-tests (test:unit)	UNKNOWN STEP	2026-10-08T08:43:00.5900933Z       ^[[36m<div^[[39m
validate-code / unit-tests (test:unit)	UNKNOWN STEP	2026-10-08T08:43:00.5901437Z         ^[[33mclass^[[39m=^[[32m"text-default flex flex-col bg-transparent shadow-none rounded-none p-0 gap-3"^[[39m
validate-code / unit-tests (test:unit)	UNKNOWN STEP	2026-10-08T08:43:00.5901888Z       ^[[36m>^[[39m
validate-code / unit-tests (test:unit)	UNKNOWN STEP	2026-10-08T08:43:00.5902130Z         ^[[36m<button^[[39m
validate-code / unit-tests (test:unit)	UNKNOWN STEP	2026-10-08T08:43:00.5904023Z           ^[[33mclass^[[39m=^[[32m"inline-flex items-center justify-center rounded-xl overflow-hidden relative outline-none transition-all duration-100 ease-linear cursor-pointer data-[disabled]:opacity-50 data-[disabled]:cursor-not-allowed focus-visible:outline-2 focus-visible:outline-[var(--color-primary-default)] focus-visible:outline-offset-2 btn-contrast data-[hovered]:bg-icon-default-hover data-[pressed]:bg-icon-default-pressed h-btn-md px-4 gap-2 text-s-body-md leading-s-body-md tracking-s-body-md md:text-l-body-md md:leading-l-body-md md:tracking-l-body-md font-medium"^[[39m
validate-code / unit-tests (test:unit)	UNKNOWN STEP	2026-10-08T08:43:00.5905275Z           ^[[33mdata-rac^[[39m=^[[32m""^[[39m
validate-code / unit-tests (test:unit)	UNKNOWN STEP	2026-10-08T08:43:00.5905540Z           ^[[33mdata-react-aria-pressable^[[39m=^[[32m"true"^[[39m
validate-code / unit-tests (test:unit)	UNKNOWN STEP	2026-10-08T08:43:00.5905813Z           ^[[33mid^[[39m=^[[32m"react-aria-_r_16_"^[[39m
validate-code / unit-tests (test:unit)	UNKNOWN STEP	2026-10-08T08:43:00.5906045Z           ^[[33mtabindex^[[39m=^[[32m"0"^[[39m
validate-code / unit-tests (test:unit)	UNKNOWN STEP	2026-10-08T08:43:00.5906268Z           ^[[33mtype^[[39m=^[[32m"button"^[[39m
validate-code / unit-tests (test:unit)	UNKNOWN STEP	2026-10-08T08:43:00.5906459Z         ^[[36m>^[[39m
validate-code / unit-tests (test:unit)	UNKNOWN STEP	2026-10-08T08:43:00.5906618Z           ^[[0mSet^[[0m
validate-code / unit-tests (test:unit)	UNKNOWN STEP	2026-10-08T08:43:00.5906788Z         ^[[36m</button>^[[39m
validate-code / unit-tests (test:unit)	UNKNOWN STEP	2026-10-08T08:43:00.5906959Z       ^[[36m</div>^[[39m
validate-code / unit-tests (test:unit)	UNKNOWN STEP	2026-10-08T08:43:00.5907120Z     ^[[36m</div>^[[39m
validate-code / unit-tests (test:unit)	UNKNOWN STEP	2026-10-08T08:43:00.5907283Z   ^[[36m</div>^[[39m
validate-code / unit-tests (test:unit)	UNKNOWN STEP	2026-10-08T08:43:00.5907449Z ^[[36m</body>^[[39m
validate-code / unit-tests (test:unit)	UNKNOWN STEP	2026-10-08T08:43:00.5908061Z ^[[90m ^[[2m❯^[[22m Object.getElementError node_modules/@testing-library/dom/dist/config.js:^[[2m37:19^[[22m^[[39m
validate-code / unit-tests (test:unit)	UNKNOWN STEP	2026-10-08T08:43:00.5908578Z ^[[90m ^[[2m❯^[[22m node_modules/@testing-library/dom/dist/query-helpers.js:^[[2m76:38^[[22m^[[39m
validate-code / unit-tests (test:unit)	UNKNOWN STEP	2026-10-08T08:43:00.5909012Z ^[[90m ^[[2m❯^[[22m node_modules/@testing-library/dom/dist/query-helpers.js:^[[2m52:17^[[22m^[[39m
validate-code / unit-tests (test:unit)	UNKNOWN STEP	2026-10-08T08:43:00.5909436Z ^[[90m ^[[2m❯^[[22m node_modules/@testing-library/dom/dist/query-helpers.js:^[[2m95:19^[[22m^[[39m
validate-code / unit-tests (test:unit)	UNKNOWN STEP	2026-10-08T08:43:00.5910039Z ^[[36m ^[[2m❯^[[22m src/features/perpetuals/order/components/OrderForm/OrderParametersModals/OrderFormLimitPriceEditor.test.tsx:^[[2m99:19^[[22m^[[39m
validate-code / unit-tests (test:unit)	UNKNOWN STEP	2026-10-08T08:43:00.5910457Z     ^[[90m 97| ^[[39m    )^[[33m;^[[39m
validate-code / unit-tests (test:unit)	UNKNOWN STEP	2026-10-08T08:43:00.5910644Z     ^[[90m 98| ^[[39m
validate-code / unit-tests (test:unit)	UNKNOWN STEP	2026-10-08T08:43:00.5911056Z     ^[[90m 99| ^[[39m    ^[[34mexpect^[[39m(screen^[[33m.^[[39m^[[34mgetByText^[[39m(^[[32m"$123.46"^[[39m))^[[33m.^[[39m^[[34mtoBeInTheDocument^[[39m()^[[33m;^[[39m
validate-code / unit-tests (test:unit)	UNKNOWN STEP	2026-10-08T08:43:00.5911433Z     ^[[90m   | ^[[39m                  ^[[31m^^[[39m
validate-code / unit-tests (test:unit)	UNKNOWN STEP	2026-10-08T08:43:00.5911876Z     ^[[90m100| ^[[39m    ^[[34mexpect^[[39m(screen^[[33m.^[[39m^[[34mgetByText^[[39m(^[[32m"$789.12"^[[39m))^[[33m.^[[39m^[[34mtoBeInTheDocument^[[39m()^[[33m;^[[39m
validate-code / unit-tests (test:unit)	UNKNOWN STEP	2026-10-08T08:43:00.5912317Z     ^[[90m101| ^[[39m  ***)^[[33m;^[[39m
validate-code / unit-tests (test:unit)	UNKNOWN STEP	2026-10-08T08:43:00.5912432Z 
validate-code / unit-tests (test:unit)	UNKNOWN STEP	2026-10-08T08:43:00.5912592Z ^[[31m^[[2m⎯⎯⎯⎯⎯⎯⎯⎯⎯⎯⎯⎯⎯⎯⎯⎯⎯⎯⎯⎯⎯⎯⎯⎯[3/3]⎯^[[22m^[[39m
validate-code / unit-tests (test:unit)	UNKNOWN STEP	2026-10-08T08:43:00.5912722Z 
validate-code / unit-tests (test:unit)	UNKNOWN STEP	2026-10-08T08:43:00.7827502Z ##[error]Process completed with exit code 1.
validate-code / unit-tests (test:unit)	UNKNOWN STEP	2026-10-08T08:43:00.7884839Z ##[group]Run dorny/test-reporter@a43b3a5f7366b97d083190328d2c652e1a8b6aa2
validate-code / unit-tests (test:unit)	UNKNOWN STEP	2026-10-08T08:43:00.7885100Z with:
validate-code / unit-tests (test:unit)	UNKNOWN STEP	2026-10-08T08:43:00.7885257Z   name: 📝 Tests report (test unit)
validate-code / unit-tests (test:unit)	UNKNOWN STEP	2026-10-08T08:43:00.7885435Z   path: junit.xml
validate-code / unit-tests (test:unit)	UNKNOWN STEP	2026-10-08T08:43:00.7885583Z   reporter: jest-junit
validate-code / unit-tests (test:unit)	UNKNOWN STEP	2026-10-08T08:43:00.7885735Z   fail-on-empty: false
validate-code / unit-tests (test:unit)	UNKNOWN STEP	2026-10-08T08:43:00.7885899Z   path-replace-backslashes: false
validate-code / unit-tests (test:unit)	UNKNOWN STEP	2026-10-08T08:43:00.7886076Z   list-suites: all
validate-code / unit-tests (test:unit)	UNKNOWN STEP	2026-10-08T08:43:00.7886220Z   list-tests: all
validate-code / unit-tests (test:unit)	UNKNOWN STEP	2026-10-08T08:43:00.7886515Z   max-annotations: 10
validate-code / unit-tests (test:unit)	UNKNOWN STEP	2026-10-08T08:43:00.7886665Z   fail-on-error: true
validate-code / unit-tests (test:unit)	UNKNOWN STEP	2026-10-08T08:43:00.7886812Z   only-summary: false
validate-code / unit-tests (test:unit)	UNKNOWN STEP	2026-10-08T08:43:00.7886968Z   use-actions-summary: true
validate-code / unit-tests (test:unit)	UNKNOWN STEP	2026-10-08T08:43:00.7887128Z   badge-title: tests
validate-code / unit-tests (test:unit)	UNKNOWN STEP	2026-10-08T08:43:00.7887275Z   collapsed: auto
validate-code / unit-tests (test:unit)	UNKNOWN STEP	2026-10-08T08:43:00.7889118Z   token: ***
validate-code / unit-tests (test:unit)	UNKNOWN STEP	2026-10-08T08:43:00.7889262Z env:
validate-code / unit-tests (test:unit)	UNKNOWN STEP	2026-10-08T08:43:00.7889594Z   JFROG_CLI_ENV_EXCLUDE: *password*;*secret*;*key*;*token*;*auth*;JF_ARTIFACTORY_*;JF_ENV_*;JF_URL;JF_USER;JF_PASSWORD;JF_ACCESS_TOKEN
validate-code / unit-tests (test:unit)	UNKNOWN STEP	2026-10-08T08:43:00.7889932Z   JFROG_CLI_OFFER_CONFIG: false
validate-code / unit-tests (test:unit)	UNKNOWN STEP	2026-10-08T08:43:00.7890115Z   JFROG_CLI_AVOID_NEW_VERSION_WARNING: true
validate-code / unit-tests (test:unit)	UNKNOWN STEP	2026-10-08T08:43:00.7890371Z   JFROG_CLI_SOURCECODE_REPOSITORY: consensys-vertical-apps/va-mmcx-terminal
validate-code / unit-tests (test:unit)	UNKNOWN STEP	2026-10-08T08:43:00.7890625Z   JFROG_CLI_CI_JOB_ID: Release
validate-code / unit-tests (test:unit)	UNKNOWN STEP	2026-10-08T08:43:00.7890795Z   JFROG_CLI_CI_RUN_ID: 37750852902
validate-code / unit-tests (test:unit)	UNKNOWN STEP	2026-10-08T08:43:00.7890994Z   JFROG_CLI_GITHUB_TOKEN: 
validate-code / unit-tests (test:unit)	UNKNOWN STEP	2026-10-08T08:43:00.7891203Z   JFROG_CLI_CI_VCS_REVISION: 79374ac1def015cd22660379c27aec1084db7322
validate-code / unit-tests (test:unit)	UNKNOWN STEP	2026-10-08T08:43:00.7891440Z   JFROG_CLI_CI_BRANCH: main
validate-code / unit-tests (test:unit)	UNKNOWN STEP	2026-10-08T08:43:00.7891685Z   JFROG_CLI_CI_VCS_URL: https://github.com/consensys-vertical-apps/va-mmcx-terminal
validate-code / unit-tests (test:unit)	UNKNOWN STEP	2026-10-08T08:43:00.7891948Z   JFROG_CLI_BUILD_NAME: Release
validate-code / unit-tests (test:unit)	UNKNOWN STEP	2026-10-08T08:43:00.7892118Z   JFROG_CLI_BUILD_NUMBER: 82
validate-code / unit-tests (test:unit)	UNKNOWN STEP	2026-10-08T08:43:00.7892408Z   JFROG_CLI_BUILD_URL: https://github.com/consensys-vertical-apps/va-mmcx-terminal/actions/runs/37750852902
validate-code / unit-tests (test:unit)	UNKNOWN STEP	2026-10-08T08:43:00.7892761Z   JFROG_CLI_USER_AGENT: setup-jfrog-cli-github-action/5.1.0
validate-code / unit-tests (test:unit)	UNKNOWN STEP	2026-10-08T08:43:00.7893020Z   JFROG_CLI_COMMAND_SUMMARY_OUTPUT_DIR: /home/runner/work/_temp
validate-code / unit-tests (test:unit)	UNKNOWN STEP	2026-10-08T08:43:00.7893284Z   JFROG_CLI_USAGE_GH_TOKEN_FOR_CODE_SCANNING_ALERTS_PROVIDED: 
validate-code / unit-tests (test:unit)	UNKNOWN STEP	2026-10-08T08:43:00.7893526Z   SETUP_JFROG_CLI_SERVER_IDS: setup-jfrog-cli-server
validate-code / unit-tests (test:unit)	UNKNOWN STEP	2026-10-08T08:43:00.7893726Z   TEST_NAME: test unit
validate-code / unit-tests (test:unit)	UNKNOWN STEP	2026-10-08T08:43:00.7893882Z   TEST_ARTEFACT_NAME: test-unit
validate-code / unit-tests (test:unit)	UNKNOWN STEP	2026-10-08T08:43:00.7894049Z ##[endgroup]
validate-code / unit-tests (test:unit)	UNKNOWN STEP	2026-10-08T08:43:00.8619063Z Check runs will be created with SHA=79374ac1def015cd22660379c27aec1084db7322
validate-code / unit-tests (test:unit)	UNKNOWN STEP	2026-10-08T08:43:00.8622528Z ##[group]Listing all files tracked by git
validate-code / unit-tests (test:unit)	UNKNOWN STEP	2026-10-08T08:43:00.8699143Z [command]/usr/bin/git ls-files -z
