release-please	UNKNOWN STEP	﻿2026-10-09T09:48:43.0092845Z Current runner version: '2.337.0'
release-please	UNKNOWN STEP	2026-10-09T09:48:43.0130588Z ##[group]Runner Image Provisioner
release-please	UNKNOWN STEP	2026-10-09T09:48:43.0132513Z Hosted Compute Agent
release-please	UNKNOWN STEP	2026-10-09T09:48:43.0133574Z Version: 20261002.596
release-please	UNKNOWN STEP	2026-10-09T09:48:43.0134689Z Commit: c3d12f3313a95f25162a1503be624f3b0617f8c0
release-please	UNKNOWN STEP	2026-10-09T09:48:43.0136271Z Build Date: 2026-10-02T22:28:27Z
release-please	UNKNOWN STEP	2026-10-09T09:48:43.0137826Z Worker ID: {1270e110-ad77-4595-b541-4d87c73ded0c}
release-please	UNKNOWN STEP	2026-10-09T09:48:43.0139124Z Region: eastus
release-please	UNKNOWN STEP	2026-10-09T09:48:43.0140065Z Cloud: Azure
release-please	UNKNOWN STEP	2026-10-09T09:48:43.0140962Z ##[endgroup]
release-please	UNKNOWN STEP	2026-10-09T09:48:43.0143459Z ##[group]Operating System
release-please	UNKNOWN STEP	2026-10-09T09:48:43.0144492Z Ubuntu
release-please	UNKNOWN STEP	2026-10-09T09:48:43.0145531Z 24.04.5
release-please	UNKNOWN STEP	2026-10-09T09:48:43.0146407Z LTS
release-please	UNKNOWN STEP	2026-10-09T09:48:43.0147641Z ##[endgroup]
release-please	UNKNOWN STEP	2026-10-09T09:48:43.0148731Z ##[group]Runner Image
release-please	UNKNOWN STEP	2026-10-09T09:48:43.0149762Z Image: ubuntu-24.04
release-please	UNKNOWN STEP	2026-10-09T09:48:43.0151142Z Version: 20261004.327.1
release-please	UNKNOWN STEP	2026-10-09T09:48:43.0153390Z Included Software: https://github.com/actions/runner-images/blob/ubuntu24/20261004.327/images/ubuntu/Ubuntu2404-Readme.md
release-please	UNKNOWN STEP	2026-10-09T09:48:43.0156251Z Image Release: https://github.com/actions/runner-images/releases/tag/ubuntu24%2F20261004.327
release-please	UNKNOWN STEP	2026-10-09T09:48:43.0158297Z ##[endgroup]
release-please	UNKNOWN STEP	2026-10-09T09:48:43.0160507Z ##[group]GITHUB_TOKEN Permissions
release-please	UNKNOWN STEP	2026-10-09T09:48:43.0163478Z Contents: write
release-please	UNKNOWN STEP	2026-10-09T09:48:43.0164657Z Metadata: read
release-please	UNKNOWN STEP	2026-10-09T09:48:43.0165582Z PullRequests: write
release-please	UNKNOWN STEP	2026-10-09T09:48:43.0167062Z ##[endgroup]
release-please	UNKNOWN STEP	2026-10-09T09:48:43.0170231Z Secret source: Actions
release-please	UNKNOWN STEP	2026-10-09T09:48:43.0171765Z Cache mode: write
release-please	UNKNOWN STEP	2026-10-09T09:48:43.0173256Z Prepare workflow directory
release-please	UNKNOWN STEP	2026-10-09T09:48:43.0694913Z Prepare all required actions
release-please	UNKNOWN STEP	2026-10-09T09:48:43.0769681Z Getting action download info
release-please	UNKNOWN STEP	2026-10-09T09:48:43.2853871Z Download action repository 'google-github-actions/release-please-action@v4' (SHA:e4dc86ba9405554aeba3c6bb2d169500e7d3b4ee)
release-please	UNKNOWN STEP	2026-10-09T09:48:43.6342844Z Complete job name: release-please
release-please	UNKNOWN STEP	2026-10-09T09:48:43.7177341Z ##[group]Run google-github-actions/release-please-action@v4
release-please	UNKNOWN STEP	2026-10-09T09:48:43.7178470Z with:
release-please	UNKNOWN STEP	2026-10-09T09:48:43.7178915Z   release-type: node
release-please	UNKNOWN STEP	2026-10-09T09:48:43.7182969Z   token: ***
release-please	UNKNOWN STEP	2026-10-09T09:48:43.7183506Z   repo-url: consensys-vertical-apps/va-mmcx-terminal
release-please	UNKNOWN STEP	2026-10-09T09:48:43.7184185Z   github-api-url: https://api.github.com
release-please	UNKNOWN STEP	2026-10-09T09:48:43.7184856Z   github-graphql-url: https://api.github.com/graphql
release-please	UNKNOWN STEP	2026-10-09T09:48:43.7185473Z   fork: false
release-please	UNKNOWN STEP	2026-10-09T09:48:43.7185926Z   include-component-in-tag: false
release-please	UNKNOWN STEP	2026-10-09T09:48:43.7186655Z   skip-github-release: false
release-please	UNKNOWN STEP	2026-10-09T09:48:43.7187218Z   skip-github-pull-request: false
release-please	UNKNOWN STEP	2026-10-09T09:48:43.7187792Z   changelog-host: https://github.com
release-please	UNKNOWN STEP	2026-10-09T09:48:43.7188604Z ##[endgroup]
release-please	UNKNOWN STEP	2026-10-09T09:48:43.9056303Z ##[warning]google-github-actions/release-please-action is deprecated, please use googleapis/release-please-action instead.
release-please	UNKNOWN STEP	2026-10-09T09:48:43.9070803Z (node:1955) [DEP0040] DeprecationWarning: The `punycode` module is deprecated. Please use a userland alternative instead.
release-please	UNKNOWN STEP	2026-10-09T09:48:43.9072850Z Running release-please version: 16.10.0
release-please	UNKNOWN STEP	2026-10-09T09:48:43.9089228Z (Use `node --trace-deprecation ...` to show where the warning was created)
release-please	UNKNOWN STEP	2026-10-09T09:48:44.1975946Z ❯ Fetching package.json from branch main
release-please	UNKNOWN STEP	2026-10-09T09:48:44.5086067Z ✔ Looking for latest release on branch: main with prefix: terminal
release-please	UNKNOWN STEP	2026-10-09T09:48:44.5088632Z ❯ Fetching merge commits on branch main with cursor: undefined
release-please	UNKNOWN STEP	2026-10-09T09:48:46.1892441Z ❯ Fetching merge commits on branch main with cursor: a0c70d313b0b14786b9738dec5a9ccba8653d1bf 24
release-please	UNKNOWN STEP	2026-10-09T09:48:47.4306161Z ❯ Fetching merge commits on branch main with cursor: a0c70d313b0b14786b9738dec5a9ccba8653d1bf 49
release-please	UNKNOWN STEP	2026-10-09T09:48:48.8190439Z ❯ Fetching merge commits on branch main with cursor: a0c70d313b0b14786b9738dec5a9ccba8653d1bf 74
release-please	UNKNOWN STEP	2026-10-09T09:48:50.4704078Z ❯ Fetching merge commits on branch main with cursor: a0c70d313b0b14786b9738dec5a9ccba8653d1bf 99
release-please	UNKNOWN STEP	2026-10-09T09:48:51.8768336Z ❯ Fetching merge commits on branch main with cursor: a0c70d313b0b14786b9738dec5a9ccba8653d1bf 124
release-please	UNKNOWN STEP	2026-10-09T09:48:53.2685313Z ❯ Fetching merge commits on branch main with cursor: a0c70d313b0b14786b9738dec5a9ccba8653d1bf 149
release-please	UNKNOWN STEP	2026-10-09T09:48:54.4692303Z ❯ Fetching merge commits on branch main with cursor: a0c70d313b0b14786b9738dec5a9ccba8653d1bf 174
release-please	UNKNOWN STEP	2026-10-09T09:48:55.5356901Z ❯ Fetching merge commits on branch main with cursor: a0c70d313b0b14786b9738dec5a9ccba8653d1bf 199
release-please	UNKNOWN STEP	2026-10-09T09:48:56.5989196Z ❯ Fetching merge commits on branch main with cursor: a0c70d313b0b14786b9738dec5a9ccba8653d1bf 224
release-please	UNKNOWN STEP	2026-10-09T09:48:57.5781223Z ❯ Fetching releases with cursor undefined
release-please	UNKNOWN STEP	2026-10-09T09:48:57.7588279Z ⚠ Could not find releases.
release-please	UNKNOWN STEP	2026-10-09T09:48:57.7589375Z ❯ found 0 possible releases. []
release-please	UNKNOWN STEP	2026-10-09T09:48:57.9910607Z ❯ found 0 possible tags. []
release-please	UNKNOWN STEP	2026-10-09T09:48:57.9914804Z ✔ Building releases
release-please	UNKNOWN STEP	2026-10-09T09:48:57.9916070Z ✔ Building strategies by path
release-please	UNKNOWN STEP	2026-10-09T09:48:57.9917508Z ❯ .: node
release-please	UNKNOWN STEP	2026-10-09T09:48:59.6639895Z ❯ Fetching package.json from branch main
release-please	UNKNOWN STEP	2026-10-09T09:48:59.6640681Z ✔ Looking for latest release on branch: main with prefix: terminal
release-please	UNKNOWN STEP	2026-10-09T09:48:59.6658136Z ❯ Fetching merge commits on branch main with cursor: undefined
release-please	UNKNOWN STEP	2026-10-09T09:49:01.1678561Z ❯ Fetching merge commits on branch main with cursor: a0c70d313b0b14786b9738dec5a9ccba8653d1bf 24
release-please	UNKNOWN STEP	2026-10-09T09:49:02.1585609Z ❯ Fetching merge commits on branch main with cursor: a0c70d313b0b14786b9738dec5a9ccba8653d1bf 49
release-please	UNKNOWN STEP	2026-10-09T09:49:03.5575737Z ❯ Fetching merge commits on branch main with cursor: a0c70d313b0b14786b9738dec5a9ccba8653d1bf 74
release-please	UNKNOWN STEP	2026-10-09T09:49:04.7245977Z ❯ Fetching merge commits on branch main with cursor: a0c70d313b0b14786b9738dec5a9ccba8653d1bf 99
release-please	UNKNOWN STEP	2026-10-09T09:49:05.8688650Z ❯ Fetching merge commits on branch main with cursor: a0c70d313b0b14786b9738dec5a9ccba8653d1bf 124
release-please	UNKNOWN STEP	2026-10-09T09:49:07.2832058Z ❯ Fetching merge commits on branch main with cursor: a0c70d313b0b14786b9738dec5a9ccba8653d1bf 149
release-please	UNKNOWN STEP	2026-10-09T09:49:09.1675376Z ❯ Fetching merge commits on branch main with cursor: a0c70d313b0b14786b9738dec5a9ccba8653d1bf 174
release-please	UNKNOWN STEP	2026-10-09T09:49:10.4753941Z ❯ Fetching merge commits on branch main with cursor: a0c70d313b0b14786b9738dec5a9ccba8653d1bf 199
release-please	UNKNOWN STEP	2026-10-09T09:49:11.4085086Z ❯ Fetching merge commits on branch main with cursor: a0c70d313b0b14786b9738dec5a9ccba8653d1bf 224
release-please	UNKNOWN STEP	2026-10-09T09:49:12.4508292Z ❯ Fetching releases with cursor undefined
release-please	UNKNOWN STEP	2026-10-09T09:49:12.6285918Z ⚠ Could not find releases.
release-please	UNKNOWN STEP	2026-10-09T09:49:12.6287101Z ❯ found 0 possible releases. []
release-please	UNKNOWN STEP	2026-10-09T09:49:12.8406164Z ❯ found 0 possible tags. []
release-please	UNKNOWN STEP	2026-10-09T09:49:12.8409002Z ✔ Building pull requests
release-please	UNKNOWN STEP	2026-10-09T09:49:12.8410478Z ✔ Building strategies by path
release-please	UNKNOWN STEP	2026-10-09T09:49:12.8411475Z ❯ .: node
release-please	UNKNOWN STEP	2026-10-09T09:49:12.8412658Z ✔ Collecting release commit SHAs
release-please	UNKNOWN STEP	2026-10-09T09:49:12.8413736Z ❯ release search depth: 400
release-please	UNKNOWN STEP	2026-10-09T09:49:12.8415080Z ❯ Fetching releases with cursor undefined
release-please	UNKNOWN STEP	2026-10-09T09:49:13.0315158Z ⚠ Could not find releases.
release-please	UNKNOWN STEP	2026-10-09T09:49:13.0317178Z ⚠ Expected 1 releases, only found 0
release-please	UNKNOWN STEP	2026-10-09T09:49:13.0319271Z ⚠ Missing 1 paths: .
release-please	UNKNOWN STEP	2026-10-09T09:49:13.2007653Z ⚠ No version for path .
release-please	UNKNOWN STEP	2026-10-09T09:49:13.2008255Z ✔ Collecting commits since all latest releases
release-please	UNKNOWN STEP	2026-10-09T09:49:13.2009534Z ❯ commit search depth: 500
release-please	UNKNOWN STEP	2026-10-09T09:49:13.2010302Z ❯ Set(0) {}
release-please	UNKNOWN STEP	2026-10-09T09:49:13.2011067Z ❯ Fetching merge commits on branch main with cursor: undefined
release-please	UNKNOWN STEP	2026-10-09T09:49:13.2027000Z ⚠ Expected 1 releases, only found 0
release-please	UNKNOWN STEP	2026-10-09T09:49:14.8588658Z ❯ Backfilling file list for commit: 79374ac1def015cd22660379c27aec1084db7322
release-please	UNKNOWN STEP	2026-10-09T09:49:15.0875221Z ❯ Found 2 files
release-please	UNKNOWN STEP	2026-10-09T09:49:15.0876762Z ❯ Backfilling file list for commit: 2ee4b3c07e426037b3bf0bb04e611581e1dc65a7
release-please	UNKNOWN STEP	2026-10-09T09:49:15.2964161Z ❯ Found 2 files
release-please	UNKNOWN STEP	2026-10-09T09:49:15.2964892Z ✔ PR #169 has many files, backfilling
release-please	UNKNOWN STEP	2026-10-09T09:49:15.2965717Z ❯ Backfilling file list for commit: ae69eb1ecfdf9bf65d85f8ef1f05e06fe7c6952f
release-please	UNKNOWN STEP	2026-10-09T09:49:15.6068303Z ❯ Found 109 files
release-please	UNKNOWN STEP	2026-10-09T09:49:15.6070588Z ✔ PR #167 has many files, backfilling
release-please	UNKNOWN STEP	2026-10-09T09:49:15.6077829Z ❯ Backfilling file list for commit: 4b1d5bbca5b46dd12bb8007b29e79c3050782088
release-please	UNKNOWN STEP	2026-10-09T09:49:17.2053332Z ❯ Found 1100 files
release-please	UNKNOWN STEP	2026-10-09T09:49:17.2054770Z ❯ Backfilling file list for commit: dbc9683f70e8e8bfee52c77b920e03a2d369fc50
release-please	UNKNOWN STEP	2026-10-09T09:49:17.3847945Z ❯ Found 14 files
release-please	UNKNOWN STEP	2026-10-09T09:49:17.3849504Z ❯ Backfilling file list for commit: 66be0c5077650ba22ef639af367db214545ba3bb
release-please	UNKNOWN STEP	2026-10-09T09:49:17.6354258Z ❯ Found 34 files
release-please	UNKNOWN STEP	2026-10-09T09:49:17.6362298Z ❯ Backfilling file list for commit: a03a56a700da9e68170616bcd71393f5758c3ffa
release-please	UNKNOWN STEP	2026-10-09T09:49:17.8681639Z ❯ Found 3 files
release-please	UNKNOWN STEP	2026-10-09T09:49:17.8682852Z ❯ Backfilling file list for commit: 916a5102394ee4fbdca48af720b3e356b0ac0f7f
release-please	UNKNOWN STEP	2026-10-09T09:49:18.0731218Z ❯ Found 2 files
release-please	UNKNOWN STEP	2026-10-09T09:49:18.0732975Z ❯ Backfilling file list for commit: 4b812340f646a0f62e5f08754f092c32c19476da
release-please	UNKNOWN STEP	2026-10-09T09:49:18.3242186Z ❯ Found 1 files
release-please	UNKNOWN STEP	2026-10-09T09:49:18.3258038Z ❯ Backfilling file list for commit: c4a91d2088d4bbf992e6d16b229bba985df72447
release-please	UNKNOWN STEP	2026-10-09T09:49:18.5238089Z ❯ Found 1 files
release-please	UNKNOWN STEP	2026-10-09T09:49:18.5239239Z ❯ Backfilling file list for commit: 5045eb529197356098daaf574431288483b7ca5f
release-please	UNKNOWN STEP	2026-10-09T09:49:18.6887971Z ❯ Found 1 files
release-please	UNKNOWN STEP	2026-10-09T09:49:18.6890798Z ❯ Backfilling file list for commit: 22901884b48b859b2659cb2df1692c88ea85727f
release-please	UNKNOWN STEP	2026-10-09T09:49:18.8719612Z ❯ Found 1 files
release-please	UNKNOWN STEP	2026-10-09T09:49:18.8721038Z ❯ Backfilling file list for commit: 952088762c21e29ea0ab976f218a243baf299a78
release-please	UNKNOWN STEP	2026-10-09T09:49:19.0455687Z ❯ Found 1 files
release-please	UNKNOWN STEP	2026-10-09T09:49:19.0457271Z ❯ Backfilling file list for commit: 4fe05470f5d526ebb668eb9d044d37a71cd75848
release-please	UNKNOWN STEP	2026-10-09T09:49:19.2728065Z ❯ Found 14 files
release-please	UNKNOWN STEP	2026-10-09T09:49:19.2729228Z ❯ Fetching merge commits on branch main with cursor: a0c70d313b0b14786b9738dec5a9ccba8653d1bf 24
release-please	UNKNOWN STEP	2026-10-09T09:49:20.3625176Z ❯ Backfilling file list for commit: f8cd47523db8979aeb6f5ba5699d639aa9b7ad40
release-please	UNKNOWN STEP	2026-10-09T09:49:20.6005384Z ❯ Found 24 files
release-please	UNKNOWN STEP	2026-10-09T09:49:20.6011496Z ❯ Backfilling file list for commit: 96a9749349c01e6cf1b6ae1c372d4ff9aa727a12
release-please	UNKNOWN STEP	2026-10-09T09:49:20.8539242Z ❯ Found 2 files
release-please	UNKNOWN STEP	2026-10-09T09:49:20.8540403Z ❯ Backfilling file list for commit: 3428c1b7b1a1b31c2dcb36d9e94bbd1db9a9dc64
release-please	UNKNOWN STEP	2026-10-09T09:49:21.0873602Z ❯ Found 1 files
release-please	UNKNOWN STEP	2026-10-09T09:49:21.0875295Z ❯ Backfilling file list for commit: ea77c2efa2dc1f0842d2e48eb6975af0a26df39e
release-please	UNKNOWN STEP	2026-10-09T09:49:21.2922620Z ❯ Found 23 files
release-please	UNKNOWN STEP	2026-10-09T09:49:21.2923659Z ❯ Backfilling file list for commit: a99651a1289cc6942c1e1003599887e3fc83c06e
release-please	UNKNOWN STEP	2026-10-09T09:49:21.5022329Z ❯ Found 23 files
release-please	UNKNOWN STEP	2026-10-09T09:49:21.5037861Z ❯ Backfilling file list for commit: e56ee248d3044ea702e6757f67f5da62f4935515
release-please	UNKNOWN STEP	2026-10-09T09:49:21.6970512Z ❯ Found 2 files
release-please	UNKNOWN STEP	2026-10-09T09:49:21.6974782Z ❯ Backfilling file list for commit: bf58561224d536443a5f869f2236ea8ab93ad3e7
release-please	UNKNOWN STEP	2026-10-09T09:49:21.9157467Z ❯ Found 3 files
release-please	UNKNOWN STEP	2026-10-09T09:49:21.9158430Z ❯ Backfilling file list for commit: 1193bf9cddb96c09c43042cfb401291de422f7b8
release-please	UNKNOWN STEP	2026-10-09T09:49:22.1266812Z ❯ Found 2 files
release-please	UNKNOWN STEP	2026-10-09T09:49:22.1271589Z ❯ Backfilling file list for commit: 8dff0d693eb98f1dff02c981205ddaa52308af06
release-please	UNKNOWN STEP	2026-10-09T09:49:22.3204640Z ❯ Found 8 files
release-please	UNKNOWN STEP	2026-10-09T09:49:22.3206187Z ❯ Backfilling file list for commit: 25796505db69811deaed31e28e207fd40e88c364
release-please	UNKNOWN STEP	2026-10-09T09:49:22.5501178Z ❯ Found 1 files
release-please	UNKNOWN STEP	2026-10-09T09:49:22.5505158Z ❯ Backfilling file list for commit: b4195be1cc68562e352e1d19aad717bf9f1c2ef2
release-please	UNKNOWN STEP	2026-10-09T09:49:22.7319971Z ❯ Found 4 files
release-please	UNKNOWN STEP	2026-10-09T09:49:22.7321233Z ❯ Backfilling file list for commit: 90b55ca7d4361c2fd8fd987e3925ce7d459b31a2
release-please	UNKNOWN STEP	2026-10-09T09:49:22.8995185Z ❯ Found 1 files
release-please	UNKNOWN STEP	2026-10-09T09:49:22.8999953Z ❯ Backfilling file list for commit: 8175f443720b2e48880db43ef0030881b0eacac7
release-please	UNKNOWN STEP	2026-10-09T09:49:23.1283163Z ❯ Found 4 files
release-please	UNKNOWN STEP	2026-10-09T09:49:23.1284301Z ❯ Backfilling file list for commit: 146a58e28856de659bad01701bd43cd07716f28c
release-please	UNKNOWN STEP	2026-10-09T09:49:23.3068253Z ❯ Found 3 files
release-please	UNKNOWN STEP	2026-10-09T09:49:23.3069579Z ❯ Backfilling file list for commit: 8685c2b43ea8739880691ab6713dbdd52ffe6c48
release-please	UNKNOWN STEP	2026-10-09T09:49:23.5340040Z ❯ Found 4 files
release-please	UNKNOWN STEP	2026-10-09T09:49:23.5341492Z ❯ Backfilling file list for commit: f9e54b728905eb417aa456f07dcb8122e2034c97
release-please	UNKNOWN STEP	2026-10-09T09:49:23.7317736Z ❯ Found 10 files
release-please	UNKNOWN STEP	2026-10-09T09:49:23.7318968Z ❯ Backfilling file list for commit: 757ea012abb81d87f2d9c87a2d209853b3791dce
release-please	UNKNOWN STEP	2026-10-09T09:49:24.0592619Z ❯ Found 24 files
release-please	UNKNOWN STEP	2026-10-09T09:49:24.0593828Z ❯ Backfilling file list for commit: 49fe9e0a802db1095aba9ed497bf9cf98eacc6d4
release-please	UNKNOWN STEP	2026-10-09T09:49:24.2877986Z ❯ Found 1 files
release-please	UNKNOWN STEP	2026-10-09T09:49:24.2879136Z ❯ Backfilling file list for commit: b800a2b684be5dbfbc6115fe3e18a3d7fdfa281f
release-please	UNKNOWN STEP	2026-10-09T09:49:24.5023650Z ❯ Found 1 files
release-please	UNKNOWN STEP	2026-10-09T09:49:24.5025010Z ❯ Backfilling file list for commit: 05dfb2d01fe9fc406315ca0834654ab4e50dcc90
release-please	UNKNOWN STEP	2026-10-09T09:49:24.6888018Z ❯ Found 17 files
release-please	UNKNOWN STEP	2026-10-09T09:49:24.6889370Z ❯ Backfilling file list for commit: a2af07d34218295eb0e9f3e7c9fafd3be7e2af29
release-please	UNKNOWN STEP	2026-10-09T09:49:24.8784746Z ❯ Found 19 files
release-please	UNKNOWN STEP	2026-10-09T09:49:24.8786177Z ❯ Backfilling file list for commit: f77121aafa1ca5ca3dd2032e6b24edcfd0efe22c
release-please	UNKNOWN STEP	2026-10-09T09:49:25.0537171Z ❯ Found 1 files
release-please	UNKNOWN STEP	2026-10-09T09:49:25.0538501Z ❯ Backfilling file list for commit: bd73bc31463801f1a23f8befe4a036a9dd0db76b
release-please	UNKNOWN STEP	2026-10-09T09:49:25.2720453Z ❯ Found 3 files
release-please	UNKNOWN STEP	2026-10-09T09:49:25.2721654Z ❯ Backfilling file list for commit: e5f49adb2c4870a7392c44d53641b8754971cef1
release-please	UNKNOWN STEP	2026-10-09T09:49:25.4815530Z ❯ Found 1 files
release-please	UNKNOWN STEP	2026-10-09T09:49:25.4817060Z ❯ Backfilling file list for commit: d7ccdc7988f789d2da344a737aa6fa5ca08dbe49
release-please	UNKNOWN STEP	2026-10-09T09:49:25.7177975Z ❯ Found 2 files
release-please	UNKNOWN STEP	2026-10-09T09:49:25.7179393Z ❯ Fetching merge commits on branch main with cursor: a0c70d313b0b14786b9738dec5a9ccba8653d1bf 49
release-please	UNKNOWN STEP	2026-10-09T09:49:26.9142181Z ❯ Backfilling file list for commit: c0a1dedc06bafe1f72d0eda3aca090e0e972d810
release-please	UNKNOWN STEP	2026-10-09T09:49:27.1350229Z ❯ Found 4 files
release-please	UNKNOWN STEP	2026-10-09T09:49:27.1356753Z ❯ Backfilling file list for commit: 4a219589f0cd25aba06f64adb76d46537e953919
release-please	UNKNOWN STEP	2026-10-09T09:49:27.4054979Z ❯ Found 15 files
release-please	UNKNOWN STEP	2026-10-09T09:49:27.4055962Z ❯ Backfilling file list for commit: fbf9bb1edccf949346c823d25636304d8b16ac55
release-please	UNKNOWN STEP	2026-10-09T09:49:27.6257459Z ❯ Found 2 files
release-please	UNKNOWN STEP	2026-10-09T09:49:27.6258510Z ❯ Backfilling file list for commit: 9a0bf043072fdb3758df0c3b0ece909c91f7ed2a
release-please	UNKNOWN STEP	2026-10-09T09:49:27.8018092Z ❯ Found 3 files
release-please	UNKNOWN STEP	2026-10-09T09:49:27.8019166Z ❯ Backfilling file list for commit: e1d89b04106063dbcf9cc7bf9ec26fedb541701d
release-please	UNKNOWN STEP	2026-10-09T09:49:28.0390930Z ❯ Found 2 files
release-please	UNKNOWN STEP	2026-10-09T09:49:28.0392290Z ❯ Backfilling file list for commit: 44d91034305fa9178a9a46ea9bffaf0cb291e7a9
release-please	UNKNOWN STEP	2026-10-09T09:49:28.3480072Z ❯ Found 2 files
release-please	UNKNOWN STEP	2026-10-09T09:49:28.3483769Z ❯ Backfilling file list for commit: 37ff64bc7f6c60b0da263bc396e21eff90a2f594
release-please	UNKNOWN STEP	2026-10-09T09:49:28.5614899Z ❯ Found 2 files
release-please	UNKNOWN STEP	2026-10-09T09:49:28.5616822Z ❯ Backfilling file list for commit: 861d796e67eed1701784fac4fda2209f0378dedf
release-please	UNKNOWN STEP	2026-10-09T09:49:28.7545562Z ❯ Found 1 files
release-please	UNKNOWN STEP	2026-10-09T09:49:28.7548204Z ❯ Backfilling file list for commit: 5171d1f11e223ad4ed54c03b48fa93dce28edbea
release-please	UNKNOWN STEP	2026-10-09T09:49:28.9969715Z ❯ Found 2 files
release-please	UNKNOWN STEP	2026-10-09T09:49:28.9971542Z ❯ Backfilling file list for commit: b032d6ec10ac28b350efd6d0f7a82a6361b53e37
release-please	UNKNOWN STEP	2026-10-09T09:49:29.2007603Z ❯ Found 3 files
release-please	UNKNOWN STEP	2026-10-09T09:49:29.2011677Z ❯ Backfilling file list for commit: 9cbeb66bd11a0096fb9c629668b9401febcd0f6c
release-please	UNKNOWN STEP	2026-10-09T09:49:29.4455590Z ❯ Found 78 files
release-please	UNKNOWN STEP	2026-10-09T09:49:29.4457463Z ❯ Backfilling file list for commit: 00988c763331f553ce57692a64add3deb9b45cec
release-please	UNKNOWN STEP	2026-10-09T09:49:29.6870598Z ❯ Found 72 files
release-please	UNKNOWN STEP	2026-10-09T09:49:29.6871795Z ❯ Backfilling file list for commit: df05b2df5168a8e35a1000cfe47795978e04c6f9
release-please	UNKNOWN STEP	2026-10-09T09:49:29.8654819Z ❯ Found 2 files
release-please	UNKNOWN STEP	2026-10-09T09:49:29.8655812Z ❯ Backfilling file list for commit: d8f7315dd0509a3f23d72ee2906adc3472609c70
release-please	UNKNOWN STEP	2026-10-09T09:49:30.1151508Z ❯ Found 67 files
release-please	UNKNOWN STEP	2026-10-09T09:49:30.1152726Z ❯ Backfilling file list for commit: 825def1c5f92e6ef6555614a290f318bcb2a5b3f
release-please	UNKNOWN STEP	2026-10-09T09:49:30.3049913Z ❯ Found 2 files
release-please	UNKNOWN STEP	2026-10-09T09:49:30.3067941Z ❯ Backfilling file list for commit: b207df6f09f2df5fbc5850fdcdcb3af0aceb00d8
release-please	UNKNOWN STEP	2026-10-09T09:49:30.5478159Z ❯ Found 3 files
release-please	UNKNOWN STEP	2026-10-09T09:49:30.5479494Z ❯ Backfilling file list for commit: 4986fb31f7c44d057e5677025a7121bd403af988
release-please	UNKNOWN STEP	2026-10-09T09:49:30.7277676Z ❯ Found 18 files
release-please	UNKNOWN STEP	2026-10-09T09:49:30.7279316Z ❯ Backfilling file list for commit: 16371590b8bf9a1a74f1eb86818d07e4167ffb0d
release-please	UNKNOWN STEP	2026-10-09T09:49:30.9402625Z ❯ Found 40 files
release-please	UNKNOWN STEP	2026-10-09T09:49:30.9404025Z ❯ Backfilling file list for commit: 4bbe0253b4668842ff14a65af40ab1c62f21f186
release-please	UNKNOWN STEP	2026-10-09T09:49:31.1565102Z ❯ Found 40 files
release-please	UNKNOWN STEP	2026-10-09T09:49:31.1565848Z ❯ Backfilling file list for commit: 7d747231c79badc02c4942f908a0eee5cbb3dd30
release-please	UNKNOWN STEP	2026-10-09T09:49:31.4101118Z ❯ Found 40 files
release-please	UNKNOWN STEP	2026-10-09T09:49:31.4102386Z ❯ Backfilling file list for commit: f1b270c559d6605d6834ca2fcd894986459d6d44
release-please	UNKNOWN STEP	2026-10-09T09:49:31.5918044Z ❯ Found 3 files
release-please	UNKNOWN STEP	2026-10-09T09:49:31.5919443Z ❯ Backfilling file list for commit: 4057af2cae0adb86ecb95d5d8eff35c61b4767e4
release-please	UNKNOWN STEP	2026-10-09T09:49:31.7932206Z ❯ Found 2 files
release-please	UNKNOWN STEP	2026-10-09T09:49:31.7932982Z ❯ Backfilling file list for commit: f0fb024f421234a0878a4e59aee9f3c118e21500
release-please	UNKNOWN STEP	2026-10-09T09:49:32.0538308Z ❯ Found 41 files
release-please	UNKNOWN STEP	2026-10-09T09:49:32.0545473Z ❯ Backfilling file list for commit: 4c4f30d5033b5e30fa880856cdec43dbb0590f27
release-please	UNKNOWN STEP	2026-10-09T09:49:32.2669135Z ❯ Found 9 files
release-please	UNKNOWN STEP	2026-10-09T09:49:32.2670610Z ❯ Fetching merge commits on branch main with cursor: a0c70d313b0b14786b9738dec5a9ccba8653d1bf 74
release-please	UNKNOWN STEP	2026-10-09T09:49:33.5618252Z ❯ Backfilling file list for commit: f59b4d4ed4d876f0f1d639011574e28be6e89090
release-please	UNKNOWN STEP	2026-10-09T09:49:33.9945783Z ❯ Found 39 files
release-please	UNKNOWN STEP	2026-10-09T09:49:33.9947252Z ❯ Backfilling file list for commit: 2e56050a55596803b1eaaab08d8318c37a63639c
release-please	UNKNOWN STEP	2026-10-09T09:49:34.2465976Z ❯ Found 2 files
release-please	UNKNOWN STEP	2026-10-09T09:49:34.2473806Z ❯ Backfilling file list for commit: e4761a9eef5cc59423381769c5703ecb9587705b
release-please	UNKNOWN STEP	2026-10-09T09:49:34.4426832Z ❯ Found 2 files
release-please	UNKNOWN STEP	2026-10-09T09:49:34.4428064Z ❯ Backfilling file list for commit: 18cbf934262f4a0913a135492c20da3fb51c6b73
release-please	UNKNOWN STEP	2026-10-09T09:49:34.7102284Z ❯ Found 5 files
release-please	UNKNOWN STEP	2026-10-09T09:49:34.7103525Z ❯ Backfilling file list for commit: 12ec4848a966a774c5e308d8236f2c0704dab9b3
release-please	UNKNOWN STEP	2026-10-09T09:49:34.8855378Z ❯ Found 4 files
release-please	UNKNOWN STEP	2026-10-09T09:49:34.8856353Z ❯ Backfilling file list for commit: 43893061b2f595924ff408088acb4f79cad0bf09
release-please	UNKNOWN STEP	2026-10-09T09:49:35.1087751Z ❯ Found 2 files
release-please	UNKNOWN STEP	2026-10-09T09:49:35.1089285Z ❯ Backfilling file list for commit: 6b8fd36737b0fee3184deb8fe3a77fad1bd6cc6c
release-please	UNKNOWN STEP	2026-10-09T09:49:35.2932193Z ❯ Found 4 files
release-please	UNKNOWN STEP	2026-10-09T09:49:35.2933724Z ❯ Backfilling file list for commit: 90ecb626cf033710e5ee67a4e632d4f45df46fba
release-please	UNKNOWN STEP	2026-10-09T09:49:35.4954134Z ❯ Found 2 files
release-please	UNKNOWN STEP	2026-10-09T09:49:35.4955415Z ❯ Backfilling file list for commit: 8124e31fc2263b52edb5bc91c6d12973b14f194f
release-please	UNKNOWN STEP	2026-10-09T09:49:35.7013658Z ❯ Found 4 files
release-please	UNKNOWN STEP	2026-10-09T09:49:35.7014941Z ❯ Backfilling file list for commit: 2704815979b348ceb11bcfa45e465bb34cebbed7
release-please	UNKNOWN STEP	2026-10-09T09:49:35.8752026Z ❯ Found 2 files
release-please	UNKNOWN STEP	2026-10-09T09:49:35.8753394Z ❯ Backfilling file list for commit: a8ae24267b178ba3568ebe9fc135a10d10ec9b8c
release-please	UNKNOWN STEP	2026-10-09T09:49:36.1139930Z ❯ Found 3 files
release-please	UNKNOWN STEP	2026-10-09T09:49:36.1141332Z ❯ Backfilling file list for commit: a670a1668e55e7f4868d3429a108012d4a09e026
release-please	UNKNOWN STEP	2026-10-09T09:49:36.4316050Z ❯ Found 2 files
release-please	UNKNOWN STEP	2026-10-09T09:49:36.4317786Z ❯ Backfilling file list for commit: d272281b0009c27ca29e982c543161c7dc808865
release-please	UNKNOWN STEP	2026-10-09T09:49:36.5933572Z ❯ Found 1 files
release-please	UNKNOWN STEP	2026-10-09T09:49:36.5935101Z ❯ Backfilling file list for commit: e07c152a3ae9fdc88cd5507a012356bd772d4da6
release-please	UNKNOWN STEP	2026-10-09T09:49:36.8042322Z ❯ Found 16 files
release-please	UNKNOWN STEP	2026-10-09T09:49:36.8043746Z ❯ Backfilling file list for commit: a5db36d0972bfdb7cef5b803a9194ee83e144105
release-please	UNKNOWN STEP	2026-10-09T09:49:37.0958009Z ❯ Found 16 files
release-please	UNKNOWN STEP	2026-10-09T09:49:37.0958934Z ❯ Backfilling file list for commit: 72ac27e0383715d96724da2a9c2e1d08a8717713
release-please	UNKNOWN STEP	2026-10-09T09:49:37.3235237Z ❯ Found 1 files
release-please	UNKNOWN STEP	2026-10-09T09:49:37.3236208Z ❯ Backfilling file list for commit: 9da0b4568e942b31c053c9755500bdc3f50c076b
release-please	UNKNOWN STEP	2026-10-09T09:49:37.5218676Z ❯ Found 2 files
release-please	UNKNOWN STEP	2026-10-09T09:49:37.5220000Z ❯ Backfilling file list for commit: f6afc451fd369a75002bb5a98ba791094effe487
release-please	UNKNOWN STEP	2026-10-09T09:49:37.8091243Z ❯ Found 2 files
release-please	UNKNOWN STEP	2026-10-09T09:49:37.8092056Z ❯ Backfilling file list for commit: 7a6ff076e35aa4cd95d325b1b5a9834835dca1bd
release-please	UNKNOWN STEP	2026-10-09T09:49:37.9985575Z ❯ Found 5 files
release-please	UNKNOWN STEP	2026-10-09T09:49:37.9987679Z ❯ Backfilling file list for commit: 04ca4f3a7341a23a42c3eddf4299be6989461f7a
release-please	UNKNOWN STEP	2026-10-09T09:49:38.1987957Z ❯ Found 8 files
release-please	UNKNOWN STEP	2026-10-09T09:49:38.1989246Z ❯ Backfilling file list for commit: a49117b9f97bddf796400920d2be47a322a4f596
release-please	UNKNOWN STEP	2026-10-09T09:49:38.4257884Z ❯ Found 1 files
release-please	UNKNOWN STEP	2026-10-09T09:49:38.4270169Z ❯ Backfilling file list for commit: 38fda54db96101c5a5566d761a80960791fa651d
release-please	UNKNOWN STEP	2026-10-09T09:49:38.6536996Z ❯ Found 4 files
release-please	UNKNOWN STEP	2026-10-09T09:49:38.6538318Z ❯ Backfilling file list for commit: 3b406a1d7ac34f9d60cd6883c6261edd8e947178
release-please	UNKNOWN STEP	2026-10-09T09:49:38.8562066Z ❯ Found 1 files
release-please	UNKNOWN STEP	2026-10-09T09:49:38.8563311Z ❯ Backfilling file list for commit: 02359af9a6d6bd51dd5dbb7b13ae6b3fdf85d550
release-please	UNKNOWN STEP	2026-10-09T09:49:39.0996244Z ❯ Found 2 files
release-please	UNKNOWN STEP	2026-10-09T09:49:39.0998164Z ❯ Fetching merge commits on branch main with cursor: a0c70d313b0b14786b9738dec5a9ccba8653d1bf 99
release-please	UNKNOWN STEP	2026-10-09T09:49:40.3238220Z ❯ Backfilling file list for commit: 7bc65119a4cad3b5412790d2721203f72d27b89e
release-please	UNKNOWN STEP	2026-10-09T09:49:40.5509695Z ❯ Found 12 files
release-please	UNKNOWN STEP	2026-10-09T09:49:40.5510920Z ❯ Backfilling file list for commit: a59a627ba151ccf2c6d676596331480b5aac63f0
release-please	UNKNOWN STEP	2026-10-09T09:49:40.7260746Z ❯ Found 5 files
release-please	UNKNOWN STEP	2026-10-09T09:49:40.7261829Z ❯ Backfilling file list for commit: 1ee85ca25a71799e8c7f2ecc1f470f47e17dc581
release-please	UNKNOWN STEP	2026-10-09T09:49:40.9502086Z ❯ Found 27 files
release-please	UNKNOWN STEP	2026-10-09T09:49:40.9503400Z ❯ Backfilling file list for commit: 30d410c7e13f7898c8efec3451823ed7544f7a06
release-please	UNKNOWN STEP	2026-10-09T09:49:41.1975154Z ❯ Found 16 files
release-please	UNKNOWN STEP	2026-10-09T09:49:41.1975970Z ❯ Backfilling file list for commit: 48d6047bec24f03e6f213db91a9848e96cdd5002
release-please	UNKNOWN STEP	2026-10-09T09:49:41.3854143Z ❯ Found 12 files
release-please	UNKNOWN STEP	2026-10-09T09:49:41.3856067Z ❯ Backfilling file list for commit: e9b9095a9fa0c3550fc97bdc32e3fbfada09b4aa
release-please	UNKNOWN STEP	2026-10-09T09:49:41.5835447Z ❯ Found 1 files
release-please	UNKNOWN STEP	2026-10-09T09:49:41.5836327Z ❯ Backfilling file list for commit: 77788aabf70041bbbc8d3362440d5118c1253407
release-please	UNKNOWN STEP	2026-10-09T09:49:41.7637992Z ❯ Found 1 files
release-please	UNKNOWN STEP	2026-10-09T09:49:41.7639422Z ❯ Backfilling file list for commit: 2f7a72bdb7dcb62d7ecd8a5731c973d754daf8bd
release-please	UNKNOWN STEP	2026-10-09T09:49:41.9507010Z ❯ Found 2 files
release-please	UNKNOWN STEP	2026-10-09T09:49:41.9508338Z ❯ Backfilling file list for commit: f5d56844af2c4c3e7d6ac7f3e3e09c0b5feccb87
release-please	UNKNOWN STEP	2026-10-09T09:49:42.1391031Z ❯ Found 1 files
release-please	UNKNOWN STEP	2026-10-09T09:49:42.1392414Z ❯ Backfilling file list for commit: 518642f1c364a47879b833c073f83ee06e1bb7e2
release-please	UNKNOWN STEP	2026-10-09T09:49:42.3432882Z ❯ Found 2 files
release-please	UNKNOWN STEP	2026-10-09T09:49:42.3434628Z ❯ Backfilling file list for commit: e28be6c08b5f905f8347fa5e0d7ff32d17f98a85
release-please	UNKNOWN STEP	2026-10-09T09:49:42.5388102Z ❯ Found 2 files
release-please	UNKNOWN STEP	2026-10-09T09:49:42.5389442Z ❯ Backfilling file list for commit: 0eff8e530f5ce63b5b096f09c69a21932c742f84
release-please	UNKNOWN STEP	2026-10-09T09:49:42.7171478Z ❯ Found 3 files
release-please	UNKNOWN STEP	2026-10-09T09:49:42.7173332Z ❯ Backfilling file list for commit: 082c54b2d5eaeab1547e0f4f07830d678705449b
release-please	UNKNOWN STEP	2026-10-09T09:49:42.9357974Z ❯ Found 11 files
release-please	UNKNOWN STEP	2026-10-09T09:49:42.9358846Z ❯ Backfilling file list for commit: 8202e6f8fff34432c6f0f771d08f04e3bce8aecf
release-please	UNKNOWN STEP	2026-10-09T09:49:43.1371005Z ❯ Found 2 files
release-please	UNKNOWN STEP	2026-10-09T09:49:43.1372356Z ❯ Backfilling file list for commit: 27648302a8aea0a82b76a44e1a864010769080db
release-please	UNKNOWN STEP	2026-10-09T09:49:43.3237450Z ❯ Found 1 files
release-please	UNKNOWN STEP	2026-10-09T09:49:43.3239373Z ❯ Backfilling file list for commit: ad18d44a4997ca4eb42c93a4772bc710153119e1
release-please	UNKNOWN STEP	2026-10-09T09:49:43.5259555Z ❯ Found 2 files
release-please	UNKNOWN STEP	2026-10-09T09:49:43.5302978Z ❯ Backfilling file list for commit: 4c8a11e406bd7d2b93ed91a341e8daff9025cd9e
release-please	UNKNOWN STEP	2026-10-09T09:49:43.7111371Z ❯ Found 1 files
release-please	UNKNOWN STEP	2026-10-09T09:49:43.7112951Z ❯ Backfilling file list for commit: ced9dfc5ed904f68e0bc57edb641ebad8451e446
release-please	UNKNOWN STEP	2026-10-09T09:49:43.9237765Z ❯ Found 1 files
release-please	UNKNOWN STEP	2026-10-09T09:49:43.9239065Z ❯ Backfilling file list for commit: ced23a222d95bf5dbdf1b438212e866245fe0e9f
release-please	UNKNOWN STEP	2026-10-09T09:49:44.1271752Z ❯ Found 1 files
release-please	UNKNOWN STEP	2026-10-09T09:49:44.1275348Z ❯ Backfilling file list for commit: dac33413a81fb52604bf08802cf5025520e48b21
release-please	UNKNOWN STEP	2026-10-09T09:49:44.3200094Z ❯ Found 1 files
release-please	UNKNOWN STEP	2026-10-09T09:49:44.3201433Z ❯ Backfilling file list for commit: 415c7524309aee49c8bab33c830531e3c5973068
release-please	UNKNOWN STEP	2026-10-09T09:49:44.5225566Z ❯ Found 3 files
release-please	UNKNOWN STEP	2026-10-09T09:49:44.5226379Z ❯ Backfilling file list for commit: 6d135026b074122250f0e30191fda87387e749a3
release-please	UNKNOWN STEP	2026-10-09T09:49:44.7036334Z ❯ Found 2 files
release-please	UNKNOWN STEP	2026-10-09T09:49:44.7038009Z ❯ Backfilling file list for commit: a47a43bc5e25ea76e8fad4c851fb9aa5528cf292
release-please	UNKNOWN STEP	2026-10-09T09:49:44.9337965Z ❯ Found 7 files
release-please	UNKNOWN STEP	2026-10-09T09:49:44.9339270Z ❯ Backfilling file list for commit: 8f060d6fa49df1386f48316c5525fee49c580d7c
release-please	UNKNOWN STEP	2026-10-09T09:49:45.1486132Z ❯ Found 3 files
release-please	UNKNOWN STEP	2026-10-09T09:49:45.1487125Z ❯ Backfilling file list for commit: a16e3f26cf0b5e6405526eeb848a49fa91d1759e
release-please	UNKNOWN STEP	2026-10-09T09:49:45.3464410Z ❯ Found 3 files
release-please	UNKNOWN STEP	2026-10-09T09:49:45.3465249Z ❯ Fetching merge commits on branch main with cursor: a0c70d313b0b14786b9738dec5a9ccba8653d1bf 124
release-please	UNKNOWN STEP	2026-10-09T09:49:46.5887571Z ❯ Backfilling file list for commit: c9e63ae9d4536362af5362fb3370ab0736583326
release-please	UNKNOWN STEP	2026-10-09T09:49:46.8317865Z ❯ Found 0 files
release-please	UNKNOWN STEP	2026-10-09T09:49:46.8319359Z ❯ Backfilling file list for commit: 3e2b4a24af7c89cd6b6b5e7dc44e292fef336fbb
release-please	UNKNOWN STEP	2026-10-09T09:49:47.0018553Z ❯ Found 0 files
release-please	UNKNOWN STEP	2026-10-09T09:49:47.0019704Z ❯ Backfilling file list for commit: 69411d0cc7f3c85fa27e333a61ffa25f24cc688a
release-please	UNKNOWN STEP	2026-10-09T09:49:47.2870060Z ❯ Found 0 files
release-please	UNKNOWN STEP	2026-10-09T09:49:47.2871348Z ❯ Backfilling file list for commit: 003665a83aa6c4f8ad80ed881a795451eafc7226
release-please	UNKNOWN STEP	2026-10-09T09:49:47.4957980Z ❯ Found 0 files
release-please	UNKNOWN STEP	2026-10-09T09:49:47.4960116Z ❯ Backfilling file list for commit: 5124c176c92ee396561b2467fcf4d0d169e55dca
release-please	UNKNOWN STEP	2026-10-09T09:49:47.6780524Z ❯ Found 2 files
release-please	UNKNOWN STEP	2026-10-09T09:49:47.6783042Z ❯ Backfilling file list for commit: c753026dc8682e3f6ad75dc0a5080af1c2686954
release-please	UNKNOWN STEP	2026-10-09T09:49:47.8975246Z ❯ Found 1 files
release-please	UNKNOWN STEP	2026-10-09T09:49:47.8976011Z ❯ Backfilling file list for commit: 3549cd22ae6272d9726a587b3a9fd2ec2cd61ae7
release-please	UNKNOWN STEP	2026-10-09T09:49:48.1305061Z ❯ Found 9 files
release-please	UNKNOWN STEP	2026-10-09T09:49:48.1305988Z ❯ Backfilling file list for commit: 828a3f3a2153707dc898ceced876456c91f127a4
release-please	UNKNOWN STEP	2026-10-09T09:49:48.3338728Z ❯ Found 4 files
release-please	UNKNOWN STEP	2026-10-09T09:49:48.3340374Z ❯ Backfilling file list for commit: a7127d89a1eebe05fb11c5228274c1a1d7ba92c5
release-please	UNKNOWN STEP	2026-10-09T09:49:48.5104475Z ❯ Found 4 files
release-please	UNKNOWN STEP	2026-10-09T09:49:48.5117159Z ❯ Backfilling file list for commit: a08a7e3c975e003afc0ec547baa0802bb56f4933
release-please	UNKNOWN STEP	2026-10-09T09:49:48.6821193Z ❯ Found 3 files
release-please	UNKNOWN STEP	2026-10-09T09:49:48.6822906Z ❯ Backfilling file list for commit: 18b0e7951f7f5cb7a618aa80df55b7f9256ba71f
release-please	UNKNOWN STEP	2026-10-09T09:49:48.8968614Z ❯ Found 1 files
release-please	UNKNOWN STEP	2026-10-09T09:49:48.8970298Z ❯ Backfilling file list for commit: 92ad5f12082113c7a2e2307c601bc42335b0f90e
release-please	UNKNOWN STEP	2026-10-09T09:49:49.1039630Z ❯ Found 4 files
release-please	UNKNOWN STEP	2026-10-09T09:49:49.1040441Z ❯ Backfilling file list for commit: 5a2e0da68b9f9425de0ee301614567766c0eae23
release-please	UNKNOWN STEP	2026-10-09T09:49:49.2922151Z ❯ Found 13 files
release-please	UNKNOWN STEP	2026-10-09T09:49:49.2923510Z ❯ Backfilling file list for commit: f8f425b13461dba7015ababd9d2ca00d630993d7
release-please	UNKNOWN STEP	2026-10-09T09:49:49.5468176Z ❯ Found 4 files
release-please	UNKNOWN STEP	2026-10-09T09:49:49.5469529Z ❯ Backfilling file list for commit: 72621a8b3b8ca1ed4e7ab2d494f9326f3a494837
release-please	UNKNOWN STEP	2026-10-09T09:49:49.7505533Z ❯ Found 13 files
release-please	UNKNOWN STEP	2026-10-09T09:49:49.7506759Z ❯ Backfilling file list for commit: b1ddbc059e2adcaec1466cfbd5eb7ab4e2aa17df
release-please	UNKNOWN STEP	2026-10-09T09:49:49.9725172Z ❯ Found 18 files
release-please	UNKNOWN STEP	2026-10-09T09:49:49.9729923Z ❯ Backfilling file list for commit: b0c4617fff1e2d5d2a2face931e5df5ef1b43083
release-please	UNKNOWN STEP	2026-10-09T09:49:50.3078609Z ❯ Found 20 files
release-please	UNKNOWN STEP	2026-10-09T09:49:50.3079515Z ❯ Backfilling file list for commit: 60f8a45dbef1157fe9b45682e77deb572058fb24
release-please	UNKNOWN STEP	2026-10-09T09:49:50.5200692Z ❯ Found 2 files
release-please	UNKNOWN STEP	2026-10-09T09:49:50.5202285Z ❯ Backfilling file list for commit: 9312bbd1d7cbdb18814df9cfa6b20b05a527e5ca
release-please	UNKNOWN STEP	2026-10-09T09:49:50.7378255Z ❯ Found 1 files
release-please	UNKNOWN STEP	2026-10-09T09:49:50.7379559Z ❯ Backfilling file list for commit: a0f379daa4cf6e750f7ba83a8187001593f4994e
release-please	UNKNOWN STEP	2026-10-09T09:49:50.9812222Z ❯ Found 24 files
release-please	UNKNOWN STEP	2026-10-09T09:49:50.9813353Z ❯ Backfilling file list for commit: 93b1d1bf57f5154aebd2ae4633fa5d3b0f900737
release-please	UNKNOWN STEP	2026-10-09T09:49:51.2196069Z ❯ Found 1 files
release-please	UNKNOWN STEP	2026-10-09T09:49:51.2197089Z ❯ Backfilling file list for commit: 967a9b6550cd329056652e4bd8f970d0fe2844e4
release-please	UNKNOWN STEP	2026-10-09T09:49:51.4008609Z ❯ Found 4 files
release-please	UNKNOWN STEP	2026-10-09T09:49:51.4009870Z ❯ Backfilling file list for commit: 03b2ed7dac023ddc49b7ace5b75803d1a74e332e
release-please	UNKNOWN STEP	2026-10-09T09:49:51.6463470Z ❯ Found 5 files
release-please	UNKNOWN STEP	2026-10-09T09:49:51.6528153Z ❯ Backfilling file list for commit: 520a4d21e056cb5d6524e2382da2a72f6b92d7d9
release-please	UNKNOWN STEP	2026-10-09T09:49:51.8521466Z ❯ Found 1 files
release-please	UNKNOWN STEP	2026-10-09T09:49:51.8522763Z ❯ Backfilling file list for commit: e818be0b61a42103362f382e0e0af22c1de5c95f
release-please	UNKNOWN STEP	2026-10-09T09:49:52.0308059Z ❯ Found 2 files
release-please	UNKNOWN STEP	2026-10-09T09:49:52.0309159Z ❯ Fetching merge commits on branch main with cursor: a0c70d313b0b14786b9738dec5a9ccba8653d1bf 149
release-please	UNKNOWN STEP	2026-10-09T09:49:53.6366193Z ❯ Backfilling file list for commit: 335a4d927b5584ae8f576dcac33882df93edd2fa
release-please	UNKNOWN STEP	2026-10-09T09:49:53.8925337Z ❯ Found 1 files
release-please	UNKNOWN STEP	2026-10-09T09:49:53.8926313Z ❯ Backfilling file list for commit: abe4236954c914bf3fb6557c28a0cd9ee2b3ef53
release-please	UNKNOWN STEP	2026-10-09T09:49:54.0763980Z ❯ Found 1 files
release-please	UNKNOWN STEP	2026-10-09T09:49:54.0764858Z ❯ Backfilling file list for commit: a90e9a5f6f1fcc71684c3528b2c3d85a12f63fa4
release-please	UNKNOWN STEP	2026-10-09T09:49:54.2908783Z ❯ Found 1 files
release-please	UNKNOWN STEP	2026-10-09T09:49:54.2910381Z ❯ Backfilling file list for commit: 69a468d6867bb497e21fe806fb0918a84295aa53
release-please	UNKNOWN STEP	2026-10-09T09:49:54.5324271Z ❯ Found 1 files
release-please	UNKNOWN STEP	2026-10-09T09:49:54.5325249Z ❯ Backfilling file list for commit: 1bc1e46b6e66963eab2a528a8e86c898941ce09b
release-please	UNKNOWN STEP	2026-10-09T09:49:54.7412788Z ❯ Found 1 files
release-please	UNKNOWN STEP	2026-10-09T09:49:54.7413935Z ❯ Backfilling file list for commit: e899a420493df20334b8abd21351de59faec82b7
release-please	UNKNOWN STEP	2026-10-09T09:49:54.9482864Z ❯ Found 1 files
release-please	UNKNOWN STEP	2026-10-09T09:49:54.9483664Z ❯ Backfilling file list for commit: 2e30ba0d543ff602bab58c04aaacf51663a750fd
release-please	UNKNOWN STEP	2026-10-09T09:49:55.1325618Z ❯ Found 1 files
release-please	UNKNOWN STEP	2026-10-09T09:49:55.1326631Z ❯ Backfilling file list for commit: 555c22a6a4214a8cba593b1d9722186c14537cf0
release-please	UNKNOWN STEP	2026-10-09T09:49:55.3350785Z ❯ Found 4 files
release-please	UNKNOWN STEP	2026-10-09T09:49:55.3351987Z ❯ Backfilling file list for commit: 7cf2474eae6786da8b1a3f1618d134ae8f1986ad
release-please	UNKNOWN STEP	2026-10-09T09:49:55.5397434Z ❯ Found 2 files
release-please	UNKNOWN STEP	2026-10-09T09:49:55.5398708Z ❯ Backfilling file list for commit: 02cdb1e1373cbe9cbd40700da2952f544bb71c48
release-please	UNKNOWN STEP	2026-10-09T09:49:55.7590673Z ❯ Found 28 files
release-please	UNKNOWN STEP	2026-10-09T09:49:55.7591806Z ❯ Backfilling file list for commit: 8b0e2730cf2f25b2ad039b6d3beb675eaecc226f
release-please	UNKNOWN STEP	2026-10-09T09:49:55.9387680Z ❯ Found 5 files
release-please	UNKNOWN STEP	2026-10-09T09:49:55.9388480Z ❯ Backfilling file list for commit: 6d46915bf6b09b17a69c2f73c1b356a240b5d052
release-please	UNKNOWN STEP	2026-10-09T09:49:56.1350386Z ❯ Found 15 files
release-please	UNKNOWN STEP	2026-10-09T09:49:56.1351107Z ❯ Backfilling file list for commit: ffc9da49adc4802acb67726790885a40a610104b
release-please	UNKNOWN STEP	2026-10-09T09:49:56.3426165Z ❯ Found 2 files
release-please	UNKNOWN STEP	2026-10-09T09:49:56.3427772Z ❯ Backfilling file list for commit: 549a86232fbdaedb5584d05b984d85f5e3580764
release-please	UNKNOWN STEP	2026-10-09T09:49:56.5619397Z ❯ Found 10 files
release-please	UNKNOWN STEP	2026-10-09T09:49:56.5622314Z ❯ Backfilling file list for commit: e67070af25cc5ea995609375c2e778f598f3b3ab
release-please	UNKNOWN STEP	2026-10-09T09:49:56.7906870Z ❯ Found 1 files
release-please	UNKNOWN STEP	2026-10-09T09:49:56.7908160Z ❯ Backfilling file list for commit: b03fa686eb8b6851eff3ee2b6065154b3ef5525f
release-please	UNKNOWN STEP	2026-10-09T09:49:56.9689462Z ❯ Found 1 files
release-please	UNKNOWN STEP	2026-10-09T09:49:56.9690859Z ❯ Backfilling file list for commit: 38f51447d90e439a89cbcee6823074d41b910ff3
release-please	UNKNOWN STEP	2026-10-09T09:49:57.2007820Z ❯ Found 4 files
release-please	UNKNOWN STEP	2026-10-09T09:49:57.2009488Z ❯ Backfilling file list for commit: 93eda1c4543299a99f4dee1f8290cde6b35a2b1e
release-please	UNKNOWN STEP	2026-10-09T09:49:57.4038806Z ❯ Found 2 files
release-please	UNKNOWN STEP	2026-10-09T09:49:57.4040290Z ❯ Backfilling file list for commit: 782cf172549451ea302e3d5f56f9bbc7edb678e9
release-please	UNKNOWN STEP	2026-10-09T09:49:57.6296015Z ❯ Found 1 files
release-please	UNKNOWN STEP	2026-10-09T09:49:57.6299898Z ❯ Backfilling file list for commit: 0abc4f6a5f6b504d7540434a2c69709ee37bfe72
release-please	UNKNOWN STEP	2026-10-09T09:49:57.8177476Z ❯ Found 1 files
release-please	UNKNOWN STEP	2026-10-09T09:49:57.8178876Z ❯ Backfilling file list for commit: 6ca94e1d730e62894bf9e534f6fbb6623cf93c2d
release-please	UNKNOWN STEP	2026-10-09T09:49:57.9969137Z ❯ Found 4 files
release-please	UNKNOWN STEP	2026-10-09T09:49:57.9970409Z ❯ Backfilling file list for commit: 7abd8c7cdd31fbeb187816bfbf42fb7859221e3b
release-please	UNKNOWN STEP	2026-10-09T09:49:58.1820976Z ❯ Found 1 files
release-please	UNKNOWN STEP	2026-10-09T09:49:58.1824875Z ❯ Backfilling file list for commit: 2504809eef81d5e9a477cab0c5f54a26ab101b74
release-please	UNKNOWN STEP	2026-10-09T09:49:58.3777635Z ❯ Found 3 files
release-please	UNKNOWN STEP	2026-10-09T09:49:58.3779168Z ❯ Backfilling file list for commit: 9afc9c3ce123548d50a40db9cfa6a414afe007dd
release-please	UNKNOWN STEP	2026-10-09T09:49:58.5580502Z ❯ Found 1 files
release-please	UNKNOWN STEP	2026-10-09T09:49:58.5585941Z ❯ Fetching merge commits on branch main with cursor: a0c70d313b0b14786b9738dec5a9ccba8653d1bf 174
release-please	UNKNOWN STEP	2026-10-09T09:49:59.8160863Z ❯ Backfilling file list for commit: c926cb110fae405e125893ff5ff75b9ab2855aec
release-please	UNKNOWN STEP	2026-10-09T09:50:00.0058656Z ❯ Found 1 files
release-please	UNKNOWN STEP	2026-10-09T09:50:00.0060499Z ❯ Backfilling file list for commit: 0a384cace0e433ae5b4db9370c2e274c9133c47a
release-please	UNKNOWN STEP	2026-10-09T09:50:00.2038725Z ❯ Found 7 files
release-please	UNKNOWN STEP	2026-10-09T09:50:00.2039854Z ❯ Backfilling file list for commit: 3889d1229ae9d98cbd2c5a9bce9b610c5c0f67c2
release-please	UNKNOWN STEP	2026-10-09T09:50:00.3607249Z ❯ Found 2 files
release-please	UNKNOWN STEP	2026-10-09T09:50:00.3608488Z ❯ Backfilling file list for commit: ec98138b86c64759ec87e6764dfba541d61ee677
release-please	UNKNOWN STEP	2026-10-09T09:50:00.5502334Z ❯ Found 3 files
release-please	UNKNOWN STEP	2026-10-09T09:50:00.5503117Z ❯ Backfilling file list for commit: f766fed0502c75eeace7779240a785a6b0e493a8
release-please	UNKNOWN STEP	2026-10-09T09:50:00.7164035Z ❯ Found 4 files
release-please	UNKNOWN STEP	2026-10-09T09:50:00.7164941Z ❯ Backfilling file list for commit: 62d3623a665429d4d980c792c875676325b6ec4e
release-please	UNKNOWN STEP	2026-10-09T09:50:00.9034691Z ❯ Found 4 files
release-please	UNKNOWN STEP	2026-10-09T09:50:00.9035884Z ❯ Backfilling file list for commit: 7d4c65cbfa4e44f636f06ced5ad95c1dc25f2516
release-please	UNKNOWN STEP	2026-10-09T09:50:01.1010683Z ❯ Found 15 files
release-please	UNKNOWN STEP	2026-10-09T09:50:01.1011954Z ❯ Backfilling file list for commit: a0650c6b61f152623b9cf6c701ec13a8da5b2d27
release-please	UNKNOWN STEP	2026-10-09T09:50:01.2962455Z ❯ Found 1 files
release-please	UNKNOWN STEP	2026-10-09T09:50:01.2971062Z ❯ Backfilling file list for commit: 1d444b77ecdee9dc0b2cd03543387773acb6f97c
release-please	UNKNOWN STEP	2026-10-09T09:50:01.4918012Z ❯ Found 4 files
release-please	UNKNOWN STEP	2026-10-09T09:50:01.4919353Z ❯ Backfilling file list for commit: 65278ad9f6f0e5d2c183f536e42de8af3df8ba7d
release-please	UNKNOWN STEP	2026-10-09T09:50:01.6652855Z ❯ Found 1 files
release-please	UNKNOWN STEP	2026-10-09T09:50:01.6653673Z ❯ Backfilling file list for commit: c20f516d25d44728465672bb4239334f29de8c0a
release-please	UNKNOWN STEP	2026-10-09T09:50:01.8570980Z ❯ Found 11 files
release-please	UNKNOWN STEP	2026-10-09T09:50:01.8572090Z ❯ Backfilling file list for commit: ad4c887bdc351e7e9cc1f3921e830740bbac137b
release-please	UNKNOWN STEP	2026-10-09T09:50:02.1424071Z ❯ Found 20 files
release-please	UNKNOWN STEP	2026-10-09T09:50:02.1425174Z ❯ Backfilling file list for commit: ab438cac8c3cddf85deaad7a49b062f081e9361e
release-please	UNKNOWN STEP	2026-10-09T09:50:02.3463581Z ❯ Found 1 files
release-please	UNKNOWN STEP	2026-10-09T09:50:02.3464798Z ❯ Backfilling file list for commit: 173cfd0753e1025d447ae4ec94e136434a4d55e0
release-please	UNKNOWN STEP	2026-10-09T09:50:02.5553916Z ❯ Found 1 files
release-please	UNKNOWN STEP	2026-10-09T09:50:02.5555176Z ❯ Backfilling file list for commit: eeca38f7265c4b959f120df686a31ab59927d0e0
release-please	UNKNOWN STEP	2026-10-09T09:50:02.7591792Z ❯ Found 3 files
release-please	UNKNOWN STEP	2026-10-09T09:50:02.7594140Z ❯ Backfilling file list for commit: b06f0235a35c84e42bca7a2bc72ef6ab7a53b65b
release-please	UNKNOWN STEP	2026-10-09T09:50:02.9472019Z ❯ Found 3 files
release-please	UNKNOWN STEP	2026-10-09T09:50:02.9473342Z ❯ Backfilling file list for commit: 791a42d91a423c2c79b92b24801ee8a3b542602f
release-please	UNKNOWN STEP	2026-10-09T09:50:03.1400859Z ❯ Found 5 files
release-please	UNKNOWN STEP	2026-10-09T09:50:03.1401653Z ❯ Backfilling file list for commit: 77bb989b5ad6a07c5c3deeb06aad502c00fbab2d
release-please	UNKNOWN STEP	2026-10-09T09:50:03.3741594Z ❯ Found 2 files
release-please	UNKNOWN STEP	2026-10-09T09:50:03.3742381Z ❯ Backfilling file list for commit: b56eb755d45b8f7ed97fc46b5c1defef13963083
release-please	UNKNOWN STEP	2026-10-09T09:50:03.6488362Z ❯ Found 20 files
release-please	UNKNOWN STEP	2026-10-09T09:50:03.6489548Z ❯ Backfilling file list for commit: 2947e9808046d86605ab8b0e0f7fa9856a9ab567
release-please	UNKNOWN STEP	2026-10-09T09:50:03.8427466Z ❯ Found 1 files
release-please	UNKNOWN STEP	2026-10-09T09:50:03.8428848Z ❯ Backfilling file list for commit: 99c62ff3abc45ee3d5a5bf40a6b69435fee70f22
release-please	UNKNOWN STEP	2026-10-09T09:50:04.0312381Z ❯ Found 1 files
release-please	UNKNOWN STEP	2026-10-09T09:50:04.0313259Z ❯ Backfilling file list for commit: 157b7e76d8c7f584497589ee96b4ec3bf684f910
release-please	UNKNOWN STEP	2026-10-09T09:50:04.2266811Z ❯ Found 3 files
release-please	UNKNOWN STEP	2026-10-09T09:50:04.2268041Z ❯ Backfilling file list for commit: d0e09f9d9133260f68362ae54d72f3354ceaf7e2
release-please	UNKNOWN STEP	2026-10-09T09:50:04.4197937Z ❯ Found 6 files
release-please	UNKNOWN STEP	2026-10-09T09:50:04.4199092Z ❯ Backfilling file list for commit: 40109c4138c018baf5040a8adceedc11c53a9a7a
release-please	UNKNOWN STEP	2026-10-09T09:50:04.6484920Z ❯ Found 21 files
release-please	UNKNOWN STEP	2026-10-09T09:50:04.6486059Z ❯ Backfilling file list for commit: 24e648563a041b56cd9924add26e2714ea5c7bac
release-please	UNKNOWN STEP	2026-10-09T09:50:04.9299422Z ❯ Found 1 files
release-please	UNKNOWN STEP	2026-10-09T09:50:04.9303474Z ❯ Fetching merge commits on branch main with cursor: a0c70d313b0b14786b9738dec5a9ccba8653d1bf 199
release-please	UNKNOWN STEP	2026-10-09T09:50:05.9743680Z ❯ Backfilling file list for commit: 076e334b47531929e87c6e849b2ba876b10d6ed2
release-please	UNKNOWN STEP	2026-10-09T09:50:06.2310261Z ❯ Found 13 files
release-please	UNKNOWN STEP	2026-10-09T09:50:06.2311338Z ❯ Backfilling file list for commit: 4c7cb2741ec595131c47ecea4e744e9bdb46d24d
release-please	UNKNOWN STEP	2026-10-09T09:50:06.4435303Z ❯ Found 1 files
release-please	UNKNOWN STEP	2026-10-09T09:50:06.4436843Z ❯ Backfilling file list for commit: c70faa21f885e1104a9eca701c2138fce6df3896
release-please	UNKNOWN STEP	2026-10-09T09:50:06.6125003Z ❯ Found 1 files
release-please	UNKNOWN STEP	2026-10-09T09:50:06.6126042Z ❯ Backfilling file list for commit: ad339204d8a1bf2c32a935497156dd161bb1835b
release-please	UNKNOWN STEP	2026-10-09T09:50:06.7825230Z ❯ Found 1 files
release-please	UNKNOWN STEP	2026-10-09T09:50:06.7826343Z ❯ Backfilling file list for commit: e88b4d8c09b6be3db552c7b411c7e13ae2d0f084
release-please	UNKNOWN STEP	2026-10-09T09:50:06.9447998Z ❯ Found 1 files
release-please	UNKNOWN STEP	2026-10-09T09:50:06.9448970Z ❯ Backfilling file list for commit: 18f77467896c72feb9521e554596879ee755f8eb
release-please	UNKNOWN STEP	2026-10-09T09:50:07.1614109Z ❯ Found 3 files
release-please	UNKNOWN STEP	2026-10-09T09:50:07.1615294Z ❯ Backfilling file list for commit: d4ae70a7b71e3475777f92e177efd64db082d4a7
release-please	UNKNOWN STEP	2026-10-09T09:50:07.3529067Z ❯ Found 1 files
release-please	UNKNOWN STEP	2026-10-09T09:50:07.3530397Z ❯ Backfilling file list for commit: 3c06cae298cd9430d3575f0dec2e61f47d582090
release-please	UNKNOWN STEP	2026-10-09T09:50:07.6533460Z ❯ Found 13 files
release-please	UNKNOWN STEP	2026-10-09T09:50:07.6534712Z ❯ Backfilling file list for commit: 659fe96adc9449229193f6c70c5ecf2f03b6b098
release-please	UNKNOWN STEP	2026-10-09T09:50:07.9257744Z ❯ Found 20 files
release-please	UNKNOWN STEP	2026-10-09T09:50:07.9258541Z ❯ Backfilling file list for commit: d402005bc2ccecf1b7d3481edf46c76c072292ad
release-please	UNKNOWN STEP	2026-10-09T09:50:08.2415523Z ❯ Found 5 files
release-please	UNKNOWN STEP	2026-10-09T09:50:08.2416938Z ❯ Backfilling file list for commit: cd5a2d58f07e3f5ca3e6626c1ffe6f2af0edbfcd
release-please	UNKNOWN STEP	2026-10-09T09:50:08.4522280Z ❯ Found 1 files
release-please	UNKNOWN STEP	2026-10-09T09:50:08.4523486Z ❯ Backfilling file list for commit: f5f45dee2ada7cb88ab447b437b72314c94914cf
release-please	UNKNOWN STEP	2026-10-09T09:50:08.7563132Z ❯ Found 1 files
release-please	UNKNOWN STEP	2026-10-09T09:50:08.7564021Z ❯ Backfilling file list for commit: be22037da35f45f28653499c66fdd129a65bd5c9
release-please	UNKNOWN STEP	2026-10-09T09:50:08.9557923Z ❯ Found 1 files
release-please	UNKNOWN STEP	2026-10-09T09:50:08.9560656Z ❯ Backfilling file list for commit: 0fdca4f949570c7b5e8c497a96e15b141bf83ffc
release-please	UNKNOWN STEP	2026-10-09T09:50:09.1500065Z ❯ Found 5 files
release-please	UNKNOWN STEP	2026-10-09T09:50:09.1501377Z ❯ Backfilling file list for commit: 5fd09380b76c69fddc6acf1f2458a9bd12cdb64c
release-please	UNKNOWN STEP	2026-10-09T09:50:09.3643848Z ❯ Found 2 files
release-please	UNKNOWN STEP	2026-10-09T09:50:09.3645176Z ❯ Backfilling file list for commit: d14c2122ade689c5c094914c3f615e2806298bda
release-please	UNKNOWN STEP	2026-10-09T09:50:09.5713766Z ❯ Found 1 files
release-please	UNKNOWN STEP	2026-10-09T09:50:09.5714553Z ❯ Backfilling file list for commit: 4347ac9470b82c0c0b2e46b6400b1423a93e1067
release-please	UNKNOWN STEP	2026-10-09T09:50:09.7434663Z ❯ Found 2 files
release-please	UNKNOWN STEP	2026-10-09T09:50:09.7435437Z ❯ Backfilling file list for commit: 2d5bf26ec58ea51036f744664323684e0ec25bfd
release-please	UNKNOWN STEP	2026-10-09T09:50:09.9217900Z ❯ Found 1 files
release-please	UNKNOWN STEP	2026-10-09T09:50:09.9218908Z ❯ Backfilling file list for commit: 909ea5b91417a6720e910c3d70b86831d5bcbe62
release-please	UNKNOWN STEP	2026-10-09T09:50:10.1147460Z ❯ Found 1 files
release-please	UNKNOWN STEP	2026-10-09T09:50:10.1148672Z ❯ Backfilling file list for commit: 09593adaa6d69366755321fc35f857fe12d44149
release-please	UNKNOWN STEP	2026-10-09T09:50:10.3483213Z ❯ Found 2 files
release-please	UNKNOWN STEP	2026-10-09T09:50:10.3484581Z ❯ Backfilling file list for commit: 6f6740d770e64d446357aecca6b03dd066308d51
release-please	UNKNOWN STEP	2026-10-09T09:50:10.6084193Z ❯ Found 3 files
release-please	UNKNOWN STEP	2026-10-09T09:50:10.6084968Z ❯ Backfilling file list for commit: e59df691d3cc937547a3f55ad437e1585d43bac4
release-please	UNKNOWN STEP	2026-10-09T09:50:10.7868595Z ❯ Found 1 files
release-please	UNKNOWN STEP	2026-10-09T09:50:10.7869726Z ❯ Backfilling file list for commit: 80c49e7cf66479cbf6fe5403f116373289353bfc
release-please	UNKNOWN STEP	2026-10-09T09:50:10.9675255Z ❯ Found 1 files
release-please	UNKNOWN STEP	2026-10-09T09:50:10.9676733Z ❯ Backfilling file list for commit: fb08a357535aff8bd20305e8045a3d759a9ecd0a
release-please	UNKNOWN STEP	2026-10-09T09:50:11.2305397Z ❯ Found 3 files
release-please	UNKNOWN STEP	2026-10-09T09:50:11.2307026Z ❯ Fetching merge commits on branch main with cursor: a0c70d313b0b14786b9738dec5a9ccba8653d1bf 224
release-please	UNKNOWN STEP	2026-10-09T09:50:12.4487581Z ❯ Backfilling file list for commit: 7c08b09e00006faf574785e9e930434c82e0d717
release-please	UNKNOWN STEP	2026-10-09T09:50:12.7350712Z ❯ Found 5 files
release-please	UNKNOWN STEP	2026-10-09T09:50:12.7351999Z ❯ Backfilling file list for commit: b99c0bb2dc196a1062495be616c8e65c559c88ad
release-please	UNKNOWN STEP	2026-10-09T09:50:12.9749798Z ❯ Found 2 files
release-please	UNKNOWN STEP	2026-10-09T09:50:12.9751001Z ❯ Backfilling file list for commit: 9092dbbd914ee9d1604fb7bad3f9f25d3c2edb2d
release-please	UNKNOWN STEP	2026-10-09T09:50:13.2158788Z ❯ Found 1 files
release-please	UNKNOWN STEP	2026-10-09T09:50:13.2160035Z ❯ Backfilling file list for commit: 00f8df167805f658ced897e3a1e1349923a5bd16
release-please	UNKNOWN STEP	2026-10-09T09:50:13.4640730Z ❯ Found 4 files
release-please	UNKNOWN STEP	2026-10-09T09:50:13.4641932Z ❯ Backfilling file list for commit: e09ac79ce8e0b551f196fbae1d501006e7a06c2e
release-please	UNKNOWN STEP	2026-10-09T09:50:13.6582103Z ❯ Found 5 files
release-please	UNKNOWN STEP	2026-10-09T09:50:13.6583373Z ❯ Backfilling file list for commit: 2f2410eb9d2f0257f70832f92d4cebcc3ff08232
release-please	UNKNOWN STEP	2026-10-09T09:50:13.9377823Z ❯ Found 2 files
release-please	UNKNOWN STEP	2026-10-09T09:50:13.9432283Z ❯ Backfilling file list for commit: 1f67ec6faa13df98b9912290384c83b9080292b0
release-please	UNKNOWN STEP	2026-10-09T09:50:14.1408136Z ❯ Found 1 files
release-please	UNKNOWN STEP	2026-10-09T09:50:14.1409057Z ❯ Backfilling file list for commit: dcf6e7eaf53f784f525330fd6f2524ad556ace1a
release-please	UNKNOWN STEP	2026-10-09T09:50:14.3403434Z ❯ Found 1 files
release-please	UNKNOWN STEP	2026-10-09T09:50:14.3404458Z ❯ Backfilling file list for commit: 04fe358f1d73a12a7ca0f27b24a53d2fb95079cf
release-please	UNKNOWN STEP	2026-10-09T09:50:14.5944340Z ❯ Found 7 files
release-please	UNKNOWN STEP	2026-10-09T09:50:14.5945208Z ❯ Backfilling file list for commit: f11e2e32b00ba833d2f7895c363aa9345be959ce
release-please	UNKNOWN STEP	2026-10-09T09:50:14.9164920Z ❯ Found 20 files
release-please	UNKNOWN STEP	2026-10-09T09:50:14.9166095Z ❯ Backfilling file list for commit: 636c3ee2ad69c326eb8da76e36957f6a5586550f
release-please	UNKNOWN STEP	2026-10-09T09:50:15.0967925Z ❯ Found 2 files
release-please	UNKNOWN STEP	2026-10-09T09:50:15.0969154Z ❯ Backfilling file list for commit: f7ae5f84d7829dad22bae002dc2de5a96d9bcc2c
release-please	UNKNOWN STEP	2026-10-09T09:50:15.2829948Z ❯ Found 2 files
release-please	UNKNOWN STEP	2026-10-09T09:50:15.2831222Z ❯ Backfilling file list for commit: 12acacf2c4bd5ee632b540ce3aaaf6d8f2a79ce4
release-please	UNKNOWN STEP	2026-10-09T09:50:15.5375840Z ❯ Found 18 files
release-please	UNKNOWN STEP	2026-10-09T09:50:15.5377263Z ❯ Backfilling file list for commit: aaa1316375af795982a31dd059bf58e7a0e10273
release-please	UNKNOWN STEP	2026-10-09T09:50:15.8664339Z ❯ Found 18 files
release-please	UNKNOWN STEP	2026-10-09T09:50:15.8665496Z ❯ Backfilling file list for commit: cc8b9559a9cfb6aa559616735b20579135e07d98
release-please	UNKNOWN STEP	2026-10-09T09:50:16.0851010Z ❯ Found 2 files
release-please	UNKNOWN STEP	2026-10-09T09:50:16.0852597Z ❯ Backfilling file list for commit: 46333d7be708b4342394231cd754a7c3c7dbb0f6
release-please	UNKNOWN STEP	2026-10-09T09:50:16.2601886Z ❯ Found 2 files
release-please	UNKNOWN STEP	2026-10-09T09:50:16.2603070Z ❯ Backfilling file list for commit: fa18485792f0fb21f56458adbbfffbbcdc92c0c1
release-please	UNKNOWN STEP	2026-10-09T09:50:16.4892227Z ❯ Found 2 files
release-please	UNKNOWN STEP	2026-10-09T09:50:16.4898223Z ❯ Backfilling file list for commit: 9bf53f7877ebfbed696027f9058c32c9cb9b4f22
release-please	UNKNOWN STEP	2026-10-09T09:50:16.7256369Z ❯ Found 1 files
release-please	UNKNOWN STEP	2026-10-09T09:50:16.7259339Z ❯ Backfilling file list for commit: 35ff94cdb35a6628a3e0e162aa66ca914d9f9b7c
release-please	UNKNOWN STEP	2026-10-09T09:50:16.8973662Z ❯ Found 3 files
release-please	UNKNOWN STEP	2026-10-09T09:50:16.8974972Z ❯ Backfilling file list for commit: 9587c506e42dba6896c632f7da416ffcd5d0e25f
release-please	UNKNOWN STEP	2026-10-09T09:50:17.0997863Z ❯ Found 9 files
release-please	UNKNOWN STEP	2026-10-09T09:50:17.0998672Z ❯ Backfilling file list for commit: 6e24b7f7414e649e8f08664c0e48acf5f5a4d97d
release-please	UNKNOWN STEP	2026-10-09T09:50:17.3077726Z ❯ Found 3 files
release-please	UNKNOWN STEP	2026-10-09T09:50:17.3079004Z ❯ Backfilling file list for commit: 3bcada2f9070af1b3fb4b9989c315a5be398b4e5
release-please	UNKNOWN STEP	2026-10-09T09:50:17.6478911Z ❯ Found 290 files
release-please	UNKNOWN STEP	2026-10-09T09:50:17.6480127Z ❯ Backfilling file list for commit: e61319e065e49ca6c6a573f3e8184f970fc02af4
release-please	UNKNOWN STEP	2026-10-09T09:50:17.8345529Z ❯ Found 3 files
release-please	UNKNOWN STEP	2026-10-09T09:50:17.8353589Z ❯ Backfilling file list for commit: 6096bceb11999f42b036f6e7b52393d046823645
release-please	UNKNOWN STEP	2026-10-09T09:50:18.0662449Z ❯ Found 1 files
release-please	UNKNOWN STEP	2026-10-09T09:50:18.0663237Z ❯ Backfilling file list for commit: 30a5f0caf50359e36c842a968386c449041ef8c6
release-please	UNKNOWN STEP	2026-10-09T09:50:18.2607857Z ❯ Found 3 files
release-please	UNKNOWN STEP	2026-10-09T09:50:18.2608807Z ❯ Fetching merge commits on branch main with cursor: a0c70d313b0b14786b9738dec5a9ccba8653d1bf 249
release-please	UNKNOWN STEP	2026-10-09T09:50:19.4924081Z ❯ Backfilling file list for commit: 00663c49c338f965ec70ea3a634960f42545b638
release-please	UNKNOWN STEP	2026-10-09T09:50:19.8373353Z ❯ Found 7 files
release-please	UNKNOWN STEP	2026-10-09T09:50:19.8374642Z ❯ Backfilling file list for commit: dadeabcda1ac81ea9041f178fdf25d4cd11f8bac
release-please	UNKNOWN STEP	2026-10-09T09:50:20.0150558Z ❯ Found 2 files
release-please	UNKNOWN STEP	2026-10-09T09:50:20.0151298Z ❯ Backfilling file list for commit: 0065bbafb75b9bfbdc8c537dcb888aadc5a4d4a3
release-please	UNKNOWN STEP	2026-10-09T09:50:20.2638188Z ❯ Found 1 files
release-please	UNKNOWN STEP	2026-10-09T09:50:20.2639459Z ❯ Backfilling file list for commit: fe55c065c80890533ee9dc2d73127add0af77bc1
release-please	UNKNOWN STEP	2026-10-09T09:50:20.4874728Z ❯ Found 5 files
release-please	UNKNOWN STEP	2026-10-09T09:50:20.4875665Z ❯ Backfilling file list for commit: d9fbe80b9246f787550262bddead0c5750376a7a
release-please	UNKNOWN STEP	2026-10-09T09:50:20.7854721Z ❯ Found 18 files
release-please	UNKNOWN STEP	2026-10-09T09:50:20.7855825Z ❯ Backfilling file list for commit: 5c6f888858ebb2a486af283d34dc9806af74d098
release-please	UNKNOWN STEP	2026-10-09T09:50:21.0546958Z ❯ Found 22 files
release-please	UNKNOWN STEP	2026-10-09T09:50:21.0548232Z ❯ Backfilling file list for commit: a1517daa4e8473e3ded49dd8f6ed7cdf9d293f28
release-please	UNKNOWN STEP	2026-10-09T09:50:21.2620816Z ❯ Found 4 files
release-please	UNKNOWN STEP	2026-10-09T09:50:21.2621600Z ❯ Backfilling file list for commit: d34ddcb9bc5bb4846f1e26ff4be116a7647b4cb2
release-please	UNKNOWN STEP	2026-10-09T09:50:21.4831683Z ❯ Found 4 files
release-please	UNKNOWN STEP	2026-10-09T09:50:21.4832977Z ❯ Backfilling file list for commit: dcc532bd59e6f46faf52add88a0b2d8e0e867c4d
release-please	UNKNOWN STEP	2026-10-09T09:50:21.6917604Z ❯ Found 1 files
release-please	UNKNOWN STEP	2026-10-09T09:50:21.6918870Z ❯ Backfilling file list for commit: 0d5b2c9bae270fa1fffb6f388f47076ff629b6b3
release-please	UNKNOWN STEP	2026-10-09T09:50:21.8756121Z ❯ Found 1 files
release-please	UNKNOWN STEP	2026-10-09T09:50:21.8757863Z ❯ Backfilling file list for commit: 41002f5ed43ac11ae1833e2972ba6e468871a771
release-please	UNKNOWN STEP	2026-10-09T09:50:22.0849918Z ❯ Found 4 files
release-please	UNKNOWN STEP	2026-10-09T09:50:22.0851292Z ❯ Backfilling file list for commit: a7a103a2b9efd6ff4593807518e3ebe3f5f6f054
release-please	UNKNOWN STEP	2026-10-09T09:50:22.3966752Z ❯ Found 21 files
release-please	UNKNOWN STEP	2026-10-09T09:50:22.3967853Z ❯ Backfilling file list for commit: 64c217ee686d83709522af1e95934bd96b5ca734
release-please	UNKNOWN STEP	2026-10-09T09:50:22.5977659Z ❯ Found 21 files
release-please	UNKNOWN STEP	2026-10-09T09:50:22.5978795Z ❯ Backfilling file list for commit: 15c779bd88016d2704ef6211a1c66da6e496d98e
release-please	UNKNOWN STEP	2026-10-09T09:50:22.7926146Z ❯ Found 5 files
release-please	UNKNOWN STEP	2026-10-09T09:50:22.7927717Z ❯ Backfilling file list for commit: 4e185218871669e61fa04cb6fe163ea95aeb2214
release-please	UNKNOWN STEP	2026-10-09T09:50:22.9831785Z ❯ Found 17 files
release-please	UNKNOWN STEP	2026-10-09T09:50:22.9832922Z ❯ Backfilling file list for commit: 1f412f7fe66cedc7036d27dca8debe514b2cfdeb
release-please	UNKNOWN STEP	2026-10-09T09:50:23.2195126Z ❯ Found 25 files
release-please	UNKNOWN STEP	2026-10-09T09:50:23.2196354Z ❯ Backfilling file list for commit: 4da898d7d714ba1d2f866e0ed9ed3d60ba8458e8
release-please	UNKNOWN STEP	2026-10-09T09:50:23.4467527Z ❯ Found 3 files
release-please	UNKNOWN STEP	2026-10-09T09:50:23.4468762Z ❯ Backfilling file list for commit: dcd0a4e2f00501406cd453891e2ff8d0ea5680cd
release-please	UNKNOWN STEP	2026-10-09T09:50:23.6968353Z ❯ Found 1 files
release-please	UNKNOWN STEP	2026-10-09T09:50:23.6969519Z ❯ Backfilling file list for commit: 79a68e3c9b63ecedc00f4b6020a7f29f91c52340
release-please	UNKNOWN STEP	2026-10-09T09:50:23.9331097Z ❯ Found 1 files
release-please	UNKNOWN STEP	2026-10-09T09:50:23.9332317Z ❯ Backfilling file list for commit: 8381980f30ba7e5ff5d8cb8915ea33849adb25d1
release-please	UNKNOWN STEP	2026-10-09T09:50:24.1459520Z ❯ Found 3 files
release-please	UNKNOWN STEP	2026-10-09T09:50:24.1460650Z ❯ Backfilling file list for commit: 5fedc931078a937951759891642e9a2926dd45fc
release-please	UNKNOWN STEP	2026-10-09T09:50:24.4287875Z ❯ Found 2 files
release-please	UNKNOWN STEP	2026-10-09T09:50:24.4289161Z ❯ Backfilling file list for commit: 1096940a3c7fe1b0ed1af3e8434aa9584102b356
release-please	UNKNOWN STEP	2026-10-09T09:50:24.6169565Z ❯ Found 9 files
release-please	UNKNOWN STEP	2026-10-09T09:50:24.6170718Z ❯ Backfilling file list for commit: 58afc0841ceb7940b63b24aed5273cd7818f1675
release-please	UNKNOWN STEP	2026-10-09T09:50:24.8063856Z ❯ Found 2 files
release-please	UNKNOWN STEP	2026-10-09T09:50:24.8065009Z ❯ Backfilling file list for commit: 4780f981a61c569edb86ab5f6cad2e93fb102d56
release-please	UNKNOWN STEP	2026-10-09T09:50:25.0417848Z ❯ Found 2 files
release-please	UNKNOWN STEP	2026-10-09T09:50:25.0421091Z ❯ Fetching merge commits on branch main with cursor: a0c70d313b0b14786b9738dec5a9ccba8653d1bf 274
release-please	UNKNOWN STEP	2026-10-09T09:50:26.4771853Z ❯ Backfilling file list for commit: 60b328254473486b098baf00e4f9ed993b1f7cb5
release-please	UNKNOWN STEP	2026-10-09T09:50:26.6752318Z ❯ Found 9 files
release-please	UNKNOWN STEP	2026-10-09T09:50:26.6753117Z ❯ Backfilling file list for commit: a5e6f8bfdc3270d11daea05af06500d267e51817
release-please	UNKNOWN STEP	2026-10-09T09:50:26.9001156Z ❯ Found 2 files
release-please	UNKNOWN STEP	2026-10-09T09:50:26.9002280Z ❯ Backfilling file list for commit: 33ed339ce0f2cfb18cc478b67a41291b5a924442
release-please	UNKNOWN STEP	2026-10-09T09:50:27.1248017Z ❯ Found 9 files
release-please	UNKNOWN STEP	2026-10-09T09:50:27.1249431Z ❯ Backfilling file list for commit: ddba71a77239bb245571958258b79517bcff935b
release-please	UNKNOWN STEP	2026-10-09T09:50:27.2954937Z ❯ Found 2 files
release-please	UNKNOWN STEP	2026-10-09T09:50:27.2956105Z ❯ Backfilling file list for commit: fb08468485289f88bdda92cdfec9e1c71b2aca00
release-please	UNKNOWN STEP	2026-10-09T09:50:27.5397712Z ❯ Found 3 files
release-please	UNKNOWN STEP	2026-10-09T09:50:27.5398981Z ❯ Backfilling file list for commit: 67a62f11f544d1294890a56a516dd9a1d172a6ca
release-please	UNKNOWN STEP	2026-10-09T09:50:27.7376303Z ❯ Found 57 files
release-please	UNKNOWN STEP	2026-10-09T09:50:27.7377882Z ❯ Backfilling file list for commit: 951ebd20be05bf441e1922f89bed06838c5e7246
release-please	UNKNOWN STEP	2026-10-09T09:50:27.9738100Z ❯ Found 4 files
release-please	UNKNOWN STEP	2026-10-09T09:50:27.9739234Z ❯ Backfilling file list for commit: 8ac79c047231d76bd0c07dffe354be826e5cb7e0
release-please	UNKNOWN STEP	2026-10-09T09:50:28.1668153Z ❯ Found 10 files
release-please	UNKNOWN STEP	2026-10-09T09:50:28.1669371Z ❯ Backfilling file list for commit: d10468caa3a87c2aed19d0354c9f02b21c41a6d1
release-please	UNKNOWN STEP	2026-10-09T09:50:28.3655458Z ❯ Found 5 files
release-please	UNKNOWN STEP	2026-10-09T09:50:28.3667899Z ❯ Backfilling file list for commit: 3dd98a39670c4e28f5b7831435336ce5e372e2aa
release-please	UNKNOWN STEP	2026-10-09T09:50:28.5507585Z ❯ Found 2 files
release-please	UNKNOWN STEP	2026-10-09T09:50:28.5508816Z ❯ Backfilling file list for commit: 871b020e0756f71061a87fea52b16517da6fc263
release-please	UNKNOWN STEP	2026-10-09T09:50:28.7568211Z ❯ Found 0 files
release-please	UNKNOWN STEP	2026-10-09T09:50:28.7569444Z ❯ Backfilling file list for commit: 56307eefc916cd67e54c660f2ee44e65d01ed452
release-please	UNKNOWN STEP	2026-10-09T09:50:29.0004048Z ❯ Found 14 files
release-please	UNKNOWN STEP	2026-10-09T09:50:29.0005861Z ❯ Backfilling file list for commit: 0a65945e55b8ca74cff7712982a60f2cc5ee91e4
release-please	UNKNOWN STEP	2026-10-09T09:50:29.2430456Z ❯ Found 57 files
release-please	UNKNOWN STEP	2026-10-09T09:50:29.2431564Z ❯ Backfilling file list for commit: b90c8f9ced52dba33819bdad8c9103630a4b5038
release-please	UNKNOWN STEP	2026-10-09T09:50:29.4366224Z ❯ Found 12 files
release-please	UNKNOWN STEP	2026-10-09T09:50:29.4367704Z ❯ Backfilling file list for commit: 6db752b1a87ad27e2527159115ea011aec16b0c5
release-please	UNKNOWN STEP	2026-10-09T09:50:29.7058229Z ❯ Found 2 files
release-please	UNKNOWN STEP	2026-10-09T09:50:29.7059519Z ❯ Backfilling file list for commit: 1ad028b395c0d5e1b9cd65e3fee9cf3341a58fa0
release-please	UNKNOWN STEP	2026-10-09T09:50:29.9011456Z ❯ Found 1 files
release-please	UNKNOWN STEP	2026-10-09T09:50:29.9012629Z ❯ Backfilling file list for commit: b520398499a2d9d5b2c78e86f08a1f8b64b32ff1
release-please	UNKNOWN STEP	2026-10-09T09:50:30.0805693Z ❯ Found 1 files
release-please	UNKNOWN STEP	2026-10-09T09:50:30.0811625Z ❯ Backfilling file list for commit: 45456597149703bbf0d2f52e98d5dc68f31eee6a
release-please	UNKNOWN STEP	2026-10-09T09:50:30.3446914Z ❯ Found 9 files
release-please	UNKNOWN STEP	2026-10-09T09:50:30.3448038Z ❯ Backfilling file list for commit: 46803432b187e392a23706350d7c534eb63fc6a5
release-please	UNKNOWN STEP	2026-10-09T09:50:30.5468261Z ❯ Found 25 files
release-please	UNKNOWN STEP	2026-10-09T09:50:30.5469330Z ❯ Backfilling file list for commit: 9c8bde14942cbf5ab662481d4a4204887ad7101c
release-please	UNKNOWN STEP	2026-10-09T09:50:30.9327094Z ❯ Found 2 files
release-please	UNKNOWN STEP	2026-10-09T09:50:30.9328413Z ❯ Backfilling file list for commit: 9af8e9bdbc8d65e338dc46c7c3cc9130a614fc8b
release-please	UNKNOWN STEP	2026-10-09T09:50:31.1521926Z ❯ Found 15 files
release-please	UNKNOWN STEP	2026-10-09T09:50:31.1523028Z ❯ Backfilling file list for commit: f2c1c0a1b829caab20f2b96a7b12c234beeb9ba4
release-please	UNKNOWN STEP	2026-10-09T09:50:31.4180845Z ❯ Found 2 files
release-please	UNKNOWN STEP	2026-10-09T09:50:31.4182205Z ❯ Backfilling file list for commit: c7db2762ed050528667d9efed60dd48923f2e785
release-please	UNKNOWN STEP	2026-10-09T09:50:31.7007835Z ❯ Found 13 files
release-please	UNKNOWN STEP	2026-10-09T09:50:31.7011973Z ❯ Backfilling file list for commit: df2cb066e0c6da182c5cf703fa0d19ecfff104fb
release-please	UNKNOWN STEP	2026-10-09T09:50:31.9361085Z ❯ Found 2 files
release-please	UNKNOWN STEP	2026-10-09T09:50:31.9362022Z ❯ Backfilling file list for commit: 9b9907c17b2120c0957abf1569fdd69e4d588a63
release-please	UNKNOWN STEP	2026-10-09T09:50:32.1607008Z ❯ Found 1 files
release-please	UNKNOWN STEP	2026-10-09T09:50:32.1608612Z ❯ Fetching merge commits on branch main with cursor: a0c70d313b0b14786b9738dec5a9ccba8653d1bf 299
release-please	UNKNOWN STEP	2026-10-09T09:50:33.4668384Z ❯ Backfilling file list for commit: f13e818f4ccb5bc3c8b6f5f6a27d322ec23c76e5
release-please	UNKNOWN STEP	2026-10-09T09:50:33.6515448Z ❯ Found 2 files
release-please	UNKNOWN STEP	2026-10-09T09:50:33.6516742Z ❯ Backfilling file list for commit: bd13d84494e859af8081d8c5bae273e853ab669c
release-please	UNKNOWN STEP	2026-10-09T09:50:33.8382839Z ❯ Found 3 files
release-please	UNKNOWN STEP	2026-10-09T09:50:33.8384143Z ❯ Backfilling file list for commit: cd432b2f05163129fdab1d18dcb0c74606e5cd62
release-please	UNKNOWN STEP	2026-10-09T09:50:34.0424186Z ❯ Found 4 files
release-please	UNKNOWN STEP	2026-10-09T09:50:34.0425467Z ❯ Backfilling file list for commit: bb67fd359d5471e61e0574a2744c190bd3d0a29a
release-please	UNKNOWN STEP	2026-10-09T09:50:34.3208022Z ❯ Found 9 files
release-please	UNKNOWN STEP	2026-10-09T09:50:34.3208927Z ❯ Backfilling file list for commit: 647dbd85f92267978e3ee7a04cdad572c97cded5
release-please	UNKNOWN STEP	2026-10-09T09:50:34.5040339Z ❯ Found 3 files
release-please	UNKNOWN STEP	2026-10-09T09:50:34.5041558Z ❯ Backfilling file list for commit: edc00bc516c36ed7b259646fa76b62cfa66f9cbc
release-please	UNKNOWN STEP	2026-10-09T09:50:34.6970168Z ❯ Found 2 files
release-please	UNKNOWN STEP	2026-10-09T09:50:34.6971555Z ❯ Backfilling file list for commit: 0f1dd2a88999beeb39872f16cc732d08f6b379ca
release-please	UNKNOWN STEP	2026-10-09T09:50:34.8665399Z ❯ Found 3 files
release-please	UNKNOWN STEP	2026-10-09T09:50:34.8666792Z ❯ Backfilling file list for commit: 00776fd3130168acf6cf64ed6dcdfed874466df0
release-please	UNKNOWN STEP	2026-10-09T09:50:35.1097451Z ❯ Found 30 files
release-please	UNKNOWN STEP	2026-10-09T09:50:35.1098705Z ❯ Backfilling file list for commit: 54eeeca472be6b468ebd4d1d542afa82ef842575
release-please	UNKNOWN STEP	2026-10-09T09:50:35.3082153Z ❯ Found 27 files
release-please	UNKNOWN STEP	2026-10-09T09:50:35.3082969Z ❯ Backfilling file list for commit: 6ca71305c59d03b7fe923ad989add7825ded4463
release-please	UNKNOWN STEP	2026-10-09T09:50:35.5140366Z ❯ Found 2 files
release-please	UNKNOWN STEP	2026-10-09T09:50:35.5141677Z ❯ Backfilling file list for commit: 7091d0a7ed6cf1fb56f1059fef9391de6aef8ee9
release-please	UNKNOWN STEP	2026-10-09T09:50:35.7355991Z ❯ Found 0 files
release-please	UNKNOWN STEP	2026-10-09T09:50:35.7357616Z ❯ Backfilling file list for commit: 92546e22a23354aa154191d995dfe696d9f057bc
release-please	UNKNOWN STEP	2026-10-09T09:50:35.9182765Z ❯ Found 25 files
release-please	UNKNOWN STEP	2026-10-09T09:50:35.9183841Z ❯ Backfilling file list for commit: 41c67edf7a17b578f0c7c6990e9dbe230c09875e
release-please	UNKNOWN STEP	2026-10-09T09:50:36.1696333Z ❯ Found 73 files
release-please	UNKNOWN STEP	2026-10-09T09:50:36.1718250Z ❯ Backfilling file list for commit: c6d4586b00eb14fb5b167371906677cb355acee9
release-please	UNKNOWN STEP	2026-10-09T09:50:36.5118232Z ❯ Found 50 files
release-please	UNKNOWN STEP	2026-10-09T09:50:36.5119469Z ❯ Backfilling file list for commit: 443a0b7cd3511a650b30095056727125d7a92b7c
release-please	UNKNOWN STEP	2026-10-09T09:50:36.7041724Z ❯ Found 3 files
release-please	UNKNOWN STEP	2026-10-09T09:50:36.7042429Z ❯ Backfilling file list for commit: 23c255cf8807268b16d811b4a6364447ec976d8a
release-please	UNKNOWN STEP	2026-10-09T09:50:36.9360421Z ❯ Found 50 files
release-please	UNKNOWN STEP	2026-10-09T09:50:36.9361068Z ❯ Backfilling file list for commit: 477285486e1ee37459010a323e8f5afa1facc1f4
release-please	UNKNOWN STEP	2026-10-09T09:50:37.1831608Z ❯ Found 2 files
release-please	UNKNOWN STEP	2026-10-09T09:50:37.1832422Z ❯ Backfilling file list for commit: e98183a085750a372a8dff2ba1f3afc263ed51d3
release-please	UNKNOWN STEP	2026-10-09T09:50:37.4128056Z ❯ Found 2 files
release-please	UNKNOWN STEP	2026-10-09T09:50:37.4129411Z ❯ Backfilling file list for commit: 7d16a6b4c003269393e65aa90e23b44a295aa5ee
release-please	UNKNOWN STEP	2026-10-09T09:50:37.6127528Z ❯ Found 24 files
release-please	UNKNOWN STEP	2026-10-09T09:50:37.6128687Z ❯ Backfilling file list for commit: 9aa05f23281784887c6d0fe711951535bc1988f4
release-please	UNKNOWN STEP	2026-10-09T09:50:37.8113100Z ❯ Found 6 files
release-please	UNKNOWN STEP	2026-10-09T09:50:37.8114793Z ❯ Backfilling file list for commit: 16f1c0c42503c5e5eb45365864f8a86972b6e903
release-please	UNKNOWN STEP	2026-10-09T09:50:38.0525701Z ❯ Found 5 files
release-please	UNKNOWN STEP	2026-10-09T09:50:38.0526735Z ❯ Backfilling file list for commit: 2a4b1e26d85ba9e84d150fd831430429edc1f0ef
release-please	UNKNOWN STEP	2026-10-09T09:50:38.2556983Z ❯ Found 2 files
release-please	UNKNOWN STEP	2026-10-09T09:50:38.2558296Z ❯ Backfilling file list for commit: eb293ab5e8809b8ed9f572a743aa51717cf0d113
release-please	UNKNOWN STEP	2026-10-09T09:50:38.4565571Z ❯ Found 5 files
release-please	UNKNOWN STEP	2026-10-09T09:50:38.4567110Z ❯ Backfilling file list for commit: bd0f8962130cb1d2b84cf24375f00203f022a4dd
release-please	UNKNOWN STEP	2026-10-09T09:50:38.6412519Z ❯ Found 1 files
release-please	UNKNOWN STEP	2026-10-09T09:50:38.6413874Z ❯ Backfilling file list for commit: 6ccf430f8fd02a065c71665307461f58660647f9
release-please	UNKNOWN STEP	2026-10-09T09:50:38.8937585Z ❯ Found 1 files
release-please	UNKNOWN STEP	2026-10-09T09:50:38.8938564Z ❯ Fetching merge commits on branch main with cursor: a0c70d313b0b14786b9738dec5a9ccba8653d1bf 324
release-please	UNKNOWN STEP	2026-10-09T09:50:40.0081878Z ❯ Backfilling file list for commit: 23865d599acf4a21bc023d7917b72c55d04f6750
release-please	UNKNOWN STEP	2026-10-09T09:50:40.2569809Z ❯ Found 4 files
release-please	UNKNOWN STEP	2026-10-09T09:50:40.2571112Z ❯ Backfilling file list for commit: 8fcbc5571aa4311ce77b1d98926ea203794de83b
release-please	UNKNOWN STEP	2026-10-09T09:50:40.6008402Z ❯ Found 1 files
release-please	UNKNOWN STEP	2026-10-09T09:50:40.6009664Z ❯ Backfilling file list for commit: cc70d968e93ffe6e01f3954dc3afed0c1f0fc8a6
release-please	UNKNOWN STEP	2026-10-09T09:50:40.8479415Z ❯ Found 5 files
release-please	UNKNOWN STEP	2026-10-09T09:50:40.8480635Z ❯ Backfilling file list for commit: f97d5acb6bd96a0f3d9dda01819cae2ae7702c42
release-please	UNKNOWN STEP	2026-10-09T09:50:41.1088591Z ❯ Found 1 files
release-please	UNKNOWN STEP	2026-10-09T09:50:41.1090082Z ❯ Backfilling file list for commit: f0c621fb93906e1e301a7939e44861a7d46318b6
release-please	UNKNOWN STEP	2026-10-09T09:50:41.3096767Z ❯ Found 3 files
release-please	UNKNOWN STEP	2026-10-09T09:50:41.3098199Z ❯ Backfilling file list for commit: 28f988d06ab9a3290a1f0e91a4cbd97f5654a0a0
release-please	UNKNOWN STEP	2026-10-09T09:50:41.4805384Z ❯ Found 3 files
release-please	UNKNOWN STEP	2026-10-09T09:50:41.4806885Z ❯ Backfilling file list for commit: 754d7b3617662217a305567197fef5826f375489
release-please	UNKNOWN STEP	2026-10-09T09:50:41.6884140Z ❯ Found 1 files
release-please	UNKNOWN STEP	2026-10-09T09:50:41.6888385Z ❯ Backfilling file list for commit: aa4ff86f010eae00ad008020ecc6362dc7369cc5
release-please	UNKNOWN STEP	2026-10-09T09:50:41.8987221Z ❯ Found 4 files
release-please	UNKNOWN STEP	2026-10-09T09:50:41.8988206Z ❯ Backfilling file list for commit: b899ef09142f92f5d473e5d9139fb78535e04fbf
release-please	UNKNOWN STEP	2026-10-09T09:50:42.1027973Z ❯ Found 3 files
release-please	UNKNOWN STEP	2026-10-09T09:50:42.1028935Z ❯ Backfilling file list for commit: 6df366b00f233720fbdac4db0b823c73b0019186
release-please	UNKNOWN STEP	2026-10-09T09:50:42.3235151Z ❯ Found 2 files
release-please	UNKNOWN STEP	2026-10-09T09:50:42.3236205Z ❯ Backfilling file list for commit: d8d3092a07d54541b2e5f3f98b27acfbfad08c6d
release-please	UNKNOWN STEP	2026-10-09T09:50:42.5475910Z ❯ Found 1 files
release-please	UNKNOWN STEP	2026-10-09T09:50:42.5477675Z ❯ Backfilling file list for commit: 40516dc304fcadd33f263a38db797f79f8f60843
release-please	UNKNOWN STEP	2026-10-09T09:50:42.7448030Z ❯ Found 1 files
release-please	UNKNOWN STEP	2026-10-09T09:50:42.7449407Z ❯ Backfilling file list for commit: 1274d4aa1571e3ed06f8ff7d1b9dc0679194030d
release-please	UNKNOWN STEP	2026-10-09T09:50:42.9267187Z ❯ Found 2 files
release-please	UNKNOWN STEP	2026-10-09T09:50:42.9268044Z ❯ Backfilling file list for commit: bdc86468773d47b32ef6d4eccd06bd78e9199df9
release-please	UNKNOWN STEP	2026-10-09T09:50:43.1515848Z ❯ Found 2 files
release-please	UNKNOWN STEP	2026-10-09T09:50:43.1517721Z ❯ Backfilling file list for commit: 5816c76ba7b43397d2af16d30a78d228fd17cfb1
release-please	UNKNOWN STEP	2026-10-09T09:50:43.3360654Z ❯ Found 1 files
release-please	UNKNOWN STEP	2026-10-09T09:50:43.3361780Z ❯ Backfilling file list for commit: 6a5e3c78246827f80d625e54c6403c3ef391f440
release-please	UNKNOWN STEP	2026-10-09T09:50:43.5578035Z ❯ Found 2 files
release-please	UNKNOWN STEP	2026-10-09T09:50:43.5579316Z ❯ Backfilling file list for commit: 105c3488e9dfd4d43ac5406f0f5f77e88ca76a67
release-please	UNKNOWN STEP	2026-10-09T09:50:43.8562374Z ❯ Found 1 files
release-please	UNKNOWN STEP	2026-10-09T09:50:43.8563611Z ❯ Backfilling file list for commit: 505618a7ac1c9ea421a11cc497e427074dd8ed4a
release-please	UNKNOWN STEP	2026-10-09T09:50:44.1242316Z ❯ Found 1 files
release-please	UNKNOWN STEP	2026-10-09T09:50:44.1243919Z ❯ Backfilling file list for commit: 2c70dc758bb7cafe6d8bfbb261146d1b1d27f293
release-please	UNKNOWN STEP	2026-10-09T09:50:44.3094788Z ❯ Found 1 files
release-please	UNKNOWN STEP	2026-10-09T09:50:44.3096088Z ❯ Backfilling file list for commit: 09cc184750ff379b6302c546a447bee92c563499
release-please	UNKNOWN STEP	2026-10-09T09:50:44.5344879Z ❯ Found 1 files
release-please	UNKNOWN STEP	2026-10-09T09:50:44.5345855Z ❯ Backfilling file list for commit: 5494f48c6a4848e2116333fb22abecfb05457837
release-please	UNKNOWN STEP	2026-10-09T09:50:44.7074721Z ❯ Found 1 files
release-please	UNKNOWN STEP	2026-10-09T09:50:44.7075538Z ❯ Backfilling file list for commit: 3f7c5e6b95bdfceea700b871017102409b789ce8
release-please	UNKNOWN STEP	2026-10-09T09:50:44.9169633Z ❯ Found 1 files
release-please	UNKNOWN STEP	2026-10-09T09:50:44.9170904Z ❯ Backfilling file list for commit: 207d0d1dfd7ff85772991304887b0bd417d986bf
release-please	UNKNOWN STEP	2026-10-09T09:50:45.0801152Z ❯ Found 11 files
release-please	UNKNOWN STEP	2026-10-09T09:50:45.0802234Z ❯ Backfilling file list for commit: 04329a8ca47cd13dc441e9ed932ce983dab35c43
release-please	UNKNOWN STEP	2026-10-09T09:50:45.2697359Z ❯ Found 2 files
release-please	UNKNOWN STEP	2026-10-09T09:50:45.2698610Z ❯ Backfilling file list for commit: e4f2b0eabca1ae7ef18b5fbcb64fc36fbee51c6b
release-please	UNKNOWN STEP	2026-10-09T09:50:45.4597363Z ❯ Found 3 files
release-please	UNKNOWN STEP	2026-10-09T09:50:45.4598678Z ❯ Fetching merge commits on branch main with cursor: a0c70d313b0b14786b9738dec5a9ccba8653d1bf 349
release-please	UNKNOWN STEP	2026-10-09T09:50:46.5436900Z ❯ Backfilling file list for commit: 67f53700dfe55379a1f29ae75df263176409b8cf
release-please	UNKNOWN STEP	2026-10-09T09:50:46.7617913Z ❯ Found 3 files
release-please	UNKNOWN STEP	2026-10-09T09:50:46.7618905Z ❯ Backfilling file list for commit: 703a09630196bf967a14acc9ab31684343c3be5d
release-please	UNKNOWN STEP	2026-10-09T09:50:47.0548141Z ❯ Found 1 files
release-please	UNKNOWN STEP	2026-10-09T09:50:47.0549501Z ❯ Backfilling file list for commit: 8e3553bba99da8bd0e6ea74e836ec99cbf9bb0cf
release-please	UNKNOWN STEP	2026-10-09T09:50:47.2362085Z ❯ Found 15 files
release-please	UNKNOWN STEP	2026-10-09T09:50:47.2363819Z ❯ Backfilling file list for commit: 5f61e36fff5825efd3f0b1b5bee413e72d4aca70
release-please	UNKNOWN STEP	2026-10-09T09:50:47.4268033Z ❯ Found 1 files
release-please	UNKNOWN STEP	2026-10-09T09:50:47.4269410Z ❯ Backfilling file list for commit: b5d21ee409bea7ec3f45be8ac9e16c6c4bad30ed
release-please	UNKNOWN STEP	2026-10-09T09:50:47.6337185Z ❯ Found 1 files
release-please	UNKNOWN STEP	2026-10-09T09:50:47.6338013Z ❯ Backfilling file list for commit: 961102021ed6a13a4c9ff110be9b24639b2eb9f6
release-please	UNKNOWN STEP	2026-10-09T09:50:47.8375342Z ❯ Found 4 files
release-please	UNKNOWN STEP	2026-10-09T09:50:47.8376147Z ❯ Backfilling file list for commit: 5eaa7f4b1c23c9805545da953ff8678418d5c158
release-please	UNKNOWN STEP	2026-10-09T09:50:48.0115739Z ❯ Found 2 files
release-please	UNKNOWN STEP	2026-10-09T09:50:48.0119565Z ❯ Backfilling file list for commit: 76e560707d1eb1719220eb805da9193ab3885d98
release-please	UNKNOWN STEP	2026-10-09T09:50:48.1804944Z ❯ Found 1 files
release-please	UNKNOWN STEP	2026-10-09T09:50:48.1806131Z ❯ Backfilling file list for commit: afe673a107cb334db2816b575d6389f07973e628
release-please	UNKNOWN STEP	2026-10-09T09:50:48.3998068Z ❯ Found 9 files
release-please	UNKNOWN STEP	2026-10-09T09:50:48.3999188Z ❯ Backfilling file list for commit: 41829569afc22dcf326f1babbd4da36aed1f3a63
release-please	UNKNOWN STEP	2026-10-09T09:50:48.5777689Z ❯ Found 5 files
release-please	UNKNOWN STEP	2026-10-09T09:50:48.5778529Z ❯ Backfilling file list for commit: 45e8f13cd5de2ac1cbaf693c14ac92310efd1e77
release-please	UNKNOWN STEP	2026-10-09T09:50:48.7736894Z ❯ Found 1 files
release-please	UNKNOWN STEP	2026-10-09T09:50:48.7738001Z ❯ Backfilling file list for commit: 4d5538fdd959dff1b4a37c3cba71b2e2b1c565c6
release-please	UNKNOWN STEP	2026-10-09T09:50:48.9428927Z ❯ Found 2 files
release-please	UNKNOWN STEP	2026-10-09T09:50:48.9429999Z ❯ Backfilling file list for commit: 2e200ee1f6de6a3ae926bfc5f1a58427f8ec3b7f
release-please	UNKNOWN STEP	2026-10-09T09:50:49.1601916Z ❯ Found 14 files
release-please	UNKNOWN STEP	2026-10-09T09:50:49.1603067Z ❯ Backfilling file list for commit: a51dc8e83e08e4421f53a2b31651d77c72b11124
release-please	UNKNOWN STEP	2026-10-09T09:50:49.3634603Z ❯ Found 1 files
release-please	UNKNOWN STEP	2026-10-09T09:50:49.3635676Z ❯ Backfilling file list for commit: 73114e75588a5117a4c11405e195ecf3ce32a687
release-please	UNKNOWN STEP	2026-10-09T09:50:49.5643211Z ❯ Found 5 files
release-please	UNKNOWN STEP	2026-10-09T09:50:49.5644366Z ❯ Backfilling file list for commit: efb40facdff1023c5b5ee50303f666a4820ec990
release-please	UNKNOWN STEP	2026-10-09T09:50:49.7914021Z ❯ Found 1 files
release-please	UNKNOWN STEP	2026-10-09T09:50:49.7915494Z ❯ Backfilling file list for commit: 3671e214d085aa93630cd7aded37a26d7ac4698a
release-please	UNKNOWN STEP	2026-10-09T09:50:49.9705263Z ❯ Found 4 files
release-please	UNKNOWN STEP	2026-10-09T09:50:49.9709315Z ❯ Backfilling file list for commit: 220caa1c964fbb0fc9db1c9d6866397f8eafc253
release-please	UNKNOWN STEP	2026-10-09T09:50:50.2086071Z ❯ Found 8 files
release-please	UNKNOWN STEP	2026-10-09T09:50:50.2087904Z ❯ Backfilling file list for commit: c3e66f409c6b36179fe5f3d73a259c976ac8e899
release-please	UNKNOWN STEP	2026-10-09T09:50:50.4084119Z ❯ Found 7 files
release-please	UNKNOWN STEP	2026-10-09T09:50:50.4094447Z ❯ Backfilling file list for commit: 9fe4ee3f670ccacc34c16debcb5a23bd1ef1ed10
release-please	UNKNOWN STEP	2026-10-09T09:50:50.6197929Z ❯ Found 1 files
release-please	UNKNOWN STEP	2026-10-09T09:50:50.6198719Z ❯ Backfilling file list for commit: de1c3497fbfd9a0d52fdb4c1b99ddf020b052065
release-please	UNKNOWN STEP	2026-10-09T09:50:50.8367995Z ❯ Found 14 files
release-please	UNKNOWN STEP	2026-10-09T09:50:50.8369271Z ❯ Backfilling file list for commit: 9cb9002170d9bb30b004f63adcbbd3ad1039393f
release-please	UNKNOWN STEP	2026-10-09T09:50:51.0457933Z ❯ Found 5 files
release-please	UNKNOWN STEP	2026-10-09T09:50:51.0458971Z ❯ Backfilling file list for commit: f1de9012319dd86ebfdc39b8446ab73bb350cf1d
release-please	UNKNOWN STEP	2026-10-09T09:50:51.2792267Z ❯ Found 6 files
release-please	UNKNOWN STEP	2026-10-09T09:50:51.2793460Z ❯ Backfilling file list for commit: 94714ab350d2ed9661856296ed524b5efe087997
release-please	UNKNOWN STEP	2026-10-09T09:50:51.4788954Z ❯ Found 14 files
release-please	UNKNOWN STEP	2026-10-09T09:50:51.4792462Z ❯ Backfilling file list for commit: 7061cbecb15df29186db2ce16f1c3c32133e3606
release-please	UNKNOWN STEP	2026-10-09T09:50:51.6511250Z ❯ Found 1 files
release-please	UNKNOWN STEP	2026-10-09T09:50:51.6513402Z ❯ Fetching merge commits on branch main with cursor: a0c70d313b0b14786b9738dec5a9ccba8653d1bf 374
release-please	UNKNOWN STEP	2026-10-09T09:50:52.5838989Z ❯ Backfilling file list for commit: 9ab024ee4befb88a7c296dfb57993333d80fc47c
release-please	UNKNOWN STEP	2026-10-09T09:50:52.7816060Z ❯ Found 1 files
release-please	UNKNOWN STEP	2026-10-09T09:50:52.7817066Z ❯ Backfilling file list for commit: aaa6ff0bc4fae27f6f36d78363e88f74cc1c46cd
release-please	UNKNOWN STEP	2026-10-09T09:50:52.9574106Z ❯ Found 1 files
release-please	UNKNOWN STEP	2026-10-09T09:50:52.9574999Z ❯ Backfilling file list for commit: 1ad978ac8fcc13fba8b3365a3f1b93abc92bb069
release-please	UNKNOWN STEP	2026-10-09T09:50:53.1544291Z ❯ Found 1 files
release-please	UNKNOWN STEP	2026-10-09T09:50:53.1545773Z ❯ Backfilling file list for commit: 33cbc46b11c510c032317091bef288f22101b133
release-please	UNKNOWN STEP	2026-10-09T09:50:53.3614549Z ❯ Found 1 files
release-please	UNKNOWN STEP	2026-10-09T09:50:53.3615832Z ❯ Backfilling file list for commit: a3e351d0ec12913fcad82f5874b32e93caac8e56
release-please	UNKNOWN STEP	2026-10-09T09:50:53.5818095Z ❯ Found 1 files
release-please	UNKNOWN STEP	2026-10-09T09:50:53.5819521Z ❯ Backfilling file list for commit: 0dedc249e0dfcac576015c308e0bf0c404cdc14e
release-please	UNKNOWN STEP	2026-10-09T09:50:53.8402332Z ❯ Found 21 files
release-please	UNKNOWN STEP	2026-10-09T09:50:53.8403490Z ❯ Backfilling file list for commit: 2c2bf5875d7b149c3252aa4870ce4823a654f421
release-please	UNKNOWN STEP	2026-10-09T09:50:54.0534210Z ❯ Found 3 files
release-please	UNKNOWN STEP	2026-10-09T09:50:54.0535083Z ❯ Backfilling file list for commit: 2b6b59fe66d51da1e956f95574d5712897c3a61e
release-please	UNKNOWN STEP	2026-10-09T09:50:54.2892249Z ❯ Found 2 files
release-please	UNKNOWN STEP	2026-10-09T09:50:54.2893335Z ❯ Backfilling file list for commit: 4e6efe011e448334d55ce282479434e7d246eac0
release-please	UNKNOWN STEP	2026-10-09T09:50:54.4766809Z ❯ Found 2 files
release-please	UNKNOWN STEP	2026-10-09T09:50:54.4768698Z ❯ Backfilling file list for commit: 78a4eabc7c0ad5289ec08a64cdd7967945daa5de
release-please	UNKNOWN STEP	2026-10-09T09:50:54.7049329Z ❯ Found 1 files
release-please	UNKNOWN STEP	2026-10-09T09:50:54.7050575Z ❯ Backfilling file list for commit: 9ac4bf547a2ce6ae7fe517a62b8c13eb3fa689f2
release-please	UNKNOWN STEP	2026-10-09T09:50:54.9299784Z ❯ Found 1 files
release-please	UNKNOWN STEP	2026-10-09T09:50:54.9301038Z ❯ Backfilling file list for commit: be6017c83ded3c4109f4210ae14f7416680e59c7
release-please	UNKNOWN STEP	2026-10-09T09:50:55.1112289Z ❯ Found 1 files
release-please	UNKNOWN STEP	2026-10-09T09:50:55.1113250Z ❯ Backfilling file list for commit: 87f8f5dfa394a86122d0b5c60a583d5d4b7af0ce
release-please	UNKNOWN STEP	2026-10-09T09:50:55.2987963Z ❯ Found 1 files
release-please	UNKNOWN STEP	2026-10-09T09:50:55.2989175Z ❯ Backfilling file list for commit: 9d324199f408725b982038f84e9aa572ff3a1b6f
release-please	UNKNOWN STEP	2026-10-09T09:50:55.5348292Z ❯ Found 1 files
release-please	UNKNOWN STEP	2026-10-09T09:50:55.5349594Z ❯ Backfilling file list for commit: 38bf5d542361e50fb36f6ce491e5568c6477b6dd
release-please	UNKNOWN STEP	2026-10-09T09:50:55.7289722Z ❯ Found 16 files
release-please	UNKNOWN STEP	2026-10-09T09:50:55.7290890Z ❯ Backfilling file list for commit: d4af6b79b59f7d9ba18bbb4d910c15c15a64602a
release-please	UNKNOWN STEP	2026-10-09T09:50:55.9187477Z ❯ Found 3 files
release-please	UNKNOWN STEP	2026-10-09T09:50:55.9188652Z ❯ Backfilling file list for commit: 893c2d40eff7f5ac073d9f63c3273934e554a9a9
release-please	UNKNOWN STEP	2026-10-09T09:50:56.1108238Z ❯ Found 8 files
release-please	UNKNOWN STEP	2026-10-09T09:50:56.1110115Z ❯ Backfilling file list for commit: d4fdd57164b1181f44acff1d020afaf44611d726
release-please	UNKNOWN STEP	2026-10-09T09:50:56.3272405Z ❯ Found 16 files
release-please	UNKNOWN STEP	2026-10-09T09:50:56.3273670Z ❯ Backfilling file list for commit: 84f76f2d131bc5cdab294308562aac47d2329ee8
release-please	UNKNOWN STEP	2026-10-09T09:50:56.4947136Z ❯ Found 1 files
release-please	UNKNOWN STEP	2026-10-09T09:50:56.4948153Z ❯ Backfilling file list for commit: c4e6fc184716abd6c39d704fa339d781b48f48e9
release-please	UNKNOWN STEP	2026-10-09T09:50:56.6538077Z ❯ Found 6 files
release-please	UNKNOWN STEP	2026-10-09T09:50:56.6539335Z ❯ Backfilling file list for commit: 6bf391351731cb6eca46e41eda184264ed73a91c
release-please	UNKNOWN STEP	2026-10-09T09:50:56.8311461Z ❯ Found 1 files
release-please	UNKNOWN STEP	2026-10-09T09:50:56.8313021Z ❯ Backfilling file list for commit: c4a32ddc937475e6daca0e478b92d20b9af96589
release-please	UNKNOWN STEP	2026-10-09T09:50:56.9997953Z ❯ Found 1 files
release-please	UNKNOWN STEP	2026-10-09T09:50:57.0001720Z ❯ Backfilling file list for commit: 100376cdb283e905fd295fdef79ac40a867ca511
release-please	UNKNOWN STEP	2026-10-09T09:50:57.1757240Z ❯ Found 1 files
release-please	UNKNOWN STEP	2026-10-09T09:50:57.1758585Z ❯ Backfilling file list for commit: 9374d6dfc4e6a26795cbe6a26b8e6f6cc2cdcba7
release-please	UNKNOWN STEP	2026-10-09T09:50:57.3664016Z ❯ Found 2 files
release-please	UNKNOWN STEP	2026-10-09T09:50:57.3665695Z ❯ Fetching merge commits on branch main with cursor: a0c70d313b0b14786b9738dec5a9ccba8653d1bf 399
release-please	UNKNOWN STEP	2026-10-09T09:50:58.2340123Z ❯ Backfilling file list for commit: 54b84cd912bd30f6af37047205e48142ee41b672
release-please	UNKNOWN STEP	2026-10-09T09:50:58.5074154Z ❯ Found 2 files
release-please	UNKNOWN STEP	2026-10-09T09:50:58.5075013Z ❯ Backfilling file list for commit: 43fa5ece57a522c30a1f43dc77bf9987871adeed
release-please	UNKNOWN STEP	2026-10-09T09:50:58.6963155Z ❯ Found 6 files
release-please	UNKNOWN STEP	2026-10-09T09:50:58.6963933Z ❯ Backfilling file list for commit: a6a8c7c80fe768de4a077567911714e9b9e8017f
release-please	UNKNOWN STEP	2026-10-09T09:50:58.8923932Z ❯ Found 2 files
release-please	UNKNOWN STEP	2026-10-09T09:50:58.8925057Z ❯ Backfilling file list for commit: 0e403189512db8c6339c14ce112d10eb4ae752d2
release-please	UNKNOWN STEP	2026-10-09T09:50:59.0520070Z ❯ Found 1 files
release-please	UNKNOWN STEP	2026-10-09T09:50:59.0521274Z ❯ Backfilling file list for commit: 52ea3f99e7fd2f857ee33918a932f6d28442bfb0
release-please	UNKNOWN STEP	2026-10-09T09:50:59.2692178Z ❯ Found 10 files
release-please	UNKNOWN STEP	2026-10-09T09:50:59.2693259Z ❯ Backfilling file list for commit: e59b17919f78489c6cc00a016cf7b40ddbeac76d
release-please	UNKNOWN STEP	2026-10-09T09:50:59.4427747Z ❯ Found 3 files
release-please	UNKNOWN STEP	2026-10-09T09:50:59.4428518Z ❯ Backfilling file list for commit: 0e8c64eeebe92d2edd2fbbda197cc6b11c8eba50
release-please	UNKNOWN STEP	2026-10-09T09:50:59.7037437Z ❯ Found 3 files
release-please	UNKNOWN STEP	2026-10-09T09:50:59.7038649Z ❯ Backfilling file list for commit: d27e57622b8366e0861987e2cf5778e8bba35619
release-please	UNKNOWN STEP	2026-10-09T09:50:59.9300240Z ❯ Found 1 files
release-please	UNKNOWN STEP	2026-10-09T09:50:59.9301559Z ❯ Backfilling file list for commit: 51b18fa267475b4e72f731148f365d54c7c671d4
release-please	UNKNOWN STEP	2026-10-09T09:51:00.1778723Z ❯ Found 13 files
release-please	UNKNOWN STEP	2026-10-09T09:51:00.1779497Z ❯ Backfilling file list for commit: 45753f6cb56be004cd9172aeaf92a3bf7fa3de34
release-please	UNKNOWN STEP	2026-10-09T09:51:00.4050581Z ❯ Found 5 files
release-please	UNKNOWN STEP	2026-10-09T09:51:00.4051846Z ❯ Backfilling file list for commit: 08a7575309973f01a3eba139261ff66c0a67d807
release-please	UNKNOWN STEP	2026-10-09T09:51:00.6408031Z ❯ Found 6 files
release-please	UNKNOWN STEP	2026-10-09T09:51:00.6409406Z ❯ Backfilling file list for commit: f12f5073181a164091bc8b2a2772bcd6ace53e57
release-please	UNKNOWN STEP	2026-10-09T09:51:00.8203897Z ❯ Found 1 files
release-please	UNKNOWN STEP	2026-10-09T09:51:00.8205072Z ❯ Backfilling file list for commit: b743b1d630f85bcae192b9a15c9b420b28728d63
release-please	UNKNOWN STEP	2026-10-09T09:51:01.0021339Z ❯ Found 3 files
release-please	UNKNOWN STEP	2026-10-09T09:51:01.0022552Z ❯ Backfilling file list for commit: 18f333e00b2ec59f1b59ce88a3abe4f95b9fbf6d
release-please	UNKNOWN STEP	2026-10-09T09:51:01.3177915Z ❯ Found 4 files
release-please	UNKNOWN STEP	2026-10-09T09:51:01.3179245Z ❯ Backfilling file list for commit: f817d388a03083332507d689aa95eeed1d09cf88
release-please	UNKNOWN STEP	2026-10-09T09:51:01.4815789Z ❯ Found 2 files
release-please	UNKNOWN STEP	2026-10-09T09:51:01.4817255Z ❯ Backfilling file list for commit: 57358d3abf0a6519d0989528a8f6598f99421873
release-please	UNKNOWN STEP	2026-10-09T09:51:01.6527999Z ❯ Found 2 files
release-please	UNKNOWN STEP	2026-10-09T09:51:01.6529284Z ❯ Backfilling file list for commit: 09f3111c164cd241a0a83e391e8fd2dc46cd415e
release-please	UNKNOWN STEP	2026-10-09T09:51:01.8314982Z ❯ Found 2 files
release-please	UNKNOWN STEP	2026-10-09T09:51:01.8335920Z ❯ Backfilling file list for commit: f25bb9e786800f5a3297bb7cc6163831978b4e31
release-please	UNKNOWN STEP	2026-10-09T09:51:02.0143948Z ❯ Found 2 files
release-please	UNKNOWN STEP	2026-10-09T09:51:02.0145501Z ❯ Backfilling file list for commit: 2910cc677cf21937105b25bec4bcdce9d7d9b66b
release-please	UNKNOWN STEP	2026-10-09T09:51:02.2396818Z ❯ Found 7 files
release-please	UNKNOWN STEP	2026-10-09T09:51:02.2398124Z ❯ Backfilling file list for commit: ace03a5b6b35a70a4415ba7601a010deafbf623c
release-please	UNKNOWN STEP	2026-10-09T09:51:02.4137983Z ❯ Found 1 files
release-please	UNKNOWN STEP	2026-10-09T09:51:02.4139238Z ❯ Backfilling file list for commit: 2fc22a01346e8d2224359ec3278f25db48f16e97
release-please	UNKNOWN STEP	2026-10-09T09:51:02.5824998Z ❯ Found 1 files
release-please	UNKNOWN STEP	2026-10-09T09:51:02.5826276Z ❯ Backfilling file list for commit: 32e514e40bef99f773830a887ac747735006ef67
release-please	UNKNOWN STEP	2026-10-09T09:51:02.7658723Z ❯ Found 2 files
release-please	UNKNOWN STEP	2026-10-09T09:51:02.7659882Z ❯ Backfilling file list for commit: 7e7cb2b80211e7aab4932ac027bab9d2746cc5c9
release-please	UNKNOWN STEP	2026-10-09T09:51:02.9483968Z ❯ Found 4 files
release-please	UNKNOWN STEP	2026-10-09T09:51:02.9484782Z ❯ Backfilling file list for commit: 3f42cb2b8313246432b49daad138e11c7406e47b
release-please	UNKNOWN STEP	2026-10-09T09:51:03.1422253Z ❯ Found 3 files
release-please	UNKNOWN STEP	2026-10-09T09:51:03.1422758Z ❯ Backfilling file list for commit: cbd849108fc77091fe2516d791e1ce4905e7f8cf
release-please	UNKNOWN STEP	2026-10-09T09:51:03.3405278Z ❯ Found 4 files
release-please	UNKNOWN STEP	2026-10-09T09:51:03.3406208Z ❯ Fetching merge commits on branch main with cursor: a0c70d313b0b14786b9738dec5a9ccba8653d1bf 424
release-please	UNKNOWN STEP	2026-10-09T09:51:04.3504488Z ❯ Backfilling file list for commit: 62edcf5535385652f9a22500d3f1a5b144a06a13
release-please	UNKNOWN STEP	2026-10-09T09:51:04.5953404Z ❯ Found 4 files
release-please	UNKNOWN STEP	2026-10-09T09:51:04.5954591Z ❯ Backfilling file list for commit: 778dcfce11db63e21a8cdd314647e6b3c0db6c8f
release-please	UNKNOWN STEP	2026-10-09T09:51:04.8008398Z ❯ Found 21 files
release-please	UNKNOWN STEP	2026-10-09T09:51:04.8009534Z ❯ Backfilling file list for commit: 5805c3a2391d52efc206fc16bf5f2c1bcd15b3ee
release-please	UNKNOWN STEP	2026-10-09T09:51:04.9928784Z ❯ Found 4 files
release-please	UNKNOWN STEP	2026-10-09T09:51:04.9929993Z ❯ Backfilling file list for commit: 80a7d5353b457935bbfb3fd72763c096df04d927
release-please	UNKNOWN STEP	2026-10-09T09:51:05.1778673Z ❯ Found 1 files
release-please	UNKNOWN STEP	2026-10-09T09:51:05.1779918Z ❯ Backfilling file list for commit: bfe8870f5d9f417facbe3618d227aeae525224bc
release-please	UNKNOWN STEP	2026-10-09T09:51:05.3654188Z ❯ Found 1 files
release-please	UNKNOWN STEP	2026-10-09T09:51:05.3655818Z ❯ Backfilling file list for commit: 27833dbac0889cedf495d24ce7d8678f66687fa7
release-please	UNKNOWN STEP	2026-10-09T09:51:05.5785856Z ❯ Found 47 files
release-please	UNKNOWN STEP	2026-10-09T09:51:05.5786845Z ❯ Backfilling file list for commit: 7fd82f6b074801797a58c094b61803c0107972f6
release-please	UNKNOWN STEP	2026-10-09T09:51:05.8087624Z ❯ Found 4 files
release-please	UNKNOWN STEP	2026-10-09T09:51:05.8090751Z ❯ Backfilling file list for commit: 01117350d53ac9d2442c56f0e82bf3d3a6e9ef7c
release-please	UNKNOWN STEP	2026-10-09T09:51:06.0172750Z ❯ Found 6 files
release-please	UNKNOWN STEP	2026-10-09T09:51:06.0173892Z ❯ Backfilling file list for commit: 717ab027ea410e21b6dac80e4c3c0f7a194aab27
release-please	UNKNOWN STEP	2026-10-09T09:51:06.1921177Z ❯ Found 10 files
release-please	UNKNOWN STEP	2026-10-09T09:51:06.1921678Z ❯ Backfilling file list for commit: 219fa81aef8bfbb7b0a15ee251b988b96cb17dcd
release-please	UNKNOWN STEP	2026-10-09T09:51:06.3957853Z ❯ Found 3 files
release-please	UNKNOWN STEP	2026-10-09T09:51:06.3958943Z ❯ Backfilling file list for commit: 38dba3ebcb90f0efebfe40829539a77f8ed83962
release-please	UNKNOWN STEP	2026-10-09T09:51:06.5858910Z ❯ Found 1 files
release-please	UNKNOWN STEP	2026-10-09T09:51:06.5860026Z ❯ Backfilling file list for commit: d2d3348abc12c062d84de7db304e9202f0476003
release-please	UNKNOWN STEP	2026-10-09T09:51:06.7670376Z ❯ Found 4 files
release-please	UNKNOWN STEP	2026-10-09T09:51:06.7671593Z ❯ Backfilling file list for commit: 7d3da9aad09f7d0e42c7f4d1be705835246caaf1
release-please	UNKNOWN STEP	2026-10-09T09:51:07.0261317Z ❯ Found 2 files
release-please	UNKNOWN STEP	2026-10-09T09:51:07.0262404Z ❯ Backfilling file list for commit: 75d8fa8907d053a817072f7b307e45ad6c577412
release-please	UNKNOWN STEP	2026-10-09T09:51:07.2189746Z ❯ Found 5 files
release-please	UNKNOWN STEP	2026-10-09T09:51:07.2190932Z ❯ Backfilling file list for commit: bf2c26365bdf4443efbd0caf863436fd26db45db
release-please	UNKNOWN STEP	2026-10-09T09:51:07.4511567Z ❯ Found 4 files
release-please	UNKNOWN STEP	2026-10-09T09:51:07.4512644Z ❯ Backfilling file list for commit: 3e03c9da1da960fa05b5ed801819e7ac0d0da33e
release-please	UNKNOWN STEP	2026-10-09T09:51:07.6718177Z ❯ Found 58 files
release-please	UNKNOWN STEP	2026-10-09T09:51:07.6719231Z ❯ Backfilling file list for commit: d6cd21aaf8e981036ff567a74dda66b279a008e3
release-please	UNKNOWN STEP	2026-10-09T09:51:07.9189444Z ❯ Found 4 files
release-please	UNKNOWN STEP	2026-10-09T09:51:07.9190547Z ❯ Backfilling file list for commit: c04c435ea9671ec85983213c9c2c6e4dc9e5298e
release-please	UNKNOWN STEP	2026-10-09T09:51:08.1508029Z ❯ Found 1 files
release-please	UNKNOWN STEP	2026-10-09T09:51:08.1509390Z ❯ Backfilling file list for commit: 76fde8cd7f2c08e2ba0a10c0b31ac9cec041c67e
release-please	UNKNOWN STEP	2026-10-09T09:51:08.3392946Z ❯ Found 2 files
release-please	UNKNOWN STEP	2026-10-09T09:51:08.3393980Z ❯ Backfilling file list for commit: 4a56c0e62966fc5f225737d03321c3aded0df64b
release-please	UNKNOWN STEP	2026-10-09T09:51:08.5445567Z ❯ Found 2 files
release-please	UNKNOWN STEP	2026-10-09T09:51:08.5447275Z ❯ Backfilling file list for commit: 997f07b201f799c8dacd01ba568de48e6a81d8d4
release-please	UNKNOWN STEP	2026-10-09T09:51:08.7734968Z ❯ Found 1 files
release-please	UNKNOWN STEP	2026-10-09T09:51:08.7736279Z ❯ Backfilling file list for commit: 30ef8dc9560bd3d17d037bce47d453cdee2988bc
release-please	UNKNOWN STEP	2026-10-09T09:51:08.9457539Z ❯ Found 1 files
release-please	UNKNOWN STEP	2026-10-09T09:51:08.9458832Z ❯ Backfilling file list for commit: 2ce359e204a5249b6af453d83b5126540bb212fa
release-please	UNKNOWN STEP	2026-10-09T09:51:09.1223341Z ❯ Found 1 files
release-please	UNKNOWN STEP	2026-10-09T09:51:09.1224633Z ❯ Backfilling file list for commit: 211b6816e9b06d72249e6dadba04312a6244b302
release-please	UNKNOWN STEP	2026-10-09T09:51:09.3543529Z ❯ Found 1 files
release-please	UNKNOWN STEP	2026-10-09T09:51:09.3544380Z ❯ Backfilling file list for commit: 12ffeb85b81cb180646d5c2c4288080527ec5c7c
release-please	UNKNOWN STEP	2026-10-09T09:51:09.6045279Z ❯ Found 1 files
release-please	UNKNOWN STEP	2026-10-09T09:51:09.6046295Z ❯ Fetching merge commits on branch main with cursor: a0c70d313b0b14786b9738dec5a9ccba8653d1bf 449
release-please	UNKNOWN STEP	2026-10-09T09:51:10.9398107Z ❯ Backfilling file list for commit: c7394f2240e6437a79b12cbc7a0fbdd1f57a276e
release-please	UNKNOWN STEP	2026-10-09T09:51:11.1543052Z ❯ Found 2 files
release-please	UNKNOWN STEP	2026-10-09T09:51:11.1544518Z ❯ Backfilling file list for commit: 69f75ac7a5830bba091b5bd79fa6a177a4cdb9ca
release-please	UNKNOWN STEP	2026-10-09T09:51:11.3514362Z ❯ Found 2 files
release-please	UNKNOWN STEP	2026-10-09T09:51:11.3515473Z ❯ Backfilling file list for commit: 8abd6ec043c308737a821e40e4898a624ee334f2
release-please	UNKNOWN STEP	2026-10-09T09:51:11.5756553Z ❯ Found 4 files
release-please	UNKNOWN STEP	2026-10-09T09:51:11.5757945Z ❯ Backfilling file list for commit: 1d9cfd6412f7c77abf0342dffc9a051de91bf07d
release-please	UNKNOWN STEP	2026-10-09T09:51:11.7841050Z ❯ Found 5 files
release-please	UNKNOWN STEP	2026-10-09T09:51:11.7842892Z ❯ Backfilling file list for commit: 081b3458b6816a17c577c04e5f2ec07ede097532
release-please	UNKNOWN STEP	2026-10-09T09:51:11.9622244Z ❯ Found 8 files
release-please	UNKNOWN STEP	2026-10-09T09:51:11.9624836Z ❯ Backfilling file list for commit: b2ca041686511066b2b4f2cf9c5706f760443a47
release-please	UNKNOWN STEP	2026-10-09T09:51:12.1598564Z ❯ Found 28 files
release-please	UNKNOWN STEP	2026-10-09T09:51:12.1599788Z ❯ Backfilling file list for commit: 8c132f14b0e2fdc84e07e036116f3299ecc023cc
release-please	UNKNOWN STEP	2026-10-09T09:51:12.3392706Z ❯ Found 2 files
release-please	UNKNOWN STEP	2026-10-09T09:51:12.3393636Z ❯ Backfilling file list for commit: d604e2f3b198976b890153e2d7ac7f600bde4fe8
release-please	UNKNOWN STEP	2026-10-09T09:51:12.5882840Z ❯ Found 6 files
release-please	UNKNOWN STEP	2026-10-09T09:51:12.5883741Z ❯ Backfilling file list for commit: 586c19c289ed7c1f40d812105cc80db0f4e0f0e4
release-please	UNKNOWN STEP	2026-10-09T09:51:12.7935866Z ❯ Found 28 files
release-please	UNKNOWN STEP	2026-10-09T09:51:12.7937400Z ❯ Backfilling file list for commit: 6008db4b9456ce9fb615afb7c21c5b7d19a33a94
release-please	UNKNOWN STEP	2026-10-09T09:51:13.0215069Z ❯ Found 28 files
release-please	UNKNOWN STEP	2026-10-09T09:51:13.0216173Z ❯ Backfilling file list for commit: 53474ce488dc059ef21314f6687b3dc11ed57a7b
release-please	UNKNOWN STEP	2026-10-09T09:51:13.2580889Z ❯ Found 1 files
release-please	UNKNOWN STEP	2026-10-09T09:51:13.2582173Z ❯ Backfilling file list for commit: c876375a40a1e117ca8aadb6fa3436cdee872595
release-please	UNKNOWN STEP	2026-10-09T09:51:13.8147362Z ❯ Found 3 files
release-please	UNKNOWN STEP	2026-10-09T09:51:13.8148166Z ❯ Backfilling file list for commit: a84c5452945ec4f4c86da29e3c2006415f556912
release-please	UNKNOWN STEP	2026-10-09T09:51:14.0185076Z ❯ Found 2 files
release-please	UNKNOWN STEP	2026-10-09T09:51:14.0185846Z ❯ Backfilling file list for commit: d17a8487799711c69966be7f6392a386e1dd3904
release-please	UNKNOWN STEP	2026-10-09T09:51:14.2900691Z ❯ Found 4 files
release-please	UNKNOWN STEP	2026-10-09T09:51:14.2901880Z ❯ Backfilling file list for commit: 16b18dcb00c72bdbb4a5ed274a8ec5390363eca3
release-please	UNKNOWN STEP	2026-10-09T09:51:14.5958054Z ❯ Found 5 files
release-please	UNKNOWN STEP	2026-10-09T09:51:14.5959406Z ❯ Backfilling file list for commit: db912d3626e5256dd0232a07a4f371c1e7f7c72c
release-please	UNKNOWN STEP	2026-10-09T09:51:14.8159159Z ❯ Found 1 files
release-please	UNKNOWN STEP	2026-10-09T09:51:14.8160573Z ❯ Backfilling file list for commit: 856ba806177f96de2c82ff2d65f08ac1724c56e7
release-please	UNKNOWN STEP	2026-10-09T09:51:15.0311006Z ❯ Found 1 files
release-please	UNKNOWN STEP	2026-10-09T09:51:15.0312465Z ❯ Backfilling file list for commit: fa9f3924bc6c69ebdb73d7db200c99fb174d5157
release-please	UNKNOWN STEP	2026-10-09T09:51:15.2243022Z ❯ Found 4 files
release-please	UNKNOWN STEP	2026-10-09T09:51:15.2247762Z ❯ Backfilling file list for commit: ffbd0d60b0d46e945c1c49f5524880739d438402
release-please	UNKNOWN STEP	2026-10-09T09:51:15.4481031Z ❯ Found 28 files
release-please	UNKNOWN STEP	2026-10-09T09:51:15.4482004Z ❯ Backfilling file list for commit: 84b1b2f82a7bfadbe10c0697e2678ffda1181a89
release-please	UNKNOWN STEP	2026-10-09T09:51:15.6867924Z ❯ Found 2 files
release-please	UNKNOWN STEP	2026-10-09T09:51:15.6869132Z ❯ Backfilling file list for commit: bccb11bbbc200ea2dd97c1900f1f74f52006846a
release-please	UNKNOWN STEP	2026-10-09T09:51:15.8623318Z ❯ Found 1 files
release-please	UNKNOWN STEP	2026-10-09T09:51:15.8624690Z ❯ Backfilling file list for commit: 26b856786a3c9f7f9654f1ca5ea1f01e9f1f7559
release-please	UNKNOWN STEP	2026-10-09T09:51:16.0918353Z ❯ Found 2 files
release-please	UNKNOWN STEP	2026-10-09T09:51:16.0918857Z ❯ Backfilling file list for commit: 742038d3c74bd0209632c984471854a88ebf7a08
release-please	UNKNOWN STEP	2026-10-09T09:51:16.3425356Z ❯ Found 3 files
release-please	UNKNOWN STEP	2026-10-09T09:51:16.3426187Z ❯ Backfilling file list for commit: 8a9b32ca564e36d18aa8d8cc48ba95a0a86a9245
release-please	UNKNOWN STEP	2026-10-09T09:51:16.5268002Z ❯ Found 2 files
release-please	UNKNOWN STEP	2026-10-09T09:51:16.5269104Z ❯ Backfilling file list for commit: faafeb2e8933a9ec391cae09babac642c4ca0ff0
release-please	UNKNOWN STEP	2026-10-09T09:51:16.7587025Z ❯ Found 1 files
release-please	UNKNOWN STEP	2026-10-09T09:51:16.7588799Z ❯ Fetching merge commits on branch main with cursor: a0c70d313b0b14786b9738dec5a9ccba8653d1bf 474
release-please	UNKNOWN STEP	2026-10-09T09:51:18.5877695Z ❯ Backfilling file list for commit: 595a7be3c5683783168bcd4aa8119f937761615e
release-please	UNKNOWN STEP	2026-10-09T09:51:18.8244379Z ❯ Found 2 files
release-please	UNKNOWN STEP	2026-10-09T09:51:18.8245613Z ❯ Backfilling file list for commit: ac9b5be704ba26e8048fe9fa1aa586c3e31043b3
release-please	UNKNOWN STEP	2026-10-09T09:51:18.9925942Z ❯ Found 2 files
release-please	UNKNOWN STEP	2026-10-09T09:51:18.9926947Z ❯ Backfilling file list for commit: d4d8569b7b099f87c68d1c7f53644111adfcf9e3
release-please	UNKNOWN STEP	2026-10-09T09:51:19.1699436Z ❯ Found 2 files
release-please	UNKNOWN STEP	2026-10-09T09:51:19.1700764Z ❯ Backfilling file list for commit: b1d9cfa962f2baaa8e3ce477335cec7ca580ab1b
release-please	UNKNOWN STEP	2026-10-09T09:51:19.3615188Z ❯ Found 2 files
release-please	UNKNOWN STEP	2026-10-09T09:51:19.3616291Z ❯ Backfilling file list for commit: fbd972bf8808b6e03948118e8d28e370ffe7032d
release-please	UNKNOWN STEP	2026-10-09T09:51:19.5654586Z ❯ Found 26 files
release-please	UNKNOWN STEP	2026-10-09T09:51:19.5655366Z ❯ Backfilling file list for commit: 14e6124a23d9bbb02f01a75d9cac5ed45b0eed2e
release-please	UNKNOWN STEP	2026-10-09T09:51:19.7521173Z ❯ Found 2 files
release-please	UNKNOWN STEP	2026-10-09T09:51:19.7522280Z ❯ Backfilling file list for commit: a9168fe80e3f4382064e641ff667a5c8a3ddce94
release-please	UNKNOWN STEP	2026-10-09T09:51:19.9503821Z ❯ Found 1 files
release-please	UNKNOWN STEP	2026-10-09T09:51:19.9504495Z ❯ Backfilling file list for commit: dedacd25d8544206d5c91552b3f9c56ca723a964
release-please	UNKNOWN STEP	2026-10-09T09:51:20.1386895Z ❯ Found 1 files
release-please	UNKNOWN STEP	2026-10-09T09:51:20.1388081Z ❯ Backfilling file list for commit: 08a01b5828a4451476f7033913dd2ceacc622ebe
release-please	UNKNOWN STEP	2026-10-09T09:51:20.4470465Z ❯ Found 1 files
release-please	UNKNOWN STEP	2026-10-09T09:51:20.4471638Z ❯ Backfilling file list for commit: 44a1aa7636fff6e3f97929017573e630809f850a
release-please	UNKNOWN STEP	2026-10-09T09:51:20.6954580Z ❯ Found 2 files
release-please	UNKNOWN STEP	2026-10-09T09:51:20.6956729Z ❯ Backfilling file list for commit: a7b682132417678a9d30363df13674146265bc42
release-please	UNKNOWN STEP	2026-10-09T09:51:20.9188104Z ❯ Found 11 files
release-please	UNKNOWN STEP	2026-10-09T09:51:20.9189365Z ❯ Backfilling file list for commit: ddd605d1bb0ed672f4d9ae6e21ce551a7f2f23c4
release-please	UNKNOWN STEP	2026-10-09T09:51:24.4738780Z ❯ Found 1776 files
release-please	UNKNOWN STEP	2026-10-09T09:51:24.4740258Z ❯ Backfilling file list for commit: 3f4d72bc36c25bad4109109b819d417414c57c4d
release-please	UNKNOWN STEP	2026-10-09T09:51:24.6448293Z ❯ Found 1 files
release-please	UNKNOWN STEP	2026-10-09T09:51:24.6449726Z ❯ Backfilling file list for commit: db767a0fa5fcdb8a980b1ad567bbaa13ded6b9ce
release-please	UNKNOWN STEP	2026-10-09T09:51:24.8474639Z ❯ Found 2 files
release-please	UNKNOWN STEP	2026-10-09T09:51:24.8475357Z ❯ Backfilling file list for commit: cc6bbd1371c5b5a4356fc6010eb84964e376836c
release-please	UNKNOWN STEP	2026-10-09T09:51:25.0565034Z ❯ Found 1 files
release-please	UNKNOWN STEP	2026-10-09T09:51:25.0566228Z ❯ Backfilling file list for commit: bff5ade08f23b64fdda234910e3332dc17f374de
release-please	UNKNOWN STEP	2026-10-09T09:51:25.2877196Z ❯ Found 4 files
release-please	UNKNOWN STEP	2026-10-09T09:51:25.2881361Z ❯ Backfilling file list for commit: 053076211111a1c44808dac2ccf560795338bdcf
release-please	UNKNOWN STEP	2026-10-09T09:51:25.5255364Z ❯ Found 1 files
release-please	UNKNOWN STEP	2026-10-09T09:51:25.5256404Z ❯ Backfilling file list for commit: bc08c9f7b1de7a8b3a4f770403cb793bc32fb903
release-please	UNKNOWN STEP	2026-10-09T09:51:25.7680219Z ❯ Found 1 files
release-please	UNKNOWN STEP	2026-10-09T09:51:25.7681608Z ❯ Backfilling file list for commit: 0b3ce670dd04f57634ae26617f4382d51ea09250
release-please	UNKNOWN STEP	2026-10-09T09:51:25.9637593Z ❯ Found 6 files
release-please	UNKNOWN STEP	2026-10-09T09:51:25.9638791Z ❯ Backfilling file list for commit: 88c30e2558e995f8f428b46e0d24f3004821d232
release-please	UNKNOWN STEP	2026-10-09T09:51:26.1585850Z ❯ Found 6 files
release-please	UNKNOWN STEP	2026-10-09T09:51:26.1587289Z ❯ Backfilling file list for commit: 16426b7c9ba078064e78f7b2adba8917530a5c42
release-please	UNKNOWN STEP	2026-10-09T09:51:26.3327822Z ❯ Found 8 files
release-please	UNKNOWN STEP	2026-10-09T09:51:26.3329112Z ❯ Backfilling file list for commit: 446ceb00290a167c465cf18d9913d176ae51d3fb
release-please	UNKNOWN STEP	2026-10-09T09:51:29.7227885Z ❯ Found 1759 files
release-please	UNKNOWN STEP	2026-10-09T09:51:29.7307473Z ❯ Backfilling file list for commit: 606a2ae741b00d14fd2d6cd7939a9ae89a120d05
release-please	UNKNOWN STEP	2026-10-09T09:51:29.9152415Z ❯ Found 3 files
release-please	UNKNOWN STEP	2026-10-09T09:51:29.9153859Z ✔ Splitting 500 commits by path
release-please	UNKNOWN STEP	2026-10-09T09:51:29.9205781Z ✔ Building candidate release pull request for path: .
release-please	UNKNOWN STEP	2026-10-09T09:51:29.9214582Z ❯ type: node
release-please	UNKNOWN STEP	2026-10-09T09:51:29.9215286Z ❯ targetBranch: main
release-please	UNKNOWN STEP	2026-10-09T09:51:29.9234362Z ❯ commit could not be parsed: 79374ac1def015cd22660379c27aec1084db7322 Merge pull request #175 from consensys-vertical-apps/INFRA-4094-pin-shared-workflows-v1.19.1
release-please	UNKNOWN STEP	2026-10-09T09:51:29.9527416Z ❯ commit could not be parsed: 4b1d5bbca5b46dd12bb8007b29e79c3050782088 Add Portfolio, Advanced Trading, Bot Strategies, Electron support (#167)
release-please	UNKNOWN STEP	2026-10-09T09:51:29.9539809Z ❯ commit could not be parsed: dbc9683f70e8e8bfee52c77b920e03a2d369fc50 Merge pull request #160 from consensys-vertical-apps/add-rewards-api-client
release-please	UNKNOWN STEP	2026-10-09T09:51:29.9547411Z ❯ commit could not be parsed: 66be0c5077650ba22ef639af367db214545ba3bb Merge pull request #138 from consensys-vertical-apps/TTT-147-order-form-data-layer
release-please	UNKNOWN STEP	2026-10-09T09:51:29.9549496Z ❯ commit could not be parsed: 4b812340f646a0f62e5f08754f092c32c19476da Update Dockerfile
release-please	UNKNOWN STEP	2026-10-09T09:51:29.9550997Z ❯ commit could not be parsed: c4a91d2088d4bbf992e6d16b229bba985df72447 Update .gitignore
release-please	UNKNOWN STEP	2026-10-09T09:51:29.9552792Z ❯ commit could not be parsed: 5045eb529197356098daaf574431288483b7ca5f Update .gitignore
release-please	UNKNOWN STEP	2026-10-09T09:51:29.9554290Z ❯ commit could not be parsed: 22901884b48b859b2659cb2df1692c88ea85727f Update .gitignore
release-please	UNKNOWN STEP	2026-10-09T09:51:29.9556069Z ❯ commit could not be parsed: ea77c2efa2dc1f0842d2e48eb6975af0a26df39e Merge branch 'main' into TTT-147-order-form-data-layer
release-please	UNKNOWN STEP	2026-10-09T09:51:29.9558532Z ❯ commit could not be parsed: a99651a1289cc6942c1e1003599887e3fc83c06e Merge pull request #159 from consensys-vertical-apps/normalize-symbols
release-please	UNKNOWN STEP	2026-10-09T09:51:29.9569919Z ❯ commit could not be parsed: a2af07d34218295eb0e9f3e7c9fafd3be7e2af29 Merge pull request #158 from consensys-vertical-apps/TTT-156-frontend-plug-trades-to-live-data
release-please	UNKNOWN STEP	2026-10-09T09:51:29.9576040Z ❯ commit could not be parsed: fbf9bb1edccf949346c823d25636304d8b16ac55 Merge pull request #157 from consensys-vertical-apps/feat/hide-vercel-analytics
release-please	UNKNOWN STEP	2026-10-09T09:51:29.9578802Z ❯ commit could not be parsed: e1d89b04106063dbcf9cc7bf9ec26fedb541701d Merge branch 'main' into feat/hide-vercel-analytics
release-please	UNKNOWN STEP	2026-10-09T09:51:29.9581303Z ❯ commit could not be parsed: 44d91034305fa9178a9a46ea9bffaf0cb291e7a9 Merge pull request #155 from consensys-vertical-apps/gracefully-handle-malformed-positions-and-orders
release-please	UNKNOWN STEP	2026-10-09T09:51:29.9589989Z ❯ commit could not be parsed: 37ff64bc7f6c60b0da263bc396e21eff90a2f594 feat/hide-vercel
release-please	UNKNOWN STEP	2026-10-09T09:51:29.9592203Z ❯ commit could not be parsed: b032d6ec10ac28b350efd6d0f7a82a6361b53e37 Merge pull request #154 from consensys-vertical-apps/feat/vercel-analytics-2
release-please	UNKNOWN STEP	2026-10-09T09:51:29.9594408Z ❯ commit could not be parsed: 9cbeb66bd11a0096fb9c629668b9401febcd0f6c Merge branch 'main' into feat/vercel-analytics-2
release-please	UNKNOWN STEP	2026-10-09T09:51:29.9597143Z ❯ commit could not be parsed: d8f7315dd0509a3f23d72ee2906adc3472609c70 Merge pull request #143 from consensys-vertical-apps/feat/custom-stream-channels
release-please	UNKNOWN STEP	2026-10-09T09:51:29.9599449Z ❯ commit could not be parsed: 16371590b8bf9a1a74f1eb86818d07e4167ffb0d Merge branch 'main' into feat/custom-stream-channels
release-please	UNKNOWN STEP	2026-10-09T09:51:29.9601277Z ❯ commit could not be parsed: 4bbe0253b4668842ff14a65af40ab1c62f21f186 Revert "chore: merge main"
release-please	UNKNOWN STEP	2026-10-09T09:51:29.9603350Z ❯ commit could not be parsed: 4057af2cae0adb86ecb95d5d8eff35c61b4767e4 Merge pull request #153 from consensys-vertical-apps/TTT--136-tradingview-history
release-please	UNKNOWN STEP	2026-10-09T09:51:29.9607106Z ❯ commit could not be parsed: f0fb024f421234a0878a4e59aee9f3c118e21500 Merge branch 'main' into TTT--136-tradingview-history
release-please	UNKNOWN STEP	2026-10-09T09:51:29.9609364Z ❯ commit could not be parsed: 8e8e5a39a14d092debba948f73bb3c398c7bbce1 Merge pull request #152 from consensys-vertical-apps/TTT-134-chart-reset-cache
release-please	UNKNOWN STEP	2026-10-09T09:51:29.9611784Z ❯ commit could not be parsed: f59b4d4ed4d876f0f1d639011574e28be6e89090 Merge pull request #136 from consensys-vertical-apps/TTT-142-suspense-islands
release-please	UNKNOWN STEP	2026-10-09T09:51:29.9613997Z ❯ commit could not be parsed: a8ae24267b178ba3568ebe9fc135a10d10ec9b8c Merge branch 'main' into TTT-142-suspense-islands
release-please	UNKNOWN STEP	2026-10-09T09:51:29.9620673Z ❯ commit could not be parsed: a670a1668e55e7f4868d3429a108012d4a09e026 Merge pull request #147 from consensys-vertical-apps/fix/ecosystems-view-horizontal-scroll
release-please	UNKNOWN STEP	2026-10-09T09:51:29.9623089Z ❯ commit could not be parsed: d272281b0009c27ca29e982c543161c7dc808865 Merge branch 'main' into fix/ecosystems-view-horizontal-scroll
release-please	UNKNOWN STEP	2026-10-09T09:51:29.9629616Z ❯ commit could not be parsed: 3d6331d4e915eca6f6f55660cc43111ffeaf7699 Merge pull request #145 from consensys-vertical-apps/fix/TTT-137-frontend-perps-table-not-scrollable
release-please	UNKNOWN STEP	2026-10-09T09:51:29.9678910Z ❯ commit could not be parsed: 69a468d6867bb497e21fe806fb0918a84295aa53 Update package-lock.json
release-please	UNKNOWN STEP	2026-10-09T09:51:29.9681142Z ❯ commit could not be parsed: 1bc1e46b6e66963eab2a528a8e86c898941ce09b Update package-lock.json
release-please	UNKNOWN STEP	2026-10-09T09:51:29.9682907Z ❯ commit could not be parsed: e899a420493df20334b8abd21351de59faec82b7 Update package-lock.json
release-please	UNKNOWN STEP	2026-10-09T09:51:29.9684482Z ❯ commit could not be parsed: 2e30ba0d543ff602bab58c04aaacf51663a750fd Update package-lock.json
release-please	UNKNOWN STEP	2026-10-09T09:51:29.9690424Z ❯ commit could not be parsed: 5caaeb124ef6e19b879e76b6d9c675d114114541 Merge pull request #139 from consensys-vertical-apps/refactor/migrate-orders
release-please	UNKNOWN STEP	2026-10-09T09:51:29.9707214Z ❯ commit could not be parsed: ad4c887bdc351e7e9cc1f3921e830740bbac137b Merge pull request #137 from consensys-vertical-apps/migrate-positions
release-please	UNKNOWN STEP	2026-10-09T09:51:29.9717158Z ❯ commit could not be parsed: b56eb755d45b8f7ed97fc46b5c1defef13963083 Merge branch 'main' into TTT-142-suspense-islands
release-please	UNKNOWN STEP	2026-10-09T09:51:29.9728392Z ❯ commit could not be parsed: 659fe96adc9449229193f6c70c5ecf2f03b6b098 Merge pull request #135 from consensys-vertical-apps/add-iperpsprovider
release-please	UNKNOWN STEP	2026-10-09T09:51:29.9730887Z ❯ commit could not be parsed: e12c05ae18976a867844497243a0fc5a8658b250 Merge pull request #76 from consensys-vertical-apps/TTT-83-order-performance-2
release-please	UNKNOWN STEP	2026-10-09T09:51:29.9750675Z ❯ commit could not be parsed: f11e2e32b00ba833d2f7895c363aa9345be959ce Merge branch 'main' into TTT-83-order-performance-2
release-please	UNKNOWN STEP	2026-10-09T09:51:29.9754854Z ❯ commit could not be parsed: 12acacf2c4bd5ee632b540ce3aaaf6d8f2a79ce4 Merge pull request #133 from consensys-vertical-apps/TTT-133-live-order-book
release-please	UNKNOWN STEP	2026-10-09T09:51:29.9757223Z ❯ commit could not be parsed: aaa1316375af795982a31dd059bf58e7a0e10273 Squashed commit of the following:
release-please	UNKNOWN STEP	2026-10-09T09:51:29.9759223Z ❯ commit could not be parsed: cc8b9559a9cfb6aa559616735b20579135e07d98 Merge pull request #132 from consensys-vertical-apps/next-CVE-2025-66478
release-please	UNKNOWN STEP	2026-10-09T09:51:29.9764208Z ❯ commit could not be parsed: e61319e065e49ca6c6a573f3e8184f970fc02af4 Merge pull request #130 from consensys-vertical-apps/bug-ttt-132-historical-range
release-please	UNKNOWN STEP	2026-10-09T09:51:29.9767071Z ❯ commit could not be parsed: 00663c49c338f965ec70ea3a634960f42545b638 Merge pull request #129 from consensys-vertical-apps/bug-ttt-131-validate-account
release-please	UNKNOWN STEP	2026-10-09T09:51:29.9771462Z ❯ commit could not be parsed: d9fbe80b9246f787550262bddead0c5750376a7a Merge pull request #126 from consensys-vertical-apps/TTT-127-open-orders-data-layer
release-please	UNKNOWN STEP	2026-10-09T09:51:29.9780048Z ❯ commit could not be parsed: a7a103a2b9efd6ff4593807518e3ebe3f5f6f054 Merge pull request #127 from consensys-vertical-apps/hyperliquid-l-non-capital
release-please	UNKNOWN STEP	2026-10-09T09:51:29.9782478Z ❯ commit could not be parsed: 1f412f7fe66cedc7036d27dca8debe514b2cfdeb Merge pull request #121 from consensys-vertical-apps/TTT-X-2-trading-view-data
release-please	UNKNOWN STEP	2026-10-09T09:51:29.9791945Z ❯ commit could not be parsed: 1096940a3c7fe1b0ed1af3e8434aa9584102b356 Merge branch 'main' into TTT-X-2-trading-view-data
release-please	UNKNOWN STEP	2026-10-09T09:51:29.9794344Z ❯ commit could not be parsed: 33c2cd6ed365c029e2a29f3e954e616a6edc555b Merge pull request #111 from consensys-vertical-apps/feat-ttt-116-chart-styles
release-please	UNKNOWN STEP	2026-10-09T09:51:29.9796745Z ❯ commit could not be parsed: 60b328254473486b098baf00e4f9ed993b1f7cb5 Merge branch 'main' into TTT-X-2-trading-view-data
release-please	UNKNOWN STEP	2026-10-09T09:51:29.9799160Z ❯ commit could not be parsed: 33ed339ce0f2cfb18cc478b67a41291b5a924442 Merge pull request #122 from consensys-vertical-apps/feat/funding-countdown
release-please	UNKNOWN STEP	2026-10-09T09:51:29.9801255Z ❯ commit could not be parsed: 67a62f11f544d1294890a56a516dd9a1d172a6ca Merge branch 'main' into feat/funding-countdown
release-please	UNKNOWN STEP	2026-10-09T09:51:29.9803148Z ❯ commit could not be parsed: 871b020e0756f71061a87fea52b16517da6fc263 Merge branch 'main' into TTT-X-2-trading-view-data
release-please	UNKNOWN STEP	2026-10-09T09:51:29.9805190Z ❯ commit could not be parsed: 56307eefc916cd67e54c660f2ee44e65d01ed452 Merge branch 'TTT-X-data-layer' into TTT-X-2-trading-view-data
release-please	UNKNOWN STEP	2026-10-09T09:51:29.9807612Z ❯ commit could not be parsed: 0a65945e55b8ca74cff7712982a60f2cc5ee91e4 Merge pull request #119 from consensys-vertical-apps/TTT-X-data-layer
release-please	UNKNOWN STEP	2026-10-09T09:51:29.9811086Z ❯ commit could not be parsed: 46803432b187e392a23706350d7c534eb63fc6a5 Merge pull request #120 from consensys-vertical-apps/TTT-126-frontend-scale-order-book-levels-height-to-take-all-available-height
release-please	UNKNOWN STEP	2026-10-09T09:51:29.9862201Z ❯ commit could not be parsed: 7091d0a7ed6cf1fb56f1059fef9391de6aef8ee9 Merge branch 'main' into TTT-X-data-layer
release-please	UNKNOWN STEP	2026-10-09T09:51:29.9870817Z ❯ commit could not be parsed: 92546e22a23354aa154191d995dfe696d9f057bc Merge pull request #117 from consensys-vertical-apps/TTT-118-limit-orders
release-please	UNKNOWN STEP	2026-10-09T09:51:29.9873070Z ❯ commit could not be parsed: c6d4586b00eb14fb5b167371906677cb355acee9 Merge branch 'main' into TTT-118-limit-orders
release-please	UNKNOWN STEP	2026-10-09T09:51:29.9875322Z ❯ commit could not be parsed: 23c255cf8807268b16d811b4a6364447ec976d8a Merge pull request #118 from consensys-vertical-apps/TTT-84-frontend-trade-detail-page-layout
release-please	UNKNOWN STEP	2026-10-09T09:51:29.9877841Z ❯ commit could not be parsed: 2e200ee1f6de6a3ae926bfc5f1a58427f8ec3b7f Merge branch 'main' into feat-ttt-116-chart-styles
release-please	UNKNOWN STEP	2026-10-09T09:51:29.9882543Z ❯ commit could not be parsed: 94714ab350d2ed9661856296ed524b5efe087997 Merge pull request #115 from consensys-vertical-apps/TTT-72-frontend-token-detail-trades-ui
release-please	UNKNOWN STEP	2026-10-09T09:51:29.9885024Z ❯ commit could not be parsed: 7061cbecb15df29186db2ce16f1c3c32133e3606 Update src/features/perpetuals/order/components/Trades/Trades.css.ts
release-please	UNKNOWN STEP	2026-10-09T09:51:29.9887665Z ❯ commit could not be parsed: 0dedc249e0dfcac576015c308e0bf0c404cdc14e Merge branch 'main' into feat-ttt-116-chart-styles
release-please	UNKNOWN STEP	2026-10-09T09:51:29.9893370Z ❯ commit could not be parsed: 38bf5d542361e50fb36f6ce491e5568c6477b6dd Merge branch 'main' into TTT-72-frontend-token-detail-trades-ui
release-please	UNKNOWN STEP	2026-10-09T09:51:29.9895663Z ❯ commit could not be parsed: d4fdd57164b1181f44acff1d020afaf44611d726 Merge pull request #113 from consensys-vertical-apps/TTT-90-1-user-positions-ui
release-please	UNKNOWN STEP	2026-10-09T09:51:29.9904430Z ❯ commit could not be parsed: c4e6fc184716abd6c39d704fa339d781b48f48e9 Merge branch 'main' into TTT-72-frontend-token-detail-trades-ui
release-please	UNKNOWN STEP	2026-10-09T09:51:29.9906924Z ❯ commit could not be parsed: e04715566436681e8096fd83100d7a332e11cfd8 Merge pull request #112 from consensys-vertical-apps/fix-button-toggle-props
release-please	UNKNOWN STEP	2026-10-09T09:51:29.9909455Z ❯ commit could not be parsed: 6bf391351731cb6eca46e41eda184264ed73a91c Merge pull request #116 from consensys-vertical-apps/TTT-117-fix-order-tabs
release-please	UNKNOWN STEP	2026-10-09T09:51:29.9923217Z ❯ commit could not be parsed: 778dcfce11db63e21a8cdd314647e6b3c0db6c8f Merge pull request #108 from consensys-vertical-apps/TTT-105-order-book-style-fixes
release-please	UNKNOWN STEP	2026-10-09T09:51:29.9925780Z ❯ commit could not be parsed: 27833dbac0889cedf495d24ce7d8678f66687fa7 Merge branch 'main' into TTT-105-order-book-style-fixes
release-please	UNKNOWN STEP	2026-10-09T09:51:29.9934474Z ❯ commit could not be parsed: 717ab027ea410e21b6dac80e4c3c0f7a194aab27 Merge pull request #107 from consensys-vertical-apps/animate-order-direction-toggle
release-please	UNKNOWN STEP	2026-10-09T09:51:29.9937013Z ❯ commit could not be parsed: 3e03c9da1da960fa05b5ed801819e7ac0d0da33e Merge branch 'main' into animate-order-direction-toggle
release-please	UNKNOWN STEP	2026-10-09T09:51:29.9939282Z ❯ commit could not be parsed: d6cd21aaf8e981036ff567a74dda66b279a008e3 Merge pull request #110 from consensys-vertical-apps/fix-order-book-state
release-please	UNKNOWN STEP	2026-10-09T09:51:29.9945199Z ❯ commit could not be parsed: 081b3458b6816a17c577c04e5f2ec07ede097532 Merge pull request #109 from consensys-vertical-apps/feat-order-book-aggregation-and-unit
release-please	UNKNOWN STEP	2026-10-09T09:51:29.9947806Z ❯ commit could not be parsed: b2ca041686511066b2b4f2cf9c5706f760443a47 Merge branch 'main' into feat-order-book-aggregation-and-unit
release-please	UNKNOWN STEP	2026-10-09T09:51:29.9950079Z ❯ commit could not be parsed: 586c19c289ed7c1f40d812105cc80db0f4e0f0e4 Merge pull request #88 from consensys-vertical-apps/feat-ttt-80-advanced-charts
release-please	UNKNOWN STEP	2026-10-09T09:51:29.9952186Z ❯ commit could not be parsed: 6008db4b9456ce9fb615afb7c21c5b7d19a33a94 Merge branch 'main' into feat-ttt-80-advanced-charts
release-please	UNKNOWN STEP	2026-10-09T09:51:29.9955743Z ❯ commit could not be parsed: ffbd0d60b0d46e945c1c49f5524880739d438402 Merge pull request #106 from consensys-vertical-apps/feat-order-book-aggregation-and-unit
release-please	UNKNOWN STEP	2026-10-09T09:51:29.9966922Z ❯ commit could not be parsed: b1d9cfa962f2baaa8e3ce477335cec7ca580ab1b Merge branch 'main' into feat-order-book-aggregation-and-unit
release-please	UNKNOWN STEP	2026-10-09T09:51:29.9982513Z ❯ commit could not be parsed: a7b682132417678a9d30363df13674146265bc42 Merge branch 'main' into feat-ttt-80-advanced-charts
release-please	UNKNOWN STEP	2026-10-09T09:51:29.9985041Z ❯ commit could not be parsed: ddd605d1bb0ed672f4d9ae6e21ce551a7f2f23c4 Merge pull request #102 from consensys-vertical-apps/feat-ttt-80-advanced-charts-s3
release-please	UNKNOWN STEP	2026-10-09T09:51:29.9995098Z ⚠ No latest release pull request found.
release-please	UNKNOWN STEP	2026-10-09T09:51:29.9996796Z ❯ commit could not be parsed: c2d6884f678d8b75d6ed09908086671c7c9d58c9 Merge pull request #101 from consensys-vertical-apps/TTT-102-limit-order-price
release-please	UNKNOWN STEP	2026-10-09T09:51:29.9998485Z ❯ commits: 420
release-please	UNKNOWN STEP	2026-10-09T09:51:29.9999033Z ✔ Considering: 420 commits
release-please	UNKNOWN STEP	2026-10-09T09:51:30.0002341Z ❯ component: 
release-please	UNKNOWN STEP	2026-10-09T09:51:30.0006744Z ❯ pull request title pattern: undefined
release-please	UNKNOWN STEP	2026-10-09T09:51:30.0010458Z ❯ Fetching package.json from branch main
release-please	UNKNOWN STEP	2026-10-09T09:51:31.7687959Z ✔ Looking for open release pull requests
release-please	UNKNOWN STEP	2026-10-09T09:51:32.0983981Z ✔ found 0 open release pull requests.
release-please	UNKNOWN STEP	2026-10-09T09:51:32.0986766Z ✔ Looking for snoozed release pull requests
release-please	UNKNOWN STEP	2026-10-09T09:51:33.9604043Z ✔ found 0 snoozed release pull requests.
release-please	UNKNOWN STEP	2026-10-09T09:51:33.9610064Z ❯ Fetching package-lock.json from branch main
release-please	UNKNOWN STEP	2026-10-09T09:51:34.2465686Z ✔ updating from 0.1.0 to 1.0.0
release-please	UNKNOWN STEP	2026-10-09T09:51:34.2622909Z ❯ Fetching npm-shrinkwrap.json from branch main
release-please	UNKNOWN STEP	2026-10-09T09:51:34.2624445Z ⚠ file npm-shrinkwrap.json did not exist
release-please	UNKNOWN STEP	2026-10-09T09:51:34.2625456Z ⚠ file samples/package.json did not exist
release-please	UNKNOWN STEP	2026-10-09T09:51:34.2626128Z ❯ Fetching samples/package.json from branch main
release-please	UNKNOWN STEP	2026-10-09T09:51:34.2627464Z ❯ Fetching CHANGELOG.md from branch main
release-please	UNKNOWN STEP	2026-10-09T09:51:34.2628391Z ❯ Fetching package.json from branch main
release-please	UNKNOWN STEP	2026-10-09T09:51:34.2630609Z ✔ updating from 0.1.0 to 1.0.0
release-please	UNKNOWN STEP	2026-10-09T09:51:34.2633239Z ❯ Fetching changelog.json from branch main
release-please	UNKNOWN STEP	2026-10-09T09:51:34.2634324Z ⚠ file changelog.json did not exist
release-please	UNKNOWN STEP	2026-10-09T09:51:34.2635314Z ❯ Fetching .release-please-manifest.json from branch main
release-please	UNKNOWN STEP	2026-10-09T09:51:34.2636283Z ⚠ file .release-please-manifest.json did not exist
release-please	UNKNOWN STEP	2026-10-09T09:51:34.2639683Z ✔ Starting GitHub PR workflow...
release-please	UNKNOWN STEP	2026-10-09T09:51:34.4548677Z ✔ Successfully found branch HEAD sha "a0c70d313b0b14786b9738dec5a9ccba8653d1bf".
release-please	UNKNOWN STEP	2026-10-09T09:51:34.6623656Z ✔ Skipping branch creation step...
release-please	UNKNOWN STEP	2026-10-09T09:51:34.8084832Z ✔ Got the latest commit tree
release-please	UNKNOWN STEP	2026-10-09T09:51:35.7255388Z ✔ Successfully created a tree with the desired changes with SHA be6d2d38883fe74b4ff6ab7f8c46492b054579af
release-please	UNKNOWN STEP	2026-10-09T09:51:36.3664377Z ✔ Successfully created commit. See commit at https://api.github.com/repos/consensys-vertical-apps/va-mmcx-terminal/git/commits/8c571ff48e1b14dc5d3fb0bce46255c71e6bb81a
release-please	UNKNOWN STEP	2026-10-09T09:51:36.3668209Z ✔ Updating reference heads/release-please--branches--main--components--terminal to 8c571ff48e1b14dc5d3fb0bce46255c71e6bb81a
release-please	UNKNOWN STEP	2026-10-09T09:51:36.9980452Z ##[error]release-please failed: Error updating ref heads/release-please--branches--main--components--terminal to 8c571ff48e1b14dc5d3fb0bce46255c71e6bb81a
release-please	UNKNOWN STEP	2026-10-09T09:51:37.0295865Z Evaluate and set job outputs
release-please	UNKNOWN STEP	2026-10-09T09:51:37.0303628Z Set output 'releases_created'
release-please	UNKNOWN STEP	2026-10-09T09:51:37.0305424Z Cleaning up orphan processes
release-please	UNKNOWN STEP	2026-10-09T09:51:37.0584893Z ##[warning]Node.js 20 is deprecated. The following actions target Node.js 20 but are being forced to run on Node.js 24: google-github-actions/release-please-action@v4. For more information see: https://github.blog/changelog/2025-09-19-deprecation-of-node-20-on-github-actions-runners/
deploy-storybook	UNKNOWN STEP	﻿2026-10-09T10:00:21.8274028Z Current runner version: '2.337.0'
deploy-storybook	UNKNOWN STEP	2026-10-09T10:00:21.8290590Z ##[group]Runner Image Provisioner
deploy-storybook	UNKNOWN STEP	2026-10-09T10:00:21.8291281Z Hosted Compute Agent
deploy-storybook	UNKNOWN STEP	2026-10-09T10:00:21.8291662Z Version: 20261002.596
deploy-storybook	UNKNOWN STEP	2026-10-09T10:00:21.8292076Z Commit: c3d12f3313a95f25162a1503be624f3b0617f8c0
deploy-storybook	UNKNOWN STEP	2026-10-09T10:00:21.8292502Z Build Date: 2026-10-02T22:28:27Z
deploy-storybook	UNKNOWN STEP	2026-10-09T10:00:21.8292952Z Worker ID: {7bc9db28-f21e-4243-b969-9e56fd7c68c4}
deploy-storybook	UNKNOWN STEP	2026-10-09T10:00:21.8293406Z Region: centralus
deploy-storybook	UNKNOWN STEP	2026-10-09T10:00:21.8293768Z Cloud: Azure
deploy-storybook	UNKNOWN STEP	2026-10-09T10:00:21.8294125Z ##[endgroup]
deploy-storybook	UNKNOWN STEP	2026-10-09T10:00:21.8294924Z ##[group]Operating System
deploy-storybook	UNKNOWN STEP	2026-10-09T10:00:21.8295541Z Ubuntu
deploy-storybook	UNKNOWN STEP	2026-10-09T10:00:21.8295899Z 24.04.5
deploy-storybook	UNKNOWN STEP	2026-10-09T10:00:21.8296236Z LTS
deploy-storybook	UNKNOWN STEP	2026-10-09T10:00:21.8296564Z ##[endgroup]
deploy-storybook	UNKNOWN STEP	2026-10-09T10:00:21.8296905Z ##[group]Runner Image
deploy-storybook	UNKNOWN STEP	2026-10-09T10:00:21.8297272Z Image: ubuntu-24.04
deploy-storybook	UNKNOWN STEP	2026-10-09T10:00:21.8297649Z Version: 20261004.327.1
deploy-storybook	UNKNOWN STEP	2026-10-09T10:00:21.8298414Z Included Software: https://github.com/actions/runner-images/blob/ubuntu24/20261004.327/images/ubuntu/Ubuntu2404-Readme.md
deploy-storybook	UNKNOWN STEP	2026-10-09T10:00:21.8299315Z Image Release: https://github.com/actions/runner-images/releases/tag/ubuntu24%2F20261004.327
deploy-storybook	UNKNOWN STEP	2026-10-09T10:00:21.8299872Z ##[endgroup]
deploy-storybook	UNKNOWN STEP	2026-10-09T10:00:21.8300617Z ##[group]GITHUB_TOKEN Permissions
deploy-storybook	UNKNOWN STEP	2026-10-09T10:00:21.8302082Z Contents: read
deploy-storybook	UNKNOWN STEP	2026-10-09T10:00:21.8302496Z Metadata: read
deploy-storybook	UNKNOWN STEP	2026-10-09T10:00:21.8302829Z Pages: write
deploy-storybook	UNKNOWN STEP	2026-10-09T10:00:21.8303179Z ##[endgroup]
deploy-storybook	UNKNOWN STEP	2026-10-09T10:00:21.8304547Z Secret source: Actions
deploy-storybook	UNKNOWN STEP	2026-10-09T10:00:21.8305129Z Cache mode: write
deploy-storybook	UNKNOWN STEP	2026-10-09T10:00:21.8305537Z Prepare workflow directory
deploy-storybook	UNKNOWN STEP	2026-10-09T10:00:21.9492257Z Prepare all required actions
deploy-storybook	UNKNOWN STEP	2026-10-09T10:00:21.9574614Z Getting action download info
deploy-storybook	UNKNOWN STEP	2026-10-09T10:00:22.2207418Z Download action repository 'actions/checkout@v4' (SHA:11d5960a326750d5838078e36cf38b85af677262)
deploy-storybook	UNKNOWN STEP	2026-10-09T10:00:23.2463746Z Download action repository 'actions/setup-node@v4' (SHA:49933ea5288caeca8642d1e84afbd3f7d6820020)
deploy-storybook	UNKNOWN STEP	2026-10-09T10:00:23.6834874Z Download action repository 'actions/configure-pages@v4' (SHA:1f0c5cde4bc74cd7e1254d0cb4de8d49e9068c7d)
deploy-storybook	UNKNOWN STEP	2026-10-09T10:00:24.0061876Z Download action repository 'actions/upload-pages-artifact@v3' (SHA:56afc609e74202658d3ffba0e8f6dda462b719fa)
deploy-storybook	UNKNOWN STEP	2026-10-09T10:00:24.1715447Z Download action repository 'actions/deploy-pages@v4' (SHA:d6db90164ac5ed86f2b6aed7e0febac5b3c0c03e)
deploy-storybook	UNKNOWN STEP	2026-10-09T10:00:24.8534231Z Getting action download info
deploy-storybook	UNKNOWN STEP	2026-10-09T10:00:24.9503283Z Download action repository 'actions/upload-artifact@v4' (SHA:ea165f8d65b6e75b540449e92b4886f43607fa02)
deploy-storybook	UNKNOWN STEP	2026-10-09T10:00:25.1823739Z Complete job name: deploy-storybook
deploy-storybook	UNKNOWN STEP	2026-10-09T10:00:25.2318949Z ##[group]Run actions/checkout@v4
deploy-storybook	UNKNOWN STEP	2026-10-09T10:00:25.2319376Z with:
deploy-storybook	UNKNOWN STEP	2026-10-09T10:00:25.2319589Z   repository: consensys-vertical-apps/va-mmcx-terminal
deploy-storybook	UNKNOWN STEP	2026-10-09T10:00:25.2322088Z   token: ***
deploy-storybook	UNKNOWN STEP	2026-10-09T10:00:25.2322266Z   ssh-strict: true
deploy-storybook	UNKNOWN STEP	2026-10-09T10:00:25.2322440Z   ssh-user: git
deploy-storybook	UNKNOWN STEP	2026-10-09T10:00:25.2322613Z   persist-credentials: true
deploy-storybook	UNKNOWN STEP	2026-10-09T10:00:25.2322818Z   clean: true
deploy-storybook	UNKNOWN STEP	2026-10-09T10:00:25.2323037Z   sparse-checkout-cone-mode: true
deploy-storybook	UNKNOWN STEP	2026-10-09T10:00:25.2323241Z   fetch-depth: 1
deploy-storybook	UNKNOWN STEP	2026-10-09T10:00:25.2323412Z   fetch-tags: false
deploy-storybook	UNKNOWN STEP	2026-10-09T10:00:25.2323596Z   show-progress: true
deploy-storybook	UNKNOWN STEP	2026-10-09T10:00:25.2323781Z   lfs: false
deploy-storybook	UNKNOWN STEP	2026-10-09T10:00:25.2323933Z   submodules: false
deploy-storybook	UNKNOWN STEP	2026-10-09T10:00:25.2324102Z   set-safe-directory: true
deploy-storybook	UNKNOWN STEP	2026-10-09T10:00:25.2324301Z   allow-unsafe-pr-checkout: false
deploy-storybook	UNKNOWN STEP	2026-10-09T10:00:25.2324777Z ##[endgroup]
deploy-storybook	UNKNOWN STEP	2026-10-09T10:00:25.3142006Z Syncing repository: consensys-vertical-apps/va-mmcx-terminal
deploy-storybook	UNKNOWN STEP	2026-10-09T10:00:25.3143479Z ##[group]Getting Git version info
deploy-storybook	UNKNOWN STEP	2026-10-09T10:00:25.3144293Z Working directory is '/home/runner/work/va-mmcx-terminal/va-mmcx-terminal'
deploy-storybook	UNKNOWN STEP	2026-10-09T10:00:25.3145728Z [command]/usr/bin/git version
deploy-storybook	UNKNOWN STEP	2026-10-09T10:00:25.3146406Z git version 2.55.0
deploy-storybook	UNKNOWN STEP	2026-10-09T10:00:25.3163552Z ##[endgroup]
deploy-storybook	UNKNOWN STEP	2026-10-09T10:00:25.3173240Z Temporarily overriding HOME='/home/runner/work/_temp/3dfb6812-cf13-4aa5-b9bc-b14789556bc6' before making global git config changes
deploy-storybook	UNKNOWN STEP	2026-10-09T10:00:25.3174574Z Adding repository directory to the temporary git global config as a safe directory
deploy-storybook	UNKNOWN STEP	2026-10-09T10:00:25.3177432Z [command]/usr/bin/git config --global --add safe.directory /home/runner/work/va-mmcx-terminal/va-mmcx-terminal
deploy-storybook	UNKNOWN STEP	2026-10-09T10:00:25.3240935Z Deleting the contents of '/home/runner/work/va-mmcx-terminal/va-mmcx-terminal'
deploy-storybook	UNKNOWN STEP	2026-10-09T10:00:25.3241868Z ##[group]Initializing the repository
deploy-storybook	UNKNOWN STEP	2026-10-09T10:00:25.3242562Z [command]/usr/bin/git init /home/runner/work/va-mmcx-terminal/va-mmcx-terminal
deploy-storybook	UNKNOWN STEP	2026-10-09T10:00:25.3341187Z hint: Using 'master' as the name for the initial branch. This default branch name
deploy-storybook	UNKNOWN STEP	2026-10-09T10:00:25.3342028Z hint: will change to "main" in Git 3.0. To configure the initial branch name
deploy-storybook	UNKNOWN STEP	2026-10-09T10:00:25.3342891Z hint: to use in all of your new repositories, which will suppress this warning,
deploy-storybook	UNKNOWN STEP	2026-10-09T10:00:25.3344466Z hint: call:
deploy-storybook	UNKNOWN STEP	2026-10-09T10:00:25.3344747Z hint:
deploy-storybook	UNKNOWN STEP	2026-10-09T10:00:25.3345226Z hint: 	git config --global init.defaultBranch <name>
deploy-storybook	UNKNOWN STEP	2026-10-09T10:00:25.3345575Z hint:
deploy-storybook	UNKNOWN STEP	2026-10-09T10:00:25.3346152Z hint: Names commonly chosen instead of 'master' are 'main', 'trunk' and
deploy-storybook	UNKNOWN STEP	2026-10-09T10:00:25.3346757Z hint: 'development'. The just-created branch can be renamed via this command:
deploy-storybook	UNKNOWN STEP	2026-10-09T10:00:25.3347450Z hint:
deploy-storybook	UNKNOWN STEP	2026-10-09T10:00:25.3347858Z hint: 	git branch -m <name>
deploy-storybook	UNKNOWN STEP	2026-10-09T10:00:25.3348396Z hint:
deploy-storybook	UNKNOWN STEP	2026-10-09T10:00:25.3350806Z hint: Disable this message with "git config set advice.defaultBranchName false"
deploy-storybook	UNKNOWN STEP	2026-10-09T10:00:25.3351477Z Initialized empty Git repository in /home/runner/work/va-mmcx-terminal/va-mmcx-terminal/.git/
deploy-storybook	UNKNOWN STEP	2026-10-09T10:00:25.3357756Z [command]/usr/bin/git remote add origin https://github.com/consensys-vertical-apps/va-mmcx-terminal
deploy-storybook	UNKNOWN STEP	2026-10-09T10:00:25.3395699Z ##[endgroup]
deploy-storybook	UNKNOWN STEP	2026-10-09T10:00:25.3396268Z ##[group]Disabling automatic garbage collection
deploy-storybook	UNKNOWN STEP	2026-10-09T10:00:25.3399036Z [command]/usr/bin/git config --local gc.auto 0
deploy-storybook	UNKNOWN STEP	2026-10-09T10:00:25.3425505Z ##[endgroup]
deploy-storybook	UNKNOWN STEP	2026-10-09T10:00:25.3426059Z ##[group]Setting up auth
deploy-storybook	UNKNOWN STEP	2026-10-09T10:00:25.3430607Z [command]/usr/bin/git config --local --name-only --get-regexp core\.sshCommand
deploy-storybook	UNKNOWN STEP	2026-10-09T10:00:25.3455321Z [command]/usr/bin/git submodule foreach --recursive sh -c "git config --local --name-only --get-regexp 'core\.sshCommand' && git config --local --unset-all 'core.sshCommand' || :"
deploy-storybook	UNKNOWN STEP	2026-10-09T10:00:25.3730401Z [command]/usr/bin/git config --local --name-only --get-regexp http\.https\:\/\/github\.com\/\.extraheader
deploy-storybook	UNKNOWN STEP	2026-10-09T10:00:25.3755869Z [command]/usr/bin/git submodule foreach --recursive sh -c "git config --local --name-only --get-regexp 'http\.https\:\/\/github\.com\/\.extraheader' && git config --local --unset-all 'http.https://github.com/.extraheader' || :"
deploy-storybook	UNKNOWN STEP	2026-10-09T10:00:25.3929680Z [command]/usr/bin/git config --local --name-only --get-regexp ^includeIf\.gitdir:
deploy-storybook	UNKNOWN STEP	2026-10-09T10:00:25.3948763Z [command]/usr/bin/git submodule foreach --recursive git config --local --show-origin --name-only --get-regexp remote.origin.url
deploy-storybook	UNKNOWN STEP	2026-10-09T10:00:25.4116318Z [command]/usr/bin/git config --local http.https://github.com/.extraheader AUTHORIZATION: basic ***
deploy-storybook	UNKNOWN STEP	2026-10-09T10:00:25.4146969Z ##[endgroup]
deploy-storybook	UNKNOWN STEP	2026-10-09T10:00:25.4147656Z ##[group]Fetching the repository
deploy-storybook	UNKNOWN STEP	2026-10-09T10:00:25.4153148Z [command]/usr/bin/git -c protocol.version=2 fetch --no-tags --prune --no-recurse-submodules --depth=1 origin +a0c70d313b0b14786b9738dec5a9ccba8653d1bf:refs/remotes/origin/main
deploy-storybook	UNKNOWN STEP	2026-10-09T10:00:26.3827522Z From https://github.com/consensys-vertical-apps/va-mmcx-terminal
deploy-storybook	UNKNOWN STEP	2026-10-09T10:00:26.4337182Z  * [new ref]         a0c70d313b0b14786b9738dec5a9ccba8653d1bf -> origin/main
deploy-storybook	UNKNOWN STEP	2026-10-09T10:00:26.4339784Z ##[endgroup]
deploy-storybook	UNKNOWN STEP	2026-10-09T10:00:26.4340503Z ##[group]Determining the checkout info
deploy-storybook	UNKNOWN STEP	2026-10-09T10:00:26.4341230Z ##[endgroup]
deploy-storybook	UNKNOWN STEP	2026-10-09T10:00:26.4341976Z [command]/usr/bin/git sparse-checkout disable
deploy-storybook	UNKNOWN STEP	2026-10-09T10:00:26.4343436Z [command]/usr/bin/git config --local --unset-all extensions.worktreeConfig
deploy-storybook	UNKNOWN STEP	2026-10-09T10:00:26.4345239Z ##[group]Checking out the ref
deploy-storybook	UNKNOWN STEP	2026-10-09T10:00:26.4345853Z [command]/usr/bin/git checkout --progress --force -B main refs/remotes/origin/main
deploy-storybook	UNKNOWN STEP	2026-10-09T10:00:26.5027767Z Switched to a new branch 'main'
deploy-storybook	UNKNOWN STEP	2026-10-09T10:00:26.5032949Z branch 'main' set up to track 'origin/main'.
deploy-storybook	UNKNOWN STEP	2026-10-09T10:00:26.5043024Z ##[endgroup]
deploy-storybook	UNKNOWN STEP	2026-10-09T10:00:26.5072957Z [command]/usr/bin/git log -1 --format=%H
deploy-storybook	UNKNOWN STEP	2026-10-09T10:00:26.5093235Z a0c70d313b0b14786b9738dec5a9ccba8653d1bf
deploy-storybook	UNKNOWN STEP	2026-10-09T10:00:26.5293864Z ##[group]Run actions/setup-node@v4
deploy-storybook	UNKNOWN STEP	2026-10-09T10:00:26.5294040Z with:
deploy-storybook	UNKNOWN STEP	2026-10-09T10:00:26.5294148Z   node-version: 22
deploy-storybook	UNKNOWN STEP	2026-10-09T10:00:26.5294261Z   cache: npm
deploy-storybook	UNKNOWN STEP	2026-10-09T10:00:26.5294365Z   always-auth: false
deploy-storybook	UNKNOWN STEP	2026-10-09T10:00:26.5294486Z   check-latest: false
deploy-storybook	UNKNOWN STEP	2026-10-09T10:00:26.5296008Z   token: ***
deploy-storybook	UNKNOWN STEP	2026-10-09T10:00:26.5296119Z ##[endgroup]
deploy-storybook	UNKNOWN STEP	2026-10-09T10:00:26.6232898Z (node:1974) [DEP0040] DeprecationWarning: The `punycode` module is deprecated. Please use a userland alternative instead.
deploy-storybook	UNKNOWN STEP	2026-10-09T10:00:26.6234431Z (Use `node --trace-deprecation ...` to show where the warning was created)
deploy-storybook	UNKNOWN STEP	2026-10-09T10:00:26.6712327Z Found in cache @ /opt/hostedtoolcache/node/22.23.3/x64
deploy-storybook	UNKNOWN STEP	2026-10-09T10:00:26.6713443Z ##[group]Environment details
deploy-storybook	UNKNOWN STEP	2026-10-09T10:00:27.0375050Z node: v22.23.3
deploy-storybook	UNKNOWN STEP	2026-10-09T10:00:27.0378450Z npm: 10.9.9
deploy-storybook	UNKNOWN STEP	2026-10-09T10:00:27.0385964Z yarn: 1.22.22
deploy-storybook	UNKNOWN STEP	2026-10-09T10:00:27.0386579Z ##[endgroup]
deploy-storybook	UNKNOWN STEP	2026-10-09T10:00:27.0392499Z [command]/opt/hostedtoolcache/node/22.23.3/x64/bin/npm config get cache
deploy-storybook	UNKNOWN STEP	2026-10-09T10:00:27.1175908Z /home/runner/.npm
deploy-storybook	UNKNOWN STEP	2026-10-09T10:00:27.2793774Z Cache hit for: node-cache-Linux-x64-npm-37a8545c001c84aca180b37119bb59277f0f2a04cabc389c446716dfb08231b2
deploy-storybook	UNKNOWN STEP	2026-10-09T10:00:27.2867107Z (node:1974) [DEP0169] DeprecationWarning: `url.parse()` behavior is not standardized and prone to errors that have security implications. Use the WHATWG URL API instead. CVEs are not issued for `url.parse()` vulnerabilities.
deploy-storybook	UNKNOWN STEP	2026-10-09T10:00:28.4130334Z Received 117440512 of 325395524 (36.1%), 112.0 MBs/sec
deploy-storybook	UNKNOWN STEP	2026-10-09T10:00:29.4135151Z Received 306184192 of 325395524 (94.1%), 145.9 MBs/sec
deploy-storybook	UNKNOWN STEP	2026-10-09T10:00:29.5405171Z Received 325395524 of 325395524 (100.0%), 145.8 MBs/sec
deploy-storybook	UNKNOWN STEP	2026-10-09T10:00:29.5405917Z Cache Size: ~310 MB (325395524 B)
deploy-storybook	UNKNOWN STEP	2026-10-09T10:00:29.5428270Z [command]/usr/bin/tar -xf /home/runner/work/_temp/05669ed0-e0f3-4cce-bd42-b4a22fd1a765/cache.tzst -P -C /home/runner/work/va-mmcx-terminal/va-mmcx-terminal --use-compress-program unzstd
deploy-storybook	UNKNOWN STEP	2026-10-09T10:00:30.4941244Z Cache restored successfully
deploy-storybook	UNKNOWN STEP	2026-10-09T10:00:30.5214026Z Cache restored from key: node-cache-Linux-x64-npm-37a8545c001c84aca180b37119bb59277f0f2a04cabc389c446716dfb08231b2
deploy-storybook	UNKNOWN STEP	2026-10-09T10:00:30.5820168Z ##[group]Run npm config set registry https://consensys.jfrog.io/artifactory/api/npm/npm/
deploy-storybook	UNKNOWN STEP	2026-10-09T10:00:30.5820535Z ^[[36;1mnpm config set registry https://consensys.jfrog.io/artifactory/api/npm/npm/^[[0m
deploy-storybook	UNKNOWN STEP	2026-10-09T10:00:30.6825931Z shell: /usr/bin/bash -e {0}
deploy-storybook	UNKNOWN STEP	2026-10-09T10:00:30.6826096Z ##[endgroup]
deploy-storybook	UNKNOWN STEP	2026-10-09T10:00:30.8692922Z ##[group]Run npm ci
deploy-storybook	UNKNOWN STEP	2026-10-09T10:00:30.8693186Z ^[[36;1mnpm ci^[[0m
deploy-storybook	UNKNOWN STEP	2026-10-09T10:00:30.8750505Z shell: /usr/bin/bash -e {0}
deploy-storybook	UNKNOWN STEP	2026-10-09T10:00:30.8750674Z ##[endgroup]
deploy-storybook	UNKNOWN STEP	2026-10-09T10:00:32.0389796Z npm warn EBADENGINE Unsupported engine {
deploy-storybook	UNKNOWN STEP	2026-10-09T10:00:32.0390784Z npm warn EBADENGINE   package: '@metamask/design-system-react@0.38.1',
deploy-storybook	UNKNOWN STEP	2026-10-09T10:00:32.0391711Z npm warn EBADENGINE   required: { node: '>=24' },
deploy-storybook	UNKNOWN STEP	2026-10-09T10:00:32.0392269Z npm warn EBADENGINE   current: { node: 'v22.23.3', npm: '10.9.9' }
deploy-storybook	UNKNOWN STEP	2026-10-09T10:00:32.0392728Z npm warn EBADENGINE }
deploy-storybook	UNKNOWN STEP	2026-10-09T10:00:32.0393219Z npm warn EBADENGINE Unsupported engine {
deploy-storybook	UNKNOWN STEP	2026-10-09T10:00:32.0393780Z npm warn EBADENGINE   package: '@metamask/design-system-shared@0.34.0',
deploy-storybook	UNKNOWN STEP	2026-10-09T10:00:32.0394335Z npm warn EBADENGINE   required: { node: '>=24' },
deploy-storybook	UNKNOWN STEP	2026-10-09T10:00:32.0394871Z npm warn EBADENGINE   current: { node: 'v22.23.3', npm: '10.9.9' }
deploy-storybook	UNKNOWN STEP	2026-10-09T10:00:32.0395319Z npm warn EBADENGINE }
deploy-storybook	UNKNOWN STEP	2026-10-09T10:00:32.0395787Z npm warn EBADENGINE Unsupported engine {
deploy-storybook	UNKNOWN STEP	2026-10-09T10:00:32.0396310Z npm warn EBADENGINE   package: '@metamask/design-tokens@10.0.0',
deploy-storybook	UNKNOWN STEP	2026-10-09T10:00:32.0396827Z npm warn EBADENGINE   required: { node: '>=24' },
deploy-storybook	UNKNOWN STEP	2026-10-09T10:00:32.0397614Z npm warn EBADENGINE   current: { node: 'v22.23.3', npm: '10.9.9' }
deploy-storybook	UNKNOWN STEP	2026-10-09T10:00:32.0398068Z npm warn EBADENGINE }
deploy-storybook	UNKNOWN STEP	2026-10-09T10:00:40.2803468Z npm warn deprecated inflight@1.0.6: This module is not supported, and leaks memory. Do not use it. Check out lru-cache if you want a good and tested way to coalesce async requests by a key value, which is much more comprehensive and powerful.
deploy-storybook	UNKNOWN STEP	2026-10-09T10:00:40.4059777Z npm warn deprecated rimraf@2.6.3: Rimraf versions prior to v4 are no longer supported
deploy-storybook	UNKNOWN STEP	2026-10-09T10:00:40.4351843Z npm warn deprecated lodash.isequal@4.5.0: This package is deprecated. Use require('node:util').isDeepStrictEqual instead.
deploy-storybook	UNKNOWN STEP	2026-10-09T10:00:40.5012426Z npm warn deprecated rimraf@3.0.2: Rimraf versions prior to v4 are no longer supported
deploy-storybook	UNKNOWN STEP	2026-10-09T10:00:40.5894580Z npm warn deprecated glob@7.2.3: Glob versions prior to v9 are no longer supported
deploy-storybook	UNKNOWN STEP	2026-10-09T10:00:41.5062579Z npm warn deprecated @paulmillr/qr@0.2.1: The package is now available as "qr": npm install qr
deploy-storybook	UNKNOWN STEP	2026-10-09T10:00:42.2502943Z npm warn deprecated boolean@3.2.0: Package no longer supported. Contact Support at https://www.npmjs.com/support for more info.
deploy-storybook	UNKNOWN STEP	2026-10-09T10:00:43.6613334Z npm warn deprecated crypto-js@4.2.0: Active development of CryptoJS has been discontinued. This library is no longer maintained.
deploy-storybook	UNKNOWN STEP	2026-10-09T10:00:46.4060569Z npm warn deprecated uuid@9.0.1: uuid@10 and below is no longer supported.  For ESM codebases, update to uuid@latest.  For CommonJS codebases, use uuid@11 (but be aware this version will likely be deprecated in 2028).
deploy-storybook	UNKNOWN STEP	2026-10-09T10:00:46.4062293Z npm warn deprecated uuid@9.0.1: uuid@10 and below is no longer supported.  For ESM codebases, update to uuid@latest.  For CommonJS codebases, use uuid@11 (but be aware this version will likely be deprecated in 2028).
deploy-storybook	UNKNOWN STEP	2026-10-09T10:00:46.4064965Z npm warn deprecated uuid@9.0.1: uuid@10 and below is no longer supported.  For ESM codebases, update to uuid@latest.  For CommonJS codebases, use uuid@11 (but be aware this version will likely be deprecated in 2028).
deploy-storybook	UNKNOWN STEP	2026-10-09T10:00:46.4142486Z npm warn deprecated uuid@9.0.1: uuid@10 and below is no longer supported.  For ESM codebases, update to uuid@latest.  For CommonJS codebases, use uuid@11 (but be aware this version will likely be deprecated in 2028).
deploy-storybook	UNKNOWN STEP	2026-10-09T10:00:46.4164149Z npm warn deprecated uuid@9.0.1: uuid@10 and below is no longer supported.  For ESM codebases, update to uuid@latest.  For CommonJS codebases, use uuid@11 (but be aware this version will likely be deprecated in 2028).
deploy-storybook	UNKNOWN STEP	2026-10-09T10:00:46.4177801Z npm warn deprecated uuid@9.0.1: uuid@10 and below is no longer supported.  For ESM codebases, update to uuid@latest.  For CommonJS codebases, use uuid@11 (but be aware this version will likely be deprecated in 2028).
deploy-storybook	UNKNOWN STEP	2026-10-09T10:00:46.5715668Z npm warn deprecated glob@10.5.0: Old versions of glob are not supported, and contain widely publicized security vulnerabilities, which have been fixed in the current version. Please update. Support for old versions may be purchased (at exorbitant rates) by contacting i@izs.me
deploy-storybook	UNKNOWN STEP	2026-10-09T10:00:47.0776450Z npm warn deprecated @walletconnect/sign-client@2.21.1: Reliability and performance improvements. See: https://github.com/WalletConnect/walletconnect-monorepo/releases
deploy-storybook	UNKNOWN STEP	2026-10-09T10:00:47.0789935Z npm warn deprecated @walletconnect/sign-client@2.21.1: Reliability and performance improvements. See: https://github.com/WalletConnect/walletconnect-monorepo/releases
deploy-storybook	UNKNOWN STEP	2026-10-09T10:00:47.0896073Z npm warn deprecated @walletconnect/sign-client@2.21.0: Reliability and performance improvements. See: https://github.com/WalletConnect/walletconnect-monorepo/releases
deploy-storybook	UNKNOWN STEP	2026-10-09T10:00:47.0967806Z npm warn deprecated @walletconnect/sign-client@2.21.0: Reliability and performance improvements. See: https://github.com/WalletConnect/walletconnect-monorepo/releases
deploy-storybook	UNKNOWN STEP	2026-10-09T10:00:47.0995996Z npm warn deprecated @walletconnect/sign-client@2.21.0: Reliability and performance improvements. See: https://github.com/WalletConnect/walletconnect-monorepo/releases
deploy-storybook	UNKNOWN STEP	2026-10-09T10:00:47.5045237Z npm warn deprecated @walletconnect/universal-provider@2.21.0: Reliability and performance improvements. See: https://github.com/WalletConnect/walletconnect-monorepo/releases
deploy-storybook	UNKNOWN STEP	2026-10-09T10:00:47.5062681Z npm warn deprecated @walletconnect/universal-provider@2.21.0: Reliability and performance improvements. See: https://github.com/WalletConnect/walletconnect-monorepo/releases
deploy-storybook	UNKNOWN STEP	2026-10-09T10:00:47.5063418Z npm warn deprecated @walletconnect/universal-provider@2.21.0: Reliability and performance improvements. See: https://github.com/WalletConnect/walletconnect-monorepo/releases
deploy-storybook	UNKNOWN STEP	2026-10-09T10:01:23.0994013Z 
deploy-storybook	UNKNOWN STEP	2026-10-09T10:01:23.1004843Z added 2031 packages, and audited 2032 packages in 52s
deploy-storybook	UNKNOWN STEP	2026-10-09T10:01:23.1005176Z 
deploy-storybook	UNKNOWN STEP	2026-10-09T10:01:23.1005429Z 350 packages are looking for funding
deploy-storybook	UNKNOWN STEP	2026-10-09T10:01:23.1005817Z   run `npm fund` for details
deploy-storybook	UNKNOWN STEP	2026-10-09T10:01:23.2529854Z 
deploy-storybook	UNKNOWN STEP	2026-10-09T10:01:23.2530930Z 95 vulnerabilities (27 low, 57 moderate, 7 high, 4 critical)
deploy-storybook	UNKNOWN STEP	2026-10-09T10:01:23.2531388Z 
deploy-storybook	UNKNOWN STEP	2026-10-09T10:01:23.2531559Z To address issues that do not require attention, run:
deploy-storybook	UNKNOWN STEP	2026-10-09T10:01:23.2531826Z   npm audit fix
deploy-storybook	UNKNOWN STEP	2026-10-09T10:01:23.2531926Z 
deploy-storybook	UNKNOWN STEP	2026-10-09T10:01:23.2532284Z To address all issues possible (including breaking changes), run:
deploy-storybook	UNKNOWN STEP	2026-10-09T10:01:23.2532584Z   npm audit fix --force
deploy-storybook	UNKNOWN STEP	2026-10-09T10:01:23.2532706Z 
deploy-storybook	UNKNOWN STEP	2026-10-09T10:01:23.2532858Z Some issues need review, and may require choosing
deploy-storybook	UNKNOWN STEP	2026-10-09T10:01:23.2533119Z a different dependency.
deploy-storybook	UNKNOWN STEP	2026-10-09T10:01:23.2533241Z 
deploy-storybook	UNKNOWN STEP	2026-10-09T10:01:23.2533337Z Run `npm audit` for details.
deploy-storybook	UNKNOWN STEP	2026-10-09T10:01:23.4373904Z ##[group]Run npm run build-storybook
deploy-storybook	UNKNOWN STEP	2026-10-09T10:01:23.4374185Z ^[[36;1mnpm run build-storybook^[[0m
deploy-storybook	UNKNOWN STEP	2026-10-09T10:01:23.4482034Z shell: /usr/bin/bash -e {0}
deploy-storybook	UNKNOWN STEP	2026-10-09T10:01:23.4482212Z ##[endgroup]
deploy-storybook	UNKNOWN STEP	2026-10-09T10:01:23.5252123Z 
deploy-storybook	UNKNOWN STEP	2026-10-09T10:01:23.5258266Z > terminal@0.1.0 build-storybook
deploy-storybook	UNKNOWN STEP	2026-10-09T10:01:23.5258845Z > storybook build
deploy-storybook	UNKNOWN STEP	2026-10-09T10:01:23.5259106Z 
deploy-storybook	UNKNOWN STEP	2026-10-09T10:01:23.8769709Z 
deploy-storybook	UNKNOWN STEP	2026-10-09T10:01:23.8784354Z ^[[90m┌^[[39m  Building storybook v10.6.1
deploy-storybook	UNKNOWN STEP	2026-10-09T10:01:23.9480150Z ^[[90m│^[[39m
deploy-storybook	UNKNOWN STEP	2026-10-09T10:01:23.9480651Z ^[[32m◇^[[39m  Cleaning outputDir: ^[[36mstorybook-static^[[39m
deploy-storybook	UNKNOWN STEP	2026-10-09T10:01:23.9630000Z ^[[90m│^[[39m
deploy-storybook	UNKNOWN STEP	2026-10-09T10:01:23.9639273Z ^[[32m◇^[[39m  Loading presets
deploy-storybook	UNKNOWN STEP	2026-10-09T10:01:24.4932862Z ❌ Invalid environment variables: [
deploy-storybook	UNKNOWN STEP	2026-10-09T10:01:24.4941981Z   {
deploy-storybook	UNKNOWN STEP	2026-10-09T10:01:24.4942317Z     expected: 'string',
deploy-storybook	UNKNOWN STEP	2026-10-09T10:01:24.4942739Z     code: 'invalid_type',
deploy-storybook	UNKNOWN STEP	2026-10-09T10:01:24.4943185Z ^[[90m│^[[39m
deploy-storybook	UNKNOWN STEP	2026-10-09T10:01:24.4943734Z     path: [ 'NEXT_PUBLIC_PORTFOLIO_BASE_URL' ],
deploy-storybook	UNKNOWN STEP	2026-10-09T10:01:24.4944251Z     message: 'Invalid input: expected string, received undefined'
deploy-storybook	UNKNOWN STEP	2026-10-09T10:01:24.4944701Z   },
deploy-storybook	UNKNOWN STEP	2026-10-09T10:01:24.4945001Z   {
deploy-storybook	UNKNOWN STEP	2026-10-09T10:01:24.4945306Z     expected: 'string',
deploy-storybook	UNKNOWN STEP	2026-10-09T10:01:24.4945653Z     code: 'invalid_type',
deploy-storybook	UNKNOWN STEP	2026-10-09T10:01:24.4946047Z     path: [ 'NEXT_PUBLIC_TERMINAL_API_URL' ],
deploy-storybook	UNKNOWN STEP	2026-10-09T10:01:24.4946557Z     message: 'Invalid input: expected string, received undefined'
deploy-storybook	UNKNOWN STEP	2026-10-09T10:01:24.4946991Z   }
deploy-storybook	UNKNOWN STEP	2026-10-09T10:01:24.4947288Z ]
deploy-storybook	UNKNOWN STEP	2026-10-09T10:01:24.4951663Z ^[[31m■^[[39m  ^[[38;2;241;97;97mError: Invalid environment variables^[[39m
deploy-storybook	UNKNOWN STEP	2026-10-09T10:01:24.4952075Z ^[[90m│^[[39m  at onValidationError
deploy-storybook	UNKNOWN STEP	2026-10-09T10:01:24.4952590Z ^[[90m│^[[39m  (file://./node_modules/@t3-oss/env-core/dist/src-Bb3GbGAa.js:54:9)
deploy-storybook	UNKNOWN STEP	2026-10-09T10:01:24.4952979Z ^[[90m│^[[39m  at createEnv
deploy-storybook	UNKNOWN STEP	2026-10-09T10:01:24.4953432Z ^[[90m│^[[39m  (file://./node_modules/@t3-oss/env-core/dist/src-Bb3GbGAa.js:59:28)
deploy-storybook	UNKNOWN STEP	2026-10-09T10:01:24.4953823Z ^[[90m│^[[39m  at createEnv
deploy-storybook	UNKNOWN STEP	2026-10-09T10:01:24.4954260Z ^[[90m│^[[39m  (file://./node_modules/@t3-oss/env-nextjs/dist/index.js:16:9)
deploy-storybook	UNKNOWN STEP	2026-10-09T10:01:24.4954914Z ^[[90m│^[[39m  at Object.<anonymous> (./src/core/config/env/shared.ts:13:38)
deploy-storybook	UNKNOWN STEP	2026-10-09T10:01:24.4955432Z ^[[90m│^[[39m  at Module._compile (node:internal/modules/cjs/loader:1781:14)
deploy-storybook	UNKNOWN STEP	2026-10-09T10:01:24.4955769Z ^[[90m│^[[39m  at mod._compile
deploy-storybook	UNKNOWN STEP	2026-10-09T10:01:24.4956202Z ^[[90m│^[[39m  (./node_modules/next/dist/build/next-config-ts/require-hook.js:67:33)
deploy-storybook	UNKNOWN STEP	2026-10-09T10:01:24.4957087Z ^[[90m│^[[39m  at node:internal/modules/cjs/loader:1913:10
deploy-storybook	UNKNOWN STEP	2026-10-09T10:01:24.4957444Z ^[[90m│^[[39m  at require.extensions.<computed>
deploy-storybook	UNKNOWN STEP	2026-10-09T10:01:24.4957904Z ^[[90m│^[[39m  (./node_modules/next/dist/build/next-config-ts/require-hook.js:69:20)
deploy-storybook	UNKNOWN STEP	2026-10-09T10:01:24.4958413Z ^[[90m│^[[39m  at Module.load (node:internal/modules/cjs/loader:1505:32)
deploy-storybook	UNKNOWN STEP	2026-10-09T10:01:24.4958887Z ^[[90m│^[[39m  at Function._load (node:internal/modules/cjs/loader:1309:12)
deploy-storybook	UNKNOWN STEP	2026-10-09T10:01:24.5199686Z ^[[90m│^[[39m
deploy-storybook	UNKNOWN STEP	2026-10-09T10:01:24.5201213Z ^[[34m●^[[39m  Storybook collects completely anonymous usage telemetry. We use it to
deploy-storybook	UNKNOWN STEP	2026-10-09T10:01:24.5202136Z ^[[90m│^[[39m  shape Storybook's roadmap and prioritize features. You can learn more,
deploy-storybook	UNKNOWN STEP	2026-10-09T10:01:24.5203013Z ^[[90m│^[[39m  including how to opt out, at ^[]8;;https://storybook.js.org/telemetry^Ghttps://storybook.js.org/telemetry^[]8;;^G
deploy-storybook	UNKNOWN STEP	2026-10-09T10:01:25.0122478Z ^[[90m│^[[39m
deploy-storybook	UNKNOWN STEP	2026-10-09T10:01:25.0141491Z ^[[90m└^[[39m  Storybook exited with an error
deploy-storybook	UNKNOWN STEP	2026-10-09T10:01:25.0141711Z 
deploy-storybook	UNKNOWN STEP	2026-10-09T10:01:25.0933046Z ##[error]Process completed with exit code 1.
deploy-storybook	UNKNOWN STEP	2026-10-09T10:01:25.1018117Z Post job cleanup.
deploy-storybook	UNKNOWN STEP	2026-10-09T10:01:25.1579899Z [command]/usr/bin/git version
deploy-storybook	UNKNOWN STEP	2026-10-09T10:01:25.1610618Z git version 2.55.0
deploy-storybook	UNKNOWN STEP	2026-10-09T10:01:25.1635923Z Temporarily overriding HOME='/home/runner/work/_temp/4e35613d-6c29-4028-89cc-f2f73d93b283' before making global git config changes
deploy-storybook	UNKNOWN STEP	2026-10-09T10:01:25.1636828Z Adding repository directory to the temporary git global config as a safe directory
deploy-storybook	UNKNOWN STEP	2026-10-09T10:01:25.1638653Z [command]/usr/bin/git config --global --add safe.directory /home/runner/work/va-mmcx-terminal/va-mmcx-terminal
deploy-storybook	UNKNOWN STEP	2026-10-09T10:01:25.1671841Z [command]/usr/bin/git config --local --name-only --get-regexp core\.sshCommand
deploy-storybook	UNKNOWN STEP	2026-10-09T10:01:25.1699446Z [command]/usr/bin/git submodule foreach --recursive sh -c "git config --local --name-only --get-regexp 'core\.sshCommand' && git config --local --unset-all 'core.sshCommand' || :"
deploy-storybook	UNKNOWN STEP	2026-10-09T10:01:25.1901771Z [command]/usr/bin/git config --local --name-only --get-regexp http\.https\:\/\/github\.com\/\.extraheader
deploy-storybook	UNKNOWN STEP	2026-10-09T10:01:25.1921951Z http.https://github.com/.extraheader
deploy-storybook	UNKNOWN STEP	2026-10-09T10:01:25.1930680Z [command]/usr/bin/git config --local --unset-all http.https://github.com/.extraheader
deploy-storybook	UNKNOWN STEP	2026-10-09T10:01:25.1958122Z [command]/usr/bin/git submodule foreach --recursive sh -c "git config --local --name-only --get-regexp 'http\.https\:\/\/github\.com\/\.extraheader' && git config --local --unset-all 'http.https://github.com/.extraheader' || :"
deploy-storybook	UNKNOWN STEP	2026-10-09T10:01:25.2129091Z [command]/usr/bin/git config --local --name-only --get-regexp ^includeIf\.gitdir:
deploy-storybook	UNKNOWN STEP	2026-10-09T10:01:25.2155483Z [command]/usr/bin/git submodule foreach --recursive git config --local --show-origin --name-only --get-regexp remote.origin.url
deploy-storybook	UNKNOWN STEP	2026-10-09T10:01:25.2441511Z Evaluate and set environment url
deploy-storybook	UNKNOWN STEP	2026-10-09T10:01:25.2444740Z Evaluated environment url: 
deploy-storybook	UNKNOWN STEP	2026-10-09T10:01:25.2445063Z Cleaning up orphan processes
deploy-storybook	UNKNOWN STEP	2026-10-09T10:01:25.2634392Z ##[warning]Node.js 20 is deprecated. The following actions target Node.js 20 but are being forced to run on Node.js 24: actions/checkout@v4, actions/setup-node@v4. For more information see: https://github.blog/changelog/2025-09-19-deprecation-of-node-20-on-github-actions-runners/
build / build-image (linux/amd64, ubuntu-latest, false)	UNKNOWN STEP	﻿2026-10-09T10:00:25.8849102Z Current runner version: '2.337.0'
build / build-image (linux/amd64, ubuntu-latest, false)	UNKNOWN STEP	2026-10-09T10:00:25.8867784Z ##[group]Runner Image Provisioner
build / build-image (linux/amd64, ubuntu-latest, false)	UNKNOWN STEP	2026-10-09T10:00:25.8868524Z Hosted Compute Agent
build / build-image (linux/amd64, ubuntu-latest, false)	UNKNOWN STEP	2026-10-09T10:00:25.8868988Z Version: 20261002.596
build / build-image (linux/amd64, ubuntu-latest, false)	UNKNOWN STEP	2026-10-09T10:00:25.8869639Z Commit: c3d12f3313a95f25162a1503be624f3b0617f8c0
build / build-image (linux/amd64, ubuntu-latest, false)	UNKNOWN STEP	2026-10-09T10:00:25.8870261Z Build Date: 2026-10-02T22:28:27Z
build / build-image (linux/amd64, ubuntu-latest, false)	UNKNOWN STEP	2026-10-09T10:00:25.8871158Z Worker ID: ***bcdcbb6c-a76d-47c6-9c40-c495cebab44d***
build / build-image (linux/amd64, ubuntu-latest, false)	UNKNOWN STEP	2026-10-09T10:00:25.8871832Z Region: centralus
build / build-image (linux/amd64, ubuntu-latest, false)	UNKNOWN STEP	2026-10-09T10:00:25.8872308Z Cloud: Azure
build / build-image (linux/amd64, ubuntu-latest, false)	UNKNOWN STEP	2026-10-09T10:00:25.8872815Z ##[endgroup]
build / build-image (linux/amd64, ubuntu-latest, false)	UNKNOWN STEP	2026-10-09T10:00:25.8873847Z ##[group]Operating System
build / build-image (linux/amd64, ubuntu-latest, false)	UNKNOWN STEP	2026-10-09T10:00:25.8874318Z Ubuntu
build / build-image (linux/amd64, ubuntu-latest, false)	UNKNOWN STEP	2026-10-09T10:00:25.8874785Z 24.04.5
build / build-image (linux/amd64, ubuntu-latest, false)	UNKNOWN STEP	2026-10-09T10:00:25.8875205Z LTS
build / build-image (linux/amd64, ubuntu-latest, false)	UNKNOWN STEP	2026-10-09T10:00:25.8875702Z ##[endgroup]
build / build-image (linux/amd64, ubuntu-latest, false)	UNKNOWN STEP	2026-10-09T10:00:25.8876161Z ##[group]Runner Image
build / build-image (linux/amd64, ubuntu-latest, false)	UNKNOWN STEP	2026-10-09T10:00:25.8876644Z Image: ubuntu-24.04
build / build-image (linux/amd64, ubuntu-latest, false)	UNKNOWN STEP	2026-10-09T10:00:25.8877178Z Version: 20261004.327.1
build / build-image (linux/amd64, ubuntu-latest, false)	UNKNOWN STEP	2026-10-09T10:00:25.8878080Z Included Software: https://github.com/actions/runner-images/blob/ubuntu24/20261004.327/images/ubuntu/Ubuntu2404-Readme.md
build / build-image (linux/amd64, ubuntu-latest, false)	UNKNOWN STEP	2026-10-09T10:00:25.8879104Z Image Release: https://github.com/actions/runner-images/releases/tag/ubuntu24%2F20261004.327
build / build-image (linux/amd64, ubuntu-latest, false)	UNKNOWN STEP	2026-10-09T10:00:25.8879854Z ##[endgroup]
build / build-image (linux/amd64, ubuntu-latest, false)	UNKNOWN STEP	2026-10-09T10:00:25.8880935Z ##[group]GITHUB_TOKEN Permissions
build / build-image (linux/amd64, ubuntu-latest, false)	UNKNOWN STEP	2026-10-09T10:00:25.8882382Z Actions: read
build / build-image (linux/amd64, ubuntu-latest, false)	UNKNOWN STEP	2026-10-09T10:00:25.8882851Z Contents: read
build / build-image (linux/amd64, ubuntu-latest, false)	UNKNOWN STEP	2026-10-09T10:00:25.8883512Z Metadata: read
build / build-image (linux/amd64, ubuntu-latest, false)	UNKNOWN STEP	2026-10-09T10:00:25.8883975Z SecurityEvents: write
build / build-image (linux/amd64, ubuntu-latest, false)	UNKNOWN STEP	2026-10-09T10:00:25.8884476Z ##[endgroup]
build / build-image (linux/amd64, ubuntu-latest, false)	UNKNOWN STEP	2026-10-09T10:00:25.8885989Z Secret source: Actions
build / build-image (linux/amd64, ubuntu-latest, false)	UNKNOWN STEP	2026-10-09T10:00:25.8886725Z Cache mode: write
build / build-image (linux/amd64, ubuntu-latest, false)	UNKNOWN STEP	2026-10-09T10:00:25.8887278Z Prepare workflow directory
build / build-image (linux/amd64, ubuntu-latest, false)	UNKNOWN STEP	2026-10-09T10:00:26.1283594Z Prepare all required actions
build / build-image (linux/amd64, ubuntu-latest, false)	UNKNOWN STEP	2026-10-09T10:00:26.1315754Z Getting action download info
build / build-image (linux/amd64, ubuntu-latest, false)	UNKNOWN STEP	2026-10-09T10:00:26.3725872Z Download action repository 'consensys-vertical-apps/shared-services-workflows@ee5456cf63f32f96987af955f66bd6b1b8b5cbd8' (SHA:ee5456cf63f32f96987af955f66bd6b1b8b5cbd8)
build / build-image (linux/amd64, ubuntu-latest, false)	UNKNOWN STEP	2026-10-09T10:00:27.3951748Z Download action repository 'jfrog/setup-jfrog-cli@deda456d982fc5e9a7a020b63eb0d2968aedd33e' (SHA:deda456d982fc5e9a7a020b63eb0d2968aedd33e)
build / build-image (linux/amd64, ubuntu-latest, false)	UNKNOWN STEP	2026-10-09T10:00:28.8347681Z Download action repository 'consensys-vertical-apps/shared-services-workflows@12e9fcee43ceeee884f51d3e7817380a409fd20f' (SHA:12e9fcee43ceeee884f51d3e7817380a409fd20f)
build / build-image (linux/amd64, ubuntu-latest, false)	UNKNOWN STEP	2026-10-09T10:00:29.3107156Z Download action repository 'consensys-vertical-apps/shared-services-workflows@0ad0566241bddeb4f6b3b5f310b368a89283e7df' (SHA:0ad0566241bddeb4f6b3b5f310b368a89283e7df)
build / build-image (linux/amd64, ubuntu-latest, false)	UNKNOWN STEP	2026-10-09T10:00:29.8971373Z Getting action download info
build / build-image (linux/amd64, ubuntu-latest, false)	UNKNOWN STEP	2026-10-09T10:00:29.9893430Z Download action repository 'wiz-sec-public/wiz-sensor-github-action@2f72488477988739561233bbc10ceff0c53273fd' (SHA:2f72488477988739561233bbc10ceff0c53273fd)
build / build-image (linux/amd64, ubuntu-latest, false)	UNKNOWN STEP	2026-10-09T10:00:30.3293817Z Getting action download info
build / build-image (linux/amd64, ubuntu-latest, false)	UNKNOWN STEP	2026-10-09T10:00:30.4607964Z Download action repository 'actions/checkout@df4cb1c069e1874edd31b4311f1884172cec0e10' (SHA:df4cb1c069e1874edd31b4311f1884172cec0e10)
build / build-image (linux/amd64, ubuntu-latest, false)	UNKNOWN STEP	2026-10-09T10:00:30.4971290Z Download action repository 'docker/setup-qemu-action@96fe6ef7f33517b61c61be40b68a1882f3264fb8' (SHA:96fe6ef7f33517b61c61be40b68a1882f3264fb8)
build / build-image (linux/amd64, ubuntu-latest, false)	UNKNOWN STEP	2026-10-09T10:00:30.9292221Z Download action repository 'docker/setup-buildx-action@bb05f3f5519dd87d3ba754cc423b652a5edd6d2c' (SHA:bb05f3f5519dd87d3ba754cc423b652a5edd6d2c)
build / build-image (linux/amd64, ubuntu-latest, false)	UNKNOWN STEP	2026-10-09T10:00:31.3851302Z Download action repository 'aws-actions/configure-aws-credentials@e7f100cf4c008499ea8adda475de1042d6975c7b' (SHA:e7f100cf4c008499ea8adda475de1042d6975c7b)
build / build-image (linux/amd64, ubuntu-latest, false)	UNKNOWN STEP	2026-10-09T10:00:31.7498014Z Download action repository 'aws-actions/amazon-ecr-login@d539f0932e70871a027e9d5a9d8fc38589180a64' (SHA:d539f0932e70871a027e9d5a9d8fc38589180a64)
build / build-image (linux/amd64, ubuntu-latest, false)	UNKNOWN STEP	2026-10-09T10:00:32.0882485Z Download action repository 'docker/build-push-action@53b7df96c91f9c12dcc8a07bcb9ccacbed38856a' (SHA:53b7df96c91f9c12dcc8a07bcb9ccacbed38856a)
build / build-image (linux/amd64, ubuntu-latest, false)	UNKNOWN STEP	2026-10-09T10:00:32.6776775Z Download action repository 'actions/upload-artifact@043fb46d1a93c77aae656e7c1c64a875d1fc6a0a' (SHA:043fb46d1a93c77aae656e7c1c64a875d1fc6a0a)
build / build-image (linux/amd64, ubuntu-latest, false)	UNKNOWN STEP	2026-10-09T10:00:32.8598234Z Uses: consensys-vertical-apps/shared-services-workflows/.github/workflows/docker-build-and-validate.yml@refs/tags/v1.19.1 (ee5456cf63f32f96987af955f66bd6b1b8b5cbd8)
build / build-image (linux/amd64, ubuntu-latest, false)	UNKNOWN STEP	2026-10-09T10:00:32.8601278Z ##[group] Inputs
build / build-image (linux/amd64, ubuntu-latest, false)	UNKNOWN STEP	2026-10-09T10:00:32.8601681Z   trivy_enabled: true
build / build-image (linux/amd64, ubuntu-latest, false)	UNKNOWN STEP	2026-10-09T10:00:32.8601883Z   trivy_ignore_failure: true
build / build-image (linux/amd64, ubuntu-latest, false)	UNKNOWN STEP	2026-10-09T10:00:32.8602085Z   trivy_severity: CRITICAL
build / build-image (linux/amd64, ubuntu-latest, false)	UNKNOWN STEP	2026-10-09T10:00:32.8602277Z   trivy_skip_db_updates: false
build / build-image (linux/amd64, ubuntu-latest, false)	UNKNOWN STEP	2026-10-09T10:00:32.8602478Z   trivy_skip_java_db_updates: false
build / build-image (linux/amd64, ubuntu-latest, false)	UNKNOWN STEP	2026-10-09T10:00:32.8602678Z   kics_enabled: true
build / build-image (linux/amd64, ubuntu-latest, false)	UNKNOWN STEP	2026-10-09T10:00:32.8602856Z   kics_fails_on: critical,high
build / build-image (linux/amd64, ubuntu-latest, false)	UNKNOWN STEP	2026-10-09T10:00:32.8603049Z   kics_ignore_failure: false
build / build-image (linux/amd64, ubuntu-latest, false)	UNKNOWN STEP	2026-10-09T10:00:32.8603291Z   checkout_repository: consensys-vertical-apps/va-mmcx-terminal
build / build-image (linux/amd64, ubuntu-latest, false)	UNKNOWN STEP	2026-10-09T10:00:32.8603548Z   checkout_ref: 
build / build-image (linux/amd64, ubuntu-latest, false)	UNKNOWN STEP	2026-10-09T10:00:32.8603722Z   docker_build_context: .
build / build-image (linux/amd64, ubuntu-latest, false)	UNKNOWN STEP	2026-10-09T10:00:32.8603897Z   file: 
build / build-image (linux/amd64, ubuntu-latest, false)	UNKNOWN STEP	2026-10-09T10:00:32.8604062Z   artifact_path: build.tar
build / build-image (linux/amd64, ubuntu-latest, false)	UNKNOWN STEP	2026-10-09T10:00:32.8604253Z   artifact_name: build
build / build-image (linux/amd64, ubuntu-latest, false)	UNKNOWN STEP	2026-10-09T10:00:32.8604457Z   artifact_suffix: 
build / build-image (linux/amd64, ubuntu-latest, false)	UNKNOWN STEP	2026-10-09T10:00:32.8604675Z   github_advanced_security_enabled: true
build / build-image (linux/amd64, ubuntu-latest, false)	UNKNOWN STEP	2026-10-09T10:00:32.8604943Z   aws_role: arn:aws:iam::471636589850:role/ecr-github-public-cache-pull
build / build-image (linux/amd64, ubuntu-latest, false)	UNKNOWN STEP	2026-10-09T10:00:32.8605206Z   aws_region: us-east-2
build / build-image (linux/amd64, ubuntu-latest, false)	UNKNOWN STEP	2026-10-09T10:00:32.8605382Z   aws_registries: 
build / build-image (linux/amd64, ubuntu-latest, false)	UNKNOWN STEP	2026-10-09T10:00:32.8605547Z   version: 
build / build-image (linux/amd64, ubuntu-latest, false)	UNKNOWN STEP	2026-10-09T10:00:32.8605713Z   jfrog_auth_enabled: true
build / build-image (linux/amd64, ubuntu-latest, false)	UNKNOWN STEP	2026-10-09T10:00:32.8605917Z   jfrog_url: https://consensys.jfrog.io
build / build-image (linux/amd64, ubuntu-latest, false)	UNKNOWN STEP	2026-10-09T10:00:32.8606134Z   jfrog_oidc_provider_name: github
build / build-image (linux/amd64, ubuntu-latest, false)	UNKNOWN STEP	2026-10-09T10:00:32.8606340Z   jfrog_audience: consensys.jfrog.io
build / build-image (linux/amd64, ubuntu-latest, false)	UNKNOWN STEP	2026-10-09T10:00:32.8606543Z   git_submodules: false
build / build-image (linux/amd64, ubuntu-latest, false)	UNKNOWN STEP	2026-10-09T10:00:32.8606723Z   platforms: linux/amd64
build / build-image (linux/amd64, ubuntu-latest, false)	UNKNOWN STEP	2026-10-09T10:00:32.8606904Z   native_build: false
build / build-image (linux/amd64, ubuntu-latest, false)	UNKNOWN STEP	2026-10-09T10:00:32.8607085Z   token_exchange_url: 
build / build-image (linux/amd64, ubuntu-latest, false)	UNKNOWN STEP	2026-10-09T10:00:32.8607257Z   target_repos: 
build / build-image (linux/amd64, ubuntu-latest, false)	UNKNOWN STEP	2026-10-09T10:00:32.8607436Z ##[endgroup]
build / build-image (linux/amd64, ubuntu-latest, false)	UNKNOWN STEP	2026-10-09T10:00:32.8607774Z Complete job name: build / build-image (linux/amd64, ubuntu-latest, false)
build / build-image (linux/amd64, ubuntu-latest, false)	UNKNOWN STEP	2026-10-09T10:00:32.9060496Z ##[group]Run consensys-vertical-apps/shared-services-workflows/.github/actions/wiz-sensor@ee5456cf63f32f96987af955f66bd6b1b8b5cbd8
build / build-image (linux/amd64, ubuntu-latest, false)	UNKNOWN STEP	2026-10-09T10:00:32.9061209Z with:
build / build-image (linux/amd64, ubuntu-latest, false)	UNKNOWN STEP	2026-10-09T10:00:32.9061383Z   enabled: false
build / build-image (linux/amd64, ubuntu-latest, false)	UNKNOWN STEP	2026-10-09T10:00:32.9062296Z   token: ***
build / build-image (linux/amd64, ubuntu-latest, false)	UNKNOWN STEP	2026-10-09T10:00:32.9062514Z ##[endgroup]
build / build-image (linux/amd64, ubuntu-latest, false)	UNKNOWN STEP	2026-10-09T10:00:32.9109104Z ##[start-action display=Skip Wiz sensor;id=__self.__run]
build / build-image (linux/amd64, ubuntu-latest, false)	UNKNOWN STEP	2026-10-09T10:00:32.9148007Z ##[group]Run if [ "$WIZ_RUNNER_OS" != "Linux" ]; then
build / build-image (linux/amd64, ubuntu-latest, false)	UNKNOWN STEP	2026-10-09T10:00:32.9148357Z ^[[36;1mif [ "$WIZ_RUNNER_OS" != "Linux" ]; then^[[0m
build / build-image (linux/amd64, ubuntu-latest, false)	UNKNOWN STEP	2026-10-09T10:00:32.9148739Z ^[[36;1m  echo "::notice title=Wiz sensor::Skipped because the runner OS is $***WIZ_RUNNER_OS***."^[[0m
build / build-image (linux/amd64, ubuntu-latest, false)	UNKNOWN STEP	2026-10-09T10:00:32.9149066Z ^[[36;1melif [ "$WIZ_SENSOR_ENABLED" != "true" ]; then^[[0m
build / build-image (linux/amd64, ubuntu-latest, false)	UNKNOWN STEP	2026-10-09T10:00:32.9149382Z ^[[36;1m  echo "::notice title=Wiz sensor::Skipped because WIZ_SENSOR_ENABLED is not true."^[[0m
build / build-image (linux/amd64, ubuntu-latest, false)	UNKNOWN STEP	2026-10-09T10:00:32.9149666Z ^[[36;1melse^[[0m
build / build-image (linux/amd64, ubuntu-latest, false)	UNKNOWN STEP	2026-10-09T10:00:32.9149962Z ^[[36;1m  echo "::notice title=Wiz sensor::Skipped because WIZ_SENSOR_TOKEN is not set."^[[0m
build / build-image (linux/amd64, ubuntu-latest, false)	UNKNOWN STEP	2026-10-09T10:00:32.9150249Z ^[[36;1mfi^[[0m
build / build-image (linux/amd64, ubuntu-latest, false)	UNKNOWN STEP	2026-10-09T10:00:32.9364352Z shell: /usr/bin/bash --noprofile --norc -e -o pipefail ***0***
build / build-image (linux/amd64, ubuntu-latest, false)	UNKNOWN STEP	2026-10-09T10:00:32.9364684Z env:
build / build-image (linux/amd64, ubuntu-latest, false)	UNKNOWN STEP	2026-10-09T10:00:32.9364860Z   WIZ_SENSOR_ENABLED: false
build / build-image (linux/amd64, ubuntu-latest, false)	UNKNOWN STEP	2026-10-09T10:00:32.9365055Z   WIZ_SENSOR_TOKEN_SET: true
build / build-image (linux/amd64, ubuntu-latest, false)	UNKNOWN STEP	2026-10-09T10:00:32.9365242Z   WIZ_RUNNER_OS: Linux
build / build-image (linux/amd64, ubuntu-latest, false)	UNKNOWN STEP	2026-10-09T10:00:32.9365421Z ##[endgroup]
build / build-image (linux/amd64, ubuntu-latest, false)	UNKNOWN STEP	2026-10-09T10:00:32.9508914Z ##[notice]Skipped because WIZ_SENSOR_ENABLED is not true.
build / build-image (linux/amd64, ubuntu-latest, false)	UNKNOWN STEP	2026-10-09T10:00:32.9547265Z ##[end-action id=__self.__run;outcome=success;conclusion=success;duration_ms=43]
build / build-image (linux/amd64, ubuntu-latest, false)	UNKNOWN STEP	2026-10-09T10:00:32.9550665Z ##[start-action display=Mask Wiz sensor token fields;id=__self.mask-wiz-sensor-token]
build / build-image (linux/amd64, ubuntu-latest, false)	UNKNOWN STEP	2026-10-09T10:00:32.9558179Z ##[end-action id=__self.mask-wiz-sensor-token;outcome=skipped;conclusion=skipped;duration_ms=0]
build / build-image (linux/amd64, ubuntu-latest, false)	UNKNOWN STEP	2026-10-09T10:00:32.9559664Z ##[start-action display=Start Wiz sensor;id=__self.__wiz-sec-public_wiz-sensor-github-action]
build / build-image (linux/amd64, ubuntu-latest, false)	UNKNOWN STEP	2026-10-09T10:00:32.9563879Z ##[end-action id=__self.__wiz-sec-public_wiz-sensor-github-action;outcome=skipped;conclusion=skipped;duration_ms=0]
build / build-image (linux/amd64, ubuntu-latest, false)	UNKNOWN STEP	2026-10-09T10:00:32.9617655Z ##[group]Run SUFFIX=""
build / build-image (linux/amd64, ubuntu-latest, false)	UNKNOWN STEP	2026-10-09T10:00:32.9617890Z ^[[36;1mSUFFIX=""^[[0m
build / build-image (linux/amd64, ubuntu-latest, false)	UNKNOWN STEP	2026-10-09T10:00:32.9618061Z ^[[36;1mNATIVE='false'^[[0m
build / build-image (linux/amd64, ubuntu-latest, false)	UNKNOWN STEP	2026-10-09T10:00:32.9618245Z ^[[36;1mif [ -n "" ]; then^[[0m
build / build-image (linux/amd64, ubuntu-latest, false)	UNKNOWN STEP	2026-10-09T10:00:32.9618503Z ^[[36;1m  [ -n "$SUFFIX" ] && SUFFIX="$***SUFFIX***-" || SUFFIX=""^[[0m
build / build-image (linux/amd64, ubuntu-latest, false)	UNKNOWN STEP	2026-10-09T10:00:32.9618759Z ^[[36;1mfi^[[0m
build / build-image (linux/amd64, ubuntu-latest, false)	UNKNOWN STEP	2026-10-09T10:00:32.9618927Z ^[[36;1mif [ -n "$SUFFIX" ]; then^[[0m
build / build-image (linux/amd64, ubuntu-latest, false)	UNKNOWN STEP	2026-10-09T10:00:32.9619178Z ^[[36;1m  echo "artifact_name=build-$***SUFFIX***" >> $GITHUB_OUTPUT^[[0m
build / build-image (linux/amd64, ubuntu-latest, false)	UNKNOWN STEP	2026-10-09T10:00:32.9619439Z ^[[36;1m  ARTIFACT_PATH="build.tar"^[[0m
build / build-image (linux/amd64, ubuntu-latest, false)	UNKNOWN STEP	2026-10-09T10:00:32.9619658Z ^[[36;1m  if [[ "$ARTIFACT_PATH" == *.tar ]]; then^[[0m
build / build-image (linux/amd64, ubuntu-latest, false)	UNKNOWN STEP	2026-10-09T10:00:32.9619969Z ^[[36;1m    echo "artifact_path=$***ARTIFACT_PATH%.tar***-$***SUFFIX***.tar" >> $GITHUB_OUTPUT^[[0m
build / build-image (linux/amd64, ubuntu-latest, false)	UNKNOWN STEP	2026-10-09T10:00:32.9620256Z ^[[36;1m  else^[[0m
build / build-image (linux/amd64, ubuntu-latest, false)	UNKNOWN STEP	2026-10-09T10:00:32.9620499Z ^[[36;1m    echo "artifact_path=$***ARTIFACT_PATH***-$***SUFFIX***" >> $GITHUB_OUTPUT^[[0m
build / build-image (linux/amd64, ubuntu-latest, false)	UNKNOWN STEP	2026-10-09T10:00:32.9621005Z ^[[36;1m  fi^[[0m
build / build-image (linux/amd64, ubuntu-latest, false)	UNKNOWN STEP	2026-10-09T10:00:32.9621197Z ^[[36;1melse^[[0m
build / build-image (linux/amd64, ubuntu-latest, false)	UNKNOWN STEP	2026-10-09T10:00:32.9621387Z ^[[36;1m  echo "artifact_name=build" >> $GITHUB_OUTPUT^[[0m
build / build-image (linux/amd64, ubuntu-latest, false)	UNKNOWN STEP	2026-10-09T10:00:32.9621643Z ^[[36;1m  echo "artifact_path=build.tar" >> $GITHUB_OUTPUT^[[0m
build / build-image (linux/amd64, ubuntu-latest, false)	UNKNOWN STEP	2026-10-09T10:00:32.9621870Z ^[[36;1mfi^[[0m
build / build-image (linux/amd64, ubuntu-latest, false)	UNKNOWN STEP	2026-10-09T10:00:32.9622112Z ^[[36;1m# Emulated: upload as -raw to avoid 409 conflict with merge-artifacts upload^[[0m
build / build-image (linux/amd64, ubuntu-latest, false)	UNKNOWN STEP	2026-10-09T10:00:32.9622396Z ^[[36;1mif [ "$NATIVE" != "true" ]; then^[[0m
build / build-image (linux/amd64, ubuntu-latest, false)	UNKNOWN STEP	2026-10-09T10:00:32.9622630Z ^[[36;1m  echo "upload_name=build-raw" >> $GITHUB_OUTPUT^[[0m
build / build-image (linux/amd64, ubuntu-latest, false)	UNKNOWN STEP	2026-10-09T10:00:32.9622856Z ^[[36;1melse^[[0m
build / build-image (linux/amd64, ubuntu-latest, false)	UNKNOWN STEP	2026-10-09T10:00:32.9623169Z ^[[36;1m  [ -n "$SUFFIX" ] && echo "upload_name=build-$***SUFFIX***" >> $GITHUB_OUTPUT || echo "upload_name=build" >> $GITHUB_OUTPUT^[[0m
build / build-image (linux/amd64, ubuntu-latest, false)	UNKNOWN STEP	2026-10-09T10:00:32.9623509Z ^[[36;1mfi^[[0m
build / build-image (linux/amd64, ubuntu-latest, false)	UNKNOWN STEP	2026-10-09T10:00:32.9673231Z shell: /usr/bin/bash --noprofile --norc -e -o pipefail ***0***
build / build-image (linux/amd64, ubuntu-latest, false)	UNKNOWN STEP	2026-10-09T10:00:32.9673485Z ##[endgroup]
build / build-image (linux/amd64, ubuntu-latest, false)	UNKNOWN STEP	2026-10-09T10:00:32.9809357Z ##[group]Run jfrog/setup-jfrog-cli@deda456d982fc5e9a7a020b63eb0d2968aedd33e
build / build-image (linux/amd64, ubuntu-latest, false)	UNKNOWN STEP	2026-10-09T10:00:32.9809659Z with:
build / build-image (linux/amd64, ubuntu-latest, false)	UNKNOWN STEP	2026-10-09T10:00:32.9809834Z   oidc-provider-name: github
build / build-image (linux/amd64, ubuntu-latest, false)	UNKNOWN STEP	2026-10-09T10:00:32.9810033Z   oidc-audience: consensys.jfrog.io
build / build-image (linux/amd64, ubuntu-latest, false)	UNKNOWN STEP	2026-10-09T10:00:32.9810232Z   version: 2.91.0
build / build-image (linux/amd64, ubuntu-latest, false)	UNKNOWN STEP	2026-10-09T10:00:32.9810411Z   disable-job-summary: false
build / build-image (linux/amd64, ubuntu-latest, false)	UNKNOWN STEP	2026-10-09T10:00:32.9810610Z   disable-auto-build-publish: false
build / build-image (linux/amd64, ubuntu-latest, false)	UNKNOWN STEP	2026-10-09T10:00:32.9811106Z   disable-auto-evidence-collection: false
build / build-image (linux/amd64, ubuntu-latest, false)	UNKNOWN STEP	2026-10-09T10:00:32.9811333Z   enable-package-alias: false
build / build-image (linux/amd64, ubuntu-latest, false)	UNKNOWN STEP	2026-10-09T10:00:32.9811518Z env:
build / build-image (linux/amd64, ubuntu-latest, false)	UNKNOWN STEP	2026-10-09T10:00:32.9811695Z   JF_URL: https://consensys.jfrog.io
build / build-image (linux/amd64, ubuntu-latest, false)	UNKNOWN STEP	2026-10-09T10:00:32.9811898Z ##[endgroup]
build / build-image (linux/amd64, ubuntu-latest, false)	UNKNOWN STEP	2026-10-09T10:00:33.0806277Z ##[group]Setup JFrog CLI
build / build-image (linux/amd64, ubuntu-latest, false)	UNKNOWN STEP	2026-10-09T10:00:33.0836669Z Downloading JFrog CLI from https://releases.jfrog.io/artifactory/jfrog-cli/v2/2.91.0/jfrog-cli-linux-amd64/jfrog
build / build-image (linux/amd64, ubuntu-latest, false)	UNKNOWN STEP	2026-10-09T10:00:36.0080477Z [command]/opt/hostedtoolcache/jf/2.91.0/x64/jf config add setup-jfrog-cli-server --url https://consensys.jfrog.io --interactive=false --overwrite=true --access-token ***
build / build-image (linux/amd64, ubuntu-latest, false)	UNKNOWN STEP	2026-10-09T10:00:36.0208580Z ##[endgroup]
build / build-image (linux/amd64, ubuntu-latest, false)	UNKNOWN STEP	2026-10-09T10:00:36.1332839Z ##[group]Run if [ -n "" ]; then
build / build-image (linux/amd64, ubuntu-latest, false)	UNKNOWN STEP	2026-10-09T10:00:36.1333244Z ^[[36;1mif [ -n "" ]; then^[[0m
build / build-image (linux/amd64, ubuntu-latest, false)	UNKNOWN STEP	2026-10-09T10:00:36.1333561Z ^[[36;1m  echo "FILE=" >> $GITHUB_ENV^[[0m
build / build-image (linux/amd64, ubuntu-latest, false)	UNKNOWN STEP	2026-10-09T10:00:36.1333892Z ^[[36;1melse^[[0m
build / build-image (linux/amd64, ubuntu-latest, false)	UNKNOWN STEP	2026-10-09T10:00:36.1334199Z ^[[36;1m  echo "FILE=./Dockerfile" >> $GITHUB_ENV^[[0m
build / build-image (linux/amd64, ubuntu-latest, false)	UNKNOWN STEP	2026-10-09T10:00:36.1334555Z ^[[36;1mfi^[[0m
build / build-image (linux/amd64, ubuntu-latest, false)	UNKNOWN STEP	2026-10-09T10:00:36.1393923Z shell: /usr/bin/bash -e ***0***
build / build-image (linux/amd64, ubuntu-latest, false)	UNKNOWN STEP	2026-10-09T10:00:36.1394157Z env:
build / build-image (linux/amd64, ubuntu-latest, false)	UNKNOWN STEP	2026-10-09T10:00:36.1394509Z   JFROG_CLI_ENV_EXCLUDE: *password*;*secret*;*key*;*token*;*auth*;JF_ARTIFACTORY_*;JF_ENV_*;JF_URL;JF_USER;JF_PASSWORD;JF_ACCESS_TOKEN
build / build-image (linux/amd64, ubuntu-latest, false)	UNKNOWN STEP	2026-10-09T10:00:36.1394891Z   JFROG_CLI_OFFER_CONFIG: false
build / build-image (linux/amd64, ubuntu-latest, false)	UNKNOWN STEP	2026-10-09T10:00:36.1395107Z   JFROG_CLI_AVOID_NEW_VERSION_WARNING: true
build / build-image (linux/amd64, ubuntu-latest, false)	UNKNOWN STEP	2026-10-09T10:00:36.1395398Z   JFROG_CLI_SOURCECODE_REPOSITORY: consensys-vertical-apps/va-mmcx-terminal
build / build-image (linux/amd64, ubuntu-latest, false)	UNKNOWN STEP	2026-10-09T10:00:36.1395704Z   JFROG_CLI_CI_JOB_ID: Release
build / build-image (linux/amd64, ubuntu-latest, false)	UNKNOWN STEP	2026-10-09T10:00:36.1396138Z   JFROG_CLI_CI_RUN_ID: 37913592023
build / build-image (linux/amd64, ubuntu-latest, false)	UNKNOWN STEP	2026-10-09T10:00:36.1396396Z   JFROG_CLI_GITHUB_TOKEN: 
build / build-image (linux/amd64, ubuntu-latest, false)	UNKNOWN STEP	2026-10-09T10:00:36.1396642Z   JFROG_CLI_CI_VCS_REVISION: a0c70d313b0b14786b9738dec5a9ccba8653d1bf
build / build-image (linux/amd64, ubuntu-latest, false)	UNKNOWN STEP	2026-10-09T10:00:36.1396907Z   JFROG_CLI_CI_BRANCH: main
build / build-image (linux/amd64, ubuntu-latest, false)	UNKNOWN STEP	2026-10-09T10:00:36.1397199Z   JFROG_CLI_CI_VCS_URL: https://github.com/consensys-vertical-apps/va-mmcx-terminal
build / build-image (linux/amd64, ubuntu-latest, false)	UNKNOWN STEP	2026-10-09T10:00:36.1397499Z   JFROG_CLI_BUILD_NAME: Release
build / build-image (linux/amd64, ubuntu-latest, false)	UNKNOWN STEP	2026-10-09T10:00:36.1397698Z   JFROG_CLI_BUILD_NUMBER: 85
build / build-image (linux/amd64, ubuntu-latest, false)	UNKNOWN STEP	2026-10-09T10:00:36.1398027Z   JFROG_CLI_BUILD_URL: https://github.com/consensys-vertical-apps/va-mmcx-terminal/actions/runs/37913592023
build / build-image (linux/amd64, ubuntu-latest, false)	UNKNOWN STEP	2026-10-09T10:00:36.1398415Z   JFROG_CLI_USER_AGENT: setup-jfrog-cli-github-action/5.1.0
build / build-image (linux/amd64, ubuntu-latest, false)	UNKNOWN STEP	2026-10-09T10:00:36.1398716Z   JFROG_CLI_COMMAND_SUMMARY_OUTPUT_DIR: /home/runner/work/_temp
build / build-image (linux/amd64, ubuntu-latest, false)	UNKNOWN STEP	2026-10-09T10:00:36.1399016Z   JFROG_CLI_USAGE_GH_TOKEN_FOR_CODE_SCANNING_ALERTS_PROVIDED: 
build / build-image (linux/amd64, ubuntu-latest, false)	UNKNOWN STEP	2026-10-09T10:00:36.1399305Z   SETUP_JFROG_CLI_SERVER_IDS: setup-jfrog-cli-server
build / build-image (linux/amd64, ubuntu-latest, false)	UNKNOWN STEP	2026-10-09T10:00:36.1399544Z ##[endgroup]
build / build-image (linux/amd64, ubuntu-latest, false)	UNKNOWN STEP	2026-10-09T10:00:36.5308780Z ##[group]Run consensys-vertical-apps/shared-services-workflows/.github/actions/docker-build@0ad0566241bddeb4f6b3b5f310b368a89283e7df
build / build-image (linux/amd64, ubuntu-latest, false)	UNKNOWN STEP	2026-10-09T10:00:36.5309441Z with:
build / build-image (linux/amd64, ubuntu-latest, false)	UNKNOWN STEP	2026-10-09T10:00:36.5309817Z   checkout_repository: consensys-vertical-apps/va-mmcx-terminal
build / build-image (linux/amd64, ubuntu-latest, false)	UNKNOWN STEP	2026-10-09T10:00:36.5310218Z   docker_build_context: .
build / build-image (linux/amd64, ubuntu-latest, false)	UNKNOWN STEP	2026-10-09T10:00:36.5310505Z   file: ./Dockerfile
build / build-image (linux/amd64, ubuntu-latest, false)	UNKNOWN STEP	2026-10-09T10:00:36.5321421Z   docker_build_args: ***
build / build-image (linux/amd64, ubuntu-latest, false)	UNKNOWN STEP	
build / build-image (linux/amd64, ubuntu-latest, false)	UNKNOWN STEP	JFROG_ACCESS_TOKEN=***
build / build-image (linux/amd64, ubuntu-latest, false)	UNKNOWN STEP	GITHUB_ACCESS_TOKEN=
build / build-image (linux/amd64, ubuntu-latest, false)	UNKNOWN STEP	
build / build-image (linux/amd64, ubuntu-latest, false)	UNKNOWN STEP	2026-10-09T10:00:36.5321844Z   artifact_path: build.tar
build / build-image (linux/amd64, ubuntu-latest, false)	UNKNOWN STEP	2026-10-09T10:00:36.5322139Z   artifact_name: build-raw
build / build-image (linux/amd64, ubuntu-latest, false)	UNKNOWN STEP	2026-10-09T10:00:36.5322505Z   aws_role: arn:aws:iam::471636589850:role/ecr-github-public-cache-pull
build / build-image (linux/amd64, ubuntu-latest, false)	UNKNOWN STEP	2026-10-09T10:00:36.5322883Z   aws_region: us-east-2
build / build-image (linux/amd64, ubuntu-latest, false)	UNKNOWN STEP	2026-10-09T10:00:36.5323148Z   git_submodules: false
build / build-image (linux/amd64, ubuntu-latest, false)	UNKNOWN STEP	2026-10-09T10:00:36.5323413Z   platforms: linux/amd64
build / build-image (linux/amd64, ubuntu-latest, false)	UNKNOWN STEP	2026-10-09T10:00:36.5323681Z   native_build: false
build / build-image (linux/amd64, ubuntu-latest, false)	UNKNOWN STEP	2026-10-09T10:00:36.5323940Z env:
build / build-image (linux/amd64, ubuntu-latest, false)	UNKNOWN STEP	2026-10-09T10:00:36.5324463Z   JFROG_CLI_ENV_EXCLUDE: *password*;*secret*;*key*;*token*;*auth*;JF_ARTIFACTORY_*;JF_ENV_*;JF_URL;JF_USER;JF_PASSWORD;JF_ACCESS_TOKEN
build / build-image (linux/amd64, ubuntu-latest, false)	UNKNOWN STEP	2026-10-09T10:00:36.5325013Z   JFROG_CLI_OFFER_CONFIG: false
build / build-image (linux/amd64, ubuntu-latest, false)	UNKNOWN STEP	2026-10-09T10:00:36.5325329Z   JFROG_CLI_AVOID_NEW_VERSION_WARNING: true
build / build-image (linux/amd64, ubuntu-latest, false)	UNKNOWN STEP	2026-10-09T10:00:36.5325758Z   JFROG_CLI_SOURCECODE_REPOSITORY: consensys-vertical-apps/va-mmcx-terminal
build / build-image (linux/amd64, ubuntu-latest, false)	UNKNOWN STEP	2026-10-09T10:00:36.5326191Z   JFROG_CLI_CI_JOB_ID: Release
build / build-image (linux/amd64, ubuntu-latest, false)	UNKNOWN STEP	2026-10-09T10:00:36.5326493Z   JFROG_CLI_CI_RUN_ID: 37913592023
build / build-image (linux/amd64, ubuntu-latest, false)	UNKNOWN STEP	2026-10-09T10:00:36.5326797Z   JFROG_CLI_GITHUB_TOKEN: 
build / build-image (linux/amd64, ubuntu-latest, false)	UNKNOWN STEP	2026-10-09T10:00:36.5327157Z   JFROG_CLI_CI_VCS_REVISION: a0c70d313b0b14786b9738dec5a9ccba8653d1bf
build / build-image (linux/amd64, ubuntu-latest, false)	UNKNOWN STEP	2026-10-09T10:00:36.5327552Z   JFROG_CLI_CI_BRANCH: main
build / build-image (linux/amd64, ubuntu-latest, false)	UNKNOWN STEP	2026-10-09T10:00:36.5327961Z   JFROG_CLI_CI_VCS_URL: https://github.com/consensys-vertical-apps/va-mmcx-terminal
build / build-image (linux/amd64, ubuntu-latest, false)	UNKNOWN STEP	2026-10-09T10:00:36.5328403Z   JFROG_CLI_BUILD_NAME: Release
build / build-image (linux/amd64, ubuntu-latest, false)	UNKNOWN STEP	2026-10-09T10:00:36.5328709Z   JFROG_CLI_BUILD_NUMBER: 85
build / build-image (linux/amd64, ubuntu-latest, false)	UNKNOWN STEP	2026-10-09T10:00:36.5329201Z   JFROG_CLI_BUILD_URL: https://github.com/consensys-vertical-apps/va-mmcx-terminal/actions/runs/37913592023
build / build-image (linux/amd64, ubuntu-latest, false)	UNKNOWN STEP	2026-10-09T10:00:36.5329774Z   JFROG_CLI_USER_AGENT: setup-jfrog-cli-github-action/5.1.0
build / build-image (linux/amd64, ubuntu-latest, false)	UNKNOWN STEP	2026-10-09T10:00:36.5330213Z   JFROG_CLI_COMMAND_SUMMARY_OUTPUT_DIR: /home/runner/work/_temp
build / build-image (linux/amd64, ubuntu-latest, false)	UNKNOWN STEP	2026-10-09T10:00:36.5330649Z   JFROG_CLI_USAGE_GH_TOKEN_FOR_CODE_SCANNING_ALERTS_PROVIDED: 
build / build-image (linux/amd64, ubuntu-latest, false)	UNKNOWN STEP	2026-10-09T10:00:36.5331171Z   SETUP_JFROG_CLI_SERVER_IDS: setup-jfrog-cli-server
build / build-image (linux/amd64, ubuntu-latest, false)	UNKNOWN STEP	2026-10-09T10:00:36.5331430Z   FILE: ./Dockerfile
build / build-image (linux/amd64, ubuntu-latest, false)	UNKNOWN STEP	2026-10-09T10:00:36.5331604Z ##[endgroup]
build / build-image (linux/amd64, ubuntu-latest, false)	UNKNOWN STEP	2026-10-09T10:00:36.5337211Z ##[start-action display=Checkout;id=__consensys-vertical-apps_shared-services-workflows.__actions_checkout]
build / build-image (linux/amd64, ubuntu-latest, false)	UNKNOWN STEP	2026-10-09T10:00:36.7028078Z ##[group]Run actions/checkout@df4cb1c069e1874edd31b4311f1884172cec0e10
build / build-image (linux/amd64, ubuntu-latest, false)	UNKNOWN STEP	2026-10-09T10:00:36.7028493Z with:
build / build-image (linux/amd64, ubuntu-latest, false)	UNKNOWN STEP	2026-10-09T10:00:36.7028794Z   repository: consensys-vertical-apps/va-mmcx-terminal
build / build-image (linux/amd64, ubuntu-latest, false)	UNKNOWN STEP	2026-10-09T10:00:36.7029158Z   submodules: false
build / build-image (linux/amd64, ubuntu-latest, false)	UNKNOWN STEP	2026-10-09T10:00:36.7031789Z   token: ***
build / build-image (linux/amd64, ubuntu-latest, false)	UNKNOWN STEP	2026-10-09T10:00:36.7032064Z   ssh-strict: true
build / build-image (linux/amd64, ubuntu-latest, false)	UNKNOWN STEP	2026-10-09T10:00:36.7032330Z   ssh-user: git
build / build-image (linux/amd64, ubuntu-latest, false)	UNKNOWN STEP	2026-10-09T10:00:36.7032895Z   persist-credentials: true
build / build-image (linux/amd64, ubuntu-latest, false)	UNKNOWN STEP	2026-10-09T10:00:36.7033169Z   clean: true
build / build-image (linux/amd64, ubuntu-latest, false)	UNKNOWN STEP	2026-10-09T10:00:36.7033415Z   sparse-checkout-cone-mode: true
build / build-image (linux/amd64, ubuntu-latest, false)	UNKNOWN STEP	2026-10-09T10:00:36.7033711Z   fetch-depth: 1
build / build-image (linux/amd64, ubuntu-latest, false)	UNKNOWN STEP	2026-10-09T10:00:36.7033968Z   fetch-tags: false
build / build-image (linux/amd64, ubuntu-latest, false)	UNKNOWN STEP	2026-10-09T10:00:36.7034226Z   show-progress: true
build / build-image (linux/amd64, ubuntu-latest, false)	UNKNOWN STEP	2026-10-09T10:00:36.7034486Z   lfs: false
build / build-image (linux/amd64, ubuntu-latest, false)	UNKNOWN STEP	2026-10-09T10:00:36.7034741Z   set-safe-directory: true
build / build-image (linux/amd64, ubuntu-latest, false)	UNKNOWN STEP	2026-10-09T10:00:36.7035015Z env:
build / build-image (linux/amd64, ubuntu-latest, false)	UNKNOWN STEP	2026-10-09T10:00:36.7035513Z   JFROG_CLI_ENV_EXCLUDE: *password*;*secret*;*key*;*token*;*auth*;JF_ARTIFACTORY_*;JF_ENV_*;JF_URL;JF_USER;JF_PASSWORD;JF_ACCESS_TOKEN
build / build-image (linux/amd64, ubuntu-latest, false)	UNKNOWN STEP	2026-10-09T10:00:36.7036057Z   JFROG_CLI_OFFER_CONFIG: false
build / build-image (linux/amd64, ubuntu-latest, false)	UNKNOWN STEP	2026-10-09T10:00:36.7036399Z   JFROG_CLI_AVOID_NEW_VERSION_WARNING: true
build / build-image (linux/amd64, ubuntu-latest, false)	UNKNOWN STEP	2026-10-09T10:00:36.7036821Z   JFROG_CLI_SOURCECODE_REPOSITORY: consensys-vertical-apps/va-mmcx-terminal
build / build-image (linux/amd64, ubuntu-latest, false)	UNKNOWN STEP	2026-10-09T10:00:36.7037248Z   JFROG_CLI_CI_JOB_ID: Release
build / build-image (linux/amd64, ubuntu-latest, false)	UNKNOWN STEP	2026-10-09T10:00:36.7037549Z   JFROG_CLI_CI_RUN_ID: 37913592023
build / build-image (linux/amd64, ubuntu-latest, false)	UNKNOWN STEP	2026-10-09T10:00:36.7037849Z   JFROG_CLI_GITHUB_TOKEN: 
build / build-image (linux/amd64, ubuntu-latest, false)	UNKNOWN STEP	2026-10-09T10:00:36.7038477Z   JFROG_CLI_CI_VCS_REVISION: a0c70d313b0b14786b9738dec5a9ccba8653d1bf
build / build-image (linux/amd64, ubuntu-latest, false)	UNKNOWN STEP	2026-10-09T10:00:36.7038878Z   JFROG_CLI_CI_BRANCH: main
build / build-image (linux/amd64, ubuntu-latest, false)	UNKNOWN STEP	2026-10-09T10:00:36.7039297Z   JFROG_CLI_CI_VCS_URL: https://github.com/consensys-vertical-apps/va-mmcx-terminal
build / build-image (linux/amd64, ubuntu-latest, false)	UNKNOWN STEP	2026-10-09T10:00:36.7039745Z   JFROG_CLI_BUILD_NAME: Release
build / build-image (linux/amd64, ubuntu-latest, false)	UNKNOWN STEP	2026-10-09T10:00:36.7040076Z   JFROG_CLI_BUILD_NUMBER: 85
build / build-image (linux/amd64, ubuntu-latest, false)	UNKNOWN STEP	2026-10-09T10:00:36.7040581Z   JFROG_CLI_BUILD_URL: https://github.com/consensys-vertical-apps/va-mmcx-terminal/actions/runs/37913592023
build / build-image (linux/amd64, ubuntu-latest, false)	UNKNOWN STEP	2026-10-09T10:00:36.7041330Z   JFROG_CLI_USER_AGENT: setup-jfrog-cli-github-action/5.1.0
build / build-image (linux/amd64, ubuntu-latest, false)	UNKNOWN STEP	2026-10-09T10:00:36.7042091Z   JFROG_CLI_COMMAND_SUMMARY_OUTPUT_DIR: /home/runner/work/_temp
build / build-image (linux/amd64, ubuntu-latest, false)	UNKNOWN STEP	2026-10-09T10:00:36.7066999Z   JFROG_CLI_USAGE_GH_TOKEN_FOR_CODE_SCANNING_ALERTS_PROVIDED: 
build / build-image (linux/amd64, ubuntu-latest, false)	UNKNOWN STEP	2026-10-09T10:00:36.7067503Z   SETUP_JFROG_CLI_SERVER_IDS: setup-jfrog-cli-server
build / build-image (linux/amd64, ubuntu-latest, false)	UNKNOWN STEP	2026-10-09T10:00:36.7067902Z   FILE: ./Dockerfile
build / build-image (linux/amd64, ubuntu-latest, false)	UNKNOWN STEP	2026-10-09T10:00:36.7068173Z ##[endgroup]
build / build-image (linux/amd64, ubuntu-latest, false)	UNKNOWN STEP	2026-10-09T10:00:36.7754776Z Syncing repository: consensys-vertical-apps/va-mmcx-terminal
build / build-image (linux/amd64, ubuntu-latest, false)	UNKNOWN STEP	2026-10-09T10:00:36.7755652Z ##[group]Getting Git version info
build / build-image (linux/amd64, ubuntu-latest, false)	UNKNOWN STEP	2026-10-09T10:00:36.7756074Z Working directory is '/home/runner/work/va-mmcx-terminal/va-mmcx-terminal'
build / build-image (linux/amd64, ubuntu-latest, false)	UNKNOWN STEP	2026-10-09T10:00:36.7756742Z [command]/usr/bin/git version
build / build-image (linux/amd64, ubuntu-latest, false)	UNKNOWN STEP	2026-10-09T10:00:36.7810318Z git version 2.55.0
build / build-image (linux/amd64, ubuntu-latest, false)	UNKNOWN STEP	2026-10-09T10:00:36.7827112Z ##[endgroup]
build / build-image (linux/amd64, ubuntu-latest, false)	UNKNOWN STEP	2026-10-09T10:00:36.7838454Z Temporarily overriding HOME='/home/runner/work/_temp/723d2c8b-ab4c-428d-93ef-932fc748fbea' before making global git config changes
build / build-image (linux/amd64, ubuntu-latest, false)	UNKNOWN STEP	2026-10-09T10:00:36.7839460Z Adding repository directory to the temporary git global config as a safe directory
build / build-image (linux/amd64, ubuntu-latest, false)	UNKNOWN STEP	2026-10-09T10:00:36.7844920Z [command]/usr/bin/git config --global --add safe.directory /home/runner/work/va-mmcx-terminal/va-mmcx-terminal
build / build-image (linux/amd64, ubuntu-latest, false)	UNKNOWN STEP	2026-10-09T10:00:36.9541790Z Deleting the contents of '/home/runner/work/va-mmcx-terminal/va-mmcx-terminal'
build / build-image (linux/amd64, ubuntu-latest, false)	UNKNOWN STEP	2026-10-09T10:00:36.9546775Z ##[group]Determining repository object format
build / build-image (linux/amd64, ubuntu-latest, false)	UNKNOWN STEP	2026-10-09T10:00:36.9571621Z ##[endgroup]
build / build-image (linux/amd64, ubuntu-latest, false)	UNKNOWN STEP	2026-10-09T10:00:36.9591704Z ##[group]Initializing the repository
build / build-image (linux/amd64, ubuntu-latest, false)	UNKNOWN STEP	2026-10-09T10:00:36.9592452Z [command]/usr/bin/git init /home/runner/work/va-mmcx-terminal/va-mmcx-terminal
build / build-image (linux/amd64, ubuntu-latest, false)	UNKNOWN STEP	2026-10-09T10:00:37.2314197Z hint: Using 'master' as the name for the initial branch. This default branch name
build / build-image (linux/amd64, ubuntu-latest, false)	UNKNOWN STEP	2026-10-09T10:00:37.2314603Z hint: will change to "main" in Git 3.0. To configure the initial branch name
build / build-image (linux/amd64, ubuntu-latest, false)	UNKNOWN STEP	2026-10-09T10:00:37.2314938Z hint: to use in all of your new repositories, which will suppress this warning,
build / build-image (linux/amd64, ubuntu-latest, false)	UNKNOWN STEP	2026-10-09T10:00:37.2315201Z hint: call:
build / build-image (linux/amd64, ubuntu-latest, false)	UNKNOWN STEP	2026-10-09T10:00:37.2315364Z hint:
build / build-image (linux/amd64, ubuntu-latest, false)	UNKNOWN STEP	2026-10-09T10:00:37.2315595Z hint: 	git config --global init.defaultBranch <name>
build / build-image (linux/amd64, ubuntu-latest, false)	UNKNOWN STEP	2026-10-09T10:00:37.2315827Z hint:
build / build-image (linux/amd64, ubuntu-latest, false)	UNKNOWN STEP	2026-10-09T10:00:37.2316047Z hint: Names commonly chosen instead of 'master' are 'main', 'trunk' and
build / build-image (linux/amd64, ubuntu-latest, false)	UNKNOWN STEP	2026-10-09T10:00:37.2316378Z hint: 'development'. The just-created branch can be renamed via this command:
build / build-image (linux/amd64, ubuntu-latest, false)	UNKNOWN STEP	2026-10-09T10:00:37.2316634Z hint:
build / build-image (linux/amd64, ubuntu-latest, false)	UNKNOWN STEP	2026-10-09T10:00:37.2316803Z hint: 	git branch -m <name>
build / build-image (linux/amd64, ubuntu-latest, false)	UNKNOWN STEP	2026-10-09T10:00:37.2317004Z hint:
build / build-image (linux/amd64, ubuntu-latest, false)	UNKNOWN STEP	2026-10-09T10:00:37.2317269Z hint: Disable this message with "git config set advice.defaultBranchName false"
build / build-image (linux/amd64, ubuntu-latest, false)	UNKNOWN STEP	2026-10-09T10:00:37.2317853Z Initialized empty Git repository in /home/runner/work/va-mmcx-terminal/va-mmcx-terminal/.git/
build / build-image (linux/amd64, ubuntu-latest, false)	UNKNOWN STEP	2026-10-09T10:00:37.2329252Z [command]/usr/bin/git remote add origin https://github.com/consensys-vertical-apps/va-mmcx-terminal
build / build-image (linux/amd64, ubuntu-latest, false)	UNKNOWN STEP	2026-10-09T10:00:37.5297522Z ##[endgroup]
build / build-image (linux/amd64, ubuntu-latest, false)	UNKNOWN STEP	2026-10-09T10:00:37.5298098Z ##[group]Disabling automatic garbage collection
build / build-image (linux/amd64, ubuntu-latest, false)	UNKNOWN STEP	2026-10-09T10:00:37.5302017Z [command]/usr/bin/git config --local gc.auto 0
build / build-image (linux/amd64, ubuntu-latest, false)	UNKNOWN STEP	2026-10-09T10:00:37.5441168Z ##[endgroup]
build / build-image (linux/amd64, ubuntu-latest, false)	UNKNOWN STEP	2026-10-09T10:00:37.5441700Z ##[group]Setting up auth
build / build-image (linux/amd64, ubuntu-latest, false)	UNKNOWN STEP	2026-10-09T10:00:37.5460532Z Removing SSH command configuration
build / build-image (linux/amd64, ubuntu-latest, false)	UNKNOWN STEP	2026-10-09T10:00:37.5470040Z [command]/usr/bin/git config --local --name-only --get-regexp core\.sshCommand
build / build-image (linux/amd64, ubuntu-latest, false)	UNKNOWN STEP	2026-10-09T10:00:37.5471598Z [command]/usr/bin/git submodule foreach --recursive sh -c "git config --local --name-only --get-regexp 'core\.sshCommand' && git config --local --unset-all 'core.sshCommand' || :"
build / build-image (linux/amd64, ubuntu-latest, false)	UNKNOWN STEP	2026-10-09T10:00:37.5844982Z Removing HTTP extra header
build / build-image (linux/amd64, ubuntu-latest, false)	UNKNOWN STEP	2026-10-09T10:00:37.5850677Z [command]/usr/bin/git config --local --name-only --get-regexp http\.https\:\/\/github\.com\/\.extraheader
build / build-image (linux/amd64, ubuntu-latest, false)	UNKNOWN STEP	2026-10-09T10:00:37.5879723Z [command]/usr/bin/git submodule foreach --recursive sh -c "git config --local --name-only --get-regexp 'http\.https\:\/\/github\.com\/\.extraheader' && git config --local --unset-all 'http.https://github.com/.extraheader' || :"
build / build-image (linux/amd64, ubuntu-latest, false)	UNKNOWN STEP	2026-10-09T10:00:37.6070114Z Removing includeIf entries pointing to credentials config files
build / build-image (linux/amd64, ubuntu-latest, false)	UNKNOWN STEP	2026-10-09T10:00:37.6070974Z [command]/usr/bin/git config --local --name-only --get-regexp ^includeIf\.gitdir:
build / build-image (linux/amd64, ubuntu-latest, false)	UNKNOWN STEP	2026-10-09T10:00:37.6101946Z [command]/usr/bin/git submodule foreach --recursive git config --local --show-origin --name-only --get-regexp remote.origin.url
build / build-image (linux/amd64, ubuntu-latest, false)	UNKNOWN STEP	2026-10-09T10:00:37.6294008Z [command]/usr/bin/git config --file /home/runner/work/_temp/git-credentials-77fb38ed-bf09-48b1-9ff5-f5535e85e3d1.config http.https://github.com/.extraheader AUTHORIZATION: basic ***
build / build-image (linux/amd64, ubuntu-latest, false)	UNKNOWN STEP	2026-10-09T10:00:37.6379570Z [command]/usr/bin/git config --local includeIf.gitdir:/home/runner/work/va-mmcx-terminal/va-mmcx-terminal/.git.path /home/runner/work/_temp/git-credentials-77fb38ed-bf09-48b1-9ff5-f5535e85e3d1.config
build / build-image (linux/amd64, ubuntu-latest, false)	UNKNOWN STEP	2026-10-09T10:00:37.6504107Z [command]/usr/bin/git config --local includeIf.gitdir:/home/runner/work/va-mmcx-terminal/va-mmcx-terminal/.git/worktrees/*.path /home/runner/work/_temp/git-credentials-77fb38ed-bf09-48b1-9ff5-f5535e85e3d1.config
build / build-image (linux/amd64, ubuntu-latest, false)	UNKNOWN STEP	2026-10-09T10:00:37.6587040Z [command]/usr/bin/git config --local includeIf.gitdir:/github/workspace/.git.path /github/runner_temp/git-credentials-77fb38ed-bf09-48b1-9ff5-f5535e85e3d1.config
build / build-image (linux/amd64, ubuntu-latest, false)	UNKNOWN STEP	2026-10-09T10:00:37.6685135Z [command]/usr/bin/git config --local includeIf.gitdir:/github/workspace/.git/worktrees/*.path /github/runner_temp/git-credentials-77fb38ed-bf09-48b1-9ff5-f5535e85e3d1.config
build / build-image (linux/amd64, ubuntu-latest, false)	UNKNOWN STEP	2026-10-09T10:00:37.6793741Z ##[endgroup]
build / build-image (linux/amd64, ubuntu-latest, false)	UNKNOWN STEP	2026-10-09T10:00:37.6794234Z ##[group]Fetching the repository
build / build-image (linux/amd64, ubuntu-latest, false)	UNKNOWN STEP	2026-10-09T10:00:37.6795710Z [command]/usr/bin/git -c protocol.version=2 fetch --no-tags --prune --no-recurse-submodules --depth=1 origin +a0c70d313b0b14786b9738dec5a9ccba8653d1bf:refs/remotes/origin/main
build / build-image (linux/amd64, ubuntu-latest, false)	UNKNOWN STEP	2026-10-09T10:00:38.8726674Z From https://github.com/consensys-vertical-apps/va-mmcx-terminal
build / build-image (linux/amd64, ubuntu-latest, false)	UNKNOWN STEP	2026-10-09T10:00:38.8733163Z  * [new ref]         a0c70d313b0b14786b9738dec5a9ccba8653d1bf -> origin/main
build / build-image (linux/amd64, ubuntu-latest, false)	UNKNOWN STEP	2026-10-09T10:00:38.8735023Z [command]/usr/bin/git branch --list --remote origin/main
build / build-image (linux/amd64, ubuntu-latest, false)	UNKNOWN STEP	2026-10-09T10:00:38.8748788Z   origin/main
build / build-image (linux/amd64, ubuntu-latest, false)	UNKNOWN STEP	2026-10-09T10:00:38.8761000Z [command]/usr/bin/git rev-parse refs/remotes/origin/main
build / build-image (linux/amd64, ubuntu-latest, false)	UNKNOWN STEP	2026-10-09T10:00:38.8774133Z a0c70d313b0b14786b9738dec5a9ccba8653d1bf
build / build-image (linux/amd64, ubuntu-latest, false)	UNKNOWN STEP	2026-10-09T10:00:38.8792288Z ##[endgroup]
build / build-image (linux/amd64, ubuntu-latest, false)	UNKNOWN STEP	2026-10-09T10:00:38.8804961Z ##[group]Determining the checkout info
build / build-image (linux/amd64, ubuntu-latest, false)	UNKNOWN STEP	2026-10-09T10:00:38.8805531Z ##[endgroup]
build / build-image (linux/amd64, ubuntu-latest, false)	UNKNOWN STEP	2026-10-09T10:00:38.8805900Z [command]/usr/bin/git sparse-checkout disable
build / build-image (linux/amd64, ubuntu-latest, false)	UNKNOWN STEP	2026-10-09T10:00:38.8827390Z [command]/usr/bin/git config --local --unset-all extensions.worktreeConfig
build / build-image (linux/amd64, ubuntu-latest, false)	UNKNOWN STEP	2026-10-09T10:00:38.8850890Z ##[group]Checking out the ref
build / build-image (linux/amd64, ubuntu-latest, false)	UNKNOWN STEP	2026-10-09T10:00:38.8854114Z [command]/usr/bin/git checkout --progress --force -B main refs/remotes/origin/main
build / build-image (linux/amd64, ubuntu-latest, false)	UNKNOWN STEP	2026-10-09T10:00:38.9965942Z Switched to a new branch 'main'
build / build-image (linux/amd64, ubuntu-latest, false)	UNKNOWN STEP	2026-10-09T10:00:38.9969974Z branch 'main' set up to track 'origin/main'.
build / build-image (linux/amd64, ubuntu-latest, false)	UNKNOWN STEP	2026-10-09T10:00:38.9982456Z ##[endgroup]
build / build-image (linux/amd64, ubuntu-latest, false)	UNKNOWN STEP	2026-10-09T10:00:39.0024003Z [command]/usr/bin/git log -1 --format=%H
build / build-image (linux/amd64, ubuntu-latest, false)	UNKNOWN STEP	2026-10-09T10:00:39.0049097Z a0c70d313b0b14786b9738dec5a9ccba8653d1bf
build / build-image (linux/amd64, ubuntu-latest, false)	UNKNOWN STEP	2026-10-09T10:00:39.0155452Z ##[end-action id=__consensys-vertical-apps_shared-services-workflows.__actions_checkout;outcome=success;conclusion=success;duration_ms=2481]
build / build-image (linux/amd64, ubuntu-latest, false)	UNKNOWN STEP	2026-10-09T10:00:39.0157900Z ##[start-action display=Set up QEMU;id=__consensys-vertical-apps_shared-services-workflows.__docker_setup-qemu-action]
build / build-image (linux/amd64, ubuntu-latest, false)	UNKNOWN STEP	2026-10-09T10:00:39.0220037Z ##[group]Run docker/setup-qemu-action@96fe6ef7f33517b61c61be40b68a1882f3264fb8
build / build-image (linux/amd64, ubuntu-latest, false)	UNKNOWN STEP	2026-10-09T10:00:39.0220332Z with:
build / build-image (linux/amd64, ubuntu-latest, false)	UNKNOWN STEP	2026-10-09T10:00:39.0220517Z   image: docker.io/tonistiigi/binfmt:latest
build / build-image (linux/amd64, ubuntu-latest, false)	UNKNOWN STEP	2026-10-09T10:00:39.0220916Z   platforms: all
build / build-image (linux/amd64, ubuntu-latest, false)	UNKNOWN STEP	2026-10-09T10:00:39.0221100Z   reset: false
build / build-image (linux/amd64, ubuntu-latest, false)	UNKNOWN STEP	2026-10-09T10:00:39.0221435Z   cache-image: true
build / build-image (linux/amd64, ubuntu-latest, false)	UNKNOWN STEP	2026-10-09T10:00:39.0221609Z env:
build / build-image (linux/amd64, ubuntu-latest, false)	UNKNOWN STEP	2026-10-09T10:00:39.0221938Z   JFROG_CLI_ENV_EXCLUDE: *password*;*secret*;*key*;*token*;*auth*;JF_ARTIFACTORY_*;JF_ENV_*;JF_URL;JF_USER;JF_PASSWORD;JF_ACCESS_TOKEN
build / build-image (linux/amd64, ubuntu-latest, false)	UNKNOWN STEP	2026-10-09T10:00:39.0222302Z   JFROG_CLI_OFFER_CONFIG: false
build / build-image (linux/amd64, ubuntu-latest, false)	UNKNOWN STEP	2026-10-09T10:00:39.0222514Z   JFROG_CLI_AVOID_NEW_VERSION_WARNING: true
build / build-image (linux/amd64, ubuntu-latest, false)	UNKNOWN STEP	2026-10-09T10:00:39.0222800Z   JFROG_CLI_SOURCECODE_REPOSITORY: consensys-vertical-apps/va-mmcx-terminal
build / build-image (linux/amd64, ubuntu-latest, false)	UNKNOWN STEP	2026-10-09T10:00:39.0223087Z   JFROG_CLI_CI_JOB_ID: Release
build / build-image (linux/amd64, ubuntu-latest, false)	UNKNOWN STEP	2026-10-09T10:00:39.0223288Z   JFROG_CLI_CI_RUN_ID: 37913592023
build / build-image (linux/amd64, ubuntu-latest, false)	UNKNOWN STEP	2026-10-09T10:00:39.0223490Z   JFROG_CLI_GITHUB_TOKEN: 
build / build-image (linux/amd64, ubuntu-latest, false)	UNKNOWN STEP	2026-10-09T10:00:39.0223733Z   JFROG_CLI_CI_VCS_REVISION: a0c70d313b0b14786b9738dec5a9ccba8653d1bf
build / build-image (linux/amd64, ubuntu-latest, false)	UNKNOWN STEP	2026-10-09T10:00:39.0223997Z   JFROG_CLI_CI_BRANCH: main
build / build-image (linux/amd64, ubuntu-latest, false)	UNKNOWN STEP	2026-10-09T10:00:39.0224285Z   JFROG_CLI_CI_VCS_URL: https://github.com/consensys-vertical-apps/va-mmcx-terminal
build / build-image (linux/amd64, ubuntu-latest, false)	UNKNOWN STEP	2026-10-09T10:00:39.0224580Z   JFROG_CLI_BUILD_NAME: Release
build / build-image (linux/amd64, ubuntu-latest, false)	UNKNOWN STEP	2026-10-09T10:00:39.0224785Z   JFROG_CLI_BUILD_NUMBER: 85
build / build-image (linux/amd64, ubuntu-latest, false)	UNKNOWN STEP	2026-10-09T10:00:39.0225111Z   JFROG_CLI_BUILD_URL: https://github.com/consensys-vertical-apps/va-mmcx-terminal/actions/runs/37913592023
build / build-image (linux/amd64, ubuntu-latest, false)	UNKNOWN STEP	2026-10-09T10:00:39.0225499Z   JFROG_CLI_USER_AGENT: setup-jfrog-cli-github-action/5.1.0
build / build-image (linux/amd64, ubuntu-latest, false)	UNKNOWN STEP	2026-10-09T10:00:39.0225795Z   JFROG_CLI_COMMAND_SUMMARY_OUTPUT_DIR: /home/runner/work/_temp
build / build-image (linux/amd64, ubuntu-latest, false)	UNKNOWN STEP	2026-10-09T10:00:39.0226088Z   JFROG_CLI_USAGE_GH_TOKEN_FOR_CODE_SCANNING_ALERTS_PROVIDED: 
build / build-image (linux/amd64, ubuntu-latest, false)	UNKNOWN STEP	2026-10-09T10:00:39.0226367Z   SETUP_JFROG_CLI_SERVER_IDS: setup-jfrog-cli-server
build / build-image (linux/amd64, ubuntu-latest, false)	UNKNOWN STEP	2026-10-09T10:00:39.0226601Z   FILE: ./Dockerfile
build / build-image (linux/amd64, ubuntu-latest, false)	UNKNOWN STEP	2026-10-09T10:00:39.0226780Z ##[endgroup]
build / build-image (linux/amd64, ubuntu-latest, false)	UNKNOWN STEP	2026-10-09T10:00:39.1188937Z ##[group]Docker info
build / build-image (linux/amd64, ubuntu-latest, false)	UNKNOWN STEP	2026-10-09T10:00:39.1215593Z [command]/usr/bin/docker version
build / build-image (linux/amd64, ubuntu-latest, false)	UNKNOWN STEP	2026-10-09T10:00:39.2111971Z Client: Docker Engine - Community
build / build-image (linux/amd64, ubuntu-latest, false)	UNKNOWN STEP	2026-10-09T10:00:39.2116199Z  Version:           28.0.4
build / build-image (linux/amd64, ubuntu-latest, false)	UNKNOWN STEP	2026-10-09T10:00:39.2135403Z  API version:       1.48
build / build-image (linux/amd64, ubuntu-latest, false)	UNKNOWN STEP	2026-10-09T10:00:39.2137100Z  Go version:        go1.23.7
build / build-image (linux/amd64, ubuntu-latest, false)	UNKNOWN STEP	2026-10-09T10:00:39.2138413Z  Git commit:        b8034c0
build / build-image (linux/amd64, ubuntu-latest, false)	UNKNOWN STEP	2026-10-09T10:00:39.2141775Z  Built:             Tue Mar 25 15:07:16 2025
build / build-image (linux/amd64, ubuntu-latest, false)	UNKNOWN STEP	2026-10-09T10:00:39.2142262Z  OS/Arch:           linux/amd64
build / build-image (linux/amd64, ubuntu-latest, false)	UNKNOWN STEP	2026-10-09T10:00:39.2142645Z  Context:           default
build / build-image (linux/amd64, ubuntu-latest, false)	UNKNOWN STEP	2026-10-09T10:00:39.2142896Z 
build / build-image (linux/amd64, ubuntu-latest, false)	UNKNOWN STEP	2026-10-09T10:00:39.2143114Z Server: Docker Engine - Community
build / build-image (linux/amd64, ubuntu-latest, false)	UNKNOWN STEP	2026-10-09T10:00:39.2143495Z  Engine:
build / build-image (linux/amd64, ubuntu-latest, false)	UNKNOWN STEP	2026-10-09T10:00:39.2143815Z   Version:          28.0.4
build / build-image (linux/amd64, ubuntu-latest, false)	UNKNOWN STEP	2026-10-09T10:00:39.2144188Z   API version:      1.48 (minimum version 1.24)
build / build-image (linux/amd64, ubuntu-latest, false)	UNKNOWN STEP	2026-10-09T10:00:39.2144637Z   Go version:       go1.23.7
build / build-image (linux/amd64, ubuntu-latest, false)	UNKNOWN STEP	2026-10-09T10:00:39.2145003Z   Git commit:       6430e49
build / build-image (linux/amd64, ubuntu-latest, false)	UNKNOWN STEP	2026-10-09T10:00:39.2145382Z   Built:            Tue Mar 25 15:07:16 2025
build / build-image (linux/amd64, ubuntu-latest, false)	UNKNOWN STEP	2026-10-09T10:00:39.2145783Z   OS/Arch:          linux/amd64
build / build-image (linux/amd64, ubuntu-latest, false)	UNKNOWN STEP	2026-10-09T10:00:39.2146164Z   Experimental:     false
build / build-image (linux/amd64, ubuntu-latest, false)	UNKNOWN STEP	2026-10-09T10:00:39.2146524Z  containerd:
build / build-image (linux/amd64, ubuntu-latest, false)	UNKNOWN STEP	2026-10-09T10:00:39.2146854Z   Version:          v2.3.6
build / build-image (linux/amd64, ubuntu-latest, false)	UNKNOWN STEP	2026-10-09T10:00:39.2147249Z   GitCommit:        ee2735368117d2eb259779949d5e75cdafec9761
build / build-image (linux/amd64, ubuntu-latest, false)	UNKNOWN STEP	2026-10-09T10:00:39.2147680Z  runc:
build / build-image (linux/amd64, ubuntu-latest, false)	UNKNOWN STEP	2026-10-09T10:00:39.2148000Z   Version:          1.5.1
build / build-image (linux/amd64, ubuntu-latest, false)	UNKNOWN STEP	2026-10-09T10:00:39.2148810Z   GitCommit:        v1.5.1-0-g8f2685a4
build / build-image (linux/amd64, ubuntu-latest, false)	UNKNOWN STEP	2026-10-09T10:00:39.2149197Z  docker-init:
build / build-image (linux/amd64, ubuntu-latest, false)	UNKNOWN STEP	2026-10-09T10:00:39.2149528Z   Version:          0.19.0
build / build-image (linux/amd64, ubuntu-latest, false)	UNKNOWN STEP	2026-10-09T10:00:39.2149885Z   GitCommit:        de40ad0
build / build-image (linux/amd64, ubuntu-latest, false)	UNKNOWN STEP	2026-10-09T10:00:39.2165273Z [command]/usr/bin/docker info
build / build-image (linux/amd64, ubuntu-latest, false)	UNKNOWN STEP	2026-10-09T10:00:39.4049592Z Client: Docker Engine - Community
build / build-image (linux/amd64, ubuntu-latest, false)	UNKNOWN STEP	2026-10-09T10:00:39.4050012Z  Version:    28.0.4
build / build-image (linux/amd64, ubuntu-latest, false)	UNKNOWN STEP	2026-10-09T10:00:39.4050297Z  Context:    default
build / build-image (linux/amd64, ubuntu-latest, false)	UNKNOWN STEP	2026-10-09T10:00:39.4050578Z  Debug Mode: false
build / build-image (linux/amd64, ubuntu-latest, false)	UNKNOWN STEP	2026-10-09T10:00:39.4051097Z  Plugins:
build / build-image (linux/amd64, ubuntu-latest, false)	UNKNOWN STEP	2026-10-09T10:00:39.4051377Z   buildx: Docker Buildx (Docker Inc.)
build / build-image (linux/amd64, ubuntu-latest, false)	UNKNOWN STEP	2026-10-09T10:00:39.4051710Z     Version:  v0.37.2
build / build-image (linux/amd64, ubuntu-latest, false)	UNKNOWN STEP	2026-10-09T10:00:39.4052052Z     Path:     /usr/libexec/docker/cli-plugins/docker-buildx
build / build-image (linux/amd64, ubuntu-latest, false)	UNKNOWN STEP	2026-10-09T10:00:39.4052460Z   compose: Docker Compose (Docker Inc.)
build / build-image (linux/amd64, ubuntu-latest, false)	UNKNOWN STEP	2026-10-09T10:00:39.4052788Z     Version:  v2.38.2
build / build-image (linux/amd64, ubuntu-latest, false)	UNKNOWN STEP	2026-10-09T10:00:39.4053128Z     Path:     /usr/libexec/docker/cli-plugins/docker-compose
build / build-image (linux/amd64, ubuntu-latest, false)	UNKNOWN STEP	2026-10-09T10:00:39.4053309Z 
build / build-image (linux/amd64, ubuntu-latest, false)	UNKNOWN STEP	2026-10-09T10:00:39.4053392Z Server:
build / build-image (linux/amd64, ubuntu-latest, false)	UNKNOWN STEP	2026-10-09T10:00:39.4053944Z  Containers: 0
build / build-image (linux/amd64, ubuntu-latest, false)	UNKNOWN STEP	2026-10-09T10:00:39.4054117Z   Running: 0
build / build-image (linux/amd64, ubuntu-latest, false)	UNKNOWN STEP	2026-10-09T10:00:39.4054294Z   Paused: 0
build / build-image (linux/amd64, ubuntu-latest, false)	UNKNOWN STEP	2026-10-09T10:00:39.4054460Z   Stopped: 0
build / build-image (linux/amd64, ubuntu-latest, false)	UNKNOWN STEP	2026-10-09T10:00:39.4054627Z  Images: 6
build / build-image (linux/amd64, ubuntu-latest, false)	UNKNOWN STEP	2026-10-09T10:00:39.4054797Z  Server Version: 28.0.4
build / build-image (linux/amd64, ubuntu-latest, false)	UNKNOWN STEP	2026-10-09T10:00:39.4054990Z  Storage Driver: overlay2
build / build-image (linux/amd64, ubuntu-latest, false)	UNKNOWN STEP	2026-10-09T10:00:39.4055185Z   Backing Filesystem: extfs
build / build-image (linux/amd64, ubuntu-latest, false)	UNKNOWN STEP	2026-10-09T10:00:39.4055383Z   Supports d_type: true
build / build-image (linux/amd64, ubuntu-latest, false)	UNKNOWN STEP	2026-10-09T10:00:39.4055569Z   Using metacopy: false
build / build-image (linux/amd64, ubuntu-latest, false)	UNKNOWN STEP	2026-10-09T10:00:39.4055758Z   Native Overlay Diff: false
build / build-image (linux/amd64, ubuntu-latest, false)	UNKNOWN STEP	2026-10-09T10:00:39.4055954Z   userxattr: false
build / build-image (linux/amd64, ubuntu-latest, false)	UNKNOWN STEP	2026-10-09T10:00:39.4056170Z  Logging Driver: json-file
build / build-image (linux/amd64, ubuntu-latest, false)	UNKNOWN STEP	2026-10-09T10:00:39.4056365Z  Cgroup Driver: systemd
build / build-image (linux/amd64, ubuntu-latest, false)	UNKNOWN STEP	2026-10-09T10:00:39.4056549Z  Cgroup Version: 2
build / build-image (linux/amd64, ubuntu-latest, false)	UNKNOWN STEP	2026-10-09T10:00:39.4056723Z  Plugins:
build / build-image (linux/amd64, ubuntu-latest, false)	UNKNOWN STEP	2026-10-09T10:00:39.4056893Z   Volume: local
build / build-image (linux/amd64, ubuntu-latest, false)	UNKNOWN STEP	2026-10-09T10:00:39.4057091Z   Network: bridge host ipvlan macvlan null overlay
build / build-image (linux/amd64, ubuntu-latest, false)	UNKNOWN STEP	2026-10-09T10:00:39.4057394Z   Log: awslogs fluentd gcplogs gelf journald json-file local splunk syslog
build / build-image (linux/amd64, ubuntu-latest, false)	UNKNOWN STEP	2026-10-09T10:00:39.4057683Z  Swarm: inactive
build / build-image (linux/amd64, ubuntu-latest, false)	UNKNOWN STEP	2026-10-09T10:00:39.4057873Z  Runtimes: runc io.containerd.runc.v2
build / build-image (linux/amd64, ubuntu-latest, false)	UNKNOWN STEP	2026-10-09T10:00:39.4058092Z  Default Runtime: runc
build / build-image (linux/amd64, ubuntu-latest, false)	UNKNOWN STEP	2026-10-09T10:00:39.4058280Z  Init Binary: docker-init
build / build-image (linux/amd64, ubuntu-latest, false)	UNKNOWN STEP	2026-10-09T10:00:39.4058512Z  containerd version: ee2735368117d2eb259779949d5e75cdafec9761
build / build-image (linux/amd64, ubuntu-latest, false)	UNKNOWN STEP	2026-10-09T10:00:39.4058776Z  runc version: v1.5.1-0-g8f2685a4
build / build-image (linux/amd64, ubuntu-latest, false)	UNKNOWN STEP	2026-10-09T10:00:39.4058980Z  init version: de40ad0
build / build-image (linux/amd64, ubuntu-latest, false)	UNKNOWN STEP	2026-10-09T10:00:39.4059162Z  Security Options:
build / build-image (linux/amd64, ubuntu-latest, false)	UNKNOWN STEP	2026-10-09T10:00:39.4059335Z   apparmor
build / build-image (linux/amd64, ubuntu-latest, false)	UNKNOWN STEP	2026-10-09T10:00:39.4059500Z   seccomp
build / build-image (linux/amd64, ubuntu-latest, false)	UNKNOWN STEP	2026-10-09T10:00:39.4059669Z    Profile: builtin
build / build-image (linux/amd64, ubuntu-latest, false)	UNKNOWN STEP	2026-10-09T10:00:39.4059843Z   cgroupns
build / build-image (linux/amd64, ubuntu-latest, false)	UNKNOWN STEP	2026-10-09T10:00:39.4060021Z  Kernel Version: 6.17.0-1022-azure
build / build-image (linux/amd64, ubuntu-latest, false)	UNKNOWN STEP	2026-10-09T10:00:39.4060236Z  Operating System: Ubuntu 24.04.5 LTS
build / build-image (linux/amd64, ubuntu-latest, false)	UNKNOWN STEP	2026-10-09T10:00:39.4060447Z  OSType: linux
build / build-image (linux/amd64, ubuntu-latest, false)	UNKNOWN STEP	2026-10-09T10:00:39.4060622Z  Architecture: x86_64
build / build-image (linux/amd64, ubuntu-latest, false)	UNKNOWN STEP	2026-10-09T10:00:39.4061030Z  CPUs: 2
build / build-image (linux/amd64, ubuntu-latest, false)	UNKNOWN STEP	2026-10-09T10:00:39.4061284Z  Total Memory: 7.752GiB
build / build-image (linux/amd64, ubuntu-latest, false)	UNKNOWN STEP	2026-10-09T10:00:39.4061538Z  Name: runnervmmprz5
build / build-image (linux/amd64, ubuntu-latest, false)	UNKNOWN STEP	2026-10-09T10:00:39.4061738Z  ID: 07f0e779-c305-4162-b8ec-c48c30f52fbe
build / build-image (linux/amd64, ubuntu-latest, false)	UNKNOWN STEP	2026-10-09T10:00:39.4061971Z  Docker Root Dir: /var/lib/docker
build / build-image (linux/amd64, ubuntu-latest, false)	UNKNOWN STEP	2026-10-09T10:00:39.4062172Z  Debug Mode: false
build / build-image (linux/amd64, ubuntu-latest, false)	UNKNOWN STEP	2026-10-09T10:00:39.4062351Z  Username: githubactions
build / build-image (linux/amd64, ubuntu-latest, false)	UNKNOWN STEP	2026-10-09T10:00:39.4062539Z  Experimental: false
build / build-image (linux/amd64, ubuntu-latest, false)	UNKNOWN STEP	2026-10-09T10:00:39.4062721Z  Insecure Registries:
build / build-image (linux/amd64, ubuntu-latest, false)	UNKNOWN STEP	2026-10-09T10:00:39.4067985Z   ::1/128
build / build-image (linux/amd64, ubuntu-latest, false)	UNKNOWN STEP	2026-10-09T10:00:39.4068171Z   127.0.0.0/8
build / build-image (linux/amd64, ubuntu-latest, false)	UNKNOWN STEP	2026-10-09T10:00:39.4068359Z  Live Restore Enabled: false
build / build-image (linux/amd64, ubuntu-latest, false)	UNKNOWN STEP	2026-10-09T10:00:39.4068486Z 
build / build-image (linux/amd64, ubuntu-latest, false)	UNKNOWN STEP	2026-10-09T10:00:39.4074426Z ##[endgroup]
build / build-image (linux/amd64, ubuntu-latest, false)	UNKNOWN STEP	2026-10-09T10:00:39.4075116Z ##[group]Pulling binfmt Docker image
build / build-image (linux/amd64, ubuntu-latest, false)	UNKNOWN STEP	2026-10-09T10:00:39.5487096Z [command]/usr/bin/docker pull docker.io/tonistiigi/binfmt:latest
build / build-image (linux/amd64, ubuntu-latest, false)	UNKNOWN STEP	2026-10-09T10:00:40.1532483Z latest: Pulling from tonistiigi/binfmt
build / build-image (linux/amd64, ubuntu-latest, false)	UNKNOWN STEP	2026-10-09T10:00:40.3158203Z 56685a25fbf3: Pulling fs layer
build / build-image (linux/amd64, ubuntu-latest, false)	UNKNOWN STEP	2026-10-09T10:00:40.3158820Z 0c46aa6e9c41: Pulling fs layer
build / build-image (linux/amd64, ubuntu-latest, false)	UNKNOWN STEP	2026-10-09T10:00:40.6243069Z 0c46aa6e9c41: Verifying Checksum
build / build-image (linux/amd64, ubuntu-latest, false)	UNKNOWN STEP	2026-10-09T10:00:40.6243764Z 0c46aa6e9c41: Download complete
build / build-image (linux/amd64, ubuntu-latest, false)	UNKNOWN STEP	2026-10-09T10:00:40.6679008Z 56685a25fbf3: Verifying Checksum
build / build-image (linux/amd64, ubuntu-latest, false)	UNKNOWN STEP	2026-10-09T10:00:40.6684408Z 56685a25fbf3: Download complete
build / build-image (linux/amd64, ubuntu-latest, false)	UNKNOWN STEP	2026-10-09T10:00:41.0520339Z 56685a25fbf3: Pull complete
build / build-image (linux/amd64, ubuntu-latest, false)	UNKNOWN STEP	2026-10-09T10:00:45.1043532Z 0c46aa6e9c41: Pull complete
build / build-image (linux/amd64, ubuntu-latest, false)	UNKNOWN STEP	2026-10-09T10:00:45.1075400Z Digest: sha256:400a4873b838d1b89194d982c45e5fb3cda4593fbfd7e08a02e76b03b21166f0
build / build-image (linux/amd64, ubuntu-latest, false)	UNKNOWN STEP	2026-10-09T10:00:45.1090154Z Status: Downloaded newer image for tonistiigi/binfmt:latest
build / build-image (linux/amd64, ubuntu-latest, false)	UNKNOWN STEP	2026-10-09T10:00:45.1099504Z docker.io/tonistiigi/binfmt:latest
build / build-image (linux/amd64, ubuntu-latest, false)	UNKNOWN STEP	2026-10-09T10:00:45.1132357Z [command]/usr/bin/docker save -o /home/runner/work/_temp/docker-actions-toolkit-JOqzZv/749e64100d3fa0c09bdbc8a02e4fb9cb3ee64266f7f661c98371040689abacb3.tar docker.io/tonistiigi/binfmt:latest
build / build-image (linux/amd64, ubuntu-latest, false)	UNKNOWN STEP	2026-10-09T10:00:46.2714136Z Copying /home/runner/work/_temp/docker-actions-toolkit-JOqzZv/749e64100d3fa0c09bdbc8a02e4fb9cb3ee64266f7f661c98371040689abacb3.tar to /home/runner/.docker/.cache/images/docker.io--tonistiigi--binfmt/latest/linux-x64/image.tar
build / build-image (linux/amd64, ubuntu-latest, false)	UNKNOWN STEP	2026-10-09T10:00:47.6779787Z Image cached to /home/runner/.docker/.cache/images/docker.io--tonistiigi--binfmt/latest/linux-x64/image.tar
build / build-image (linux/amd64, ubuntu-latest, false)	UNKNOWN STEP	2026-10-09T10:00:47.6781126Z ##[endgroup]
build / build-image (linux/amd64, ubuntu-latest, false)	UNKNOWN STEP	2026-10-09T10:00:47.6781913Z ##[group]Image info
build / build-image (linux/amd64, ubuntu-latest, false)	UNKNOWN STEP	2026-10-09T10:00:47.6784843Z [command]/usr/bin/docker image inspect docker.io/tonistiigi/binfmt:latest
build / build-image (linux/amd64, ubuntu-latest, false)	UNKNOWN STEP	2026-10-09T10:00:47.6898472Z [
build / build-image (linux/amd64, ubuntu-latest, false)	UNKNOWN STEP	2026-10-09T10:00:47.6899024Z     ***
build / build-image (linux/amd64, ubuntu-latest, false)	UNKNOWN STEP	2026-10-09T10:00:47.6909955Z         "Id": "sha256:15935d0512bf0a8e5afa1df990d971cf97a619ede08fa60f2d5966a62de6d6b7",
build / build-image (linux/amd64, ubuntu-latest, false)	UNKNOWN STEP	2026-10-09T10:00:47.6910658Z         "RepoTags": [
build / build-image (linux/amd64, ubuntu-latest, false)	UNKNOWN STEP	2026-10-09T10:00:47.6911295Z             "tonistiigi/binfmt:latest"
build / build-image (linux/amd64, ubuntu-latest, false)	UNKNOWN STEP	2026-10-09T10:00:47.6911781Z         ],
build / build-image (linux/amd64, ubuntu-latest, false)	UNKNOWN STEP	2026-10-09T10:00:47.6912221Z         "RepoDigests": [
build / build-image (linux/amd64, ubuntu-latest, false)	UNKNOWN STEP	2026-10-09T10:00:47.6912852Z             "tonistiigi/binfmt@sha256:400a4873b838d1b89194d982c45e5fb3cda4593fbfd7e08a02e76b03b21166f0"
build / build-image (linux/amd64, ubuntu-latest, false)	UNKNOWN STEP	2026-10-09T10:00:47.6913530Z         ],
build / build-image (linux/amd64, ubuntu-latest, false)	UNKNOWN STEP	2026-10-09T10:00:47.6913960Z         "Parent": "",
build / build-image (linux/amd64, ubuntu-latest, false)	UNKNOWN STEP	2026-10-09T10:00:47.6914445Z         "Comment": "buildkit.dockerfile.v0",
build / build-image (linux/amd64, ubuntu-latest, false)	UNKNOWN STEP	2026-10-09T10:00:47.6915006Z         "Created": "2026-06-05T19:12:02.167333037Z",
build / build-image (linux/amd64, ubuntu-latest, false)	UNKNOWN STEP	2026-10-09T10:00:47.6915588Z         "DockerVersion": "",
build / build-image (linux/amd64, ubuntu-latest, false)	UNKNOWN STEP	2026-10-09T10:00:47.6916071Z         "Author": "",
build / build-image (linux/amd64, ubuntu-latest, false)	UNKNOWN STEP	2026-10-09T10:00:47.6916564Z         "Config": ***
build / build-image (linux/amd64, ubuntu-latest, false)	UNKNOWN STEP	2026-10-09T10:00:47.6917028Z             "Hostname": "",
build / build-image (linux/amd64, ubuntu-latest, false)	UNKNOWN STEP	2026-10-09T10:00:47.6917509Z             "Domainname": "",
build / build-image (linux/amd64, ubuntu-latest, false)	UNKNOWN STEP	2026-10-09T10:00:47.6917973Z             "User": "",
build / build-image (linux/amd64, ubuntu-latest, false)	UNKNOWN STEP	2026-10-09T10:00:47.6918440Z             "AttachStdin": false,
build / build-image (linux/amd64, ubuntu-latest, false)	UNKNOWN STEP	2026-10-09T10:00:47.6918922Z             "AttachStdout": false,
build / build-image (linux/amd64, ubuntu-latest, false)	UNKNOWN STEP	2026-10-09T10:00:47.6919410Z             "AttachStderr": false,
build / build-image (linux/amd64, ubuntu-latest, false)	UNKNOWN STEP	2026-10-09T10:00:47.6920127Z             "Tty": false,
build / build-image (linux/amd64, ubuntu-latest, false)	UNKNOWN STEP	2026-10-09T10:00:47.6921034Z             "OpenStdin": false,
build / build-image (linux/amd64, ubuntu-latest, false)	UNKNOWN STEP	2026-10-09T10:00:47.6921482Z             "StdinOnce": false,
build / build-image (linux/amd64, ubuntu-latest, false)	UNKNOWN STEP	2026-10-09T10:00:47.6921923Z             "Env": [
build / build-image (linux/amd64, ubuntu-latest, false)	UNKNOWN STEP	2026-10-09T10:00:47.6922455Z                 "PATH=/usr/local/sbin:/usr/local/bin:/usr/sbin:/usr/bin:/sbin:/bin",
build / build-image (linux/amd64, ubuntu-latest, false)	UNKNOWN STEP	2026-10-09T10:00:47.6923057Z                 "QEMU_PRESERVE_ARGV0=1"
build / build-image (linux/amd64, ubuntu-latest, false)	UNKNOWN STEP	2026-10-09T10:00:47.6923522Z             ],
build / build-image (linux/amd64, ubuntu-latest, false)	UNKNOWN STEP	2026-10-09T10:00:47.6923945Z             "Cmd": null,
build / build-image (linux/amd64, ubuntu-latest, false)	UNKNOWN STEP	2026-10-09T10:00:47.6924398Z             "Image": "",
build / build-image (linux/amd64, ubuntu-latest, false)	UNKNOWN STEP	2026-10-09T10:00:47.6924855Z             "Volumes": ***
build / build-image (linux/amd64, ubuntu-latest, false)	UNKNOWN STEP	2026-10-09T10:00:47.6925332Z                 "/tmp": ***
build / build-image (linux/amd64, ubuntu-latest, false)	UNKNOWN STEP	2026-10-09T10:00:47.6925795Z             ***,
build / build-image (linux/amd64, ubuntu-latest, false)	UNKNOWN STEP	2026-10-09T10:00:47.6926231Z             "WorkingDir": "/",
build / build-image (linux/amd64, ubuntu-latest, false)	UNKNOWN STEP	2026-10-09T10:00:47.6926704Z             "Entrypoint": [
build / build-image (linux/amd64, ubuntu-latest, false)	UNKNOWN STEP	2026-10-09T10:00:47.6927170Z                 "/usr/bin/binfmt"
build / build-image (linux/amd64, ubuntu-latest, false)	UNKNOWN STEP	2026-10-09T10:00:47.6927626Z             ],
build / build-image (linux/amd64, ubuntu-latest, false)	UNKNOWN STEP	2026-10-09T10:00:47.6928051Z             "OnBuild": null,
build / build-image (linux/amd64, ubuntu-latest, false)	UNKNOWN STEP	2026-10-09T10:00:47.6928503Z             "Labels": null
build / build-image (linux/amd64, ubuntu-latest, false)	UNKNOWN STEP	2026-10-09T10:00:47.6928941Z         ***,
build / build-image (linux/amd64, ubuntu-latest, false)	UNKNOWN STEP	2026-10-09T10:00:47.6929373Z         "Architecture": "amd64",
build / build-image (linux/amd64, ubuntu-latest, false)	UNKNOWN STEP	2026-10-09T10:00:47.6929852Z         "Os": "linux",
build / build-image (linux/amd64, ubuntu-latest, false)	UNKNOWN STEP	2026-10-09T10:00:47.6931150Z         "Size": 85304497,
build / build-image (linux/amd64, ubuntu-latest, false)	UNKNOWN STEP	2026-10-09T10:00:47.6932007Z         "GraphDriver": ***
build / build-image (linux/amd64, ubuntu-latest, false)	UNKNOWN STEP	2026-10-09T10:00:47.6932542Z             "Data": ***
build / build-image (linux/amd64, ubuntu-latest, false)	UNKNOWN STEP	2026-10-09T10:00:47.6933324Z                 "LowerDir": "/var/lib/docker/overlay2/08a9c812f932365f06d02c99afc28cbc892c0d99fc6a5c3424ba2a7f96db0149/diff",
build / build-image (linux/amd64, ubuntu-latest, false)	UNKNOWN STEP	2026-10-09T10:00:47.6934883Z                 "MergedDir": "/var/lib/docker/overlay2/281543ff41b7a6a6dff636e4fa580bf806908caccaf887c470ab9e77712765c2/merged",
build / build-image (linux/amd64, ubuntu-latest, false)	UNKNOWN STEP	2026-10-09T10:00:47.6935939Z                 "UpperDir": "/var/lib/docker/overlay2/281543ff41b7a6a6dff636e4fa580bf806908caccaf887c470ab9e77712765c2/diff",
build / build-image (linux/amd64, ubuntu-latest, false)	UNKNOWN STEP	2026-10-09T10:00:47.6937399Z                 "WorkDir": "/var/lib/docker/overlay2/281543ff41b7a6a6dff636e4fa580bf806908caccaf887c470ab9e77712765c2/work"
build / build-image (linux/amd64, ubuntu-latest, false)	UNKNOWN STEP	2026-10-09T10:00:47.6938092Z             ***,
build / build-image (linux/amd64, ubuntu-latest, false)	UNKNOWN STEP	2026-10-09T10:00:47.6938526Z             "Name": "overlay2"
build / build-image (linux/amd64, ubuntu-latest, false)	UNKNOWN STEP	2026-10-09T10:00:47.6939056Z         ***,
build / build-image (linux/amd64, ubuntu-latest, false)	UNKNOWN STEP	2026-10-09T10:00:47.6939466Z         "RootFS": ***
build / build-image (linux/amd64, ubuntu-latest, false)	UNKNOWN STEP	2026-10-09T10:00:47.6939894Z             "Type": "layers",
build / build-image (linux/amd64, ubuntu-latest, false)	UNKNOWN STEP	2026-10-09T10:00:47.6940327Z             "Layers": [
build / build-image (linux/amd64, ubuntu-latest, false)	UNKNOWN STEP	2026-10-09T10:00:47.6941444Z                 "sha256:c747b796d990a647df062f87e24f1ef5e4a90a312cd9c4ae8b7d09667d57befb",
build / build-image (linux/amd64, ubuntu-latest, false)	UNKNOWN STEP	2026-10-09T10:00:47.6942169Z                 "sha256:6d831b0f477d9df7afe18e5a65c97e8084fef8fe10c2930b65f728ab68d0bb5b"
build / build-image (linux/amd64, ubuntu-latest, false)	UNKNOWN STEP	2026-10-09T10:00:47.6943025Z             ]
build / build-image (linux/amd64, ubuntu-latest, false)	UNKNOWN STEP	2026-10-09T10:00:47.6943441Z         ***,
build / build-image (linux/amd64, ubuntu-latest, false)	UNKNOWN STEP	2026-10-09T10:00:47.6943845Z         "Metadata": ***
build / build-image (linux/amd64, ubuntu-latest, false)	UNKNOWN STEP	2026-10-09T10:00:47.6944288Z             "LastTagTime": "0001-01-01T00:00:00Z"
build / build-image (linux/amd64, ubuntu-latest, false)	UNKNOWN STEP	2026-10-09T10:00:47.6944769Z         ***
build / build-image (linux/amd64, ubuntu-latest, false)	UNKNOWN STEP	2026-10-09T10:00:47.6945157Z     ***
build / build-image (linux/amd64, ubuntu-latest, false)	UNKNOWN STEP	2026-10-09T10:00:47.6945543Z ]
build / build-image (linux/amd64, ubuntu-latest, false)	UNKNOWN STEP	2026-10-09T10:00:47.6946497Z ##[endgroup]
build / build-image (linux/amd64, ubuntu-latest, false)	UNKNOWN STEP	2026-10-09T10:00:47.6947098Z ##[group]Binfmt version
build / build-image (linux/amd64, ubuntu-latest, false)	UNKNOWN STEP	2026-10-09T10:00:47.6948016Z [command]/usr/bin/docker run --rm --privileged docker.io/tonistiigi/binfmt:latest --version
build / build-image (linux/amd64, ubuntu-latest, false)	UNKNOWN STEP	2026-10-09T10:00:48.8725730Z binfmt/e29e7d7 qemu/v10.2.3 go/1.26.4
build / build-image (linux/amd64, ubuntu-latest, false)	UNKNOWN STEP	2026-10-09T10:00:48.9618791Z ##[endgroup]
build / build-image (linux/amd64, ubuntu-latest, false)	UNKNOWN STEP	2026-10-09T10:00:48.9619385Z ##[group]Installing QEMU static binaries
build / build-image (linux/amd64, ubuntu-latest, false)	UNKNOWN STEP	2026-10-09T10:00:48.9625504Z [command]/usr/bin/docker run --rm --privileged docker.io/tonistiigi/binfmt:latest --install all
build / build-image (linux/amd64, ubuntu-latest, false)	UNKNOWN STEP	2026-10-09T10:00:49.0886218Z installing: loong64 OK
build / build-image (linux/amd64, ubuntu-latest, false)	UNKNOWN STEP	2026-10-09T10:00:49.0886797Z installing: ppc64le OK
build / build-image (linux/amd64, ubuntu-latest, false)	UNKNOWN STEP	2026-10-09T10:00:49.0887153Z installing: arm64 OK
build / build-image (linux/amd64, ubuntu-latest, false)	UNKNOWN STEP	2026-10-09T10:00:49.0887510Z installing: arm OK
build / build-image (linux/amd64, ubuntu-latest, false)	UNKNOWN STEP	2026-10-09T10:00:49.0887826Z installing: s390x OK
build / build-image (linux/amd64, ubuntu-latest, false)	UNKNOWN STEP	2026-10-09T10:00:49.0888144Z installing: riscv64 OK
build / build-image (linux/amd64, ubuntu-latest, false)	UNKNOWN STEP	2026-10-09T10:00:49.0888469Z installing: mips64le OK
build / build-image (linux/amd64, ubuntu-latest, false)	UNKNOWN STEP	2026-10-09T10:00:49.0888780Z installing: mips64 OK
build / build-image (linux/amd64, ubuntu-latest, false)	UNKNOWN STEP	2026-10-09T10:00:49.1055050Z ***
build / build-image (linux/amd64, ubuntu-latest, false)	UNKNOWN STEP	2026-10-09T10:00:49.1055527Z   "supported": [
build / build-image (linux/amd64, ubuntu-latest, false)	UNKNOWN STEP	2026-10-09T10:00:49.1055880Z     "linux/amd64",
build / build-image (linux/amd64, ubuntu-latest, false)	UNKNOWN STEP	2026-10-09T10:00:49.1056206Z     "linux/amd64/v2",
build / build-image (linux/amd64, ubuntu-latest, false)	UNKNOWN STEP	2026-10-09T10:00:49.1056527Z     "linux/amd64/v3",
build / build-image (linux/amd64, ubuntu-latest, false)	UNKNOWN STEP	2026-10-09T10:00:49.1056850Z     "linux/amd64/v4",
build / build-image (linux/amd64, ubuntu-latest, false)	UNKNOWN STEP	2026-10-09T10:00:49.1057170Z     "linux/arm64",
build / build-image (linux/amd64, ubuntu-latest, false)	UNKNOWN STEP	2026-10-09T10:00:49.1057491Z     "linux/riscv64",
build / build-image (linux/amd64, ubuntu-latest, false)	UNKNOWN STEP	2026-10-09T10:00:49.1057812Z     "linux/ppc64le",
build / build-image (linux/amd64, ubuntu-latest, false)	UNKNOWN STEP	2026-10-09T10:00:49.1058216Z     "linux/s390x",
build / build-image (linux/amd64, ubuntu-latest, false)	UNKNOWN STEP	2026-10-09T10:00:49.1058473Z     "linux/386",
build / build-image (linux/amd64, ubuntu-latest, false)	UNKNOWN STEP	2026-10-09T10:00:49.1078074Z     "linux/mips64le",
build / build-image (linux/amd64, ubuntu-latest, false)	UNKNOWN STEP	2026-10-09T10:00:49.1082539Z     "linux/mips64",
build / build-image (linux/amd64, ubuntu-latest, false)	UNKNOWN STEP	2026-10-09T10:00:49.1083077Z     "linux/loong64",
build / build-image (linux/amd64, ubuntu-latest, false)	UNKNOWN STEP	2026-10-09T10:00:49.1083438Z     "linux/arm/v7",
build / build-image (linux/amd64, ubuntu-latest, false)	UNKNOWN STEP	2026-10-09T10:00:49.1083903Z     "linux/arm/v6"
build / build-image (linux/amd64, ubuntu-latest, false)	UNKNOWN STEP	2026-10-09T10:00:49.1084240Z   ],
build / build-image (linux/amd64, ubuntu-latest, false)	UNKNOWN STEP	2026-10-09T10:00:49.1084753Z   "emulators": [
build / build-image (linux/amd64, ubuntu-latest, false)	UNKNOWN STEP	2026-10-09T10:00:49.1085133Z     "llvm-16-runtime.binfmt",
build / build-image (linux/amd64, ubuntu-latest, false)	UNKNOWN STEP	2026-10-09T10:00:49.1085646Z     "llvm-17-runtime.binfmt",
build / build-image (linux/amd64, ubuntu-latest, false)	UNKNOWN STEP	2026-10-09T10:00:49.1086034Z     "llvm-18-runtime.binfmt",
build / build-image (linux/amd64, ubuntu-latest, false)	UNKNOWN STEP	2026-10-09T10:00:49.1086572Z     "python3.12",
build / build-image (linux/amd64, ubuntu-latest, false)	UNKNOWN STEP	2026-10-09T10:00:49.1086982Z     "qemu-aarch64",
build / build-image (linux/amd64, ubuntu-latest, false)	UNKNOWN STEP	2026-10-09T10:00:49.1087397Z     "qemu-arm",
build / build-image (linux/amd64, ubuntu-latest, false)	UNKNOWN STEP	2026-10-09T10:00:49.1087753Z     "qemu-loongarch64",
build / build-image (linux/amd64, ubuntu-latest, false)	UNKNOWN STEP	2026-10-09T10:00:49.1088249Z     "qemu-mips64",
build / build-image (linux/amd64, ubuntu-latest, false)	UNKNOWN STEP	2026-10-09T10:00:49.1088595Z     "qemu-mips64el",
build / build-image (linux/amd64, ubuntu-latest, false)	UNKNOWN STEP	2026-10-09T10:00:49.1089072Z     "qemu-ppc64le",
build / build-image (linux/amd64, ubuntu-latest, false)	UNKNOWN STEP	2026-10-09T10:00:49.1089418Z     "qemu-riscv64",
build / build-image (linux/amd64, ubuntu-latest, false)	UNKNOWN STEP	2026-10-09T10:00:49.1089899Z     "qemu-s390x"
build / build-image (linux/amd64, ubuntu-latest, false)	UNKNOWN STEP	2026-10-09T10:00:49.1090242Z   ]
build / build-image (linux/amd64, ubuntu-latest, false)	UNKNOWN STEP	2026-10-09T10:00:49.1094463Z ***
build / build-image (linux/amd64, ubuntu-latest, false)	UNKNOWN STEP	2026-10-09T10:00:49.1611886Z ##[endgroup]
build / build-image (linux/amd64, ubuntu-latest, false)	UNKNOWN STEP	2026-10-09T10:00:49.1612830Z ##[group]Extracting available platforms
build / build-image (linux/amd64, ubuntu-latest, false)	UNKNOWN STEP	2026-10-09T10:00:49.3806786Z linux/amd64,linux/amd64/v2,linux/amd64/v3,linux/amd64/v4,linux/arm64,linux/riscv64,linux/ppc64le,linux/s390x,linux/386,linux/mips64le,linux/mips64,linux/loong64,linux/arm/v7,linux/arm/v6
build / build-image (linux/amd64, ubuntu-latest, false)	UNKNOWN STEP	2026-10-09T10:00:49.3808382Z ##[endgroup]
build / build-image (linux/amd64, ubuntu-latest, false)	UNKNOWN STEP	2026-10-09T10:00:49.3884292Z ##[end-action id=__consensys-vertical-apps_shared-services-workflows.__docker_setup-qemu-action;outcome=success;conclusion=success;duration_ms=10372]
build / build-image (linux/amd64, ubuntu-latest, false)	UNKNOWN STEP	2026-10-09T10:00:49.3888362Z ##[start-action display=Set up Docker Buildx;id=__consensys-vertical-apps_shared-services-workflows.__docker_setup-buildx-action]
build / build-image (linux/amd64, ubuntu-latest, false)	UNKNOWN STEP	2026-10-09T10:00:49.3935829Z ##[group]Run docker/setup-buildx-action@bb05f3f5519dd87d3ba754cc423b652a5edd6d2c
build / build-image (linux/amd64, ubuntu-latest, false)	UNKNOWN STEP	2026-10-09T10:00:49.3936290Z with:
build / build-image (linux/amd64, ubuntu-latest, false)	UNKNOWN STEP	2026-10-09T10:00:49.3936567Z   driver: docker-container
build / build-image (linux/amd64, ubuntu-latest, false)	UNKNOWN STEP	2026-10-09T10:00:49.3936863Z   use: true
build / build-image (linux/amd64, ubuntu-latest, false)	UNKNOWN STEP	2026-10-09T10:00:49.3937128Z   keep-state: false
build / build-image (linux/amd64, ubuntu-latest, false)	UNKNOWN STEP	2026-10-09T10:00:49.3937409Z   cache-binary: true
build / build-image (linux/amd64, ubuntu-latest, false)	UNKNOWN STEP	2026-10-09T10:00:49.3937689Z   cleanup: true
build / build-image (linux/amd64, ubuntu-latest, false)	UNKNOWN STEP	2026-10-09T10:00:49.3937956Z env:
build / build-image (linux/amd64, ubuntu-latest, false)	UNKNOWN STEP	2026-10-09T10:00:49.3938480Z   JFROG_CLI_ENV_EXCLUDE: *password*;*secret*;*key*;*token*;*auth*;JF_ARTIFACTORY_*;JF_ENV_*;JF_URL;JF_USER;JF_PASSWORD;JF_ACCESS_TOKEN
build / build-image (linux/amd64, ubuntu-latest, false)	UNKNOWN STEP	2026-10-09T10:00:49.3939310Z   JFROG_CLI_OFFER_CONFIG: false
build / build-image (linux/amd64, ubuntu-latest, false)	UNKNOWN STEP	2026-10-09T10:00:49.3939659Z   JFROG_CLI_AVOID_NEW_VERSION_WARNING: true
build / build-image (linux/amd64, ubuntu-latest, false)	UNKNOWN STEP	2026-10-09T10:00:49.3940124Z   JFROG_CLI_SOURCECODE_REPOSITORY: consensys-vertical-apps/va-mmcx-terminal
build / build-image (linux/amd64, ubuntu-latest, false)	UNKNOWN STEP	2026-10-09T10:00:49.3940583Z   JFROG_CLI_CI_JOB_ID: Release
build / build-image (linux/amd64, ubuntu-latest, false)	UNKNOWN STEP	2026-10-09T10:00:49.3941126Z   JFROG_CLI_CI_RUN_ID: 37913592023
build / build-image (linux/amd64, ubuntu-latest, false)	UNKNOWN STEP	2026-10-09T10:00:49.3941451Z   JFROG_CLI_GITHUB_TOKEN: 
build / build-image (linux/amd64, ubuntu-latest, false)	UNKNOWN STEP	2026-10-09T10:00:49.3941840Z   JFROG_CLI_CI_VCS_REVISION: a0c70d313b0b14786b9738dec5a9ccba8653d1bf
build / build-image (linux/amd64, ubuntu-latest, false)	UNKNOWN STEP	2026-10-09T10:00:49.3942259Z   JFROG_CLI_CI_BRANCH: main
build / build-image (linux/amd64, ubuntu-latest, false)	UNKNOWN STEP	2026-10-09T10:00:49.3942711Z   JFROG_CLI_CI_VCS_URL: https://github.com/consensys-vertical-apps/va-mmcx-terminal
build / build-image (linux/amd64, ubuntu-latest, false)	UNKNOWN STEP	2026-10-09T10:00:49.3943195Z   JFROG_CLI_BUILD_NAME: Release
build / build-image (linux/amd64, ubuntu-latest, false)	UNKNOWN STEP	2026-10-09T10:00:49.3943519Z   JFROG_CLI_BUILD_NUMBER: 85
build / build-image (linux/amd64, ubuntu-latest, false)	UNKNOWN STEP	2026-10-09T10:00:49.3944057Z   JFROG_CLI_BUILD_URL: https://github.com/consensys-vertical-apps/va-mmcx-terminal/actions/runs/37913592023
build / build-image (linux/amd64, ubuntu-latest, false)	UNKNOWN STEP	2026-10-09T10:00:49.3944681Z   JFROG_CLI_USER_AGENT: setup-jfrog-cli-github-action/5.1.0
build / build-image (linux/amd64, ubuntu-latest, false)	UNKNOWN STEP	2026-10-09T10:00:49.3945164Z   JFROG_CLI_COMMAND_SUMMARY_OUTPUT_DIR: /home/runner/work/_temp
build / build-image (linux/amd64, ubuntu-latest, false)	UNKNOWN STEP	2026-10-09T10:00:49.3945639Z   JFROG_CLI_USAGE_GH_TOKEN_FOR_CODE_SCANNING_ALERTS_PROVIDED: 
build / build-image (linux/amd64, ubuntu-latest, false)	UNKNOWN STEP	2026-10-09T10:00:49.3946080Z   SETUP_JFROG_CLI_SERVER_IDS: setup-jfrog-cli-server
build / build-image (linux/amd64, ubuntu-latest, false)	UNKNOWN STEP	2026-10-09T10:00:49.3946459Z   FILE: ./Dockerfile
build / build-image (linux/amd64, ubuntu-latest, false)	UNKNOWN STEP	2026-10-09T10:00:49.3946742Z ##[endgroup]
build / build-image (linux/amd64, ubuntu-latest, false)	UNKNOWN STEP	2026-10-09T10:00:49.5207987Z ##[group]Docker info
build / build-image (linux/amd64, ubuntu-latest, false)	UNKNOWN STEP	2026-10-09T10:00:49.5223973Z [command]/usr/bin/docker version
build / build-image (linux/amd64, ubuntu-latest, false)	UNKNOWN STEP	2026-10-09T10:00:49.5380684Z Client: Docker Engine - Community
build / build-image (linux/amd64, ubuntu-latest, false)	UNKNOWN STEP	2026-10-09T10:00:49.5391906Z  Version:           28.0.4
build / build-image (linux/amd64, ubuntu-latest, false)	UNKNOWN STEP	2026-10-09T10:00:49.5392349Z  API version:       1.48
build / build-image (linux/amd64, ubuntu-latest, false)	UNKNOWN STEP	2026-10-09T10:00:49.5392737Z  Go version:        go1.23.7
build / build-image (linux/amd64, ubuntu-latest, false)	UNKNOWN STEP	2026-10-09T10:00:49.5393140Z  Git commit:        b8034c0
build / build-image (linux/amd64, ubuntu-latest, false)	UNKNOWN STEP	2026-10-09T10:00:49.5393544Z  Built:             Tue Mar 25 15:07:16 2025
build / build-image (linux/amd64, ubuntu-latest, false)	UNKNOWN STEP	2026-10-09T10:00:49.5394942Z  OS/Arch:           linux/amd64
build / build-image (linux/amd64, ubuntu-latest, false)	UNKNOWN STEP	2026-10-09T10:00:49.5395351Z  Context:           default
build / build-image (linux/amd64, ubuntu-latest, false)	UNKNOWN STEP	2026-10-09T10:00:49.5395620Z 
build / build-image (linux/amd64, ubuntu-latest, false)	UNKNOWN STEP	2026-10-09T10:00:49.5395840Z Server: Docker Engine - Community
build / build-image (linux/amd64, ubuntu-latest, false)	UNKNOWN STEP	2026-10-09T10:00:49.5396280Z  Engine:
build / build-image (linux/amd64, ubuntu-latest, false)	UNKNOWN STEP	2026-10-09T10:00:49.5396624Z   Version:          28.0.4
build / build-image (linux/amd64, ubuntu-latest, false)	UNKNOWN STEP	2026-10-09T10:00:49.5397721Z   API version:      1.48 (minimum version 1.24)
build / build-image (linux/amd64, ubuntu-latest, false)	UNKNOWN STEP	2026-10-09T10:00:49.5398179Z   Go version:       go1.23.7
build / build-image (linux/amd64, ubuntu-latest, false)	UNKNOWN STEP	2026-10-09T10:00:49.5398563Z   Git commit:       6430e49
build / build-image (linux/amd64, ubuntu-latest, false)	UNKNOWN STEP	2026-10-09T10:00:49.5398957Z   Built:            Tue Mar 25 15:07:16 2025
build / build-image (linux/amd64, ubuntu-latest, false)	UNKNOWN STEP	2026-10-09T10:00:49.5399401Z   OS/Arch:          linux/amd64
build / build-image (linux/amd64, ubuntu-latest, false)	UNKNOWN STEP	2026-10-09T10:00:49.5399784Z   Experimental:     false
build / build-image (linux/amd64, ubuntu-latest, false)	UNKNOWN STEP	2026-10-09T10:00:49.5400162Z  containerd:
build / build-image (linux/amd64, ubuntu-latest, false)	UNKNOWN STEP	2026-10-09T10:00:49.5400502Z   Version:          v2.3.6
build / build-image (linux/amd64, ubuntu-latest, false)	UNKNOWN STEP	2026-10-09T10:00:49.5401153Z   GitCommit:        ee2735368117d2eb259779949d5e75cdafec9761
build / build-image (linux/amd64, ubuntu-latest, false)	UNKNOWN STEP	2026-10-09T10:00:49.5401620Z  runc:
build / build-image (linux/amd64, ubuntu-latest, false)	UNKNOWN STEP	2026-10-09T10:00:49.5401954Z   Version:          1.5.1
build / build-image (linux/amd64, ubuntu-latest, false)	UNKNOWN STEP	2026-10-09T10:00:49.5402327Z   GitCommit:        v1.5.1-0-g8f2685a4
build / build-image (linux/amd64, ubuntu-latest, false)	UNKNOWN STEP	2026-10-09T10:00:49.5402731Z  docker-init:
build / build-image (linux/amd64, ubuntu-latest, false)	UNKNOWN STEP	2026-10-09T10:00:49.5403074Z   Version:          0.19.0
build / build-image (linux/amd64, ubuntu-latest, false)	UNKNOWN STEP	2026-10-09T10:00:49.5403447Z   GitCommit:        de40ad0
build / build-image (linux/amd64, ubuntu-latest, false)	UNKNOWN STEP	2026-10-09T10:00:49.5419471Z [command]/usr/bin/docker info
build / build-image (linux/amd64, ubuntu-latest, false)	UNKNOWN STEP	2026-10-09T10:00:49.5804674Z Client: Docker Engine - Community
build / build-image (linux/amd64, ubuntu-latest, false)	UNKNOWN STEP	2026-10-09T10:00:49.5805240Z  Version:    28.0.4
build / build-image (linux/amd64, ubuntu-latest, false)	UNKNOWN STEP	2026-10-09T10:00:49.5805598Z  Context:    default
build / build-image (linux/amd64, ubuntu-latest, false)	UNKNOWN STEP	2026-10-09T10:00:49.5805955Z  Debug Mode: false
build / build-image (linux/amd64, ubuntu-latest, false)	UNKNOWN STEP	2026-10-09T10:00:49.5806299Z  Plugins:
build / build-image (linux/amd64, ubuntu-latest, false)	UNKNOWN STEP	2026-10-09T10:00:49.5806645Z   buildx: Docker Buildx (Docker Inc.)
build / build-image (linux/amd64, ubuntu-latest, false)	UNKNOWN STEP	2026-10-09T10:00:49.5807040Z     Version:  v0.37.2
build / build-image (linux/amd64, ubuntu-latest, false)	UNKNOWN STEP	2026-10-09T10:00:49.5807450Z     Path:     /usr/libexec/docker/cli-plugins/docker-buildx
build / build-image (linux/amd64, ubuntu-latest, false)	UNKNOWN STEP	2026-10-09T10:00:49.5807912Z   compose: Docker Compose (Docker Inc.)
build / build-image (linux/amd64, ubuntu-latest, false)	UNKNOWN STEP	2026-10-09T10:00:49.5808302Z     Version:  v2.38.2
build / build-image (linux/amd64, ubuntu-latest, false)	UNKNOWN STEP	2026-10-09T10:00:49.5808702Z     Path:     /usr/libexec/docker/cli-plugins/docker-compose
build / build-image (linux/amd64, ubuntu-latest, false)	UNKNOWN STEP	2026-10-09T10:00:49.5809031Z 
build / build-image (linux/amd64, ubuntu-latest, false)	UNKNOWN STEP	2026-10-09T10:00:49.5809252Z Server:
build / build-image (linux/amd64, ubuntu-latest, false)	UNKNOWN STEP	2026-10-09T10:00:49.5809587Z  Containers: 0
build / build-image (linux/amd64, ubuntu-latest, false)	UNKNOWN STEP	2026-10-09T10:00:49.5809924Z   Running: 0
build / build-image (linux/amd64, ubuntu-latest, false)	UNKNOWN STEP	2026-10-09T10:00:49.5810251Z   Paused: 0
build / build-image (linux/amd64, ubuntu-latest, false)	UNKNOWN STEP	2026-10-09T10:00:49.5810577Z   Stopped: 0
build / build-image (linux/amd64, ubuntu-latest, false)	UNKNOWN STEP	2026-10-09T10:00:49.5811163Z  Images: 7
build / build-image (linux/amd64, ubuntu-latest, false)	UNKNOWN STEP	2026-10-09T10:00:49.5811495Z  Server Version: 28.0.4
build / build-image (linux/amd64, ubuntu-latest, false)	UNKNOWN STEP	2026-10-09T10:00:49.5812254Z  Storage Driver: overlay2
build / build-image (linux/amd64, ubuntu-latest, false)	UNKNOWN STEP	2026-10-09T10:00:49.5813005Z   Backing Filesystem: extfs
build / build-image (linux/amd64, ubuntu-latest, false)	UNKNOWN STEP	2026-10-09T10:00:49.5813457Z   Supports d_type: true
build / build-image (linux/amd64, ubuntu-latest, false)	UNKNOWN STEP	2026-10-09T10:00:49.5813819Z   Using metacopy: false
build / build-image (linux/amd64, ubuntu-latest, false)	UNKNOWN STEP	2026-10-09T10:00:49.5814357Z   Native Overlay Diff: false
build / build-image (linux/amd64, ubuntu-latest, false)	UNKNOWN STEP	2026-10-09T10:00:49.5814724Z   userxattr: false
build / build-image (linux/amd64, ubuntu-latest, false)	UNKNOWN STEP	2026-10-09T10:00:49.5815075Z  Logging Driver: json-file
build / build-image (linux/amd64, ubuntu-latest, false)	UNKNOWN STEP	2026-10-09T10:00:49.5815433Z  Cgroup Driver: systemd
build / build-image (linux/amd64, ubuntu-latest, false)	UNKNOWN STEP	2026-10-09T10:00:49.5815782Z  Cgroup Version: 2
build / build-image (linux/amd64, ubuntu-latest, false)	UNKNOWN STEP	2026-10-09T10:00:49.5816098Z  Plugins:
build / build-image (linux/amd64, ubuntu-latest, false)	UNKNOWN STEP	2026-10-09T10:00:49.5816409Z   Volume: local
build / build-image (linux/amd64, ubuntu-latest, false)	UNKNOWN STEP	2026-10-09T10:00:49.5816762Z   Network: bridge host ipvlan macvlan null overlay
build / build-image (linux/amd64, ubuntu-latest, false)	UNKNOWN STEP	2026-10-09T10:00:49.5817278Z   Log: awslogs fluentd gcplogs gelf journald json-file local splunk syslog
build / build-image (linux/amd64, ubuntu-latest, false)	UNKNOWN STEP	2026-10-09T10:00:49.5817808Z  Swarm: inactive
build / build-image (linux/amd64, ubuntu-latest, false)	UNKNOWN STEP	2026-10-09T10:00:49.5818170Z  Runtimes: io.containerd.runc.v2 runc
build / build-image (linux/amd64, ubuntu-latest, false)	UNKNOWN STEP	2026-10-09T10:00:49.5818557Z  Default Runtime: runc
build / build-image (linux/amd64, ubuntu-latest, false)	UNKNOWN STEP	2026-10-09T10:00:49.5818905Z  Init Binary: docker-init
build / build-image (linux/amd64, ubuntu-latest, false)	UNKNOWN STEP	2026-10-09T10:00:49.5819335Z  containerd version: ee2735368117d2eb259779949d5e75cdafec9761
build / build-image (linux/amd64, ubuntu-latest, false)	UNKNOWN STEP	2026-10-09T10:00:49.5819807Z  runc version: v1.5.1-0-g8f2685a4
build / build-image (linux/amd64, ubuntu-latest, false)	UNKNOWN STEP	2026-10-09T10:00:49.5820188Z  init version: de40ad0
build / build-image (linux/amd64, ubuntu-latest, false)	UNKNOWN STEP	2026-10-09T10:00:49.5820543Z  Security Options:
build / build-image (linux/amd64, ubuntu-latest, false)	UNKNOWN STEP	2026-10-09T10:00:49.5821105Z   apparmor
build / build-image (linux/amd64, ubuntu-latest, false)	UNKNOWN STEP	2026-10-09T10:00:49.5821424Z   seccomp
build / build-image (linux/amd64, ubuntu-latest, false)	UNKNOWN STEP	2026-10-09T10:00:49.5822018Z    Profile: builtin
build / build-image (linux/amd64, ubuntu-latest, false)	UNKNOWN STEP	2026-10-09T10:00:49.5822353Z   cgroupns
build / build-image (linux/amd64, ubuntu-latest, false)	UNKNOWN STEP	2026-10-09T10:00:49.5822693Z  Kernel Version: 6.17.0-1022-azure
build / build-image (linux/amd64, ubuntu-latest, false)	UNKNOWN STEP	2026-10-09T10:00:49.5823255Z  Operating System: Ubuntu 24.04.5 LTS
build / build-image (linux/amd64, ubuntu-latest, false)	UNKNOWN STEP	2026-10-09T10:00:49.5823823Z  OSType: linux
build / build-image (linux/amd64, ubuntu-latest, false)	UNKNOWN STEP	2026-10-09T10:00:49.5824331Z  Architecture: x86_64
build / build-image (linux/amd64, ubuntu-latest, false)	UNKNOWN STEP	2026-10-09T10:00:49.5824689Z  CPUs: 2
build / build-image (linux/amd64, ubuntu-latest, false)	UNKNOWN STEP	2026-10-09T10:00:49.5825024Z  Total Memory: 7.752GiB
build / build-image (linux/amd64, ubuntu-latest, false)	UNKNOWN STEP	2026-10-09T10:00:49.5825505Z  Name: runnervmmprz5
build / build-image (linux/amd64, ubuntu-latest, false)	UNKNOWN STEP	2026-10-09T10:00:49.5825979Z  ID: 07f0e779-c305-4162-b8ec-c48c30f52fbe
build / build-image (linux/amd64, ubuntu-latest, false)	UNKNOWN STEP	2026-10-09T10:00:49.5826403Z  Docker Root Dir: /var/lib/docker
build / build-image (linux/amd64, ubuntu-latest, false)	UNKNOWN STEP	2026-10-09T10:00:49.5826922Z  Debug Mode: false
build / build-image (linux/amd64, ubuntu-latest, false)	UNKNOWN STEP	2026-10-09T10:00:49.5827374Z  Username: githubactions
build / build-image (linux/amd64, ubuntu-latest, false)	UNKNOWN STEP	2026-10-09T10:00:49.5827740Z  Experimental: false
build / build-image (linux/amd64, ubuntu-latest, false)	UNKNOWN STEP	2026-10-09T10:00:49.5828119Z  Insecure Registries:
build / build-image (linux/amd64, ubuntu-latest, false)	UNKNOWN STEP	2026-10-09T10:00:49.5828768Z   ::1/128
build / build-image (linux/amd64, ubuntu-latest, false)	UNKNOWN STEP	2026-10-09T10:00:49.5829110Z   127.0.0.0/8
build / build-image (linux/amd64, ubuntu-latest, false)	UNKNOWN STEP	2026-10-09T10:00:49.5829462Z  Live Restore Enabled: false
build / build-image (linux/amd64, ubuntu-latest, false)	UNKNOWN STEP	2026-10-09T10:00:49.5829729Z 
build / build-image (linux/amd64, ubuntu-latest, false)	UNKNOWN STEP	2026-10-09T10:00:49.5830246Z ##[endgroup]
build / build-image (linux/amd64, ubuntu-latest, false)	UNKNOWN STEP	2026-10-09T10:00:49.6280347Z ##[group]Buildx version
build / build-image (linux/amd64, ubuntu-latest, false)	UNKNOWN STEP	2026-10-09T10:00:49.6301324Z [command]/usr/bin/docker buildx version
build / build-image (linux/amd64, ubuntu-latest, false)	UNKNOWN STEP	2026-10-09T10:00:49.6683299Z github.com/docker/buildx v0.37.2 2d379c0c3f22da0d2759d132a0ec81ca949098f0
build / build-image (linux/amd64, ubuntu-latest, false)	UNKNOWN STEP	2026-10-09T10:00:49.6710875Z ##[endgroup]
build / build-image (linux/amd64, ubuntu-latest, false)	UNKNOWN STEP	2026-10-09T10:00:49.6829638Z ##[group]Inspecting default docker context
build / build-image (linux/amd64, ubuntu-latest, false)	UNKNOWN STEP	2026-10-09T10:00:49.6944736Z [
build / build-image (linux/amd64, ubuntu-latest, false)	UNKNOWN STEP	2026-10-09T10:00:49.6945304Z   ***
build / build-image (linux/amd64, ubuntu-latest, false)	UNKNOWN STEP	2026-10-09T10:00:49.6945703Z     "Name": "default",
build / build-image (linux/amd64, ubuntu-latest, false)	UNKNOWN STEP	2026-10-09T10:00:49.6946201Z     "Metadata": ***,
build / build-image (linux/amd64, ubuntu-latest, false)	UNKNOWN STEP	2026-10-09T10:00:49.6946646Z     "Endpoints": ***
build / build-image (linux/amd64, ubuntu-latest, false)	UNKNOWN STEP	2026-10-09T10:00:49.6947137Z       "docker": ***
build / build-image (linux/amd64, ubuntu-latest, false)	UNKNOWN STEP	2026-10-09T10:00:49.6947983Z         "Host": "unix:///var/run/docker.sock",
build / build-image (linux/amd64, ubuntu-latest, false)	UNKNOWN STEP	2026-10-09T10:00:49.6948873Z         "SkipTLSVerify": false
build / build-image (linux/amd64, ubuntu-latest, false)	UNKNOWN STEP	2026-10-09T10:00:49.6949640Z       ***
build / build-image (linux/amd64, ubuntu-latest, false)	UNKNOWN STEP	2026-10-09T10:00:49.6951216Z     ***,
build / build-image (linux/amd64, ubuntu-latest, false)	UNKNOWN STEP	2026-10-09T10:00:49.6952079Z     "TLSMaterial": ***,
build / build-image (linux/amd64, ubuntu-latest, false)	UNKNOWN STEP	2026-10-09T10:00:49.6952455Z     "Storage": ***
build / build-image (linux/amd64, ubuntu-latest, false)	UNKNOWN STEP	2026-10-09T10:00:49.6953535Z       "MetadataPath": "<IN MEMORY>",
build / build-image (linux/amd64, ubuntu-latest, false)	UNKNOWN STEP	2026-10-09T10:00:49.6954289Z       "TLSPath": "<IN MEMORY>"
build / build-image (linux/amd64, ubuntu-latest, false)	UNKNOWN STEP	2026-10-09T10:00:49.6955313Z     ***
build / build-image (linux/amd64, ubuntu-latest, false)	UNKNOWN STEP	2026-10-09T10:00:49.6955844Z   ***
build / build-image (linux/amd64, ubuntu-latest, false)	UNKNOWN STEP	2026-10-09T10:00:49.6965345Z ]
build / build-image (linux/amd64, ubuntu-latest, false)	UNKNOWN STEP	2026-10-09T10:00:49.6969798Z ##[endgroup]
build / build-image (linux/amd64, ubuntu-latest, false)	UNKNOWN STEP	2026-10-09T10:00:49.6973620Z ##[group]Creating a new builder instance
build / build-image (linux/amd64, ubuntu-latest, false)	UNKNOWN STEP	2026-10-09T10:00:49.7863625Z [command]/usr/bin/docker buildx create --name builder-c6c201ce-aaea-4299-9419-99eea7445d73 --driver docker-container --buildkitd-flags --allow-insecure-entitlement security.insecure --allow-insecure-entitlement network.host --use
build / build-image (linux/amd64, ubuntu-latest, false)	UNKNOWN STEP	2026-10-09T10:00:49.8333119Z builder-c6c201ce-aaea-4299-9419-99eea7445d73
build / build-image (linux/amd64, ubuntu-latest, false)	UNKNOWN STEP	2026-10-09T10:00:49.8352676Z ##[endgroup]
build / build-image (linux/amd64, ubuntu-latest, false)	UNKNOWN STEP	2026-10-09T10:00:49.8365524Z ##[group]Booting builder
build / build-image (linux/amd64, ubuntu-latest, false)	UNKNOWN STEP	2026-10-09T10:00:49.8417533Z [command]/usr/bin/docker buildx inspect --bootstrap --builder builder-c6c201ce-aaea-4299-9419-99eea7445d73
build / build-image (linux/amd64, ubuntu-latest, false)	UNKNOWN STEP	2026-10-09T10:00:49.8811896Z #1 [internal] booting buildkit
build / build-image (linux/amd64, ubuntu-latest, false)	UNKNOWN STEP	2026-10-09T10:00:50.0314383Z #1 pulling image moby/buildkit:buildx-stable-1
build / build-image (linux/amd64, ubuntu-latest, false)	UNKNOWN STEP	2026-10-09T10:00:55.8847606Z #1 pulling image moby/buildkit:buildx-stable-1 6.0s done
build / build-image (linux/amd64, ubuntu-latest, false)	UNKNOWN STEP	2026-10-09T10:00:56.0363753Z #1 creating container buildx_buildkit_builder-c6c201ce-aaea-4299-9419-99eea7445d730
build / build-image (linux/amd64, ubuntu-latest, false)	UNKNOWN STEP	2026-10-09T10:00:56.2330570Z #1 creating container buildx_buildkit_builder-c6c201ce-aaea-4299-9419-99eea7445d730 0.3s done
build / build-image (linux/amd64, ubuntu-latest, false)	UNKNOWN STEP	2026-10-09T10:00:56.2604279Z #1 DONE 6.4s
build / build-image (linux/amd64, ubuntu-latest, false)	UNKNOWN STEP	2026-10-09T10:00:56.2856933Z Name:          builder-c6c201ce-aaea-4299-9419-99eea7445d73
build / build-image (linux/amd64, ubuntu-latest, false)	UNKNOWN STEP	2026-10-09T10:00:56.2869234Z Driver:        docker-container
build / build-image (linux/amd64, ubuntu-latest, false)	UNKNOWN STEP	2026-10-09T10:00:56.2869989Z Last Activity: 2026-10-09 10:00:49 +0000 UTC
build / build-image (linux/amd64, ubuntu-latest, false)	UNKNOWN STEP	2026-10-09T10:00:56.2870486Z 
build / build-image (linux/amd64, ubuntu-latest, false)	UNKNOWN STEP	2026-10-09T10:00:56.2871095Z Nodes:
build / build-image (linux/amd64, ubuntu-latest, false)	UNKNOWN STEP	2026-10-09T10:00:56.2871576Z Name:                  builder-c6c201ce-aaea-4299-9419-99eea7445d730
build / build-image (linux/amd64, ubuntu-latest, false)	UNKNOWN STEP	2026-10-09T10:00:56.2872333Z Endpoint:              unix:///var/run/docker.sock
build / build-image (linux/amd64, ubuntu-latest, false)	UNKNOWN STEP	2026-10-09T10:00:56.2873046Z Status:                running
build / build-image (linux/amd64, ubuntu-latest, false)	UNKNOWN STEP	2026-10-09T10:00:56.2883588Z BuildKit daemon flags: --allow-insecure-entitlement security.insecure --allow-insecure-entitlement network.host
build / build-image (linux/amd64, ubuntu-latest, false)	UNKNOWN STEP	2026-10-09T10:00:56.2910180Z BuildKit version:      v0.33.1
build / build-image (linux/amd64, ubuntu-latest, false)	UNKNOWN STEP	2026-10-09T10:00:56.2912090Z Platforms:             linux/amd64, linux/amd64/v2, linux/amd64/v3, linux/amd64/v4, linux/arm64, linux/riscv64, linux/ppc64le, linux/s390x, linux/386, linux/mips64le, linux/mips64, linux/loong64, linux/arm/v7, linux/arm/v6
build / build-image (linux/amd64, ubuntu-latest, false)	UNKNOWN STEP	2026-10-09T10:00:56.2913158Z Labels:
build / build-image (linux/amd64, ubuntu-latest, false)	UNKNOWN STEP	2026-10-09T10:00:56.2913796Z  org.mobyproject.buildkit.worker.executor:         oci
build / build-image (linux/amd64, ubuntu-latest, false)	UNKNOWN STEP	2026-10-09T10:00:56.2914585Z  org.mobyproject.buildkit.worker.hostname:         4a9dfc27f7de
build / build-image (linux/amd64, ubuntu-latest, false)	UNKNOWN STEP	2026-10-09T10:00:56.2915339Z  org.mobyproject.buildkit.worker.network:          host
build / build-image (linux/amd64, ubuntu-latest, false)	UNKNOWN STEP	2026-10-09T10:00:56.2916076Z  org.mobyproject.buildkit.worker.oci.process-mode: sandbox
build / build-image (linux/amd64, ubuntu-latest, false)	UNKNOWN STEP	2026-10-09T10:00:56.2916862Z  org.mobyproject.buildkit.worker.selinux.enabled:  false
build / build-image (linux/amd64, ubuntu-latest, false)	UNKNOWN STEP	2026-10-09T10:00:56.2917680Z  org.mobyproject.buildkit.worker.snapshotter:      overlayfs
build / build-image (linux/amd64, ubuntu-latest, false)	UNKNOWN STEP	2026-10-09T10:00:56.2918423Z GC Policy rule#0:
build / build-image (linux/amd64, ubuntu-latest, false)	UNKNOWN STEP	2026-10-09T10:00:56.2919071Z  All:            false
build / build-image (linux/amd64, ubuntu-latest, false)	UNKNOWN STEP	2026-10-09T10:00:56.2919629Z  Filters:        type==source.local type==exec.cachemount type==source.git.checkout
build / build-image (linux/amd64, ubuntu-latest, false)	UNKNOWN STEP	2026-10-09T10:00:56.2920416Z  Keep Duration:  48h0m0s
build / build-image (linux/amd64, ubuntu-latest, false)	UNKNOWN STEP	2026-10-09T10:00:56.2921243Z  Max Used Space: 488.3MiB
build / build-image (linux/amd64, ubuntu-latest, false)	UNKNOWN STEP	2026-10-09T10:00:56.2921846Z GC Policy rule#1:
build / build-image (linux/amd64, ubuntu-latest, false)	UNKNOWN STEP	2026-10-09T10:00:56.2922304Z  All:            false
build / build-image (linux/amd64, ubuntu-latest, false)	UNKNOWN STEP	2026-10-09T10:00:56.2922884Z  Keep Duration:  1440h0m0s
build / build-image (linux/amd64, ubuntu-latest, false)	UNKNOWN STEP	2026-10-09T10:00:56.2923992Z  Reserved Space: 7.451GiB
build / build-image (linux/amd64, ubuntu-latest, false)	UNKNOWN STEP	2026-10-09T10:00:56.2926559Z  Max Used Space: 54.02GiB
build / build-image (linux/amd64, ubuntu-latest, false)	UNKNOWN STEP	2026-10-09T10:00:56.2928271Z  Min Free Space: 13.97GiB
build / build-image (linux/amd64, ubuntu-latest, false)	UNKNOWN STEP	2026-10-09T10:00:56.2929153Z GC Policy rule#2:
build / build-image (linux/amd64, ubuntu-latest, false)	UNKNOWN STEP	2026-10-09T10:00:56.2930274Z  All:            false
build / build-image (linux/amd64, ubuntu-latest, false)	UNKNOWN STEP	2026-10-09T10:00:56.2931805Z  Reserved Space: 7.451GiB
build / build-image (linux/amd64, ubuntu-latest, false)	UNKNOWN STEP	2026-10-09T10:00:56.2932301Z  Max Used Space: 54.02GiB
build / build-image (linux/amd64, ubuntu-latest, false)	UNKNOWN STEP	2026-10-09T10:00:56.2933631Z  Min Free Space: 13.97GiB
build / build-image (linux/amd64, ubuntu-latest, false)	UNKNOWN STEP	2026-10-09T10:00:56.2934127Z GC Policy rule#3:
build / build-image (linux/amd64, ubuntu-latest, false)	UNKNOWN STEP	2026-10-09T10:00:56.2934992Z  All:            true
build / build-image (linux/amd64, ubuntu-latest, false)	UNKNOWN STEP	2026-10-09T10:00:56.2936687Z  Reserved Space: 7.451GiB
build / build-image (linux/amd64, ubuntu-latest, false)	UNKNOWN STEP	2026-10-09T10:00:56.2937196Z  Max Used Space: 54.02GiB
build / build-image (linux/amd64, ubuntu-latest, false)	UNKNOWN STEP	2026-10-09T10:00:56.2938425Z  Min Free Space: 13.97GiB
build / build-image (linux/amd64, ubuntu-latest, false)	UNKNOWN STEP	2026-10-09T10:00:56.2939331Z ##[endgroup]
build / build-image (linux/amd64, ubuntu-latest, false)	UNKNOWN STEP	2026-10-09T10:00:56.3725599Z ##[group]Inspect builder
build / build-image (linux/amd64, ubuntu-latest, false)	UNKNOWN STEP	2026-10-09T10:00:56.3731842Z ***
build / build-image (linux/amd64, ubuntu-latest, false)	UNKNOWN STEP	2026-10-09T10:00:56.3732329Z   "nodes": [
build / build-image (linux/amd64, ubuntu-latest, false)	UNKNOWN STEP	2026-10-09T10:00:56.3732892Z     ***
build / build-image (linux/amd64, ubuntu-latest, false)	UNKNOWN STEP	2026-10-09T10:00:56.3733414Z       "name": "builder-c6c201ce-aaea-4299-9419-99eea7445d730",
build / build-image (linux/amd64, ubuntu-latest, false)	UNKNOWN STEP	2026-10-09T10:00:56.3734046Z       "endpoint": "unix:///var/run/docker.sock",
build / build-image (linux/amd64, ubuntu-latest, false)	UNKNOWN STEP	2026-10-09T10:00:56.3734604Z       "status": "running",
build / build-image (linux/amd64, ubuntu-latest, false)	UNKNOWN STEP	2026-10-09T10:00:56.3735388Z       "buildkitd-flags": "--allow-insecure-entitlement security.insecure --allow-insecure-entitlement network.host",
build / build-image (linux/amd64, ubuntu-latest, false)	UNKNOWN STEP	2026-10-09T10:00:56.3736169Z       "buildkit": "v0.33.1",
build / build-image (linux/amd64, ubuntu-latest, false)	UNKNOWN STEP	2026-10-09T10:00:56.3737405Z       "platforms": "linux/amd64,linux/amd64/v2,linux/amd64/v3,linux/amd64/v4,linux/arm64,linux/riscv64,linux/ppc64le,linux/s390x,linux/386,linux/mips64le,linux/mips64,linux/loong64,linux/arm/v7,linux/arm/v6",
build / build-image (linux/amd64, ubuntu-latest, false)	UNKNOWN STEP	2026-10-09T10:00:56.3738385Z       "features": ***
build / build-image (linux/amd64, ubuntu-latest, false)	UNKNOWN STEP	2026-10-09T10:00:56.3738958Z         "Automatically load images to the Docker Engine image store": true,
build / build-image (linux/amd64, ubuntu-latest, false)	UNKNOWN STEP	2026-10-09T10:00:56.3739551Z         "Cache export": true,
build / build-image (linux/amd64, ubuntu-latest, false)	UNKNOWN STEP	2026-10-09T10:00:56.3740008Z         "Direct push": true,
build / build-image (linux/amd64, ubuntu-latest, false)	UNKNOWN STEP	2026-10-09T10:00:56.3740501Z         "Docker exporter": true,
build / build-image (linux/amd64, ubuntu-latest, false)	UNKNOWN STEP	2026-10-09T10:00:56.3741177Z         "Multi-platform build": true,
build / build-image (linux/amd64, ubuntu-latest, false)	UNKNOWN STEP	2026-10-09T10:00:56.3741657Z         "OCI exporter": true
build / build-image (linux/amd64, ubuntu-latest, false)	UNKNOWN STEP	2026-10-09T10:00:56.3742121Z       ***,
build / build-image (linux/amd64, ubuntu-latest, false)	UNKNOWN STEP	2026-10-09T10:00:56.3742533Z       "labels": ***
build / build-image (linux/amd64, ubuntu-latest, false)	UNKNOWN STEP	2026-10-09T10:00:56.3743046Z         "org.mobyproject.buildkit.worker.executor": "oci",
build / build-image (linux/amd64, ubuntu-latest, false)	UNKNOWN STEP	2026-10-09T10:00:56.3743706Z         "org.mobyproject.buildkit.worker.hostname": "4a9dfc27f7de",
build / build-image (linux/amd64, ubuntu-latest, false)	UNKNOWN STEP	2026-10-09T10:00:56.3744355Z         "org.mobyproject.buildkit.worker.network": "host",
build / build-image (linux/amd64, ubuntu-latest, false)	UNKNOWN STEP	2026-10-09T10:00:56.3744983Z         "org.mobyproject.buildkit.worker.oci.process-mode": "sandbox",
build / build-image (linux/amd64, ubuntu-latest, false)	UNKNOWN STEP	2026-10-09T10:00:56.3745738Z         "org.mobyproject.buildkit.worker.selinux.enabled": "false",
build / build-image (linux/amd64, ubuntu-latest, false)	UNKNOWN STEP	2026-10-09T10:00:56.3746489Z         "org.mobyproject.buildkit.worker.snapshotter": "overlayfs"
build / build-image (linux/amd64, ubuntu-latest, false)	UNKNOWN STEP	2026-10-09T10:00:56.3747123Z       ***,
build / build-image (linux/amd64, ubuntu-latest, false)	UNKNOWN STEP	2026-10-09T10:00:56.3747541Z       "gcPolicy": [
build / build-image (linux/amd64, ubuntu-latest, false)	UNKNOWN STEP	2026-10-09T10:00:56.3747988Z         ***
build / build-image (linux/amd64, ubuntu-latest, false)	UNKNOWN STEP	2026-10-09T10:00:56.3748423Z           "all": false,
build / build-image (linux/amd64, ubuntu-latest, false)	UNKNOWN STEP	2026-10-09T10:00:56.3748879Z           "filter": [
build / build-image (linux/amd64, ubuntu-latest, false)	UNKNOWN STEP	2026-10-09T10:00:56.3749492Z             "type==source.local type==exec.cachemount type==source.git.checkout"
build / build-image (linux/amd64, ubuntu-latest, false)	UNKNOWN STEP	2026-10-09T10:00:56.3750100Z           ],
build / build-image (linux/amd64, ubuntu-latest, false)	UNKNOWN STEP	2026-10-09T10:00:56.3750513Z           "keepDuration": "48h0m0s",
build / build-image (linux/amd64, ubuntu-latest, false)	UNKNOWN STEP	2026-10-09T10:00:56.3751195Z           "maxUsedSpace": "488.3MiB"
build / build-image (linux/amd64, ubuntu-latest, false)	UNKNOWN STEP	2026-10-09T10:00:56.3751676Z         ***,
build / build-image (linux/amd64, ubuntu-latest, false)	UNKNOWN STEP	2026-10-09T10:00:56.3752166Z         ***
build / build-image (linux/amd64, ubuntu-latest, false)	UNKNOWN STEP	2026-10-09T10:00:56.3752685Z           "all": false,
build / build-image (linux/amd64, ubuntu-latest, false)	UNKNOWN STEP	2026-10-09T10:00:56.3753185Z           "keepDuration": "1440h0m0s",
build / build-image (linux/amd64, ubuntu-latest, false)	UNKNOWN STEP	2026-10-09T10:00:56.3753732Z           "reservedSpace": "7.451GiB",
build / build-image (linux/amd64, ubuntu-latest, false)	UNKNOWN STEP	2026-10-09T10:00:56.3754268Z           "maxUsedSpace": "54.02GiB",
build / build-image (linux/amd64, ubuntu-latest, false)	UNKNOWN STEP	2026-10-09T10:00:56.3754810Z           "minFreeSpace": "13.97GiB"
build / build-image (linux/amd64, ubuntu-latest, false)	UNKNOWN STEP	2026-10-09T10:00:56.3755342Z         ***,
build / build-image (linux/amd64, ubuntu-latest, false)	UNKNOWN STEP	2026-10-09T10:00:56.3755798Z         ***
build / build-image (linux/amd64, ubuntu-latest, false)	UNKNOWN STEP	2026-10-09T10:00:56.3756265Z           "all": false,
build / build-image (linux/amd64, ubuntu-latest, false)	UNKNOWN STEP	2026-10-09T10:00:56.3756767Z           "reservedSpace": "7.451GiB",
build / build-image (linux/amd64, ubuntu-latest, false)	UNKNOWN STEP	2026-10-09T10:00:56.3757306Z           "maxUsedSpace": "54.02GiB",
build / build-image (linux/amd64, ubuntu-latest, false)	UNKNOWN STEP	2026-10-09T10:00:56.3757842Z           "minFreeSpace": "13.97GiB"
build / build-image (linux/amd64, ubuntu-latest, false)	UNKNOWN STEP	2026-10-09T10:00:56.3758364Z         ***,
build / build-image (linux/amd64, ubuntu-latest, false)	UNKNOWN STEP	2026-10-09T10:00:56.3758831Z         ***
build / build-image (linux/amd64, ubuntu-latest, false)	UNKNOWN STEP	2026-10-09T10:00:56.3759272Z           "all": true,
build / build-image (linux/amd64, ubuntu-latest, false)	UNKNOWN STEP	2026-10-09T10:00:56.3759767Z           "reservedSpace": "7.451GiB",
build / build-image (linux/amd64, ubuntu-latest, false)	UNKNOWN STEP	2026-10-09T10:00:56.3760405Z           "maxUsedSpace": "54.02GiB",
build / build-image (linux/amd64, ubuntu-latest, false)	UNKNOWN STEP	2026-10-09T10:00:56.3761165Z           "minFreeSpace": "13.97GiB"
build / build-image (linux/amd64, ubuntu-latest, false)	UNKNOWN STEP	2026-10-09T10:00:56.3761712Z         ***
build / build-image (linux/amd64, ubuntu-latest, false)	UNKNOWN STEP	2026-10-09T10:00:56.3762171Z       ]
build / build-image (linux/amd64, ubuntu-latest, false)	UNKNOWN STEP	2026-10-09T10:00:56.3762631Z     ***
build / build-image (linux/amd64, ubuntu-latest, false)	UNKNOWN STEP	2026-10-09T10:00:56.3763082Z   ],
build / build-image (linux/amd64, ubuntu-latest, false)	UNKNOWN STEP	2026-10-09T10:00:56.3763658Z   "name": "builder-c6c201ce-aaea-4299-9419-99eea7445d73",
build / build-image (linux/amd64, ubuntu-latest, false)	UNKNOWN STEP	2026-10-09T10:00:56.3764265Z   "driver": "docker-container",
build / build-image (linux/amd64, ubuntu-latest, false)	UNKNOWN STEP	2026-10-09T10:00:56.3764806Z   "lastActivity": "2026-10-09T10:00:49.000Z"
build / build-image (linux/amd64, ubuntu-latest, false)	UNKNOWN STEP	2026-10-09T10:00:56.3765557Z ***
build / build-image (linux/amd64, ubuntu-latest, false)	UNKNOWN STEP	2026-10-09T10:00:56.3766372Z ##[endgroup]
build / build-image (linux/amd64, ubuntu-latest, false)	UNKNOWN STEP	2026-10-09T10:00:56.3767040Z ##[group]BuildKit version
build / build-image (linux/amd64, ubuntu-latest, false)	UNKNOWN STEP	2026-10-09T10:00:56.3767576Z builder-c6c201ce-aaea-4299-9419-99eea7445d730: v0.33.1
build / build-image (linux/amd64, ubuntu-latest, false)	UNKNOWN STEP	2026-10-09T10:00:56.3768348Z ##[endgroup]
build / build-image (linux/amd64, ubuntu-latest, false)	UNKNOWN STEP	2026-10-09T10:00:56.3841878Z ##[end-action id=__consensys-vertical-apps_shared-services-workflows.__docker_setup-buildx-action;outcome=success;conclusion=success;duration_ms=6995]
build / build-image (linux/amd64, ubuntu-latest, false)	UNKNOWN STEP	2026-10-09T10:00:56.3845435Z ##[start-action display=Configure AWS credentials;id=__consensys-vertical-apps_shared-services-workflows.configure-aws-credentials]
build / build-image (linux/amd64, ubuntu-latest, false)	UNKNOWN STEP	2026-10-09T10:00:56.3897880Z ##[group]Run aws-actions/configure-aws-credentials@e7f100cf4c008499ea8adda475de1042d6975c7b
build / build-image (linux/amd64, ubuntu-latest, false)	UNKNOWN STEP	2026-10-09T10:00:56.3898204Z with:
build / build-image (linux/amd64, ubuntu-latest, false)	UNKNOWN STEP	2026-10-09T10:00:56.3898455Z   role-to-assume: arn:aws:iam::471636589850:role/ecr-github-public-cache-pull
build / build-image (linux/amd64, ubuntu-latest, false)	UNKNOWN STEP	2026-10-09T10:00:56.3898746Z   aws-region: us-east-2
build / build-image (linux/amd64, ubuntu-latest, false)	UNKNOWN STEP	2026-10-09T10:00:56.3898949Z   mask-aws-account-id: true
build / build-image (linux/amd64, ubuntu-latest, false)	UNKNOWN STEP	2026-10-09T10:00:56.3899306Z   audience: sts.amazonaws.com
build / build-image (linux/amd64, ubuntu-latest, false)	UNKNOWN STEP	2026-10-09T10:00:56.3899517Z env:
build / build-image (linux/amd64, ubuntu-latest, false)	UNKNOWN STEP	2026-10-09T10:00:56.3899851Z   JFROG_CLI_ENV_EXCLUDE: *password*;*secret*;*key*;*token*;*auth*;JF_ARTIFACTORY_*;JF_ENV_*;JF_URL;JF_USER;JF_PASSWORD;JF_ACCESS_TOKEN
build / build-image (linux/amd64, ubuntu-latest, false)	UNKNOWN STEP	2026-10-09T10:00:56.3900227Z   JFROG_CLI_OFFER_CONFIG: false
build / build-image (linux/amd64, ubuntu-latest, false)	UNKNOWN STEP	2026-10-09T10:00:56.3900441Z   JFROG_CLI_AVOID_NEW_VERSION_WARNING: true
build / build-image (linux/amd64, ubuntu-latest, false)	UNKNOWN STEP	2026-10-09T10:00:56.3900869Z   JFROG_CLI_SOURCECODE_REPOSITORY: consensys-vertical-apps/va-mmcx-terminal
build / build-image (linux/amd64, ubuntu-latest, false)	UNKNOWN STEP	2026-10-09T10:00:56.3901163Z   JFROG_CLI_CI_JOB_ID: Release
build / build-image (linux/amd64, ubuntu-latest, false)	UNKNOWN STEP	2026-10-09T10:00:56.3901370Z   JFROG_CLI_CI_RUN_ID: 37913592023
build / build-image (linux/amd64, ubuntu-latest, false)	UNKNOWN STEP	2026-10-09T10:00:56.3901579Z   JFROG_CLI_GITHUB_TOKEN: 
build / build-image (linux/amd64, ubuntu-latest, false)	UNKNOWN STEP	2026-10-09T10:00:56.3901826Z   JFROG_CLI_CI_VCS_REVISION: a0c70d313b0b14786b9738dec5a9ccba8653d1bf
build / build-image (linux/amd64, ubuntu-latest, false)	UNKNOWN STEP	2026-10-09T10:00:56.3902093Z   JFROG_CLI_CI_BRANCH: main
build / build-image (linux/amd64, ubuntu-latest, false)	UNKNOWN STEP	2026-10-09T10:00:56.3902384Z   JFROG_CLI_CI_VCS_URL: https://github.com/consensys-vertical-apps/va-mmcx-terminal
build / build-image (linux/amd64, ubuntu-latest, false)	UNKNOWN STEP	2026-10-09T10:00:56.3902683Z   JFROG_CLI_BUILD_NAME: Release
build / build-image (linux/amd64, ubuntu-latest, false)	UNKNOWN STEP	2026-10-09T10:00:56.3902885Z   JFROG_CLI_BUILD_NUMBER: 85
build / build-image (linux/amd64, ubuntu-latest, false)	UNKNOWN STEP	2026-10-09T10:00:56.3903222Z   JFROG_CLI_BUILD_URL: https://github.com/consensys-vertical-apps/va-mmcx-terminal/actions/runs/37913592023
build / build-image (linux/amd64, ubuntu-latest, false)	UNKNOWN STEP	2026-10-09T10:00:56.3903605Z   JFROG_CLI_USER_AGENT: setup-jfrog-cli-github-action/5.1.0
build / build-image (linux/amd64, ubuntu-latest, false)	UNKNOWN STEP	2026-10-09T10:00:56.3903902Z   JFROG_CLI_COMMAND_SUMMARY_OUTPUT_DIR: /home/runner/work/_temp
build / build-image (linux/amd64, ubuntu-latest, false)	UNKNOWN STEP	2026-10-09T10:00:56.3904229Z   JFROG_CLI_USAGE_GH_TOKEN_FOR_CODE_SCANNING_ALERTS_PROVIDED: 
build / build-image (linux/amd64, ubuntu-latest, false)	UNKNOWN STEP	2026-10-09T10:00:56.3904523Z   SETUP_JFROG_CLI_SERVER_IDS: setup-jfrog-cli-server
build / build-image (linux/amd64, ubuntu-latest, false)	UNKNOWN STEP	2026-10-09T10:00:56.3904762Z   FILE: ./Dockerfile
build / build-image (linux/amd64, ubuntu-latest, false)	UNKNOWN STEP	2026-10-09T10:00:56.3904944Z ##[endgroup]
build / build-image (linux/amd64, ubuntu-latest, false)	UNKNOWN STEP	2026-10-09T10:00:56.6616055Z Assuming role with OIDC
build / build-image (linux/amd64, ubuntu-latest, false)	UNKNOWN STEP	2026-10-09T10:00:56.8428145Z Authenticated as assumedRoleId AROAW3T53HUNHCUKTKI6Q:GitHubActions
build / build-image (linux/amd64, ubuntu-latest, false)	UNKNOWN STEP	2026-10-09T10:00:56.8937466Z ##[end-action id=__consensys-vertical-apps_shared-services-workflows.configure-aws-credentials;outcome=success;conclusion=success;duration_ms=509]
build / build-image (linux/amd64, ubuntu-latest, false)	UNKNOWN STEP	2026-10-09T10:00:56.8939728Z ##[start-action display=Login to Amazon ECR;id=__consensys-vertical-apps_shared-services-workflows.ecr]
build / build-image (linux/amd64, ubuntu-latest, false)	UNKNOWN STEP	2026-10-09T10:00:56.8974733Z ##[group]Run aws-actions/amazon-ecr-login@d539f0932e70871a027e9d5a9d8fc38589180a64
build / build-image (linux/amd64, ubuntu-latest, false)	UNKNOWN STEP	2026-10-09T10:00:56.8975034Z with:
build / build-image (linux/amd64, ubuntu-latest, false)	UNKNOWN STEP	2026-10-09T10:00:56.8975215Z   mask-password: true
build / build-image (linux/amd64, ubuntu-latest, false)	UNKNOWN STEP	2026-10-09T10:00:56.8975411Z   registry-type: private
build / build-image (linux/amd64, ubuntu-latest, false)	UNKNOWN STEP	2026-10-09T10:00:56.8975602Z   skip-logout: false
build / build-image (linux/amd64, ubuntu-latest, false)	UNKNOWN STEP	2026-10-09T10:00:56.8975777Z env:
build / build-image (linux/amd64, ubuntu-latest, false)	UNKNOWN STEP	2026-10-09T10:00:56.8976100Z   JFROG_CLI_ENV_EXCLUDE: *password*;*secret*;*key*;*token*;*auth*;JF_ARTIFACTORY_*;JF_ENV_*;JF_URL;JF_USER;JF_PASSWORD;JF_ACCESS_TOKEN
build / build-image (linux/amd64, ubuntu-latest, false)	UNKNOWN STEP	2026-10-09T10:00:56.8976464Z   JFROG_CLI_OFFER_CONFIG: false
build / build-image (linux/amd64, ubuntu-latest, false)	UNKNOWN STEP	2026-10-09T10:00:56.8976675Z   JFROG_CLI_AVOID_NEW_VERSION_WARNING: true
build / build-image (linux/amd64, ubuntu-latest, false)	UNKNOWN STEP	2026-10-09T10:00:56.8976957Z   JFROG_CLI_SOURCECODE_REPOSITORY: consensys-vertical-apps/va-mmcx-terminal
build / build-image (linux/amd64, ubuntu-latest, false)	UNKNOWN STEP	2026-10-09T10:00:56.8977244Z   JFROG_CLI_CI_JOB_ID: Release
build / build-image (linux/amd64, ubuntu-latest, false)	UNKNOWN STEP	2026-10-09T10:00:56.8977445Z   JFROG_CLI_CI_RUN_ID: 37913592023
build / build-image (linux/amd64, ubuntu-latest, false)	UNKNOWN STEP	2026-10-09T10:00:56.8977652Z   JFROG_CLI_GITHUB_TOKEN: 
build / build-image (linux/amd64, ubuntu-latest, false)	UNKNOWN STEP	2026-10-09T10:00:56.8977898Z   JFROG_CLI_CI_VCS_REVISION: a0c70d313b0b14786b9738dec5a9ccba8653d1bf
build / build-image (linux/amd64, ubuntu-latest, false)	UNKNOWN STEP	2026-10-09T10:00:56.8978291Z   JFROG_CLI_CI_BRANCH: main
build / build-image (linux/amd64, ubuntu-latest, false)	UNKNOWN STEP	2026-10-09T10:00:56.8978572Z   JFROG_CLI_CI_VCS_URL: https://github.com/consensys-vertical-apps/va-mmcx-terminal
build / build-image (linux/amd64, ubuntu-latest, false)	UNKNOWN STEP	2026-10-09T10:00:56.8978868Z   JFROG_CLI_BUILD_NAME: Release
build / build-image (linux/amd64, ubuntu-latest, false)	UNKNOWN STEP	2026-10-09T10:00:56.8979069Z   JFROG_CLI_BUILD_NUMBER: 85
build / build-image (linux/amd64, ubuntu-latest, false)	UNKNOWN STEP	2026-10-09T10:00:56.8979386Z   JFROG_CLI_BUILD_URL: https://github.com/consensys-vertical-apps/va-mmcx-terminal/actions/runs/37913592023
build / build-image (linux/amd64, ubuntu-latest, false)	UNKNOWN STEP	2026-10-09T10:00:56.8979755Z   JFROG_CLI_USER_AGENT: setup-jfrog-cli-github-action/5.1.0
build / build-image (linux/amd64, ubuntu-latest, false)	UNKNOWN STEP	2026-10-09T10:00:56.8980045Z   JFROG_CLI_COMMAND_SUMMARY_OUTPUT_DIR: /home/runner/work/_temp
build / build-image (linux/amd64, ubuntu-latest, false)	UNKNOWN STEP	2026-10-09T10:00:56.8980332Z   JFROG_CLI_USAGE_GH_TOKEN_FOR_CODE_SCANNING_ALERTS_PROVIDED: 
build / build-image (linux/amd64, ubuntu-latest, false)	UNKNOWN STEP	2026-10-09T10:00:56.8980610Z   SETUP_JFROG_CLI_SERVER_IDS: setup-jfrog-cli-server
build / build-image (linux/amd64, ubuntu-latest, false)	UNKNOWN STEP	2026-10-09T10:00:56.8981078Z   FILE: ./Dockerfile
build / build-image (linux/amd64, ubuntu-latest, false)	UNKNOWN STEP	2026-10-09T10:00:56.8981361Z   AWS_DEFAULT_REGION: us-east-2
build / build-image (linux/amd64, ubuntu-latest, false)	UNKNOWN STEP	2026-10-09T10:00:56.8981575Z   AWS_REGION: us-east-2
build / build-image (linux/amd64, ubuntu-latest, false)	UNKNOWN STEP	2026-10-09T10:00:56.8981791Z   AWS_ACCESS_KEY_ID: ***
build / build-image (linux/amd64, ubuntu-latest, false)	UNKNOWN STEP	2026-10-09T10:00:56.8982137Z   AWS_SECRET_ACCESS_KEY: ***
build / build-image (linux/amd64, ubuntu-latest, false)	UNKNOWN STEP	2026-10-09T10:00:56.8984653Z   AWS_SESSION_TOKEN: ***
build / build-image (linux/amd64, ubuntu-latest, false)	UNKNOWN STEP	2026-10-09T10:00:56.8984839Z ##[endgroup]
build / build-image (linux/amd64, ubuntu-latest, false)	UNKNOWN STEP	2026-10-09T10:00:56.9657862Z Using environment variable credentials.
build / build-image (linux/amd64, ubuntu-latest, false)	UNKNOWN STEP	2026-10-09T10:00:57.2009207Z Logging into registry ***.dkr.ecr.us-east-2.amazonaws.com
build / build-image (linux/amd64, ubuntu-latest, false)	UNKNOWN STEP	2026-10-09T10:00:57.5738365Z ##[end-action id=__consensys-vertical-apps_shared-services-workflows.ecr;outcome=success;conclusion=success;duration_ms=679]
build / build-image (linux/amd64, ubuntu-latest, false)	UNKNOWN STEP	2026-10-09T10:00:57.5742007Z ##[start-action display=Build and export;id=__consensys-vertical-apps_shared-services-workflows.__docker_build-push-action]
build / build-image (linux/amd64, ubuntu-latest, false)	UNKNOWN STEP	2026-10-09T10:00:57.5812071Z ##[group]Run docker/build-push-action@53b7df96c91f9c12dcc8a07bcb9ccacbed38856a
build / build-image (linux/amd64, ubuntu-latest, false)	UNKNOWN STEP	2026-10-09T10:00:57.5812569Z with:
build / build-image (linux/amd64, ubuntu-latest, false)	UNKNOWN STEP	2026-10-09T10:00:57.5812862Z   context: .
build / build-image (linux/amd64, ubuntu-latest, false)	UNKNOWN STEP	2026-10-09T10:00:57.5813164Z   cache-from: type=gha
build / build-image (linux/amd64, ubuntu-latest, false)	UNKNOWN STEP	2026-10-09T10:00:57.5813493Z   cache-to: type=gha,mode=min
build / build-image (linux/amd64, ubuntu-latest, false)	UNKNOWN STEP	2026-10-09T10:00:57.5825435Z   build-args: ***
build / build-image (linux/amd64, ubuntu-latest, false)	UNKNOWN STEP	
build / build-image (linux/amd64, ubuntu-latest, false)	UNKNOWN STEP	JFROG_ACCESS_TOKEN=***
build / build-image (linux/amd64, ubuntu-latest, false)	UNKNOWN STEP	GITHUB_ACCESS_TOKEN=
build / build-image (linux/amd64, ubuntu-latest, false)	UNKNOWN STEP	
build / build-image (linux/amd64, ubuntu-latest, false)	UNKNOWN STEP	2026-10-09T10:00:57.5825968Z   platforms: linux/amd64
build / build-image (linux/amd64, ubuntu-latest, false)	UNKNOWN STEP	2026-10-09T10:00:57.5826312Z   tags: app:latest
build / build-image (linux/amd64, ubuntu-latest, false)	UNKNOWN STEP	2026-10-09T10:00:57.5826626Z   file: ./Dockerfile
build / build-image (linux/amd64, ubuntu-latest, false)	UNKNOWN STEP	2026-10-09T10:00:57.5826977Z   outputs: type=oci,dest=build.tar
build / build-image (linux/amd64, ubuntu-latest, false)	UNKNOWN STEP	2026-10-09T10:00:57.5827348Z   load: false
build / build-image (linux/amd64, ubuntu-latest, false)	UNKNOWN STEP	2026-10-09T10:00:57.5827659Z   no-cache: false
build / build-image (linux/amd64, ubuntu-latest, false)	UNKNOWN STEP	2026-10-09T10:00:57.5827969Z   pull: false
build / build-image (linux/amd64, ubuntu-latest, false)	UNKNOWN STEP	2026-10-09T10:00:57.5828266Z   push: false
build / build-image (linux/amd64, ubuntu-latest, false)	UNKNOWN STEP	2026-10-09T10:00:57.5831221Z   github-token: ***
build / build-image (linux/amd64, ubuntu-latest, false)	UNKNOWN STEP	2026-10-09T10:00:57.5831546Z env:
build / build-image (linux/amd64, ubuntu-latest, false)	UNKNOWN STEP	2026-10-09T10:00:57.5832143Z   JFROG_CLI_ENV_EXCLUDE: *password*;*secret*;*key*;*token*;*auth*;JF_ARTIFACTORY_*;JF_ENV_*;JF_URL;JF_USER;JF_PASSWORD;JF_ACCESS_TOKEN
build / build-image (linux/amd64, ubuntu-latest, false)	UNKNOWN STEP	2026-10-09T10:00:57.5832811Z   JFROG_CLI_OFFER_CONFIG: false
build / build-image (linux/amd64, ubuntu-latest, false)	UNKNOWN STEP	2026-10-09T10:00:57.5833192Z   JFROG_CLI_AVOID_NEW_VERSION_WARNING: true
build / build-image (linux/amd64, ubuntu-latest, false)	UNKNOWN STEP	2026-10-09T10:00:57.5833704Z   JFROG_CLI_SOURCECODE_REPOSITORY: consensys-vertical-apps/va-mmcx-terminal
build / build-image (linux/amd64, ubuntu-latest, false)	UNKNOWN STEP	2026-10-09T10:00:57.5834219Z   JFROG_CLI_CI_JOB_ID: Release
build / build-image (linux/amd64, ubuntu-latest, false)	UNKNOWN STEP	2026-10-09T10:00:57.5834580Z   JFROG_CLI_CI_RUN_ID: 37913592023
build / build-image (linux/amd64, ubuntu-latest, false)	UNKNOWN STEP	2026-10-09T10:00:57.5834965Z   JFROG_CLI_GITHUB_TOKEN: 
build / build-image (linux/amd64, ubuntu-latest, false)	UNKNOWN STEP	2026-10-09T10:00:57.5835421Z   JFROG_CLI_CI_VCS_REVISION: a0c70d313b0b14786b9738dec5a9ccba8653d1bf
build / build-image (linux/amd64, ubuntu-latest, false)	UNKNOWN STEP	2026-10-09T10:00:57.5835877Z   JFROG_CLI_CI_BRANCH: main
build / build-image (linux/amd64, ubuntu-latest, false)	UNKNOWN STEP	2026-10-09T10:00:57.5836360Z   JFROG_CLI_CI_VCS_URL: https://github.com/consensys-vertical-apps/va-mmcx-terminal
build / build-image (linux/amd64, ubuntu-latest, false)	UNKNOWN STEP	2026-10-09T10:00:57.5836877Z   JFROG_CLI_BUILD_NAME: Release
build / build-image (linux/amd64, ubuntu-latest, false)	UNKNOWN STEP	2026-10-09T10:00:57.5837226Z   JFROG_CLI_BUILD_NUMBER: 85
build / build-image (linux/amd64, ubuntu-latest, false)	UNKNOWN STEP	2026-10-09T10:00:57.5837790Z   JFROG_CLI_BUILD_URL: https://github.com/consensys-vertical-apps/va-mmcx-terminal/actions/runs/37913592023
build / build-image (linux/amd64, ubuntu-latest, false)	UNKNOWN STEP	2026-10-09T10:00:57.5838453Z   JFROG_CLI_USER_AGENT: setup-jfrog-cli-github-action/5.1.0
build / build-image (linux/amd64, ubuntu-latest, false)	UNKNOWN STEP	2026-10-09T10:00:57.5838964Z   JFROG_CLI_COMMAND_SUMMARY_OUTPUT_DIR: /home/runner/work/_temp
build / build-image (linux/amd64, ubuntu-latest, false)	UNKNOWN STEP	2026-10-09T10:00:57.5839481Z   JFROG_CLI_USAGE_GH_TOKEN_FOR_CODE_SCANNING_ALERTS_PROVIDED: 
build / build-image (linux/amd64, ubuntu-latest, false)	UNKNOWN STEP	2026-10-09T10:00:57.5839970Z   SETUP_JFROG_CLI_SERVER_IDS: setup-jfrog-cli-server
build / build-image (linux/amd64, ubuntu-latest, false)	UNKNOWN STEP	2026-10-09T10:00:57.5840382Z   FILE: ./Dockerfile
build / build-image (linux/amd64, ubuntu-latest, false)	UNKNOWN STEP	2026-10-09T10:00:57.5840896Z   AWS_DEFAULT_REGION: us-east-2
build / build-image (linux/amd64, ubuntu-latest, false)	UNKNOWN STEP	2026-10-09T10:00:57.5841514Z   AWS_REGION: us-east-2
build / build-image (linux/amd64, ubuntu-latest, false)	UNKNOWN STEP	2026-10-09T10:00:57.5841883Z   AWS_ACCESS_KEY_ID: ***
build / build-image (linux/amd64, ubuntu-latest, false)	UNKNOWN STEP	2026-10-09T10:00:57.5842296Z   AWS_SECRET_ACCESS_KEY: ***
build / build-image (linux/amd64, ubuntu-latest, false)	UNKNOWN STEP	2026-10-09T10:00:57.5847199Z   AWS_SESSION_TOKEN: ***
build / build-image (linux/amd64, ubuntu-latest, false)	UNKNOWN STEP	2026-10-09T10:00:57.5847550Z ##[endgroup]
build / build-image (linux/amd64, ubuntu-latest, false)	UNKNOWN STEP	2026-10-09T10:00:57.7553536Z ##[group]GitHub Actions runtime token ACs
build / build-image (linux/amd64, ubuntu-latest, false)	UNKNOWN STEP	2026-10-09T10:00:57.7561678Z refs/heads/main: read/write
build / build-image (linux/amd64, ubuntu-latest, false)	UNKNOWN STEP	2026-10-09T10:00:57.7562444Z ##[endgroup]
build / build-image (linux/amd64, ubuntu-latest, false)	UNKNOWN STEP	2026-10-09T10:00:57.7563260Z ##[group]Docker info
build / build-image (linux/amd64, ubuntu-latest, false)	UNKNOWN STEP	2026-10-09T10:00:57.7590067Z [command]/usr/bin/docker version
build / build-image (linux/amd64, ubuntu-latest, false)	UNKNOWN STEP	2026-10-09T10:00:57.7765234Z Client: Docker Engine - Community
build / build-image (linux/amd64, ubuntu-latest, false)	UNKNOWN STEP	2026-10-09T10:00:57.7771300Z  Version:           28.0.4
build / build-image (linux/amd64, ubuntu-latest, false)	UNKNOWN STEP	2026-10-09T10:00:57.7771681Z  API version:       1.48
build / build-image (linux/amd64, ubuntu-latest, false)	UNKNOWN STEP	2026-10-09T10:00:57.7777193Z  Go version:        go1.23.7
build / build-image (linux/amd64, ubuntu-latest, false)	UNKNOWN STEP	2026-10-09T10:00:57.7777983Z  Git commit:        b8034c0
build / build-image (linux/amd64, ubuntu-latest, false)	UNKNOWN STEP	2026-10-09T10:00:57.7783502Z  Built:             Tue Mar 25 15:07:16 2025
build / build-image (linux/amd64, ubuntu-latest, false)	UNKNOWN STEP	2026-10-09T10:00:57.7784164Z  OS/Arch:           linux/amd64
build / build-image (linux/amd64, ubuntu-latest, false)	UNKNOWN STEP	2026-10-09T10:00:57.7784908Z  Context:           default
build / build-image (linux/amd64, ubuntu-latest, false)	UNKNOWN STEP	2026-10-09T10:00:57.7785697Z 
build / build-image (linux/amd64, ubuntu-latest, false)	UNKNOWN STEP	2026-10-09T10:00:57.7786237Z Server: Docker Engine - Community
build / build-image (linux/amd64, ubuntu-latest, false)	UNKNOWN STEP	2026-10-09T10:00:57.7786769Z  Engine:
build / build-image (linux/amd64, ubuntu-latest, false)	UNKNOWN STEP	2026-10-09T10:00:57.7787419Z   Version:          28.0.4
build / build-image (linux/amd64, ubuntu-latest, false)	UNKNOWN STEP	2026-10-09T10:00:57.7787988Z   API version:      1.48 (minimum version 1.24)
build / build-image (linux/amd64, ubuntu-latest, false)	UNKNOWN STEP	2026-10-09T10:00:57.7788734Z   Go version:       go1.23.7
build / build-image (linux/amd64, ubuntu-latest, false)	UNKNOWN STEP	2026-10-09T10:00:57.7789273Z   Git commit:       6430e49
build / build-image (linux/amd64, ubuntu-latest, false)	UNKNOWN STEP	2026-10-09T10:00:57.7790626Z   Built:            Tue Mar 25 15:07:16 2025
build / build-image (linux/amd64, ubuntu-latest, false)	UNKNOWN STEP	2026-10-09T10:00:57.7791991Z   OS/Arch:          linux/amd64
build / build-image (linux/amd64, ubuntu-latest, false)	UNKNOWN STEP	2026-10-09T10:00:57.7792455Z   Experimental:     false
build / build-image (linux/amd64, ubuntu-latest, false)	UNKNOWN STEP	2026-10-09T10:00:57.7793465Z  containerd:
build / build-image (linux/amd64, ubuntu-latest, false)	UNKNOWN STEP	2026-10-09T10:00:57.7793826Z   Version:          v2.3.6
build / build-image (linux/amd64, ubuntu-latest, false)	UNKNOWN STEP	2026-10-09T10:00:57.7794699Z   GitCommit:        ee2735368117d2eb259779949d5e75cdafec9761
build / build-image (linux/amd64, ubuntu-latest, false)	UNKNOWN STEP	2026-10-09T10:00:57.7795291Z  runc:
build / build-image (linux/amd64, ubuntu-latest, false)	UNKNOWN STEP	2026-10-09T10:00:57.7796139Z   Version:          1.5.1
build / build-image (linux/amd64, ubuntu-latest, false)	UNKNOWN STEP	2026-10-09T10:00:57.7796737Z   GitCommit:        v1.5.1-0-g8f2685a4
build / build-image (linux/amd64, ubuntu-latest, false)	UNKNOWN STEP	2026-10-09T10:00:57.7798620Z  docker-init:
build / build-image (linux/amd64, ubuntu-latest, false)	UNKNOWN STEP	2026-10-09T10:00:57.7799342Z   Version:          0.19.0
build / build-image (linux/amd64, ubuntu-latest, false)	UNKNOWN STEP	2026-10-09T10:00:57.7800154Z   GitCommit:        de40ad0
build / build-image (linux/amd64, ubuntu-latest, false)	UNKNOWN STEP	2026-10-09T10:00:57.7801813Z [command]/usr/bin/docker info
build / build-image (linux/amd64, ubuntu-latest, false)	UNKNOWN STEP	2026-10-09T10:00:57.8209627Z Client: Docker Engine - Community
build / build-image (linux/amd64, ubuntu-latest, false)	UNKNOWN STEP	2026-10-09T10:00:57.8210021Z  Version:    28.0.4
build / build-image (linux/amd64, ubuntu-latest, false)	UNKNOWN STEP	2026-10-09T10:00:57.8210223Z  Context:    default
build / build-image (linux/amd64, ubuntu-latest, false)	UNKNOWN STEP	2026-10-09T10:00:57.8210421Z  Debug Mode: false
build / build-image (linux/amd64, ubuntu-latest, false)	UNKNOWN STEP	2026-10-09T10:00:57.8210655Z  Plugins:
build / build-image (linux/amd64, ubuntu-latest, false)	UNKNOWN STEP	2026-10-09T10:00:57.8211066Z   buildx: Docker Buildx (Docker Inc.)
build / build-image (linux/amd64, ubuntu-latest, false)	UNKNOWN STEP	2026-10-09T10:00:57.8211296Z     Version:  v0.37.2
build / build-image (linux/amd64, ubuntu-latest, false)	UNKNOWN STEP	2026-10-09T10:00:57.8211610Z     Path:     /usr/libexec/docker/cli-plugins/docker-buildx
build / build-image (linux/amd64, ubuntu-latest, false)	UNKNOWN STEP	2026-10-09T10:00:57.8211894Z   compose: Docker Compose (Docker Inc.)
build / build-image (linux/amd64, ubuntu-latest, false)	UNKNOWN STEP	2026-10-09T10:00:57.8212125Z     Version:  v2.38.2
build / build-image (linux/amd64, ubuntu-latest, false)	UNKNOWN STEP	2026-10-09T10:00:57.8212426Z     Path:     /usr/libexec/docker/cli-plugins/docker-compose
build / build-image (linux/amd64, ubuntu-latest, false)	UNKNOWN STEP	2026-10-09T10:00:57.8212607Z 
build / build-image (linux/amd64, ubuntu-latest, false)	UNKNOWN STEP	2026-10-09T10:00:57.8212692Z Server:
build / build-image (linux/amd64, ubuntu-latest, false)	UNKNOWN STEP	2026-10-09T10:00:57.8212874Z  Containers: 1
build / build-image (linux/amd64, ubuntu-latest, false)	UNKNOWN STEP	2026-10-09T10:00:57.8213125Z   Running: 1
build / build-image (linux/amd64, ubuntu-latest, false)	UNKNOWN STEP	2026-10-09T10:00:57.8213308Z   Paused: 0
build / build-image (linux/amd64, ubuntu-latest, false)	UNKNOWN STEP	2026-10-09T10:00:57.8213485Z   Stopped: 0
build / build-image (linux/amd64, ubuntu-latest, false)	UNKNOWN STEP	2026-10-09T10:00:57.8213690Z  Images: 8
build / build-image (linux/amd64, ubuntu-latest, false)	UNKNOWN STEP	2026-10-09T10:00:57.8213983Z  Server Version: 28.0.4
build / build-image (linux/amd64, ubuntu-latest, false)	UNKNOWN STEP	2026-10-09T10:00:57.8214190Z  Storage Driver: overlay2
build / build-image (linux/amd64, ubuntu-latest, false)	UNKNOWN STEP	2026-10-09T10:00:57.8214396Z   Backing Filesystem: extfs
build / build-image (linux/amd64, ubuntu-latest, false)	UNKNOWN STEP	2026-10-09T10:00:57.8214674Z   Supports d_type: true
build / build-image (linux/amd64, ubuntu-latest, false)	UNKNOWN STEP	2026-10-09T10:00:57.8215070Z   Using metacopy: false
build / build-image (linux/amd64, ubuntu-latest, false)	UNKNOWN STEP	2026-10-09T10:00:57.8216987Z   Native Overlay Diff: false
build / build-image (linux/amd64, ubuntu-latest, false)	UNKNOWN STEP	2026-10-09T10:00:57.8217672Z   userxattr: false
build / build-image (linux/amd64, ubuntu-latest, false)	UNKNOWN STEP	2026-10-09T10:00:57.8222695Z  Logging Driver: json-file
build / build-image (linux/amd64, ubuntu-latest, false)	UNKNOWN STEP	2026-10-09T10:00:57.8223473Z  Cgroup Driver: systemd
build / build-image (linux/amd64, ubuntu-latest, false)	UNKNOWN STEP	2026-10-09T10:00:57.8223963Z  Cgroup Version: 2
build / build-image (linux/amd64, ubuntu-latest, false)	UNKNOWN STEP	2026-10-09T10:00:57.8224596Z  Plugins:
build / build-image (linux/amd64, ubuntu-latest, false)	UNKNOWN STEP	2026-10-09T10:00:57.8226077Z   Volume: local
build / build-image (linux/amd64, ubuntu-latest, false)	UNKNOWN STEP	2026-10-09T10:00:57.8226541Z   Network: bridge host ipvlan macvlan null overlay
build / build-image (linux/amd64, ubuntu-latest, false)	UNKNOWN STEP	2026-10-09T10:00:57.8227422Z   Log: awslogs fluentd gcplogs gelf journald json-file local splunk syslog
build / build-image (linux/amd64, ubuntu-latest, false)	UNKNOWN STEP	2026-10-09T10:00:57.8229239Z  Swarm: inactive
build / build-image (linux/amd64, ubuntu-latest, false)	UNKNOWN STEP	2026-10-09T10:00:57.8229552Z  Runtimes: io.containerd.runc.v2 runc
build / build-image (linux/amd64, ubuntu-latest, false)	UNKNOWN STEP	2026-10-09T10:00:57.8229905Z  Default Runtime: runc
build / build-image (linux/amd64, ubuntu-latest, false)	UNKNOWN STEP	2026-10-09T10:00:57.8230213Z  Init Binary: docker-init
build / build-image (linux/amd64, ubuntu-latest, false)	UNKNOWN STEP	2026-10-09T10:00:57.8231504Z  containerd version: ee2735368117d2eb259779949d5e75cdafec9761
build / build-image (linux/amd64, ubuntu-latest, false)	UNKNOWN STEP	2026-10-09T10:00:57.8231934Z  runc version: v1.5.1-0-g8f2685a4
build / build-image (linux/amd64, ubuntu-latest, false)	UNKNOWN STEP	2026-10-09T10:00:57.8232268Z  init version: de40ad0
build / build-image (linux/amd64, ubuntu-latest, false)	UNKNOWN STEP	2026-10-09T10:00:57.8232572Z  Security Options:
build / build-image (linux/amd64, ubuntu-latest, false)	UNKNOWN STEP	2026-10-09T10:00:57.8232864Z   apparmor
build / build-image (linux/amd64, ubuntu-latest, false)	UNKNOWN STEP	2026-10-09T10:00:57.8233141Z   seccomp
build / build-image (linux/amd64, ubuntu-latest, false)	UNKNOWN STEP	2026-10-09T10:00:57.8233421Z    Profile: builtin
build / build-image (linux/amd64, ubuntu-latest, false)	UNKNOWN STEP	2026-10-09T10:00:57.8233704Z   cgroupns
build / build-image (linux/amd64, ubuntu-latest, false)	UNKNOWN STEP	2026-10-09T10:00:57.8233986Z  Kernel Version: 6.17.0-1022-azure
build / build-image (linux/amd64, ubuntu-latest, false)	UNKNOWN STEP	2026-10-09T10:00:57.8234331Z  Operating System: Ubuntu 24.04.5 LTS
build / build-image (linux/amd64, ubuntu-latest, false)	UNKNOWN STEP	2026-10-09T10:00:57.8234661Z  OSType: linux
build / build-image (linux/amd64, ubuntu-latest, false)	UNKNOWN STEP	2026-10-09T10:00:57.8234941Z  Architecture: x86_64
build / build-image (linux/amd64, ubuntu-latest, false)	UNKNOWN STEP	2026-10-09T10:00:57.8235346Z  CPUs: 2
build / build-image (linux/amd64, ubuntu-latest, false)	UNKNOWN STEP	2026-10-09T10:00:57.8235617Z  Total Memory: 7.752GiB
build / build-image (linux/amd64, ubuntu-latest, false)	UNKNOWN STEP	2026-10-09T10:00:57.8235908Z  Name: runnervmmprz5
build / build-image (linux/amd64, ubuntu-latest, false)	UNKNOWN STEP	2026-10-09T10:00:57.8236213Z  ID: 07f0e779-c305-4162-b8ec-c48c30f52fbe
build / build-image (linux/amd64, ubuntu-latest, false)	UNKNOWN STEP	2026-10-09T10:00:57.8236570Z  Docker Root Dir: /var/lib/docker
build / build-image (linux/amd64, ubuntu-latest, false)	UNKNOWN STEP	2026-10-09T10:00:57.8236881Z  Debug Mode: false
build / build-image (linux/amd64, ubuntu-latest, false)	UNKNOWN STEP	2026-10-09T10:00:57.8237169Z  Username: githubactions
build / build-image (linux/amd64, ubuntu-latest, false)	UNKNOWN STEP	2026-10-09T10:00:57.8237706Z  Experimental: false
build / build-image (linux/amd64, ubuntu-latest, false)	UNKNOWN STEP	2026-10-09T10:00:57.8238009Z  Insecure Registries:
build / build-image (linux/amd64, ubuntu-latest, false)	UNKNOWN STEP	2026-10-09T10:00:57.8238346Z   ::1/128
build / build-image (linux/amd64, ubuntu-latest, false)	UNKNOWN STEP	2026-10-09T10:00:57.8238605Z   127.0.0.0/8
build / build-image (linux/amd64, ubuntu-latest, false)	UNKNOWN STEP	2026-10-09T10:00:57.8238888Z  Live Restore Enabled: false
build / build-image (linux/amd64, ubuntu-latest, false)	UNKNOWN STEP	2026-10-09T10:00:57.8239079Z 
build / build-image (linux/amd64, ubuntu-latest, false)	UNKNOWN STEP	2026-10-09T10:00:57.8240173Z ##[endgroup]
build / build-image (linux/amd64, ubuntu-latest, false)	UNKNOWN STEP	2026-10-09T10:00:57.8242952Z ##[group]Proxy configuration
build / build-image (linux/amd64, ubuntu-latest, false)	UNKNOWN STEP	2026-10-09T10:00:57.8246766Z No proxy configuration found
build / build-image (linux/amd64, ubuntu-latest, false)	UNKNOWN STEP	2026-10-09T10:00:57.8247738Z ##[endgroup]
build / build-image (linux/amd64, ubuntu-latest, false)	UNKNOWN STEP	2026-10-09T10:00:57.8659904Z ##[group]Buildx version
build / build-image (linux/amd64, ubuntu-latest, false)	UNKNOWN STEP	2026-10-09T10:00:57.8678031Z [command]/usr/bin/docker buildx version
build / build-image (linux/amd64, ubuntu-latest, false)	UNKNOWN STEP	2026-10-09T10:00:57.9041883Z github.com/docker/buildx v0.37.2 2d379c0c3f22da0d2759d132a0ec81ca949098f0
build / build-image (linux/amd64, ubuntu-latest, false)	UNKNOWN STEP	2026-10-09T10:00:57.9068983Z ##[endgroup]
build / build-image (linux/amd64, ubuntu-latest, false)	UNKNOWN STEP	2026-10-09T10:00:57.9069726Z ##[group]Builder info
build / build-image (linux/amd64, ubuntu-latest, false)	UNKNOWN STEP	2026-10-09T10:00:57.9793330Z ***
build / build-image (linux/amd64, ubuntu-latest, false)	UNKNOWN STEP	2026-10-09T10:00:57.9794050Z   "nodes": [
build / build-image (linux/amd64, ubuntu-latest, false)	UNKNOWN STEP	2026-10-09T10:00:57.9794898Z     ***
build / build-image (linux/amd64, ubuntu-latest, false)	UNKNOWN STEP	2026-10-09T10:00:57.9796939Z       "name": "builder-c6c201ce-aaea-4299-9419-99eea7445d730",
build / build-image (linux/amd64, ubuntu-latest, false)	UNKNOWN STEP	2026-10-09T10:00:57.9797473Z       "endpoint": "unix:///var/run/docker.sock",
build / build-image (linux/amd64, ubuntu-latest, false)	UNKNOWN STEP	2026-10-09T10:00:57.9797886Z       "status": "running",
build / build-image (linux/amd64, ubuntu-latest, false)	UNKNOWN STEP	2026-10-09T10:00:57.9798546Z       "buildkitd-flags": "--allow-insecure-entitlement security.insecure --allow-insecure-entitlement network.host",
build / build-image (linux/amd64, ubuntu-latest, false)	UNKNOWN STEP	2026-10-09T10:00:57.9811807Z       "buildkit": "v0.33.1",
build / build-image (linux/amd64, ubuntu-latest, false)	UNKNOWN STEP	2026-10-09T10:00:57.9812670Z       "platforms": "linux/amd64,linux/amd64/v2,linux/amd64/v3,linux/amd64/v4,linux/arm64,linux/riscv64,linux/ppc64le,linux/s390x,linux/386,linux/mips64le,linux/mips64,linux/loong64,linux/arm/v7,linux/arm/v6",
build / build-image (linux/amd64, ubuntu-latest, false)	UNKNOWN STEP	2026-10-09T10:00:57.9813550Z       "features": ***
build / build-image (linux/amd64, ubuntu-latest, false)	UNKNOWN STEP	2026-10-09T10:00:57.9813968Z         "Automatically load images to the Docker Engine image store": true,
build / build-image (linux/amd64, ubuntu-latest, false)	UNKNOWN STEP	2026-10-09T10:00:57.9814459Z         "Cache export": true,
build / build-image (linux/amd64, ubuntu-latest, false)	UNKNOWN STEP	2026-10-09T10:00:57.9814798Z         "Direct push": true,
build / build-image (linux/amd64, ubuntu-latest, false)	UNKNOWN STEP	2026-10-09T10:00:57.9815125Z         "Docker exporter": true,
build / build-image (linux/amd64, ubuntu-latest, false)	UNKNOWN STEP	2026-10-09T10:00:57.9815476Z         "Multi-platform build": true,
build / build-image (linux/amd64, ubuntu-latest, false)	UNKNOWN STEP	2026-10-09T10:00:57.9815834Z         "OCI exporter": true
build / build-image (linux/amd64, ubuntu-latest, false)	UNKNOWN STEP	2026-10-09T10:00:57.9816205Z       ***,
build / build-image (linux/amd64, ubuntu-latest, false)	UNKNOWN STEP	2026-10-09T10:00:57.9816492Z       "labels": ***
build / build-image (linux/amd64, ubuntu-latest, false)	UNKNOWN STEP	2026-10-09T10:00:57.9816859Z         "org.mobyproject.buildkit.worker.executor": "oci",
build / build-image (linux/amd64, ubuntu-latest, false)	UNKNOWN STEP	2026-10-09T10:00:57.9817374Z         "org.mobyproject.buildkit.worker.hostname": "4a9dfc27f7de",
build / build-image (linux/amd64, ubuntu-latest, false)	UNKNOWN STEP	2026-10-09T10:00:57.9817879Z         "org.mobyproject.buildkit.worker.network": "host",
build / build-image (linux/amd64, ubuntu-latest, false)	UNKNOWN STEP	2026-10-09T10:00:57.9818395Z         "org.mobyproject.buildkit.worker.oci.process-mode": "sandbox",
build / build-image (linux/amd64, ubuntu-latest, false)	UNKNOWN STEP	2026-10-09T10:00:57.9818933Z         "org.mobyproject.buildkit.worker.selinux.enabled": "false",
build / build-image (linux/amd64, ubuntu-latest, false)	UNKNOWN STEP	2026-10-09T10:00:57.9819448Z         "org.mobyproject.buildkit.worker.snapshotter": "overlayfs"
build / build-image (linux/amd64, ubuntu-latest, false)	UNKNOWN STEP	2026-10-09T10:00:57.9819881Z       ***,
build / build-image (linux/amd64, ubuntu-latest, false)	UNKNOWN STEP	2026-10-09T10:00:57.9820152Z       "gcPolicy": [
build / build-image (linux/amd64, ubuntu-latest, false)	UNKNOWN STEP	2026-10-09T10:00:57.9820440Z         ***
build / build-image (linux/amd64, ubuntu-latest, false)	UNKNOWN STEP	2026-10-09T10:00:57.9820704Z           "all": false,
build / build-image (linux/amd64, ubuntu-latest, false)	UNKNOWN STEP	2026-10-09T10:00:57.9821474Z           "filter": [
build / build-image (linux/amd64, ubuntu-latest, false)	UNKNOWN STEP	2026-10-09T10:00:57.9821856Z             "type==source.local type==exec.cachemount type==source.git.checkout"
build / build-image (linux/amd64, ubuntu-latest, false)	UNKNOWN STEP	2026-10-09T10:00:57.9822269Z           ],
build / build-image (linux/amd64, ubuntu-latest, false)	UNKNOWN STEP	2026-10-09T10:00:57.9822814Z           "keepDuration": "48h0m0s",
build / build-image (linux/amd64, ubuntu-latest, false)	UNKNOWN STEP	2026-10-09T10:00:57.9823135Z           "maxUsedSpace": "488.3MiB"
build / build-image (linux/amd64, ubuntu-latest, false)	UNKNOWN STEP	2026-10-09T10:00:57.9823448Z         ***,
build / build-image (linux/amd64, ubuntu-latest, false)	UNKNOWN STEP	2026-10-09T10:00:57.9823704Z         ***
build / build-image (linux/amd64, ubuntu-latest, false)	UNKNOWN STEP	2026-10-09T10:00:57.9823961Z           "all": false,
build / build-image (linux/amd64, ubuntu-latest, false)	UNKNOWN STEP	2026-10-09T10:00:57.9824252Z           "keepDuration": "1440h0m0s",
build / build-image (linux/amd64, ubuntu-latest, false)	UNKNOWN STEP	2026-10-09T10:00:57.9824574Z           "reservedSpace": "7.451GiB",
build / build-image (linux/amd64, ubuntu-latest, false)	UNKNOWN STEP	2026-10-09T10:00:57.9824903Z           "maxUsedSpace": "54.02GiB",
build / build-image (linux/amd64, ubuntu-latest, false)	UNKNOWN STEP	2026-10-09T10:00:57.9825223Z           "minFreeSpace": "13.97GiB"
build / build-image (linux/amd64, ubuntu-latest, false)	UNKNOWN STEP	2026-10-09T10:00:57.9825533Z         ***,
build / build-image (linux/amd64, ubuntu-latest, false)	UNKNOWN STEP	2026-10-09T10:00:57.9825789Z         ***
build / build-image (linux/amd64, ubuntu-latest, false)	UNKNOWN STEP	2026-10-09T10:00:57.9826047Z           "all": false,
build / build-image (linux/amd64, ubuntu-latest, false)	UNKNOWN STEP	2026-10-09T10:00:57.9826332Z           "reservedSpace": "7.451GiB",
build / build-image (linux/amd64, ubuntu-latest, false)	UNKNOWN STEP	2026-10-09T10:00:57.9826658Z           "maxUsedSpace": "54.02GiB",
build / build-image (linux/amd64, ubuntu-latest, false)	UNKNOWN STEP	2026-10-09T10:00:57.9826985Z           "minFreeSpace": "13.97GiB"
build / build-image (linux/amd64, ubuntu-latest, false)	UNKNOWN STEP	2026-10-09T10:00:57.9827293Z         ***,
build / build-image (linux/amd64, ubuntu-latest, false)	UNKNOWN STEP	2026-10-09T10:00:57.9827554Z         ***
build / build-image (linux/amd64, ubuntu-latest, false)	UNKNOWN STEP	2026-10-09T10:00:57.9827818Z           "all": true,
build / build-image (linux/amd64, ubuntu-latest, false)	UNKNOWN STEP	2026-10-09T10:00:57.9828282Z           "reservedSpace": "7.451GiB",
build / build-image (linux/amd64, ubuntu-latest, false)	UNKNOWN STEP	2026-10-09T10:00:57.9828628Z           "maxUsedSpace": "54.02GiB",
build / build-image (linux/amd64, ubuntu-latest, false)	UNKNOWN STEP	2026-10-09T10:00:57.9828977Z           "minFreeSpace": "13.97GiB"
build / build-image (linux/amd64, ubuntu-latest, false)	UNKNOWN STEP	2026-10-09T10:00:57.9829287Z         ***
build / build-image (linux/amd64, ubuntu-latest, false)	UNKNOWN STEP	2026-10-09T10:00:57.9829542Z       ]
build / build-image (linux/amd64, ubuntu-latest, false)	UNKNOWN STEP	2026-10-09T10:00:57.9829799Z     ***
build / build-image (linux/amd64, ubuntu-latest, false)	UNKNOWN STEP	2026-10-09T10:00:57.9830049Z   ],
build / build-image (linux/amd64, ubuntu-latest, false)	UNKNOWN STEP	2026-10-09T10:00:57.9830374Z   "name": "builder-c6c201ce-aaea-4299-9419-99eea7445d73",
build / build-image (linux/amd64, ubuntu-latest, false)	UNKNOWN STEP	2026-10-09T10:00:57.9841713Z   "driver": "docker-container",
build / build-image (linux/amd64, ubuntu-latest, false)	UNKNOWN STEP	2026-10-09T10:00:57.9842129Z   "lastActivity": "2026-10-09T10:00:49.000Z"
build / build-image (linux/amd64, ubuntu-latest, false)	UNKNOWN STEP	2026-10-09T10:00:57.9842501Z ***
build / build-image (linux/amd64, ubuntu-latest, false)	UNKNOWN STEP	2026-10-09T10:00:57.9843105Z ##[endgroup]
build / build-image (linux/amd64, ubuntu-latest, false)	UNKNOWN STEP	2026-10-09T10:00:58.1000074Z [command]/usr/bin/docker buildx build --build-arg *** --build-arg *** --build-arg *** --build-arg *** --build-arg *** --build-arg *** --build-arg *** --build-arg *** --build-arg *** --build-arg *** --build-arg *** --build-arg JFROG_ACCESS_TOKEN=*** --build-arg GITHUB_ACCESS_TOKEN= --cache-from type=gha --cache-to type=gha,mode=min --file ./Dockerfile --iidfile /home/runner/work/_temp/docker-actions-toolkit-21dn70/build-iidfile-3c28ddc166.txt --output type=oci,dest=build.tar --platform linux/amd64 --attest type=provenance,mode=min,inline-only=true,builder-id=https://github.com/consensys-vertical-apps/va-mmcx-terminal/actions/runs/37913592023/attempts/1 --tag app:latest --metadata-file /home/runner/work/_temp/docker-actions-toolkit-21dn70/build-metadata-cb5a6bbd0f.json .
build / build-image (linux/amd64, ubuntu-latest, false)	UNKNOWN STEP	2026-10-09T10:00:58.3180116Z #0 building with "builder-c6c201ce-aaea-4299-9419-99eea7445d73" instance using docker-container driver
build / build-image (linux/amd64, ubuntu-latest, false)	UNKNOWN STEP	2026-10-09T10:00:58.3183475Z 
build / build-image (linux/amd64, ubuntu-latest, false)	UNKNOWN STEP	2026-10-09T10:00:58.3183905Z #1 [internal] load build definition from Dockerfile
build / build-image (linux/amd64, ubuntu-latest, false)	UNKNOWN STEP	2026-10-09T10:00:58.3184657Z #1 transferring dockerfile: 2.25kB done
build / build-image (linux/amd64, ubuntu-latest, false)	UNKNOWN STEP	2026-10-09T10:00:58.3185271Z #1 DONE 0.0s
build / build-image (linux/amd64, ubuntu-latest, false)	UNKNOWN STEP	2026-10-09T10:00:58.3185851Z 
build / build-image (linux/amd64, ubuntu-latest, false)	UNKNOWN STEP	2026-10-09T10:00:58.3186288Z #2 [auth] sharing credentials for ***.dkr.ecr.us-east-2.amazonaws.com
build / build-image (linux/amd64, ubuntu-latest, false)	UNKNOWN STEP	2026-10-09T10:00:58.4686219Z #2 DONE 0.0s
build / build-image (linux/amd64, ubuntu-latest, false)	UNKNOWN STEP	2026-10-09T10:00:58.4686444Z 
build / build-image (linux/amd64, ubuntu-latest, false)	UNKNOWN STEP	2026-10-09T10:00:58.4686883Z #3 [internal] load metadata for ***.dkr.ecr.us-east-2.amazonaws.com/gcr-io-distroless:nodejs22-debian12
build / build-image (linux/amd64, ubuntu-latest, false)	UNKNOWN STEP	2026-10-09T10:00:58.8499887Z #3 DONE 0.7s
build / build-image (linux/amd64, ubuntu-latest, false)	UNKNOWN STEP	2026-10-09T10:00:58.8500375Z 
build / build-image (linux/amd64, ubuntu-latest, false)	UNKNOWN STEP	2026-10-09T10:00:58.8500989Z #4 [internal] load metadata for ***.dkr.ecr.us-east-2.amazonaws.com/docker-hub/library/node:22.20-alpine3.22
build / build-image (linux/amd64, ubuntu-latest, false)	UNKNOWN STEP	2026-10-09T10:00:59.0398124Z #4 DONE 0.7s
build / build-image (linux/amd64, ubuntu-latest, false)	UNKNOWN STEP	2026-10-09T10:00:59.0398477Z 
build / build-image (linux/amd64, ubuntu-latest, false)	UNKNOWN STEP	2026-10-09T10:00:59.0399431Z #5 [internal] load .dockerignore
build / build-image (linux/amd64, ubuntu-latest, false)	UNKNOWN STEP	2026-10-09T10:00:59.0399949Z #5 transferring context: 2B done
build / build-image (linux/amd64, ubuntu-latest, false)	UNKNOWN STEP	2026-10-09T10:00:59.0401900Z #5 DONE 0.0s
build / build-image (linux/amd64, ubuntu-latest, false)	UNKNOWN STEP	2026-10-09T10:00:59.0402016Z 
build / build-image (linux/amd64, ubuntu-latest, false)	UNKNOWN STEP	2026-10-09T10:00:59.0402107Z #6 [internal] load build context
build / build-image (linux/amd64, ubuntu-latest, false)	UNKNOWN STEP	2026-10-09T10:00:59.0402537Z #6 DONE 0.0s
build / build-image (linux/amd64, ubuntu-latest, false)	UNKNOWN STEP	2026-10-09T10:00:59.0402686Z 
build / build-image (linux/amd64, ubuntu-latest, false)	UNKNOWN STEP	2026-10-09T10:00:59.0403364Z #7 [runner 1/4] FROM ***.dkr.ecr.us-east-2.amazonaws.com/gcr-io-distroless:nodejs22-debian12@sha256:fd90468f47e91d0d3c9bc055c8c09edbf0c225c3c795d0c266e2ca94b3ba17e3
build / build-image (linux/amd64, ubuntu-latest, false)	UNKNOWN STEP	2026-10-09T10:00:59.0404417Z #7 resolve ***.dkr.ecr.us-east-2.amazonaws.com/gcr-io-distroless:nodejs22-debian12@sha256:fd90468f47e91d0d3c9bc055c8c09edbf0c225c3c795d0c266e2ca94b3ba17e3 done
build / build-image (linux/amd64, ubuntu-latest, false)	UNKNOWN STEP	2026-10-09T10:00:59.0405377Z #7 DONE 0.0s
build / build-image (linux/amd64, ubuntu-latest, false)	UNKNOWN STEP	2026-10-09T10:00:59.0405480Z 
build / build-image (linux/amd64, ubuntu-latest, false)	UNKNOWN STEP	2026-10-09T10:00:59.0406067Z #8 [builder 1/8] FROM ***.dkr.ecr.us-east-2.amazonaws.com/docker-hub/library/node:22.20-alpine3.22@sha256:dbcedd8aeab47fbc0f4dd4bffa55b7c3c729a707875968d467aaaea42d6225af
build / build-image (linux/amd64, ubuntu-latest, false)	UNKNOWN STEP	2026-10-09T10:00:59.0407005Z #8 resolve ***.dkr.ecr.us-east-2.amazonaws.com/docker-hub/library/node:22.20-alpine3.22@sha256:dbcedd8aeab47fbc0f4dd4bffa55b7c3c729a707875968d467aaaea42d6225af done
build / build-image (linux/amd64, ubuntu-latest, false)	UNKNOWN STEP	2026-10-09T10:00:59.0409554Z #8 DONE 0.0s
build / build-image (linux/amd64, ubuntu-latest, false)	UNKNOWN STEP	2026-10-09T10:00:59.0409718Z 
build / build-image (linux/amd64, ubuntu-latest, false)	UNKNOWN STEP	2026-10-09T10:00:59.0409971Z #9 importing cache manifest from gha:2806157063426977460
build / build-image (linux/amd64, ubuntu-latest, false)	UNKNOWN STEP	2026-10-09T10:00:59.0410344Z #9 DONE 0.1s
build / build-image (linux/amd64, ubuntu-latest, false)	UNKNOWN STEP	2026-10-09T10:00:59.1465402Z 
build / build-image (linux/amd64, ubuntu-latest, false)	UNKNOWN STEP	2026-10-09T10:00:59.1466518Z #7 [runner 1/4] FROM ***.dkr.ecr.us-east-2.amazonaws.com/gcr-io-distroless:nodejs22-debian12@sha256:fd90468f47e91d0d3c9bc055c8c09edbf0c225c3c795d0c266e2ca94b3ba17e3
build / build-image (linux/amd64, ubuntu-latest, false)	UNKNOWN STEP	2026-10-09T10:00:59.1467804Z #7 DONE 0.1s
build / build-image (linux/amd64, ubuntu-latest, false)	UNKNOWN STEP	2026-10-09T10:00:59.1468184Z 
build / build-image (linux/amd64, ubuntu-latest, false)	UNKNOWN STEP	2026-10-09T10:00:59.1469430Z #8 [builder 1/8] FROM ***.dkr.ecr.us-east-2.amazonaws.com/docker-hub/library/node:22.20-alpine3.22@sha256:dbcedd8aeab47fbc0f4dd4bffa55b7c3c729a707875968d467aaaea42d6225af
build / build-image (linux/amd64, ubuntu-latest, false)	UNKNOWN STEP	2026-10-09T10:00:59.2514566Z #8 sha256:44a43d49c5117bb6048f44499d8980962eb8c429b52ea12441d635c0c1c9a56b 447B / 447B 0.1s done
build / build-image (linux/amd64, ubuntu-latest, false)	UNKNOWN STEP	2026-10-09T10:00:59.3525860Z #8 sha256:b6cd7e47c1da3b1d6d5752f0fe515ebf93bef68421b4748c48302b6b6dddc0dc 0B / 1.26MB 0.2s
build / build-image (linux/amd64, ubuntu-latest, false)	UNKNOWN STEP	2026-10-09T10:00:59.3526773Z #8 sha256:2f385331c129e26191cd1be348031f074d5cef6ae65f0b4c575f5470aeeb5290 0B / 51.49MB 0.2s
build / build-image (linux/amd64, ubuntu-latest, false)	UNKNOWN STEP	2026-10-09T10:00:59.3536228Z #8 sha256:2d35ebdb57d9971fea0cac1582aa78935adf8058b2cc32db163c98822e5dfa1b 0B / 3.80MB 0.2s
build / build-image (linux/amd64, ubuntu-latest, false)	UNKNOWN STEP	2026-10-09T10:00:59.6830880Z #8 ...
build / build-image (linux/amd64, ubuntu-latest, false)	UNKNOWN STEP	2026-10-09T10:00:59.6831084Z 
build / build-image (linux/amd64, ubuntu-latest, false)	UNKNOWN STEP	2026-10-09T10:00:59.6831776Z #6 [internal] load build context
build / build-image (linux/amd64, ubuntu-latest, false)	UNKNOWN STEP	2026-10-09T10:00:59.6832478Z #6 transferring context: 36.67MB 0.5s done
build / build-image (linux/amd64, ubuntu-latest, false)	UNKNOWN STEP	2026-10-09T10:00:59.6833254Z #6 DONE 0.6s
build / build-image (linux/amd64, ubuntu-latest, false)	UNKNOWN STEP	2026-10-09T10:00:59.6833642Z 
build / build-image (linux/amd64, ubuntu-latest, false)	UNKNOWN STEP	2026-10-09T10:00:59.6834316Z #8 [builder 1/8] FROM ***.dkr.ecr.us-east-2.amazonaws.com/docker-hub/library/node:22.20-alpine3.22@sha256:dbcedd8aeab47fbc0f4dd4bffa55b7c3c729a707875968d467aaaea42d6225af
build / build-image (linux/amd64, ubuntu-latest, false)	UNKNOWN STEP	2026-10-09T10:00:59.8327174Z #8 sha256:b6cd7e47c1da3b1d6d5752f0fe515ebf93bef68421b4748c48302b6b6dddc0dc 1.26MB / 1.26MB 0.6s done
build / build-image (linux/amd64, ubuntu-latest, false)	UNKNOWN STEP	2026-10-09T10:00:59.9485417Z #8 sha256:2d35ebdb57d9971fea0cac1582aa78935adf8058b2cc32db163c98822e5dfa1b 3.80MB / 3.80MB 0.8s done
build / build-image (linux/amd64, ubuntu-latest, false)	UNKNOWN STEP	2026-10-09T10:01:00.0487591Z #8 sha256:2f385331c129e26191cd1be348031f074d5cef6ae65f0b4c575f5470aeeb5290 6.29MB / 51.49MB 0.9s
build / build-image (linux/amd64, ubuntu-latest, false)	UNKNOWN STEP	2026-10-09T10:01:00.0488466Z #8 extracting sha256:2d35ebdb57d9971fea0cac1582aa78935adf8058b2cc32db163c98822e5dfa1b 0.1s done
build / build-image (linux/amd64, ubuntu-latest, false)	UNKNOWN STEP	2026-10-09T10:01:00.1538763Z #8 sha256:2f385331c129e26191cd1be348031f074d5cef6ae65f0b4c575f5470aeeb5290 15.73MB / 51.49MB 1.1s
build / build-image (linux/amd64, ubuntu-latest, false)	UNKNOWN STEP	2026-10-09T10:01:00.3925718Z #8 sha256:2f385331c129e26191cd1be348031f074d5cef6ae65f0b4c575f5470aeeb5290 20.97MB / 51.49MB 1.2s
build / build-image (linux/amd64, ubuntu-latest, false)	UNKNOWN STEP	2026-10-09T10:01:00.4948235Z #8 sha256:2f385331c129e26191cd1be348031f074d5cef6ae65f0b4c575f5470aeeb5290 31.46MB / 51.49MB 1.4s
build / build-image (linux/amd64, ubuntu-latest, false)	UNKNOWN STEP	2026-10-09T10:01:00.6037586Z #8 sha256:2f385331c129e26191cd1be348031f074d5cef6ae65f0b4c575f5470aeeb5290 34.60MB / 51.49MB 1.5s
build / build-image (linux/amd64, ubuntu-latest, false)	UNKNOWN STEP	2026-10-09T10:01:00.8834791Z #8 sha256:2f385331c129e26191cd1be348031f074d5cef6ae65f0b4c575f5470aeeb5290 45.09MB / 51.49MB 1.7s
build / build-image (linux/amd64, ubuntu-latest, false)	UNKNOWN STEP	2026-10-09T10:01:01.0332660Z #8 sha256:2f385331c129e26191cd1be348031f074d5cef6ae65f0b4c575f5470aeeb5290 51.49MB / 51.49MB 1.8s
build / build-image (linux/amd64, ubuntu-latest, false)	UNKNOWN STEP	2026-10-09T10:01:01.9849049Z #8 sha256:2f385331c129e26191cd1be348031f074d5cef6ae65f0b4c575f5470aeeb5290 51.49MB / 51.49MB 2.7s done
build / build-image (linux/amd64, ubuntu-latest, false)	UNKNOWN STEP	2026-10-09T10:01:01.9853310Z #8 extracting sha256:2f385331c129e26191cd1be348031f074d5cef6ae65f0b4c575f5470aeeb5290
build / build-image (linux/amd64, ubuntu-latest, false)	UNKNOWN STEP	2026-10-09T10:01:02.3289876Z #8 ...
build / build-image (linux/amd64, ubuntu-latest, false)	UNKNOWN STEP	2026-10-09T10:01:02.3292722Z 
build / build-image (linux/amd64, ubuntu-latest, false)	UNKNOWN STEP	2026-10-09T10:01:02.3293744Z #7 [runner 1/4] FROM ***.dkr.ecr.us-east-2.amazonaws.com/gcr-io-distroless:nodejs22-debian12@sha256:fd90468f47e91d0d3c9bc055c8c09edbf0c225c3c795d0c266e2ca94b3ba17e3
build / build-image (linux/amd64, ubuntu-latest, false)	UNKNOWN STEP	2026-10-09T10:01:02.3296050Z #7 sha256:e432f938f66e1e6c6bb3e97d281a52b79122975cecd589c1ede790a06e015ecc 50.68MB / 50.68MB 2.6s done
build / build-image (linux/amd64, ubuntu-latest, false)	UNKNOWN STEP	2026-10-09T10:01:02.3298088Z #7 sha256:f45e0372ce60322aadbddd367c04e7f2bfc9e6e20523b97e8370b8444a260efe 65.12kB / 65.12kB 0.1s done
build / build-image (linux/amd64, ubuntu-latest, false)	UNKNOWN STEP	2026-10-09T10:01:02.3299511Z #7 sha256:33ce0b1d99fc4503f73b6b587dcb297f1c67cbade50429de5e0517d33e597583 911.81kB / 911.81kB 0.2s done
build / build-image (linux/amd64, ubuntu-latest, false)	UNKNOWN STEP	2026-10-09T10:01:02.3301251Z #7 sha256:5b14f6c9a813108be3fe5634dde0bafbd6e6b35a9929bc6fd2e737f2e618d167 150.81kB / 150.81kB 0.1s done
build / build-image (linux/amd64, ubuntu-latest, false)	UNKNOWN STEP	2026-10-09T10:01:02.3302408Z #7 sha256:7faf0cfa885ce8ddb26aab5406226d134baa65868d7c64f0480cdc08ee0bdcf8 44.98kB / 44.98kB 0.2s done
build / build-image (linux/amd64, ubuntu-latest, false)	UNKNOWN STEP	2026-10-09T10:01:02.3304082Z #7 sha256:c1e595f74d521a729b57807c995939aa172969a3d988f35ce309b8e1b3d09885 2.83MB / 2.83MB 0.4s done
build / build-image (linux/amd64, ubuntu-latest, false)	UNKNOWN STEP	2026-10-09T10:01:02.3304947Z #7 sha256:d00c3209d92970dad10c006c4d7120e5fd276349ce6e57dbad95a3a3f05411fc 5.83MB / 5.83MB 0.4s done
build / build-image (linux/amd64, ubuntu-latest, false)	UNKNOWN STEP	2026-10-09T10:01:02.3306502Z #7 sha256:ddf74a63f7d8b7d157e5db1a45675a58e304b4c1d425b05c28c835b987623395 131.93kB / 131.93kB 0.1s done
build / build-image (linux/amd64, ubuntu-latest, false)	UNKNOWN STEP	2026-10-09T10:01:02.3307598Z #7 sha256:da7816fa955ea24533c388143c78804c28682eef99b4ee3723b548c70148bba6 321B / 321B 0.1s done
build / build-image (linux/amd64, ubuntu-latest, false)	UNKNOWN STEP	2026-10-09T10:01:02.3308824Z #7 sha256:0bab15eea81d0fe6ab56ebf5fba14e02c4c1775a7f7436fbddd3505add4e18fa 93B / 93B 0.1s done
build / build-image (linux/amd64, ubuntu-latest, false)	UNKNOWN STEP	2026-10-09T10:01:02.3310294Z #7 sha256:5664b15f108bf9436ce3312090a767300800edbbfd4511aa1a6d64357024d5dd 168B / 168B 0.9s done
build / build-image (linux/amd64, ubuntu-latest, false)	UNKNOWN STEP	2026-10-09T10:01:02.3311891Z #7 sha256:3214acf345c0cc6bbdb56b698a41ccdefc624a09d6beb0d38b5de0b2303ecaf4 123B / 123B 1.1s done
build / build-image (linux/amd64, ubuntu-latest, false)	UNKNOWN STEP	2026-10-09T10:01:02.3312828Z #7 sha256:4aa0ea1413d37a58615488592a0b827ea4b2e48fa5a77cf707d0e35f025e613f 385B / 385B 0.1s done
build / build-image (linux/amd64, ubuntu-latest, false)	UNKNOWN STEP	2026-10-09T10:01:02.3314286Z #7 sha256:7c12895b777bcaa8ccae0605b4de635b68fc32d60fa08f421dc3818bf55ee212 188B / 188B 0.1s done
build / build-image (linux/amd64, ubuntu-latest, false)	UNKNOWN STEP	2026-10-09T10:01:02.3315632Z #7 sha256:a62778643d563b511190663ef9a77c30d46d282facfdce4f3a7aecc03423c1f3 67B / 67B 0.2s done
build / build-image (linux/amd64, ubuntu-latest, false)	UNKNOWN STEP	2026-10-09T10:01:02.3317445Z #7 sha256:4eff9a62d888790350b2481ff4a4f38f9c94b3674d26b2f2c85ca39cdef43fd9 547.59kB / 547.59kB 0.3s done
build / build-image (linux/amd64, ubuntu-latest, false)	UNKNOWN STEP	2026-10-09T10:01:02.3318365Z #7 sha256:bfb59b82a9b65e47d485e53b3e815bca3b3e21a095bd0cb88ced9ac0b48062bf 13.36kB / 13.36kB 0.1s done
build / build-image (linux/amd64, ubuntu-latest, false)	UNKNOWN STEP	2026-10-09T10:01:02.3320941Z #7 sha256:35d697fe273816c60d20a62a879f8643f79cd4ed85a8e80dba28a17350fc26b6 104.23kB / 104.23kB 0.2s done
build / build-image (linux/amd64, ubuntu-latest, false)	UNKNOWN STEP	2026-10-09T10:01:02.3321673Z #7 extracting sha256:35d697fe273816c60d20a62a879f8643f79cd4ed85a8e80dba28a17350fc26b6 0.0s done
build / build-image (linux/amd64, ubuntu-latest, false)	UNKNOWN STEP	2026-10-09T10:01:02.3322225Z #7 extracting sha256:bfb59b82a9b65e47d485e53b3e815bca3b3e21a095bd0cb88ced9ac0b48062bf done
build / build-image (linux/amd64, ubuntu-latest, false)	UNKNOWN STEP	2026-10-09T10:01:02.3322780Z #7 extracting sha256:4eff9a62d888790350b2481ff4a4f38f9c94b3674d26b2f2c85ca39cdef43fd9 0.2s done
build / build-image (linux/amd64, ubuntu-latest, false)	UNKNOWN STEP	2026-10-09T10:01:02.3323225Z #7 DONE 3.3s
build / build-image (linux/amd64, ubuntu-latest, false)	UNKNOWN STEP	2026-10-09T10:01:02.5073570Z 
build / build-image (linux/amd64, ubuntu-latest, false)	UNKNOWN STEP	2026-10-09T10:01:02.5075045Z #7 [runner 1/4] FROM ***.dkr.ecr.us-east-2.amazonaws.com/gcr-io-distroless:nodejs22-debian12@sha256:fd90468f47e91d0d3c9bc055c8c09edbf0c225c3c795d0c266e2ca94b3ba17e3
build / build-image (linux/amd64, ubuntu-latest, false)	UNKNOWN STEP	2026-10-09T10:01:02.5076191Z #7 extracting sha256:a62778643d563b511190663ef9a77c30d46d282facfdce4f3a7aecc03423c1f3 done
build / build-image (linux/amd64, ubuntu-latest, false)	UNKNOWN STEP	2026-10-09T10:01:02.5077075Z #7 extracting sha256:7c12895b777bcaa8ccae0605b4de635b68fc32d60fa08f421dc3818bf55ee212 done
build / build-image (linux/amd64, ubuntu-latest, false)	UNKNOWN STEP	2026-10-09T10:01:02.5077946Z #7 extracting sha256:3214acf345c0cc6bbdb56b698a41ccdefc624a09d6beb0d38b5de0b2303ecaf4 done
build / build-image (linux/amd64, ubuntu-latest, false)	UNKNOWN STEP	2026-10-09T10:01:02.5078732Z #7 extracting sha256:5664b15f108bf9436ce3312090a767300800edbbfd4511aa1a6d64357024d5dd done
build / build-image (linux/amd64, ubuntu-latest, false)	UNKNOWN STEP	2026-10-09T10:01:02.5079478Z #7 extracting sha256:0bab15eea81d0fe6ab56ebf5fba14e02c4c1775a7f7436fbddd3505add4e18fa done
build / build-image (linux/amd64, ubuntu-latest, false)	UNKNOWN STEP	2026-10-09T10:01:02.5080069Z #7 extracting sha256:4aa0ea1413d37a58615488592a0b827ea4b2e48fa5a77cf707d0e35f025e613f done
build / build-image (linux/amd64, ubuntu-latest, false)	UNKNOWN STEP	2026-10-09T10:01:02.5080599Z #7 extracting sha256:da7816fa955ea24533c388143c78804c28682eef99b4ee3723b548c70148bba6 done
build / build-image (linux/amd64, ubuntu-latest, false)	UNKNOWN STEP	2026-10-09T10:01:02.5081571Z #7 extracting sha256:ddf74a63f7d8b7d157e5db1a45675a58e304b4c1d425b05c28c835b987623395 done
build / build-image (linux/amd64, ubuntu-latest, false)	UNKNOWN STEP	2026-10-09T10:01:02.5082421Z #7 extracting sha256:d00c3209d92970dad10c006c4d7120e5fd276349ce6e57dbad95a3a3f05411fc 0.1s done
build / build-image (linux/amd64, ubuntu-latest, false)	UNKNOWN STEP	2026-10-09T10:01:02.5083256Z #7 extracting sha256:c1e595f74d521a729b57807c995939aa172969a3d988f35ce309b8e1b3d09885
build / build-image (linux/amd64, ubuntu-latest, false)	UNKNOWN STEP	2026-10-09T10:01:02.7494047Z #7 extracting sha256:c1e595f74d521a729b57807c995939aa172969a3d988f35ce309b8e1b3d09885 0.0s done
build / build-image (linux/amd64, ubuntu-latest, false)	UNKNOWN STEP	2026-10-09T10:01:02.7495299Z #7 extracting sha256:7faf0cfa885ce8ddb26aab5406226d134baa65868d7c64f0480cdc08ee0bdcf8 done
build / build-image (linux/amd64, ubuntu-latest, false)	UNKNOWN STEP	2026-10-09T10:01:02.7496207Z #7 extracting sha256:5b14f6c9a813108be3fe5634dde0bafbd6e6b35a9929bc6fd2e737f2e618d167 done
build / build-image (linux/amd64, ubuntu-latest, false)	UNKNOWN STEP	2026-10-09T10:01:02.7497116Z #7 extracting sha256:33ce0b1d99fc4503f73b6b587dcb297f1c67cbade50429de5e0517d33e597583 0.0s done
build / build-image (linux/amd64, ubuntu-latest, false)	UNKNOWN STEP	2026-10-09T10:01:02.7497942Z #7 extracting sha256:f45e0372ce60322aadbddd367c04e7f2bfc9e6e20523b97e8370b8444a260efe done
build / build-image (linux/amd64, ubuntu-latest, false)	UNKNOWN STEP	2026-10-09T10:01:02.7498744Z #7 extracting sha256:e432f938f66e1e6c6bb3e97d281a52b79122975cecd589c1ede790a06e015ecc
build / build-image (linux/amd64, ubuntu-latest, false)	UNKNOWN STEP	2026-10-09T10:01:02.9916989Z #7 ...
build / build-image (linux/amd64, ubuntu-latest, false)	UNKNOWN STEP	2026-10-09T10:01:02.9917242Z 
build / build-image (linux/amd64, ubuntu-latest, false)	UNKNOWN STEP	2026-10-09T10:01:02.9917954Z #8 [builder 1/8] FROM ***.dkr.ecr.us-east-2.amazonaws.com/docker-hub/library/node:22.20-alpine3.22@sha256:dbcedd8aeab47fbc0f4dd4bffa55b7c3c729a707875968d467aaaea42d6225af
build / build-image (linux/amd64, ubuntu-latest, false)	UNKNOWN STEP	2026-10-09T10:01:02.9919129Z #8 extracting sha256:2f385331c129e26191cd1be348031f074d5cef6ae65f0b4c575f5470aeeb5290 1.1s done
build / build-image (linux/amd64, ubuntu-latest, false)	UNKNOWN STEP	2026-10-09T10:01:02.9919734Z #8 DONE 3.9s
build / build-image (linux/amd64, ubuntu-latest, false)	UNKNOWN STEP	2026-10-09T10:01:03.0918477Z 
build / build-image (linux/amd64, ubuntu-latest, false)	UNKNOWN STEP	2026-10-09T10:01:03.0920343Z #8 [builder 1/8] FROM ***.dkr.ecr.us-east-2.amazonaws.com/docker-hub/library/node:22.20-alpine3.22@sha256:dbcedd8aeab47fbc0f4dd4bffa55b7c3c729a707875968d467aaaea42d6225af
build / build-image (linux/amd64, ubuntu-latest, false)	UNKNOWN STEP	2026-10-09T10:01:03.0922175Z #8 extracting sha256:b6cd7e47c1da3b1d6d5752f0fe515ebf93bef68421b4748c48302b6b6dddc0dc 0.1s done
build / build-image (linux/amd64, ubuntu-latest, false)	UNKNOWN STEP	2026-10-09T10:01:03.0923265Z #8 extracting sha256:44a43d49c5117bb6048f44499d8980962eb8c429b52ea12441d635c0c1c9a56b done
build / build-image (linux/amd64, ubuntu-latest, false)	UNKNOWN STEP	2026-10-09T10:01:03.0924172Z #8 DONE 4.0s
build / build-image (linux/amd64, ubuntu-latest, false)	UNKNOWN STEP	2026-10-09T10:01:03.0924596Z 
build / build-image (linux/amd64, ubuntu-latest, false)	UNKNOWN STEP	2026-10-09T10:01:03.0927916Z #10 [builder 2/8] RUN apk add --no-cache   python3   make   g++   pkgconfig   libc6-compat
build / build-image (linux/amd64, ubuntu-latest, false)	UNKNOWN STEP	2026-10-09T10:01:03.0928539Z #10 0.041 fetch https://dl-cdn.alpinelinux.org/alpine/v3.22/main/x86_64/APKINDEX.tar.gz
build / build-image (linux/amd64, ubuntu-latest, false)	UNKNOWN STEP	2026-10-09T10:01:03.2656220Z #10 0.214 fetch https://dl-cdn.alpinelinux.org/alpine/v3.22/community/x86_64/APKINDEX.tar.gz
build / build-image (linux/amd64, ubuntu-latest, false)	UNKNOWN STEP	2026-10-09T10:01:03.4238265Z #10 ...
build / build-image (linux/amd64, ubuntu-latest, false)	UNKNOWN STEP	2026-10-09T10:01:03.4240406Z 
build / build-image (linux/amd64, ubuntu-latest, false)	UNKNOWN STEP	2026-10-09T10:01:03.4241711Z #7 [runner 1/4] FROM ***.dkr.ecr.us-east-2.amazonaws.com/gcr-io-distroless:nodejs22-debian12@sha256:fd90468f47e91d0d3c9bc055c8c09edbf0c225c3c795d0c266e2ca94b3ba17e3
build / build-image (linux/amd64, ubuntu-latest, false)	UNKNOWN STEP	2026-10-09T10:01:03.4242876Z #7 extracting sha256:e432f938f66e1e6c6bb3e97d281a52b79122975cecd589c1ede790a06e015ecc 0.7s done
build / build-image (linux/amd64, ubuntu-latest, false)	UNKNOWN STEP	2026-10-09T10:01:03.4243549Z #7 DONE 4.2s
build / build-image (linux/amd64, ubuntu-latest, false)	UNKNOWN STEP	2026-10-09T10:01:03.4944967Z 
build / build-image (linux/amd64, ubuntu-latest, false)	UNKNOWN STEP	2026-10-09T10:01:03.4946925Z #10 [builder 2/8] RUN apk add --no-cache   python3   make   g++   pkgconfig   libc6-compat
build / build-image (linux/amd64, ubuntu-latest, false)	UNKNOWN STEP	2026-10-09T10:01:03.4947457Z #10 0.443 (1/34) Upgrading musl (1.2.5-r10 -> 1.2.5-r12)
build / build-image (linux/amd64, ubuntu-latest, false)	UNKNOWN STEP	2026-10-09T10:01:03.6653576Z #10 0.464 (2/34) Installing libstdc++-dev (14.2.0-r6)
build / build-image (linux/amd64, ubuntu-latest, false)	UNKNOWN STEP	2026-10-09T10:01:03.7224415Z #10 0.671 (3/34) Installing jansson (2.14.1-r0)
build / build-image (linux/amd64, ubuntu-latest, false)	UNKNOWN STEP	2026-10-09T10:01:03.9070595Z #10 0.686 (4/34) Installing zstd-libs (1.5.7-r0)
build / build-image (linux/amd64, ubuntu-latest, false)	UNKNOWN STEP	2026-10-09T10:01:03.9071382Z #10 0.705 (5/34) Installing binutils (2.44-r3)
build / build-image (linux/amd64, ubuntu-latest, false)	UNKNOWN STEP	2026-10-09T10:01:04.0107255Z #10 0.959 (6/34) Installing libgomp (14.2.0-r6)
build / build-image (linux/amd64, ubuntu-latest, false)	UNKNOWN STEP	2026-10-09T10:01:04.1232997Z #10 0.977 (7/34) Installing libatomic (14.2.0-r6)
build / build-image (linux/amd64, ubuntu-latest, false)	UNKNOWN STEP	2026-10-09T10:01:04.1234276Z #10 0.991 (8/34) Installing gmp (6.3.0-r3)
build / build-image (linux/amd64, ubuntu-latest, false)	UNKNOWN STEP	2026-10-09T10:01:04.1234631Z #10 1.008 (9/34) Installing isl26 (0.26-r1)
build / build-image (linux/amd64, ubuntu-latest, false)	UNKNOWN STEP	2026-10-09T10:01:04.1235072Z #10 1.038 (10/34) Installing mpfr4 (4.2.1_p1-r0)
build / build-image (linux/amd64, ubuntu-latest, false)	UNKNOWN STEP	2026-10-09T10:01:04.1235311Z #10 1.057 (11/34) Installing mpc1 (1.3.1-r1)
build / build-image (linux/amd64, ubuntu-latest, false)	UNKNOWN STEP	2026-10-09T10:01:04.1235539Z #10 1.072 (12/34) Installing gcc (14.2.0-r6)
build / build-image (linux/amd64, ubuntu-latest, false)	UNKNOWN STEP	2026-10-09T10:01:04.7228744Z #10 1.671 (13/34) Installing musl-dev (1.2.5-r12)
build / build-image (linux/amd64, ubuntu-latest, false)	UNKNOWN STEP	2026-10-09T10:01:04.9354481Z #10 1.733 (14/34) Installing g++ (14.2.0-r6)
build / build-image (linux/amd64, ubuntu-latest, false)	UNKNOWN STEP	2026-10-09T10:01:04.9915914Z #10 1.940 (15/34) Installing musl-obstack (1.2.3-r2)
build / build-image (linux/amd64, ubuntu-latest, false)	UNKNOWN STEP	2026-10-09T10:01:05.2045265Z #10 1.955 (16/34) Installing libucontext (1.3.2-r0)
build / build-image (linux/amd64, ubuntu-latest, false)	UNKNOWN STEP	2026-10-09T10:01:05.2045874Z #10 1.969 (17/34) Installing gcompat (1.1.0-r4)
build / build-image (linux/amd64, ubuntu-latest, false)	UNKNOWN STEP	2026-10-09T10:01:05.2046416Z #10 1.986 (18/34) Installing make (4.4.1-r3)
build / build-image (linux/amd64, ubuntu-latest, false)	UNKNOWN STEP	2026-10-09T10:01:05.2046777Z #10 2.003 (19/34) Installing pkgconf (2.4.3-r0)
build / build-image (linux/amd64, ubuntu-latest, false)	UNKNOWN STEP	2026-10-09T10:01:05.3048685Z #10 2.253 (20/34) Installing libexpat (2.8.5-r0)
build / build-image (linux/amd64, ubuntu-latest, false)	UNKNOWN STEP	2026-10-09T10:01:05.4648513Z #10 2.269 (21/34) Installing libbz2 (1.0.8-r6)
build / build-image (linux/amd64, ubuntu-latest, false)	UNKNOWN STEP	2026-10-09T10:01:05.4649028Z #10 2.284 (22/34) Installing libffi (3.4.8-r0)
build / build-image (linux/amd64, ubuntu-latest, false)	UNKNOWN STEP	2026-10-09T10:01:05.4650098Z #10 2.413 (23/34) Installing gdbm (1.24-r0)
build / build-image (linux/amd64, ubuntu-latest, false)	UNKNOWN STEP	2026-10-09T10:01:05.5808447Z #10 2.427 (24/34) Installing xz-libs (5.8.4-r0)
build / build-image (linux/amd64, ubuntu-latest, false)	UNKNOWN STEP	2026-10-09T10:01:05.5809266Z #10 2.445 (25/34) Installing mpdecimal (4.0.1-r0)
build / build-image (linux/amd64, ubuntu-latest, false)	UNKNOWN STEP	2026-10-09T10:01:05.5817652Z #10 2.461 (26/34) Installing ncurses-terminfo-base (6.5_p20250503-r0)
build / build-image (linux/amd64, ubuntu-latest, false)	UNKNOWN STEP	2026-10-09T10:01:05.5818132Z #10 2.478 (27/34) Installing libncursesw (6.5_p20250503-r0)
build / build-image (linux/amd64, ubuntu-latest, false)	UNKNOWN STEP	2026-10-09T10:01:05.5818560Z #10 2.495 (28/34) Installing libpanelw (6.5_p20250503-r0)
build / build-image (linux/amd64, ubuntu-latest, false)	UNKNOWN STEP	2026-10-09T10:01:05.5818962Z #10 2.510 (29/34) Installing readline (8.2.13-r1)
build / build-image (linux/amd64, ubuntu-latest, false)	UNKNOWN STEP	2026-10-09T10:01:05.5819356Z #10 2.529 (30/34) Installing sqlite-libs (3.49.2-r1)
build / build-image (linux/amd64, ubuntu-latest, false)	UNKNOWN STEP	2026-10-09T10:01:05.7570509Z #10 2.555 (31/34) Installing python3 (3.12.15-r0)
build / build-image (linux/amd64, ubuntu-latest, false)	UNKNOWN STEP	2026-10-09T10:01:05.8024469Z #10 2.751 (32/34) Installing python3-pycache-pyc0 (3.12.15-r0)
build / build-image (linux/amd64, ubuntu-latest, false)	UNKNOWN STEP	2026-10-09T10:01:05.9107401Z #10 2.859 (33/34) Installing pyc (3.12.15-r0)
build / build-image (linux/amd64, ubuntu-latest, false)	UNKNOWN STEP	2026-10-09T10:01:05.9108401Z #10 2.859 (34/34) Installing python3-pyc (3.12.15-r0)
build / build-image (linux/amd64, ubuntu-latest, false)	UNKNOWN STEP	2026-10-09T10:01:06.1117770Z #10 2.860 Executing busybox-1.37.0-r19.trigger
build / build-image (linux/amd64, ubuntu-latest, false)	UNKNOWN STEP	2026-10-09T10:01:06.1118415Z #10 2.910 OK: 271 MiB in 51 packages
build / build-image (linux/amd64, ubuntu-latest, false)	UNKNOWN STEP	2026-10-09T10:01:10.3644099Z #10 ...
build / build-image (linux/amd64, ubuntu-latest, false)	UNKNOWN STEP	2026-10-09T10:01:10.3644569Z 
build / build-image (linux/amd64, ubuntu-latest, false)	UNKNOWN STEP	2026-10-09T10:01:10.3649660Z #11 [runner 2/4] WORKDIR /usr/src/app
build / build-image (linux/amd64, ubuntu-latest, false)	UNKNOWN STEP	2026-10-09T10:01:10.3650373Z #11 DONE 7.1s
build / build-image (linux/amd64, ubuntu-latest, false)	UNKNOWN STEP	2026-10-09T10:01:10.5162601Z 
build / build-image (linux/amd64, ubuntu-latest, false)	UNKNOWN STEP	2026-10-09T10:01:10.5163626Z #10 [builder 2/8] RUN apk add --no-cache   python3   make   g++   pkgconfig   libc6-compat
build / build-image (linux/amd64, ubuntu-latest, false)	UNKNOWN STEP	2026-10-09T10:01:10.5164079Z #10 DONE 7.3s
build / build-image (linux/amd64, ubuntu-latest, false)	UNKNOWN STEP	2026-10-09T10:01:10.5164423Z 
build / build-image (linux/amd64, ubuntu-latest, false)	UNKNOWN STEP	2026-10-09T10:01:10.5174751Z #12 [builder 3/8] RUN if [ -n "https://consensys.jfrog.io/artifactory/api/npm/npm/" ]; then npm config set registry https://consensys.jfrog.io/artifactory/api/npm/npm/; fi   && if [ -n "https://consensys.jfrog.io/artifactory/api/npm/npm/" ] && [ -n "***" ]; then npm config set //consensys.jfrog.io/artifactory/api/npm/npm/:_authToken "***"; fi
build / build-image (linux/amd64, ubuntu-latest, false)	UNKNOWN STEP	2026-10-09T10:01:10.8224559Z #12 DONE 0.5s
build / build-image (linux/amd64, ubuntu-latest, false)	UNKNOWN STEP	2026-10-09T10:01:11.0087180Z 
build / build-image (linux/amd64, ubuntu-latest, false)	UNKNOWN STEP	2026-10-09T10:01:11.0088174Z #13 [builder 4/8] WORKDIR /usr/src/app
build / build-image (linux/amd64, ubuntu-latest, false)	UNKNOWN STEP	2026-10-09T10:01:11.0090099Z #13 DONE 0.0s
build / build-image (linux/amd64, ubuntu-latest, false)	UNKNOWN STEP	2026-10-09T10:01:11.0090275Z 
build / build-image (linux/amd64, ubuntu-latest, false)	UNKNOWN STEP	2026-10-09T10:01:11.0090492Z #14 [builder 5/8] COPY package.json package-lock.json* ./
build / build-image (linux/amd64, ubuntu-latest, false)	UNKNOWN STEP	2026-10-09T10:01:11.0091057Z #14 DONE 0.0s
build / build-image (linux/amd64, ubuntu-latest, false)	UNKNOWN STEP	2026-10-09T10:01:11.0091209Z 
build / build-image (linux/amd64, ubuntu-latest, false)	UNKNOWN STEP	2026-10-09T10:01:11.0091346Z #15 [builder 6/8] RUN npm ci
build / build-image (linux/amd64, ubuntu-latest, false)	UNKNOWN STEP	2026-10-09T10:01:13.1549905Z #15 2.294 npm error code ERESOLVE
build / build-image (linux/amd64, ubuntu-latest, false)	UNKNOWN STEP	2026-10-09T10:01:13.2008890Z #15 2.294 npm error ERESOLVE could not resolve
build / build-image (linux/amd64, ubuntu-latest, false)	UNKNOWN STEP	2026-10-09T10:01:13.2017014Z #15 2.294 npm error
build / build-image (linux/amd64, ubuntu-latest, false)	UNKNOWN STEP	2026-10-09T10:01:13.2022872Z #15 2.294 npm error While resolving: @metamask/design-system-react@0.38.1
build / build-image (linux/amd64, ubuntu-latest, false)	UNKNOWN STEP	2026-10-09T10:01:13.2023659Z #15 2.294 npm error Found: tailwindcss@4.1.14
build / build-image (linux/amd64, ubuntu-latest, false)	UNKNOWN STEP	2026-10-09T10:01:13.2024370Z #15 2.294 npm error node_modules/tailwindcss
build / build-image (linux/amd64, ubuntu-latest, false)	UNKNOWN STEP	2026-10-09T10:01:13.2030425Z #15 2.294 npm error   dev tailwindcss@"^4" from the root project
build / build-image (linux/amd64, ubuntu-latest, false)	UNKNOWN STEP	2026-10-09T10:01:13.2049766Z #15 2.294 npm error   tailwindcss@"4.1.14" from @tailwindcss/node@4.1.14
build / build-image (linux/amd64, ubuntu-latest, false)	UNKNOWN STEP	2026-10-09T10:01:13.2050567Z #15 2.294 npm error   node_modules/@tailwindcss/node
build / build-image (linux/amd64, ubuntu-latest, false)	UNKNOWN STEP	2026-10-09T10:01:13.2053934Z #15 2.294 npm error     @tailwindcss/node@"4.1.14" from @tailwindcss/postcss@4.1.14
build / build-image (linux/amd64, ubuntu-latest, false)	UNKNOWN STEP	2026-10-09T10:01:13.2055141Z #15 2.294 npm error     node_modules/@tailwindcss/postcss
build / build-image (linux/amd64, ubuntu-latest, false)	UNKNOWN STEP	2026-10-09T10:01:13.2055711Z #15 2.294 npm error       dev @tailwindcss/postcss@"^4" from the root project
build / build-image (linux/amd64, ubuntu-latest, false)	UNKNOWN STEP	2026-10-09T10:01:13.2056267Z #15 2.294 npm error   1 more (@tailwindcss/postcss)
build / build-image (linux/amd64, ubuntu-latest, false)	UNKNOWN STEP	2026-10-09T10:01:13.2056737Z #15 2.294 npm error
build / build-image (linux/amd64, ubuntu-latest, false)	UNKNOWN STEP	2026-10-09T10:01:13.2057150Z #15 2.294 npm error Could not resolve dependency:
build / build-image (linux/amd64, ubuntu-latest, false)	UNKNOWN STEP	2026-10-09T10:01:13.2057844Z #15 2.294 npm error peer @metamask/design-system-tailwind-preset@"^0.12.0" from @metamask/design-system-react@0.38.1
build / build-image (linux/amd64, ubuntu-latest, false)	UNKNOWN STEP	2026-10-09T10:01:13.2058557Z #15 2.294 npm error node_modules/@metamask/design-system-react
build / build-image (linux/amd64, ubuntu-latest, false)	UNKNOWN STEP	2026-10-09T10:01:13.2059215Z #15 2.294 npm error   @metamask/design-system-react@"^0.38.1" from the root project
build / build-image (linux/amd64, ubuntu-latest, false)	UNKNOWN STEP	2026-10-09T10:01:13.2060018Z #15 2.294 npm error
build / build-image (linux/amd64, ubuntu-latest, false)	UNKNOWN STEP	2026-10-09T10:01:13.2061347Z #15 2.294 npm error Conflicting peer dependency: tailwindcss@3.4.19
build / build-image (linux/amd64, ubuntu-latest, false)	UNKNOWN STEP	2026-10-09T10:01:13.2061902Z #15 2.294 npm error node_modules/tailwindcss
build / build-image (linux/amd64, ubuntu-latest, false)	UNKNOWN STEP	2026-10-09T10:01:13.2062561Z #15 2.294 npm error   peer tailwindcss@"^3.0.0" from @metamask/design-system-tailwind-preset@0.12.0
build / build-image (linux/amd64, ubuntu-latest, false)	UNKNOWN STEP	2026-10-09T10:01:13.2063252Z #15 2.294 npm error   node_modules/@metamask/design-system-tailwind-preset
build / build-image (linux/amd64, ubuntu-latest, false)	UNKNOWN STEP	2026-10-09T10:01:13.2064031Z #15 2.294 npm error     peer @metamask/design-system-tailwind-preset@"^0.12.0" from @metamask/design-system-react@0.38.1
build / build-image (linux/amd64, ubuntu-latest, false)	UNKNOWN STEP	2026-10-09T10:01:13.2064746Z #15 2.294 npm error     node_modules/@metamask/design-system-react
build / build-image (linux/amd64, ubuntu-latest, false)	UNKNOWN STEP	2026-10-09T10:01:13.2065364Z #15 2.294 npm error       @metamask/design-system-react@"^0.38.1" from the root project
build / build-image (linux/amd64, ubuntu-latest, false)	UNKNOWN STEP	2026-10-09T10:01:13.2065920Z #15 2.294 npm error
build / build-image (linux/amd64, ubuntu-latest, false)	UNKNOWN STEP	2026-10-09T10:01:13.2066380Z #15 2.294 npm error Fix the upstream dependency conflict, or retry
build / build-image (linux/amd64, ubuntu-latest, false)	UNKNOWN STEP	2026-10-09T10:01:13.2067132Z #15 2.294 npm error this command with --force or --legacy-peer-deps
build / build-image (linux/amd64, ubuntu-latest, false)	UNKNOWN STEP	2026-10-09T10:01:13.2067785Z #15 2.294 npm error to accept an incorrect (and potentially broken) dependency resolution.
build / build-image (linux/amd64, ubuntu-latest, false)	UNKNOWN STEP	2026-10-09T10:01:13.2068358Z #15 2.296 npm error
build / build-image (linux/amd64, ubuntu-latest, false)	UNKNOWN STEP	2026-10-09T10:01:13.2068749Z #15 2.296 npm error
build / build-image (linux/amd64, ubuntu-latest, false)	UNKNOWN STEP	2026-10-09T10:01:13.2069162Z #15 2.296 npm error For a full report see:
build / build-image (linux/amd64, ubuntu-latest, false)	UNKNOWN STEP	2026-10-09T10:01:13.2069753Z #15 2.296 npm error /root/.npm/_logs/2026-10-09T10_01_10_929Z-eresolve-report.txt
build / build-image (linux/amd64, ubuntu-latest, false)	UNKNOWN STEP	2026-10-09T10:01:13.2070474Z #15 2.296 npm error A complete log of this run can be found in: /root/.npm/_logs/2026-10-09T10_01_10_929Z-debug-0.log
build / build-image (linux/amd64, ubuntu-latest, false)	UNKNOWN STEP	2026-10-09T10:01:13.2087733Z #15 ERROR: process "/bin/sh -c npm ci" did not complete successfully: exit code: 1
build / build-image (linux/amd64, ubuntu-latest, false)	UNKNOWN STEP	2026-10-09T10:01:13.2088505Z ------
build / build-image (linux/amd64, ubuntu-latest, false)	UNKNOWN STEP	2026-10-09T10:01:13.2088917Z  > [builder 6/8] RUN npm ci:
build / build-image (linux/amd64, ubuntu-latest, false)	UNKNOWN STEP	2026-10-09T10:01:13.2089482Z 2.294 npm error       @metamask/design-system-react@"^0.38.1" from the root project
build / build-image (linux/amd64, ubuntu-latest, false)	UNKNOWN STEP	2026-10-09T10:01:13.2090052Z 2.294 npm error
build / build-image (linux/amd64, ubuntu-latest, false)	UNKNOWN STEP	2026-10-09T10:01:13.2090528Z 2.294 npm error Fix the upstream dependency conflict, or retry
build / build-image (linux/amd64, ubuntu-latest, false)	UNKNOWN STEP	2026-10-09T10:01:13.2091298Z 2.294 npm error this command with --force or --legacy-peer-deps
build / build-image (linux/amd64, ubuntu-latest, false)	UNKNOWN STEP	2026-10-09T10:01:13.2091957Z 2.294 npm error to accept an incorrect (and potentially broken) dependency resolution.
build / build-image (linux/amd64, ubuntu-latest, false)	UNKNOWN STEP	2026-10-09T10:01:13.2092538Z 2.296 npm error
build / build-image (linux/amd64, ubuntu-latest, false)	UNKNOWN STEP	2026-10-09T10:01:13.2092926Z 2.296 npm error
build / build-image (linux/amd64, ubuntu-latest, false)	UNKNOWN STEP	2026-10-09T10:01:13.2093339Z 2.296 npm error For a full report see:
build / build-image (linux/amd64, ubuntu-latest, false)	UNKNOWN STEP	2026-10-09T10:01:13.2093908Z 2.296 npm error /root/.npm/_logs/2026-10-09T10_01_10_929Z-eresolve-report.txt
build / build-image (linux/amd64, ubuntu-latest, false)	UNKNOWN STEP	2026-10-09T10:01:13.2094643Z 2.296 npm error A complete log of this run can be found in: /root/.npm/_logs/2026-10-09T10_01_10_929Z-debug-0.log
build / build-image (linux/amd64, ubuntu-latest, false)	UNKNOWN STEP	2026-10-09T10:01:13.2095274Z ------
build / build-image (linux/amd64, ubuntu-latest, false)	UNKNOWN STEP	2026-10-09T10:01:13.2095542Z 
build / build-image (linux/amd64, ubuntu-latest, false)	UNKNOWN STEP	2026-10-09T10:01:13.2096111Z  ^[[33m5 warnings found (use docker --debug to expand):
build / build-image (linux/amd64, ubuntu-latest, false)	UNKNOWN STEP	2026-10-09T10:01:13.2096921Z ^[[0m - SecretsUsedInArgOrEnv: Do not use ARG or ENV instructions for sensitive data (ARG "JFROG_ACCESS_TOKEN") (line 4)
build / build-image (linux/amd64, ubuntu-latest, false)	UNKNOWN STEP	2026-10-09T10:01:13.2097830Z  - SecretsUsedInArgOrEnv: Do not use ARG or ENV instructions for sensitive data (ARG "LAUNCHDARKLY_SDK_KEY") (line 8)
build / build-image (linux/amd64, ubuntu-latest, false)	UNKNOWN STEP	2026-10-09T10:01:13.2098750Z  - SecretsUsedInArgOrEnv: Do not use ARG or ENV instructions for sensitive data (ARG "LAUNCHDARKLY_SDK_KEY_LOCAL") (line 9)
build / build-image (linux/amd64, ubuntu-latest, false)	UNKNOWN STEP	2026-10-09T10:01:13.2099662Z  - SecretsUsedInArgOrEnv: Do not use ARG or ENV instructions for sensitive data (ENV "LAUNCHDARKLY_SDK_KEY") (line 17)
build / build-image (linux/amd64, ubuntu-latest, false)	UNKNOWN STEP	2026-10-09T10:01:13.2100578Z  - SecretsUsedInArgOrEnv: Do not use ARG or ENV instructions for sensitive data (ENV "LAUNCHDARKLY_SDK_KEY_LOCAL") (line 18)
build / build-image (linux/amd64, ubuntu-latest, false)	UNKNOWN STEP	2026-10-09T10:01:13.2101808Z Dockerfile:40
build / build-image (linux/amd64, ubuntu-latest, false)	UNKNOWN STEP	2026-10-09T10:01:13.2102201Z --------------------
build / build-image (linux/amd64, ubuntu-latest, false)	UNKNOWN STEP	2026-10-09T10:01:13.2102596Z   38 |     
build / build-image (linux/amd64, ubuntu-latest, false)	UNKNOWN STEP	2026-10-09T10:01:13.2103014Z   39 |     COPY package.json package-lock.json* ./
build / build-image (linux/amd64, ubuntu-latest, false)	UNKNOWN STEP	2026-10-09T10:01:13.2103493Z   40 | >>> RUN npm ci
build / build-image (linux/amd64, ubuntu-latest, false)	UNKNOWN STEP	2026-10-09T10:01:13.2103876Z   41 |     
build / build-image (linux/amd64, ubuntu-latest, false)	UNKNOWN STEP	2026-10-09T10:01:13.2104242Z   42 |     COPY . .
build / build-image (linux/amd64, ubuntu-latest, false)	UNKNOWN STEP	2026-10-09T10:01:13.2104617Z --------------------
build / build-image (linux/amd64, ubuntu-latest, false)	UNKNOWN STEP	2026-10-09T10:01:13.2105198Z ERROR: failed to build: failed to solve: process "/bin/sh -c npm ci" did not complete successfully: exit code: 1
build / build-image (linux/amd64, ubuntu-latest, false)	UNKNOWN STEP	2026-10-09T10:01:13.2321079Z ##[group]Reference
build / build-image (linux/amd64, ubuntu-latest, false)	UNKNOWN STEP	2026-10-09T10:01:13.3287094Z builder-c6c201ce-aaea-4299-9419-99eea7445d73/builder-c6c201ce-aaea-4299-9419-99eea7445d730/wo63gxoc6ehn448hmbrouz7e9
build / build-image (linux/amd64, ubuntu-latest, false)	UNKNOWN STEP	2026-10-09T10:01:13.3311835Z ##[endgroup]
build / build-image (linux/amd64, ubuntu-latest, false)	UNKNOWN STEP	2026-10-09T10:01:13.3312657Z ##[group]Check build summary support
build / build-image (linux/amd64, ubuntu-latest, false)	UNKNOWN STEP	2026-10-09T10:01:13.3345781Z Build summary supported!
build / build-image (linux/amd64, ubuntu-latest, false)	UNKNOWN STEP	2026-10-09T10:01:13.3356623Z ##[endgroup]
build / build-image (linux/amd64, ubuntu-latest, false)	UNKNOWN STEP	2026-10-09T10:01:13.3374218Z ##[error]buildx failed with: ERROR: failed to build: failed to solve: process "/bin/sh -c npm ci" did not complete successfully: exit code: 1
build / build-image (linux/amd64, ubuntu-latest, false)	UNKNOWN STEP	2026-10-09T10:01:13.3444879Z ##[end-action id=__consensys-vertical-apps_shared-services-workflows.__docker_build-push-action;outcome=failure;conclusion=failure;duration_ms=15770]
build / build-image (linux/amd64, ubuntu-latest, false)	UNKNOWN STEP	2026-10-09T10:01:13.3449065Z ##[start-action display=Upload Docker artifact;id=__consensys-vertical-apps_shared-services-workflows.__actions_upload-artifact]
build / build-image (linux/amd64, ubuntu-latest, false)	UNKNOWN STEP	2026-10-09T10:01:13.3452849Z ##[end-action id=__consensys-vertical-apps_shared-services-workflows.__actions_upload-artifact;outcome=skipped;conclusion=skipped;duration_ms=0]
build / build-image (linux/amd64, ubuntu-latest, false)	UNKNOWN STEP	2026-10-09T10:01:13.3577800Z Post job cleanup.
build / build-image (linux/amd64, ubuntu-latest, false)	UNKNOWN STEP	2026-10-09T10:01:13.3584639Z ##[start-action display=Build and export;id=__01cd523e-6a70-4df9-9a5b-894920fb17e4.__docker_build-push-action]
build / build-image (linux/amd64, ubuntu-latest, false)	UNKNOWN STEP	2026-10-09T10:01:13.3640580Z Post job cleanup.
build / build-image (linux/amd64, ubuntu-latest, false)	UNKNOWN STEP	2026-10-09T10:01:13.5701880Z ##[group]Generating build summary
build / build-image (linux/amd64, ubuntu-latest, false)	UNKNOWN STEP	2026-10-09T10:01:13.6350019Z exporting build record to /home/runner/work/_temp/docker-actions-toolkit-lyJq3n/export
build / build-image (linux/amd64, ubuntu-latest, false)	UNKNOWN STEP	2026-10-09T10:01:13.7472209Z [command]/usr/bin/docker buildx history export --builder builder-c6c201ce-aaea-4299-9419-99eea7445d73 --output /home/runner/work/_temp/docker-actions-toolkit-lyJq3n/export/consensys-vertical-apps~va-mmcx-terminal~WO63GX.dockerbuild wo63gxoc6ehn448hmbrouz7e9 --finalize
build / build-image (linux/amd64, ubuntu-latest, false)	UNKNOWN STEP	2026-10-09T10:01:13.9287688Z Build record written to /home/runner/work/_temp/docker-actions-toolkit-lyJq3n/export/consensys-vertical-apps~va-mmcx-terminal~WO63GX.dockerbuild (39.39 KB)
build / build-image (linux/amd64, ubuntu-latest, false)	UNKNOWN STEP	2026-10-09T10:01:13.9317799Z Uploading consensys-vertical-apps~va-mmcx-terminal~WO63GX.dockerbuild as an artifact
build / build-image (linux/amd64, ubuntu-latest, false)	UNKNOWN STEP	2026-10-09T10:01:13.9332140Z Artifact name is valid!
build / build-image (linux/amd64, ubuntu-latest, false)	UNKNOWN STEP	2026-10-09T10:01:13.9346101Z Root directory input is valid!
build / build-image (linux/amd64, ubuntu-latest, false)	UNKNOWN STEP	2026-10-09T10:01:14.2381893Z Uploading artifact: consensys-vertical-apps~va-mmcx-terminal~WO63GX.dockerbuild
build / build-image (linux/amd64, ubuntu-latest, false)	UNKNOWN STEP	2026-10-09T10:01:14.2382835Z Beginning upload of artifact content to blob storage
build / build-image (linux/amd64, ubuntu-latest, false)	UNKNOWN STEP	2026-10-09T10:01:14.4012277Z Uploaded bytes 40331
build / build-image (linux/amd64, ubuntu-latest, false)	UNKNOWN STEP	2026-10-09T10:01:14.4441983Z Finished uploading artifact content to blob storage!
build / build-image (linux/amd64, ubuntu-latest, false)	UNKNOWN STEP	2026-10-09T10:01:14.4442805Z SHA256 digest of uploaded artifact is 4b8b27a4b7c2ae760b26504834c69c16e3603c186244d220abe2a33ffbf48ee8
build / build-image (linux/amd64, ubuntu-latest, false)	UNKNOWN STEP	2026-10-09T10:01:14.4443928Z Finalizing artifact upload
build / build-image (linux/amd64, ubuntu-latest, false)	UNKNOWN STEP	2026-10-09T10:01:14.8022077Z Artifact consensys-vertical-apps~va-mmcx-terminal~WO63GX.dockerbuild successfully finalized. Artifact ID 11609546355
build / build-image (linux/amd64, ubuntu-latest, false)	UNKNOWN STEP	2026-10-09T10:01:14.8075901Z Artifact download URL: https://github.com/consensys-vertical-apps/va-mmcx-terminal/actions/runs/37913592023/artifacts/11609546355
build / build-image (linux/amd64, ubuntu-latest, false)	UNKNOWN STEP	2026-10-09T10:01:14.8078217Z Writing summary
build / build-image (linux/amd64, ubuntu-latest, false)	UNKNOWN STEP	2026-10-09T10:01:14.8078900Z ##[endgroup]
build / build-image (linux/amd64, ubuntu-latest, false)	UNKNOWN STEP	2026-10-09T10:01:14.8079726Z ##[group]Removing temp folder /home/runner/work/_temp/docker-actions-toolkit-21dn70
build / build-image (linux/amd64, ubuntu-latest, false)	UNKNOWN STEP	2026-10-09T10:01:14.8080545Z ##[endgroup]
build / build-image (linux/amd64, ubuntu-latest, false)	UNKNOWN STEP	2026-10-09T10:01:14.8087811Z ##[group]Post cache
build / build-image (linux/amd64, ubuntu-latest, false)	UNKNOWN STEP	2026-10-09T10:01:14.8088214Z State not set
build / build-image (linux/amd64, ubuntu-latest, false)	UNKNOWN STEP	2026-10-09T10:01:14.8088771Z ##[endgroup]
build / build-image (linux/amd64, ubuntu-latest, false)	UNKNOWN STEP	2026-10-09T10:01:14.8124473Z ##[end-action id=__01cd523e-6a70-4df9-9a5b-894920fb17e4.__docker_build-push-action;outcome=success;conclusion=success;duration_ms=1453]
build / build-image (linux/amd64, ubuntu-latest, false)	UNKNOWN STEP	2026-10-09T10:01:14.8127689Z ##[start-action display=Login to Amazon ECR;id=__01cd523e-6a70-4df9-9a5b-894920fb17e4.ecr]
build / build-image (linux/amd64, ubuntu-latest, false)	UNKNOWN STEP	2026-10-09T10:01:14.8163061Z Post job cleanup.
build / build-image (linux/amd64, ubuntu-latest, false)	UNKNOWN STEP	2026-10-09T10:01:14.8778207Z Logging out of registry ***.dkr.ecr.us-east-2.amazonaws.com
build / build-image (linux/amd64, ubuntu-latest, false)	UNKNOWN STEP	2026-10-09T10:01:14.9074962Z ##[end-action id=__01cd523e-6a70-4df9-9a5b-894920fb17e4.ecr;outcome=success;conclusion=success;duration_ms=94]
build / build-image (linux/amd64, ubuntu-latest, false)	UNKNOWN STEP	2026-10-09T10:01:14.9078262Z ##[start-action display=Configure AWS credentials;id=__01cd523e-6a70-4df9-9a5b-894920fb17e4.configure-aws-credentials]
build / build-image (linux/amd64, ubuntu-latest, false)	UNKNOWN STEP	2026-10-09T10:01:14.9145574Z Post job cleanup.
build / build-image (linux/amd64, ubuntu-latest, false)	UNKNOWN STEP	2026-10-09T10:01:14.9835930Z ##[end-action id=__01cd523e-6a70-4df9-9a5b-894920fb17e4.configure-aws-credentials;outcome=success;conclusion=success;duration_ms=75]
build / build-image (linux/amd64, ubuntu-latest, false)	UNKNOWN STEP	2026-10-09T10:01:14.9839079Z ##[start-action display=Set up Docker Buildx;id=__01cd523e-6a70-4df9-9a5b-894920fb17e4.__docker_setup-buildx-action]
build / build-image (linux/amd64, ubuntu-latest, false)	UNKNOWN STEP	2026-10-09T10:01:14.9883227Z Post job cleanup.
build / build-image (linux/amd64, ubuntu-latest, false)	UNKNOWN STEP	2026-10-09T10:01:15.1632992Z ##[group]Removing builder
build / build-image (linux/amd64, ubuntu-latest, false)	UNKNOWN STEP	2026-10-09T10:01:15.2734173Z [command]/usr/bin/docker buildx rm builder-c6c201ce-aaea-4299-9419-99eea7445d73
build / build-image (linux/amd64, ubuntu-latest, false)	UNKNOWN STEP	2026-10-09T10:01:17.0480398Z builder-c6c201ce-aaea-4299-9419-99eea7445d73 removed
build / build-image (linux/amd64, ubuntu-latest, false)	UNKNOWN STEP	2026-10-09T10:01:17.0482169Z ##[endgroup]
build / build-image (linux/amd64, ubuntu-latest, false)	UNKNOWN STEP	2026-10-09T10:01:17.0482872Z ##[group]Cleaning up certificates
build / build-image (linux/amd64, ubuntu-latest, false)	UNKNOWN STEP	2026-10-09T10:01:17.0483843Z ##[endgroup]
build / build-image (linux/amd64, ubuntu-latest, false)	UNKNOWN STEP	2026-10-09T10:01:17.0484556Z ##[group]Post cache
build / build-image (linux/amd64, ubuntu-latest, false)	UNKNOWN STEP	2026-10-09T10:01:17.0485163Z State not set
build / build-image (linux/amd64, ubuntu-latest, false)	UNKNOWN STEP	2026-10-09T10:01:17.0485764Z ##[endgroup]
build / build-image (linux/amd64, ubuntu-latest, false)	UNKNOWN STEP	2026-10-09T10:01:17.0561166Z ##[end-action id=__01cd523e-6a70-4df9-9a5b-894920fb17e4.__docker_setup-buildx-action;outcome=success;conclusion=success;duration_ms=2072]
build / build-image (linux/amd64, ubuntu-latest, false)	UNKNOWN STEP	2026-10-09T10:01:17.0563684Z ##[start-action display=Set up QEMU;id=__01cd523e-6a70-4df9-9a5b-894920fb17e4.__docker_setup-qemu-action]
build / build-image (linux/amd64, ubuntu-latest, false)	UNKNOWN STEP	2026-10-09T10:01:17.0586611Z Post job cleanup.
build / build-image (linux/amd64, ubuntu-latest, false)	UNKNOWN STEP	2026-10-09T10:01:17.1437091Z ##[group]Post cache
build / build-image (linux/amd64, ubuntu-latest, false)	UNKNOWN STEP	2026-10-09T10:01:17.1449399Z Caching docker.io--tonistiigi--binfmt-latest-linux-x64 to GitHub Actions cache
build / build-image (linux/amd64, ubuntu-latest, false)	UNKNOWN STEP	2026-10-09T10:01:17.1551445Z [command]/usr/bin/tar --posix -cf cache.tzst --exclude cache.tzst -P -C /home/runner/work/va-mmcx-terminal/va-mmcx-terminal --files-from manifest.txt --use-compress-program zstdmt
build / build-image (linux/amd64, ubuntu-latest, false)	UNKNOWN STEP	2026-10-09T10:01:18.4404336Z Sent 32265058 of 32265058 (100.0%), 35.9 MBs/sec
build / build-image (linux/amd64, ubuntu-latest, false)	UNKNOWN STEP	2026-10-09T10:01:18.6243457Z ##[endgroup]
build / build-image (linux/amd64, ubuntu-latest, false)	UNKNOWN STEP	2026-10-09T10:01:18.6337514Z ##[end-action id=__01cd523e-6a70-4df9-9a5b-894920fb17e4.__docker_setup-qemu-action;outcome=success;conclusion=success;duration_ms=1577]
build / build-image (linux/amd64, ubuntu-latest, false)	UNKNOWN STEP	2026-10-09T10:01:18.6339770Z ##[start-action display=Checkout;id=__01cd523e-6a70-4df9-9a5b-894920fb17e4.__actions_checkout]
build / build-image (linux/amd64, ubuntu-latest, false)	UNKNOWN STEP	2026-10-09T10:01:18.6404739Z Post job cleanup.
build / build-image (linux/amd64, ubuntu-latest, false)	UNKNOWN STEP	2026-10-09T10:01:18.6993219Z [command]/usr/bin/git version
build / build-image (linux/amd64, ubuntu-latest, false)	UNKNOWN STEP	2026-10-09T10:01:18.7031635Z git version 2.55.0
build / build-image (linux/amd64, ubuntu-latest, false)	UNKNOWN STEP	2026-10-09T10:01:18.7048728Z Temporarily overriding HOME='/home/runner/work/_temp/93d85720-13a4-43e8-8b7a-3cebcab2e77a' before making global git config changes
build / build-image (linux/amd64, ubuntu-latest, false)	UNKNOWN STEP	2026-10-09T10:01:18.7050055Z Adding repository directory to the temporary git global config as a safe directory
build / build-image (linux/amd64, ubuntu-latest, false)	UNKNOWN STEP	2026-10-09T10:01:18.7053091Z [command]/usr/bin/git config --global --add safe.directory /home/runner/work/va-mmcx-terminal/va-mmcx-terminal
build / build-image (linux/amd64, ubuntu-latest, false)	UNKNOWN STEP	2026-10-09T10:01:18.7082001Z Removing SSH command configuration
build / build-image (linux/amd64, ubuntu-latest, false)	UNKNOWN STEP	2026-10-09T10:01:18.7083260Z [command]/usr/bin/git config --local --name-only --get-regexp core\.sshCommand
build / build-image (linux/amd64, ubuntu-latest, false)	UNKNOWN STEP	2026-10-09T10:01:18.7112216Z [command]/usr/bin/git submodule foreach --recursive sh -c "git config --local --name-only --get-regexp 'core\.sshCommand' && git config --local --unset-all 'core.sshCommand' || :"
build / build-image (linux/amd64, ubuntu-latest, false)	UNKNOWN STEP	2026-10-09T10:01:18.7290237Z Removing HTTP extra header
build / build-image (linux/amd64, ubuntu-latest, false)	UNKNOWN STEP	2026-10-09T10:01:18.7291128Z [command]/usr/bin/git config --local --name-only --get-regexp http\.https\:\/\/github\.com\/\.extraheader
build / build-image (linux/amd64, ubuntu-latest, false)	UNKNOWN STEP	2026-10-09T10:01:18.7318681Z [command]/usr/bin/git submodule foreach --recursive sh -c "git config --local --name-only --get-regexp 'http\.https\:\/\/github\.com\/\.extraheader' && git config --local --unset-all 'http.https://github.com/.extraheader' || :"
build / build-image (linux/amd64, ubuntu-latest, false)	UNKNOWN STEP	2026-10-09T10:01:18.7496863Z Removing includeIf entries pointing to credentials config files
build / build-image (linux/amd64, ubuntu-latest, false)	UNKNOWN STEP	2026-10-09T10:01:18.7497864Z [command]/usr/bin/git config --local --name-only --get-regexp ^includeIf\.gitdir:
build / build-image (linux/amd64, ubuntu-latest, false)	UNKNOWN STEP	2026-10-09T10:01:18.7513118Z includeif.gitdir:/home/runner/work/va-mmcx-terminal/va-mmcx-terminal/.git.path
build / build-image (linux/amd64, ubuntu-latest, false)	UNKNOWN STEP	2026-10-09T10:01:18.7519015Z includeif.gitdir:/home/runner/work/va-mmcx-terminal/va-mmcx-terminal/.git/worktrees/*.path
build / build-image (linux/amd64, ubuntu-latest, false)	UNKNOWN STEP	2026-10-09T10:01:18.7519725Z includeif.gitdir:/github/workspace/.git.path
build / build-image (linux/amd64, ubuntu-latest, false)	UNKNOWN STEP	2026-10-09T10:01:18.7520141Z includeif.gitdir:/github/workspace/.git/worktrees/*.path
build / build-image (linux/amd64, ubuntu-latest, false)	UNKNOWN STEP	2026-10-09T10:01:18.7527158Z [command]/usr/bin/git config --local --get-all includeif.gitdir:/home/runner/work/va-mmcx-terminal/va-mmcx-terminal/.git.path
build / build-image (linux/amd64, ubuntu-latest, false)	UNKNOWN STEP	2026-10-09T10:01:18.7539524Z /home/runner/work/_temp/git-credentials-77fb38ed-bf09-48b1-9ff5-f5535e85e3d1.config
build / build-image (linux/amd64, ubuntu-latest, false)	UNKNOWN STEP	2026-10-09T10:01:18.7552924Z [command]/usr/bin/git config --local --unset includeif.gitdir:/home/runner/work/va-mmcx-terminal/va-mmcx-terminal/.git.path /home/runner/work/_temp/git-credentials-77fb38ed-bf09-48b1-9ff5-f5535e85e3d1.config
build / build-image (linux/amd64, ubuntu-latest, false)	UNKNOWN STEP	2026-10-09T10:01:18.7575529Z [command]/usr/bin/git config --local --get-all includeif.gitdir:/home/runner/work/va-mmcx-terminal/va-mmcx-terminal/.git/worktrees/*.path
build / build-image (linux/amd64, ubuntu-latest, false)	UNKNOWN STEP	2026-10-09T10:01:18.7593591Z /home/runner/work/_temp/git-credentials-77fb38ed-bf09-48b1-9ff5-f5535e85e3d1.config
build / build-image (linux/amd64, ubuntu-latest, false)	UNKNOWN STEP	2026-10-09T10:01:18.7608971Z [command]/usr/bin/git config --local --unset includeif.gitdir:/home/runner/work/va-mmcx-terminal/va-mmcx-terminal/.git/worktrees/*.path /home/runner/work/_temp/git-credentials-77fb38ed-bf09-48b1-9ff5-f5535e85e3d1.config
build / build-image (linux/amd64, ubuntu-latest, false)	UNKNOWN STEP	2026-10-09T10:01:18.7637512Z [command]/usr/bin/git config --local --get-all includeif.gitdir:/github/workspace/.git.path
build / build-image (linux/amd64, ubuntu-latest, false)	UNKNOWN STEP	2026-10-09T10:01:18.7655209Z /github/runner_temp/git-credentials-77fb38ed-bf09-48b1-9ff5-f5535e85e3d1.config
build / build-image (linux/amd64, ubuntu-latest, false)	UNKNOWN STEP	2026-10-09T10:01:18.7659834Z [command]/usr/bin/git config --local --unset includeif.gitdir:/github/workspace/.git.path /github/runner_temp/git-credentials-77fb38ed-bf09-48b1-9ff5-f5535e85e3d1.config
build / build-image (linux/amd64, ubuntu-latest, false)	UNKNOWN STEP	2026-10-09T10:01:18.7686035Z [command]/usr/bin/git config --local --get-all includeif.gitdir:/github/workspace/.git/worktrees/*.path
build / build-image (linux/amd64, ubuntu-latest, false)	UNKNOWN STEP	2026-10-09T10:01:18.7709227Z /github/runner_temp/git-credentials-77fb38ed-bf09-48b1-9ff5-f5535e85e3d1.config
build / build-image (linux/amd64, ubuntu-latest, false)	UNKNOWN STEP	2026-10-09T10:01:18.7713961Z [command]/usr/bin/git config --local --unset includeif.gitdir:/github/workspace/.git/worktrees/*.path /github/runner_temp/git-credentials-77fb38ed-bf09-48b1-9ff5-f5535e85e3d1.config
build / build-image (linux/amd64, ubuntu-latest, false)	UNKNOWN STEP	2026-10-09T10:01:18.7740996Z [command]/usr/bin/git submodule foreach --recursive git config --local --show-origin --name-only --get-regexp remote.origin.url
build / build-image (linux/amd64, ubuntu-latest, false)	UNKNOWN STEP	2026-10-09T10:01:18.7906188Z Removing credentials config '/home/runner/work/_temp/git-credentials-77fb38ed-bf09-48b1-9ff5-f5535e85e3d1.config'
build / build-image (linux/amd64, ubuntu-latest, false)	UNKNOWN STEP	2026-10-09T10:01:18.7978490Z ##[end-action id=__01cd523e-6a70-4df9-9a5b-894920fb17e4.__actions_checkout;outcome=success;conclusion=success;duration_ms=163]
build / build-image (linux/amd64, ubuntu-latest, false)	UNKNOWN STEP	2026-10-09T10:01:18.8031719Z Post job cleanup.
build / build-image (linux/amd64, ubuntu-latest, false)	UNKNOWN STEP	2026-10-09T10:01:18.8862467Z ##[group]Checking connection to JFrog Artifactory
build / build-image (linux/amd64, ubuntu-latest, false)	UNKNOWN STEP	2026-10-09T10:01:18.8891708Z [command]/opt/hostedtoolcache/jf/2.91.0/x64/jf rt ping
build / build-image (linux/amd64, ubuntu-latest, false)	UNKNOWN STEP	2026-10-09T10:01:19.7298358Z OK
build / build-image (linux/amd64, ubuntu-latest, false)	UNKNOWN STEP	2026-10-09T10:01:19.7317701Z ##[endgroup]
build / build-image (linux/amd64, ubuntu-latest, false)	UNKNOWN STEP	2026-10-09T10:01:19.7319224Z ##[group]Check for unpublished modules
build / build-image (linux/amd64, ubuntu-latest, false)	UNKNOWN STEP	2026-10-09T10:01:19.7333704Z [command]/opt/hostedtoolcache/jf/2.91.0/x64/jf rt build-publish --dry-run
build / build-image (linux/amd64, ubuntu-latest, false)	UNKNOWN STEP	2026-10-09T10:01:19.7521251Z 10:01:19 [Info] [Dry run] Logging Build info preview...
build / build-image (linux/amd64, ubuntu-latest, false)	UNKNOWN STEP	2026-10-09T10:01:19.7522122Z ***
build / build-image (linux/amd64, ubuntu-latest, false)	UNKNOWN STEP	2026-10-09T10:01:19.7522520Z   "name": "Release",
build / build-image (linux/amd64, ubuntu-latest, false)	UNKNOWN STEP	2026-10-09T10:01:19.7522904Z   "number": "85",
build / build-image (linux/amd64, ubuntu-latest, false)	UNKNOWN STEP	2026-10-09T10:01:19.7523940Z   "agent": ***
build / build-image (linux/amd64, ubuntu-latest, false)	UNKNOWN STEP	2026-10-09T10:01:19.7524305Z     "name": "setup-jfrog-cli-github-action",
build / build-image (linux/amd64, ubuntu-latest, false)	UNKNOWN STEP	2026-10-09T10:01:19.7524788Z     "version": "5.1.0"
build / build-image (linux/amd64, ubuntu-latest, false)	UNKNOWN STEP	2026-10-09T10:01:19.7525104Z   ***,
build / build-image (linux/amd64, ubuntu-latest, false)	UNKNOWN STEP	2026-10-09T10:01:19.7525396Z   "buildAgent": ***
build / build-image (linux/amd64, ubuntu-latest, false)	UNKNOWN STEP	2026-10-09T10:01:19.7525703Z     "name": "GENERIC",
build / build-image (linux/amd64, ubuntu-latest, false)	UNKNOWN STEP	2026-10-09T10:01:19.7526052Z     "version": "2.91.0"
build / build-image (linux/amd64, ubuntu-latest, false)	UNKNOWN STEP	2026-10-09T10:01:19.7526364Z   ***,
build / build-image (linux/amd64, ubuntu-latest, false)	UNKNOWN STEP	2026-10-09T10:01:19.7526565Z   "started": "2026-10-09T10:01:19.751+0000",
build / build-image (linux/amd64, ubuntu-latest, false)	UNKNOWN STEP	2026-10-09T10:01:19.7526875Z   "artifactoryPrincipal": "***",
build / build-image (linux/amd64, ubuntu-latest, false)	UNKNOWN STEP	2026-10-09T10:01:19.7527242Z   "url": "https://github.com/consensys-vertical-apps/va-mmcx-terminal/actions/runs/37913592023"
build / build-image (linux/amd64, ubuntu-latest, false)	UNKNOWN STEP	2026-10-09T10:01:19.7527588Z ***
build / build-image (linux/amd64, ubuntu-latest, false)	UNKNOWN STEP	2026-10-09T10:01:20.1064954Z ##[endgroup]
build / build-image (linux/amd64, ubuntu-latest, false)	UNKNOWN STEP	2026-10-09T10:01:20.1066397Z ##[group]Collecting evidence
build / build-image (linux/amd64, ubuntu-latest, false)	UNKNOWN STEP	2026-10-09T10:01:20.1070387Z No attestation paths file found. Skipping evidence creation. Searched for: /home/runner/work/_temp/created_attestation_paths.txt. Error: Error: ENOENT: no such file or directory, access '/home/runner/work/_temp/created_attestation_paths.txt'
build / build-image (linux/amd64, ubuntu-latest, false)	UNKNOWN STEP	2026-10-09T10:01:20.1072431Z ##[endgroup]
build / build-image (linux/amd64, ubuntu-latest, false)	UNKNOWN STEP	2026-10-09T10:01:20.1073319Z ##[group]Generating Job Summary
build / build-image (linux/amd64, ubuntu-latest, false)	UNKNOWN STEP	2026-10-09T10:01:20.1078441Z [command]/opt/hostedtoolcache/jf/2.91.0/x64/jf generate-summary-markdown
build / build-image (linux/amd64, ubuntu-latest, false)	UNKNOWN STEP	2026-10-09T10:01:20.5547925Z No code scanning sarif file was found.
build / build-image (linux/amd64, ubuntu-latest, false)	UNKNOWN STEP	2026-10-09T10:01:20.5569525Z ##[endgroup]
build / build-image (linux/amd64, ubuntu-latest, false)	UNKNOWN STEP	2026-10-09T10:01:20.5570449Z ##[group]Cleanup JFrog CLI servers configuration
build / build-image (linux/amd64, ubuntu-latest, false)	UNKNOWN STEP	2026-10-09T10:01:20.5571398Z The value of custom is: 'undefined'
build / build-image (linux/amd64, ubuntu-latest, false)	UNKNOWN STEP	2026-10-09T10:01:20.5577352Z [command]/opt/hostedtoolcache/jf/2.91.0/x64/jf c rm setup-jfrog-cli-server --quiet
build / build-image (linux/amd64, ubuntu-latest, false)	UNKNOWN STEP	2026-10-09T10:01:20.5705797Z ##[endgroup]
build / build-image (linux/amd64, ubuntu-latest, false)	UNKNOWN STEP	2026-10-09T10:01:20.5834419Z Post job cleanup.
build / build-image (linux/amd64, ubuntu-latest, false)	UNKNOWN STEP	2026-10-09T10:01:20.5871286Z Evaluate and set job outputs
build / build-image (linux/amd64, ubuntu-latest, false)	UNKNOWN STEP	2026-10-09T10:01:20.5874481Z Set output 'artifact_name'
build / build-image (linux/amd64, ubuntu-latest, false)	UNKNOWN STEP	2026-10-09T10:01:20.5875584Z Set output 'artifact_path'
build / build-image (linux/amd64, ubuntu-latest, false)	UNKNOWN STEP	2026-10-09T10:01:20.5876173Z Set output 'upload_name'
build / build-image (linux/amd64, ubuntu-latest, false)	UNKNOWN STEP	2026-10-09T10:01:20.5876455Z Set output 'native_build'
build / build-image (linux/amd64, ubuntu-latest, false)	UNKNOWN STEP	2026-10-09T10:01:20.5876881Z Cleaning up orphan processes
