build / build-image (linux/amd64, ubuntu-latest, false)	UNKNOWN STEP	﻿2026-10-09T09:58:23.9516678Z Current runner version: '2.337.0'
build / build-image (linux/amd64, ubuntu-latest, false)	UNKNOWN STEP	2026-10-09T09:58:23.9600262Z ##[group]Runner Image Provisioner
build / build-image (linux/amd64, ubuntu-latest, false)	UNKNOWN STEP	2026-10-09T09:58:23.9602192Z Hosted Compute Agent
build / build-image (linux/amd64, ubuntu-latest, false)	UNKNOWN STEP	2026-10-09T09:58:23.9603722Z Version: 20261002.596
build / build-image (linux/amd64, ubuntu-latest, false)	UNKNOWN STEP	2026-10-09T09:58:23.9605275Z Commit: c3d12f3313a95f25162a1503be624f3b0617f8c0
build / build-image (linux/amd64, ubuntu-latest, false)	UNKNOWN STEP	2026-10-09T09:58:23.9607250Z Build Date: 2026-10-02T22:28:27Z
build / build-image (linux/amd64, ubuntu-latest, false)	UNKNOWN STEP	2026-10-09T09:58:23.9629794Z Worker ID: ***3a8ddbd3-eb73-4869-ba67-d37c342c9c3b***
build / build-image (linux/amd64, ubuntu-latest, false)	UNKNOWN STEP	2026-10-09T09:58:23.9631611Z Region: westus3
build / build-image (linux/amd64, ubuntu-latest, false)	UNKNOWN STEP	2026-10-09T09:58:23.9633061Z Cloud: Azure
build / build-image (linux/amd64, ubuntu-latest, false)	UNKNOWN STEP	2026-10-09T09:58:23.9634508Z ##[endgroup]
build / build-image (linux/amd64, ubuntu-latest, false)	UNKNOWN STEP	2026-10-09T09:58:23.9637558Z ##[group]Operating System
build / build-image (linux/amd64, ubuntu-latest, false)	UNKNOWN STEP	2026-10-09T09:58:23.9639515Z Ubuntu
build / build-image (linux/amd64, ubuntu-latest, false)	UNKNOWN STEP	2026-10-09T09:58:23.9640875Z 24.04.5
build / build-image (linux/amd64, ubuntu-latest, false)	UNKNOWN STEP	2026-10-09T09:58:23.9642272Z LTS
build / build-image (linux/amd64, ubuntu-latest, false)	UNKNOWN STEP	2026-10-09T09:58:23.9643440Z ##[endgroup]
build / build-image (linux/amd64, ubuntu-latest, false)	UNKNOWN STEP	2026-10-09T09:58:23.9644821Z ##[group]Runner Image
build / build-image (linux/amd64, ubuntu-latest, false)	UNKNOWN STEP	2026-10-09T09:58:23.9646853Z Image: ubuntu-24.04
build / build-image (linux/amd64, ubuntu-latest, false)	UNKNOWN STEP	2026-10-09T09:58:23.9668615Z Version: 20261004.327.1
build / build-image (linux/amd64, ubuntu-latest, false)	UNKNOWN STEP	2026-10-09T09:58:23.9671686Z Included Software: https://github.com/actions/runner-images/blob/ubuntu24/20261004.327/images/ubuntu/Ubuntu2404-Readme.md
build / build-image (linux/amd64, ubuntu-latest, false)	UNKNOWN STEP	2026-10-09T09:58:23.9675122Z Image Release: https://github.com/actions/runner-images/releases/tag/ubuntu24%2F20261004.327
build / build-image (linux/amd64, ubuntu-latest, false)	UNKNOWN STEP	2026-10-09T09:58:23.9677222Z ##[endgroup]
build / build-image (linux/amd64, ubuntu-latest, false)	UNKNOWN STEP	2026-10-09T09:58:23.9680946Z ##[group]GITHUB_TOKEN Permissions
build / build-image (linux/amd64, ubuntu-latest, false)	UNKNOWN STEP	2026-10-09T09:58:23.9684873Z Actions: read
build / build-image (linux/amd64, ubuntu-latest, false)	UNKNOWN STEP	2026-10-09T09:58:23.9686398Z Contents: read
build / build-image (linux/amd64, ubuntu-latest, false)	UNKNOWN STEP	2026-10-09T09:58:23.9687812Z Metadata: read
build / build-image (linux/amd64, ubuntu-latest, false)	UNKNOWN STEP	2026-10-09T09:58:23.9709917Z SecurityEvents: write
build / build-image (linux/amd64, ubuntu-latest, false)	UNKNOWN STEP	2026-10-09T09:58:23.9711383Z ##[endgroup]
build / build-image (linux/amd64, ubuntu-latest, false)	UNKNOWN STEP	2026-10-09T09:58:23.9715130Z Secret source: Actions
build / build-image (linux/amd64, ubuntu-latest, false)	UNKNOWN STEP	2026-10-09T09:58:23.9717422Z Cache mode: write
build / build-image (linux/amd64, ubuntu-latest, false)	UNKNOWN STEP	2026-10-09T09:58:23.9719951Z Prepare workflow directory
build / build-image (linux/amd64, ubuntu-latest, false)	UNKNOWN STEP	2026-10-09T09:58:24.0262785Z Prepare all required actions
build / build-image (linux/amd64, ubuntu-latest, false)	UNKNOWN STEP	2026-10-09T09:58:24.0344242Z Getting action download info
build / build-image (linux/amd64, ubuntu-latest, false)	UNKNOWN STEP	2026-10-09T09:58:24.4610061Z Download action repository 'consensys-vertical-apps/shared-services-workflows@ee5456cf63f32f96987af955f66bd6b1b8b5cbd8' (SHA:ee5456cf63f32f96987af955f66bd6b1b8b5cbd8)
build / build-image (linux/amd64, ubuntu-latest, false)	UNKNOWN STEP	2026-10-09T09:58:25.2178590Z Download action repository 'jfrog/setup-jfrog-cli@deda456d982fc5e9a7a020b63eb0d2968aedd33e' (SHA:deda456d982fc5e9a7a020b63eb0d2968aedd33e)
build / build-image (linux/amd64, ubuntu-latest, false)	UNKNOWN STEP	2026-10-09T09:58:26.3176629Z Download action repository 'consensys-vertical-apps/shared-services-workflows@12e9fcee43ceeee884f51d3e7817380a409fd20f' (SHA:12e9fcee43ceeee884f51d3e7817380a409fd20f)
build / build-image (linux/amd64, ubuntu-latest, false)	UNKNOWN STEP	2026-10-09T09:58:27.0711638Z Download action repository 'consensys-vertical-apps/shared-services-workflows@0ad0566241bddeb4f6b3b5f310b368a89283e7df' (SHA:0ad0566241bddeb4f6b3b5f310b368a89283e7df)
build / build-image (linux/amd64, ubuntu-latest, false)	UNKNOWN STEP	2026-10-09T09:58:27.8330699Z Getting action download info
build / build-image (linux/amd64, ubuntu-latest, false)	UNKNOWN STEP	2026-10-09T09:58:27.9513513Z Download action repository 'wiz-sec-public/wiz-sensor-github-action@2f72488477988739561233bbc10ceff0c53273fd' (SHA:2f72488477988739561233bbc10ceff0c53273fd)
build / build-image (linux/amd64, ubuntu-latest, false)	UNKNOWN STEP	2026-10-09T09:58:28.8550192Z Getting action download info
build / build-image (linux/amd64, ubuntu-latest, false)	UNKNOWN STEP	2026-10-09T09:58:29.0048706Z Download action repository 'actions/checkout@df4cb1c069e1874edd31b4311f1884172cec0e10' (SHA:df4cb1c069e1874edd31b4311f1884172cec0e10)
build / build-image (linux/amd64, ubuntu-latest, false)	UNKNOWN STEP	2026-10-09T09:58:29.1796243Z Download action repository 'docker/setup-qemu-action@96fe6ef7f33517b61c61be40b68a1882f3264fb8' (SHA:96fe6ef7f33517b61c61be40b68a1882f3264fb8)
build / build-image (linux/amd64, ubuntu-latest, false)	UNKNOWN STEP	2026-10-09T09:58:29.9035645Z Download action repository 'docker/setup-buildx-action@bb05f3f5519dd87d3ba754cc423b652a5edd6d2c' (SHA:bb05f3f5519dd87d3ba754cc423b652a5edd6d2c)
build / build-image (linux/amd64, ubuntu-latest, false)	UNKNOWN STEP	2026-10-09T09:58:30.7264805Z Download action repository 'aws-actions/configure-aws-credentials@e7f100cf4c008499ea8adda475de1042d6975c7b' (SHA:e7f100cf4c008499ea8adda475de1042d6975c7b)
build / build-image (linux/amd64, ubuntu-latest, false)	UNKNOWN STEP	2026-10-09T09:58:31.4415508Z Download action repository 'aws-actions/amazon-ecr-login@d539f0932e70871a027e9d5a9d8fc38589180a64' (SHA:d539f0932e70871a027e9d5a9d8fc38589180a64)
build / build-image (linux/amd64, ubuntu-latest, false)	UNKNOWN STEP	2026-10-09T09:58:32.0911262Z Download action repository 'docker/build-push-action@53b7df96c91f9c12dcc8a07bcb9ccacbed38856a' (SHA:53b7df96c91f9c12dcc8a07bcb9ccacbed38856a)
build / build-image (linux/amd64, ubuntu-latest, false)	UNKNOWN STEP	2026-10-09T09:58:33.1482020Z Download action repository 'actions/upload-artifact@043fb46d1a93c77aae656e7c1c64a875d1fc6a0a' (SHA:043fb46d1a93c77aae656e7c1c64a875d1fc6a0a)
build / build-image (linux/amd64, ubuntu-latest, false)	UNKNOWN STEP	2026-10-09T09:58:33.2990369Z Uses: consensys-vertical-apps/shared-services-workflows/.github/workflows/docker-build-and-validate.yml@refs/tags/v1.19.1 (ee5456cf63f32f96987af955f66bd6b1b8b5cbd8)
build / build-image (linux/amd64, ubuntu-latest, false)	UNKNOWN STEP	2026-10-09T09:58:33.2994870Z ##[group] Inputs
build / build-image (linux/amd64, ubuntu-latest, false)	UNKNOWN STEP	2026-10-09T09:58:33.2995625Z   trivy_enabled: true
build / build-image (linux/amd64, ubuntu-latest, false)	UNKNOWN STEP	2026-10-09T09:58:33.2995963Z   trivy_ignore_failure: true
build / build-image (linux/amd64, ubuntu-latest, false)	UNKNOWN STEP	2026-10-09T09:58:33.2996300Z   trivy_severity: CRITICAL
build / build-image (linux/amd64, ubuntu-latest, false)	UNKNOWN STEP	2026-10-09T09:58:33.2996617Z   trivy_skip_db_updates: false
build / build-image (linux/amd64, ubuntu-latest, false)	UNKNOWN STEP	2026-10-09T09:58:33.2996947Z   trivy_skip_java_db_updates: false
build / build-image (linux/amd64, ubuntu-latest, false)	UNKNOWN STEP	2026-10-09T09:58:33.2997287Z   kics_enabled: true
build / build-image (linux/amd64, ubuntu-latest, false)	UNKNOWN STEP	2026-10-09T09:58:33.2997587Z   kics_fails_on: critical,high
build / build-image (linux/amd64, ubuntu-latest, false)	UNKNOWN STEP	2026-10-09T09:58:33.2997918Z   kics_ignore_failure: false
build / build-image (linux/amd64, ubuntu-latest, false)	UNKNOWN STEP	2026-10-09T09:58:33.2998599Z   checkout_repository: consensys-vertical-apps/va-mmcx-terminal
build / build-image (linux/amd64, ubuntu-latest, false)	UNKNOWN STEP	2026-10-09T09:58:33.2999064Z   checkout_ref: 
build / build-image (linux/amd64, ubuntu-latest, false)	UNKNOWN STEP	2026-10-09T09:58:33.2999345Z   docker_build_context: .
build / build-image (linux/amd64, ubuntu-latest, false)	UNKNOWN STEP	2026-10-09T09:58:33.2999640Z   file: 
build / build-image (linux/amd64, ubuntu-latest, false)	UNKNOWN STEP	2026-10-09T09:58:33.2999913Z   artifact_path: build.tar
build / build-image (linux/amd64, ubuntu-latest, false)	UNKNOWN STEP	2026-10-09T09:58:33.3000239Z   artifact_name: build
build / build-image (linux/amd64, ubuntu-latest, false)	UNKNOWN STEP	2026-10-09T09:58:33.3000552Z   artifact_suffix: 
build / build-image (linux/amd64, ubuntu-latest, false)	UNKNOWN STEP	2026-10-09T09:58:33.3000899Z   github_advanced_security_enabled: true
build / build-image (linux/amd64, ubuntu-latest, false)	UNKNOWN STEP	2026-10-09T09:58:33.3001364Z   aws_role: arn:aws:iam::471636589850:role/ecr-github-public-cache-pull
build / build-image (linux/amd64, ubuntu-latest, false)	UNKNOWN STEP	2026-10-09T09:58:33.3001816Z   aws_region: us-east-2
build / build-image (linux/amd64, ubuntu-latest, false)	UNKNOWN STEP	2026-10-09T09:58:33.3002105Z   aws_registries: 
build / build-image (linux/amd64, ubuntu-latest, false)	UNKNOWN STEP	2026-10-09T09:58:33.3002384Z   version: 
build / build-image (linux/amd64, ubuntu-latest, false)	UNKNOWN STEP	2026-10-09T09:58:33.3002650Z   jfrog_auth_enabled: true
build / build-image (linux/amd64, ubuntu-latest, false)	UNKNOWN STEP	2026-10-09T09:58:33.3002995Z   jfrog_url: https://consensys.jfrog.io
build / build-image (linux/amd64, ubuntu-latest, false)	UNKNOWN STEP	2026-10-09T09:58:33.3003361Z   jfrog_oidc_provider_name: github
build / build-image (linux/amd64, ubuntu-latest, false)	UNKNOWN STEP	2026-10-09T09:58:33.3003703Z   jfrog_audience: consensys.jfrog.io
build / build-image (linux/amd64, ubuntu-latest, false)	UNKNOWN STEP	2026-10-09T09:58:33.3004040Z   git_submodules: false
build / build-image (linux/amd64, ubuntu-latest, false)	UNKNOWN STEP	2026-10-09T09:58:33.3004344Z   platforms: linux/amd64
build / build-image (linux/amd64, ubuntu-latest, false)	UNKNOWN STEP	2026-10-09T09:58:33.3004646Z   native_build: false
build / build-image (linux/amd64, ubuntu-latest, false)	UNKNOWN STEP	2026-10-09T09:58:33.3004935Z   token_exchange_url: 
build / build-image (linux/amd64, ubuntu-latest, false)	UNKNOWN STEP	2026-10-09T09:58:33.3005225Z   target_repos: 
build / build-image (linux/amd64, ubuntu-latest, false)	UNKNOWN STEP	2026-10-09T09:58:33.3005512Z ##[endgroup]
build / build-image (linux/amd64, ubuntu-latest, false)	UNKNOWN STEP	2026-10-09T09:58:33.3006052Z Complete job name: build / build-image (linux/amd64, ubuntu-latest, false)
build / build-image (linux/amd64, ubuntu-latest, false)	UNKNOWN STEP	2026-10-09T09:58:33.3814850Z ##[group]Run consensys-vertical-apps/shared-services-workflows/.github/actions/wiz-sensor@ee5456cf63f32f96987af955f66bd6b1b8b5cbd8
build / build-image (linux/amd64, ubuntu-latest, false)	UNKNOWN STEP	2026-10-09T09:58:33.3816275Z with:
build / build-image (linux/amd64, ubuntu-latest, false)	UNKNOWN STEP	2026-10-09T09:58:33.3816770Z   enabled: false
build / build-image (linux/amd64, ubuntu-latest, false)	UNKNOWN STEP	2026-10-09T09:58:33.3818949Z   token: ***
build / build-image (linux/amd64, ubuntu-latest, false)	UNKNOWN STEP	2026-10-09T09:58:33.3819744Z ##[endgroup]
build / build-image (linux/amd64, ubuntu-latest, false)	UNKNOWN STEP	2026-10-09T09:58:33.3910040Z ##[start-action display=Skip Wiz sensor;id=__self.__run]
build / build-image (linux/amd64, ubuntu-latest, false)	UNKNOWN STEP	2026-10-09T09:58:33.3992711Z ##[group]Run if [ "$WIZ_RUNNER_OS" != "Linux" ]; then
build / build-image (linux/amd64, ubuntu-latest, false)	UNKNOWN STEP	2026-10-09T09:58:33.3993558Z ^[[36;1mif [ "$WIZ_RUNNER_OS" != "Linux" ]; then^[[0m
build / build-image (linux/amd64, ubuntu-latest, false)	UNKNOWN STEP	2026-10-09T09:58:33.3994467Z ^[[36;1m  echo "::notice title=Wiz sensor::Skipped because the runner OS is $***WIZ_RUNNER_OS***."^[[0m
build / build-image (linux/amd64, ubuntu-latest, false)	UNKNOWN STEP	2026-10-09T09:58:33.3995258Z ^[[36;1melif [ "$WIZ_SENSOR_ENABLED" != "true" ]; then^[[0m
build / build-image (linux/amd64, ubuntu-latest, false)	UNKNOWN STEP	2026-10-09T09:58:33.3996030Z ^[[36;1m  echo "::notice title=Wiz sensor::Skipped because WIZ_SENSOR_ENABLED is not true."^[[0m
build / build-image (linux/amd64, ubuntu-latest, false)	UNKNOWN STEP	2026-10-09T09:58:33.3996741Z ^[[36;1melse^[[0m
build / build-image (linux/amd64, ubuntu-latest, false)	UNKNOWN STEP	2026-10-09T09:58:33.3997465Z ^[[36;1m  echo "::notice title=Wiz sensor::Skipped because WIZ_SENSOR_TOKEN is not set."^[[0m
build / build-image (linux/amd64, ubuntu-latest, false)	UNKNOWN STEP	2026-10-09T09:58:33.3998376Z ^[[36;1mfi^[[0m
build / build-image (linux/amd64, ubuntu-latest, false)	UNKNOWN STEP	2026-10-09T09:58:33.4330314Z shell: /usr/bin/bash --noprofile --norc -e -o pipefail ***0***
build / build-image (linux/amd64, ubuntu-latest, false)	UNKNOWN STEP	2026-10-09T09:58:33.4331002Z env:
build / build-image (linux/amd64, ubuntu-latest, false)	UNKNOWN STEP	2026-10-09T09:58:33.4331353Z   WIZ_SENSOR_ENABLED: false
build / build-image (linux/amd64, ubuntu-latest, false)	UNKNOWN STEP	2026-10-09T09:58:33.4331777Z   WIZ_SENSOR_TOKEN_SET: true
build / build-image (linux/amd64, ubuntu-latest, false)	UNKNOWN STEP	2026-10-09T09:58:33.4332185Z   WIZ_RUNNER_OS: Linux
build / build-image (linux/amd64, ubuntu-latest, false)	UNKNOWN STEP	2026-10-09T09:58:33.4332560Z ##[endgroup]
build / build-image (linux/amd64, ubuntu-latest, false)	UNKNOWN STEP	2026-10-09T09:58:33.4542696Z ##[notice]Skipped because WIZ_SENSOR_ENABLED is not true.
build / build-image (linux/amd64, ubuntu-latest, false)	UNKNOWN STEP	2026-10-09T09:58:33.4606719Z ##[end-action id=__self.__run;outcome=success;conclusion=success;duration_ms=69]
build / build-image (linux/amd64, ubuntu-latest, false)	UNKNOWN STEP	2026-10-09T09:58:33.4611748Z ##[start-action display=Mask Wiz sensor token fields;id=__self.mask-wiz-sensor-token]
build / build-image (linux/amd64, ubuntu-latest, false)	UNKNOWN STEP	2026-10-09T09:58:33.4624507Z ##[end-action id=__self.mask-wiz-sensor-token;outcome=skipped;conclusion=skipped;duration_ms=0]
build / build-image (linux/amd64, ubuntu-latest, false)	UNKNOWN STEP	2026-10-09T09:58:33.4627180Z ##[start-action display=Start Wiz sensor;id=__self.__wiz-sec-public_wiz-sensor-github-action]
build / build-image (linux/amd64, ubuntu-latest, false)	UNKNOWN STEP	2026-10-09T09:58:33.4634395Z ##[end-action id=__self.__wiz-sec-public_wiz-sensor-github-action;outcome=skipped;conclusion=skipped;duration_ms=0]
build / build-image (linux/amd64, ubuntu-latest, false)	UNKNOWN STEP	2026-10-09T09:58:33.4727845Z ##[group]Run SUFFIX=""
build / build-image (linux/amd64, ubuntu-latest, false)	UNKNOWN STEP	2026-10-09T09:58:33.4728529Z ^[[36;1mSUFFIX=""^[[0m
build / build-image (linux/amd64, ubuntu-latest, false)	UNKNOWN STEP	2026-10-09T09:58:33.4728838Z ^[[36;1mNATIVE='false'^[[0m
build / build-image (linux/amd64, ubuntu-latest, false)	UNKNOWN STEP	2026-10-09T09:58:33.4729142Z ^[[36;1mif [ -n "" ]; then^[[0m
build / build-image (linux/amd64, ubuntu-latest, false)	UNKNOWN STEP	2026-10-09T09:58:33.4729582Z ^[[36;1m  [ -n "$SUFFIX" ] && SUFFIX="$***SUFFIX***-" || SUFFIX=""^[[0m
build / build-image (linux/amd64, ubuntu-latest, false)	UNKNOWN STEP	2026-10-09T09:58:33.4730024Z ^[[36;1mfi^[[0m
build / build-image (linux/amd64, ubuntu-latest, false)	UNKNOWN STEP	2026-10-09T09:58:33.4730296Z ^[[36;1mif [ -n "$SUFFIX" ]; then^[[0m
build / build-image (linux/amd64, ubuntu-latest, false)	UNKNOWN STEP	2026-10-09T09:58:33.4730725Z ^[[36;1m  echo "artifact_name=build-$***SUFFIX***" >> $GITHUB_OUTPUT^[[0m
build / build-image (linux/amd64, ubuntu-latest, false)	UNKNOWN STEP	2026-10-09T09:58:33.4731183Z ^[[36;1m  ARTIFACT_PATH="build.tar"^[[0m
build / build-image (linux/amd64, ubuntu-latest, false)	UNKNOWN STEP	2026-10-09T09:58:33.4731555Z ^[[36;1m  if [[ "$ARTIFACT_PATH" == *.tar ]]; then^[[0m
build / build-image (linux/amd64, ubuntu-latest, false)	UNKNOWN STEP	2026-10-09T09:58:33.4732079Z ^[[36;1m    echo "artifact_path=$***ARTIFACT_PATH%.tar***-$***SUFFIX***.tar" >> $GITHUB_OUTPUT^[[0m
build / build-image (linux/amd64, ubuntu-latest, false)	UNKNOWN STEP	2026-10-09T09:58:33.4732584Z ^[[36;1m  else^[[0m
build / build-image (linux/amd64, ubuntu-latest, false)	UNKNOWN STEP	2026-10-09T09:58:33.4732978Z ^[[36;1m    echo "artifact_path=$***ARTIFACT_PATH***-$***SUFFIX***" >> $GITHUB_OUTPUT^[[0m
build / build-image (linux/amd64, ubuntu-latest, false)	UNKNOWN STEP	2026-10-09T09:58:33.4733459Z ^[[36;1m  fi^[[0m
build / build-image (linux/amd64, ubuntu-latest, false)	UNKNOWN STEP	2026-10-09T09:58:33.4733767Z ^[[36;1melse^[[0m
build / build-image (linux/amd64, ubuntu-latest, false)	UNKNOWN STEP	2026-10-09T09:58:33.4734078Z ^[[36;1m  echo "artifact_name=build" >> $GITHUB_OUTPUT^[[0m
build / build-image (linux/amd64, ubuntu-latest, false)	UNKNOWN STEP	2026-10-09T09:58:33.4734538Z ^[[36;1m  echo "artifact_path=build.tar" >> $GITHUB_OUTPUT^[[0m
build / build-image (linux/amd64, ubuntu-latest, false)	UNKNOWN STEP	2026-10-09T09:58:33.4734930Z ^[[36;1mfi^[[0m
build / build-image (linux/amd64, ubuntu-latest, false)	UNKNOWN STEP	2026-10-09T09:58:33.4735353Z ^[[36;1m# Emulated: upload as -raw to avoid 409 conflict with merge-artifacts upload^[[0m
build / build-image (linux/amd64, ubuntu-latest, false)	UNKNOWN STEP	2026-10-09T09:58:33.4735857Z ^[[36;1mif [ "$NATIVE" != "true" ]; then^[[0m
build / build-image (linux/amd64, ubuntu-latest, false)	UNKNOWN STEP	2026-10-09T09:58:33.4736260Z ^[[36;1m  echo "upload_name=build-raw" >> $GITHUB_OUTPUT^[[0m
build / build-image (linux/amd64, ubuntu-latest, false)	UNKNOWN STEP	2026-10-09T09:58:33.4736652Z ^[[36;1melse^[[0m
build / build-image (linux/amd64, ubuntu-latest, false)	UNKNOWN STEP	2026-10-09T09:58:33.4737207Z ^[[36;1m  [ -n "$SUFFIX" ] && echo "upload_name=build-$***SUFFIX***" >> $GITHUB_OUTPUT || echo "upload_name=build" >> $GITHUB_OUTPUT^[[0m
build / build-image (linux/amd64, ubuntu-latest, false)	UNKNOWN STEP	2026-10-09T09:58:33.4737811Z ^[[36;1mfi^[[0m
build / build-image (linux/amd64, ubuntu-latest, false)	UNKNOWN STEP	2026-10-09T09:58:33.4798449Z shell: /usr/bin/bash --noprofile --norc -e -o pipefail ***0***
build / build-image (linux/amd64, ubuntu-latest, false)	UNKNOWN STEP	2026-10-09T09:58:33.4798989Z ##[endgroup]
build / build-image (linux/amd64, ubuntu-latest, false)	UNKNOWN STEP	2026-10-09T09:58:33.5035333Z ##[group]Run jfrog/setup-jfrog-cli@deda456d982fc5e9a7a020b63eb0d2968aedd33e
build / build-image (linux/amd64, ubuntu-latest, false)	UNKNOWN STEP	2026-10-09T09:58:33.5035972Z with:
build / build-image (linux/amd64, ubuntu-latest, false)	UNKNOWN STEP	2026-10-09T09:58:33.5036308Z   oidc-provider-name: github
build / build-image (linux/amd64, ubuntu-latest, false)	UNKNOWN STEP	2026-10-09T09:58:33.5036681Z   oidc-audience: consensys.jfrog.io
build / build-image (linux/amd64, ubuntu-latest, false)	UNKNOWN STEP	2026-10-09T09:58:33.5037049Z   version: 2.91.0
build / build-image (linux/amd64, ubuntu-latest, false)	UNKNOWN STEP	2026-10-09T09:58:33.5037362Z   disable-job-summary: false
build / build-image (linux/amd64, ubuntu-latest, false)	UNKNOWN STEP	2026-10-09T09:58:33.5037708Z   disable-auto-build-publish: false
build / build-image (linux/amd64, ubuntu-latest, false)	UNKNOWN STEP	2026-10-09T09:58:33.5038421Z   disable-auto-evidence-collection: false
build / build-image (linux/amd64, ubuntu-latest, false)	UNKNOWN STEP	2026-10-09T09:58:33.5039050Z   enable-package-alias: false
build / build-image (linux/amd64, ubuntu-latest, false)	UNKNOWN STEP	2026-10-09T09:58:33.5039557Z env:
build / build-image (linux/amd64, ubuntu-latest, false)	UNKNOWN STEP	2026-10-09T09:58:33.5039949Z   JF_URL: https://consensys.jfrog.io
build / build-image (linux/amd64, ubuntu-latest, false)	UNKNOWN STEP	2026-10-09T09:58:33.5040320Z ##[endgroup]
build / build-image (linux/amd64, ubuntu-latest, false)	UNKNOWN STEP	2026-10-09T09:58:33.6820126Z ##[group]Setup JFrog CLI
build / build-image (linux/amd64, ubuntu-latest, false)	UNKNOWN STEP	2026-10-09T09:58:33.6929854Z Downloading JFrog CLI from https://releases.jfrog.io/artifactory/jfrog-cli/v2/2.91.0/jfrog-cli-linux-amd64/jfrog
build / build-image (linux/amd64, ubuntu-latest, false)	UNKNOWN STEP	2026-10-09T09:58:35.2538778Z [command]/opt/hostedtoolcache/jf/2.91.0/x64/jf config add setup-jfrog-cli-server --url https://consensys.jfrog.io --interactive=false --overwrite=true --access-token ***
build / build-image (linux/amd64, ubuntu-latest, false)	UNKNOWN STEP	2026-10-09T09:58:35.2860656Z ##[endgroup]
build / build-image (linux/amd64, ubuntu-latest, false)	UNKNOWN STEP	2026-10-09T09:58:35.3604274Z ##[group]Run if [ -n "" ]; then
build / build-image (linux/amd64, ubuntu-latest, false)	UNKNOWN STEP	2026-10-09T09:58:35.3605000Z ^[[36;1mif [ -n "" ]; then^[[0m
build / build-image (linux/amd64, ubuntu-latest, false)	UNKNOWN STEP	2026-10-09T09:58:35.3605614Z ^[[36;1m  echo "FILE=" >> $GITHUB_ENV^[[0m
build / build-image (linux/amd64, ubuntu-latest, false)	UNKNOWN STEP	2026-10-09T09:58:35.3606223Z ^[[36;1melse^[[0m
build / build-image (linux/amd64, ubuntu-latest, false)	UNKNOWN STEP	2026-10-09T09:58:35.3606779Z ^[[36;1m  echo "FILE=./Dockerfile" >> $GITHUB_ENV^[[0m
build / build-image (linux/amd64, ubuntu-latest, false)	UNKNOWN STEP	2026-10-09T09:58:35.3607453Z ^[[36;1mfi^[[0m
build / build-image (linux/amd64, ubuntu-latest, false)	UNKNOWN STEP	2026-10-09T09:58:35.3674023Z shell: /usr/bin/bash -e ***0***
build / build-image (linux/amd64, ubuntu-latest, false)	UNKNOWN STEP	2026-10-09T09:58:35.3674461Z env:
build / build-image (linux/amd64, ubuntu-latest, false)	UNKNOWN STEP	2026-10-09T09:58:35.3675093Z   JFROG_CLI_ENV_EXCLUDE: *password*;*secret*;*key*;*token*;*auth*;JF_ARTIFACTORY_*;JF_ENV_*;JF_URL;JF_USER;JF_PASSWORD;JF_ACCESS_TOKEN
build / build-image (linux/amd64, ubuntu-latest, false)	UNKNOWN STEP	2026-10-09T09:58:35.3675781Z   JFROG_CLI_OFFER_CONFIG: false
build / build-image (linux/amd64, ubuntu-latest, false)	UNKNOWN STEP	2026-10-09T09:58:35.3676143Z   JFROG_CLI_AVOID_NEW_VERSION_WARNING: true
build / build-image (linux/amd64, ubuntu-latest, false)	UNKNOWN STEP	2026-10-09T09:58:35.3676654Z   JFROG_CLI_SOURCECODE_REPOSITORY: consensys-vertical-apps/va-mmcx-terminal
build / build-image (linux/amd64, ubuntu-latest, false)	UNKNOWN STEP	2026-10-09T09:58:35.3677204Z   JFROG_CLI_CI_JOB_ID: Validate PR
build / build-image (linux/amd64, ubuntu-latest, false)	UNKNOWN STEP	2026-10-09T09:58:35.3678000Z   JFROG_CLI_CI_RUN_ID: 37913247520
build / build-image (linux/amd64, ubuntu-latest, false)	UNKNOWN STEP	2026-10-09T09:58:35.3678914Z   JFROG_CLI_GITHUB_TOKEN: 
build / build-image (linux/amd64, ubuntu-latest, false)	UNKNOWN STEP	2026-10-09T09:58:35.3679357Z   JFROG_CLI_CI_VCS_REVISION: bdb22ba93a496cf95b8f6c4ed04828cc9159a87f
build / build-image (linux/amd64, ubuntu-latest, false)	UNKNOWN STEP	2026-10-09T09:58:35.3679846Z   JFROG_CLI_CI_BRANCH: 176/merge
build / build-image (linux/amd64, ubuntu-latest, false)	UNKNOWN STEP	2026-10-09T09:58:35.3680359Z   JFROG_CLI_CI_VCS_URL: https://github.com/consensys-vertical-apps/va-mmcx-terminal
build / build-image (linux/amd64, ubuntu-latest, false)	UNKNOWN STEP	2026-10-09T09:58:35.3680904Z   JFROG_CLI_BUILD_NAME: Validate PR
build / build-image (linux/amd64, ubuntu-latest, false)	UNKNOWN STEP	2026-10-09T09:58:35.3681265Z   JFROG_CLI_BUILD_NUMBER: 814
build / build-image (linux/amd64, ubuntu-latest, false)	UNKNOWN STEP	2026-10-09T09:58:35.3681839Z   JFROG_CLI_BUILD_URL: https://github.com/consensys-vertical-apps/va-mmcx-terminal/actions/runs/37913247520
build / build-image (linux/amd64, ubuntu-latest, false)	UNKNOWN STEP	2026-10-09T09:58:35.3682518Z   JFROG_CLI_USER_AGENT: setup-jfrog-cli-github-action/5.1.0
build / build-image (linux/amd64, ubuntu-latest, false)	UNKNOWN STEP	2026-10-09T09:58:35.3683038Z   JFROG_CLI_COMMAND_SUMMARY_OUTPUT_DIR: /home/runner/work/_temp
build / build-image (linux/amd64, ubuntu-latest, false)	UNKNOWN STEP	2026-10-09T09:58:35.3683543Z   JFROG_CLI_USAGE_GH_TOKEN_FOR_CODE_SCANNING_ALERTS_PROVIDED: 
build / build-image (linux/amd64, ubuntu-latest, false)	UNKNOWN STEP	2026-10-09T09:58:35.3684042Z   SETUP_JFROG_CLI_SERVER_IDS: setup-jfrog-cli-server
build / build-image (linux/amd64, ubuntu-latest, false)	UNKNOWN STEP	2026-10-09T09:58:35.3684448Z ##[endgroup]
build / build-image (linux/amd64, ubuntu-latest, false)	UNKNOWN STEP	2026-10-09T09:58:35.3907335Z ##[group]Run consensys-vertical-apps/shared-services-workflows/.github/actions/docker-build@0ad0566241bddeb4f6b3b5f310b368a89283e7df
build / build-image (linux/amd64, ubuntu-latest, false)	UNKNOWN STEP	2026-10-09T09:58:35.3908329Z with:
build / build-image (linux/amd64, ubuntu-latest, false)	UNKNOWN STEP	2026-10-09T09:58:35.3908788Z   checkout_repository: consensys-vertical-apps/va-mmcx-terminal
build / build-image (linux/amd64, ubuntu-latest, false)	UNKNOWN STEP	2026-10-09T09:58:35.3909261Z   docker_build_context: .
build / build-image (linux/amd64, ubuntu-latest, false)	UNKNOWN STEP	2026-10-09T09:58:35.3909744Z   file: ./Dockerfile
build / build-image (linux/amd64, ubuntu-latest, false)	UNKNOWN STEP	2026-10-09T09:58:35.3922007Z   docker_build_args: ***
build / build-image (linux/amd64, ubuntu-latest, false)	UNKNOWN STEP	
build / build-image (linux/amd64, ubuntu-latest, false)	UNKNOWN STEP	JFROG_ACCESS_TOKEN=***
build / build-image (linux/amd64, ubuntu-latest, false)	UNKNOWN STEP	GITHUB_ACCESS_TOKEN=
build / build-image (linux/amd64, ubuntu-latest, false)	UNKNOWN STEP	
build / build-image (linux/amd64, ubuntu-latest, false)	UNKNOWN STEP	2026-10-09T09:58:35.3922529Z   artifact_path: build.tar
build / build-image (linux/amd64, ubuntu-latest, false)	UNKNOWN STEP	2026-10-09T09:58:35.3922861Z   artifact_name: build-raw
build / build-image (linux/amd64, ubuntu-latest, false)	UNKNOWN STEP	2026-10-09T09:58:35.3923290Z   aws_role: arn:aws:iam::471636589850:role/ecr-github-public-cache-pull
build / build-image (linux/amd64, ubuntu-latest, false)	UNKNOWN STEP	2026-10-09T09:58:35.3923758Z   aws_region: us-east-2
build / build-image (linux/amd64, ubuntu-latest, false)	UNKNOWN STEP	2026-10-09T09:58:35.3924064Z   git_submodules: false
build / build-image (linux/amd64, ubuntu-latest, false)	UNKNOWN STEP	2026-10-09T09:58:35.3924366Z   platforms: linux/amd64
build / build-image (linux/amd64, ubuntu-latest, false)	UNKNOWN STEP	2026-10-09T09:58:35.3924677Z   native_build: false
build / build-image (linux/amd64, ubuntu-latest, false)	UNKNOWN STEP	2026-10-09T09:58:35.3924968Z env:
build / build-image (linux/amd64, ubuntu-latest, false)	UNKNOWN STEP	2026-10-09T09:58:35.3925591Z   JFROG_CLI_ENV_EXCLUDE: *password*;*secret*;*key*;*token*;*auth*;JF_ARTIFACTORY_*;JF_ENV_*;JF_URL;JF_USER;JF_PASSWORD;JF_ACCESS_TOKEN
build / build-image (linux/amd64, ubuntu-latest, false)	UNKNOWN STEP	2026-10-09T09:58:35.3926266Z   JFROG_CLI_OFFER_CONFIG: false
build / build-image (linux/amd64, ubuntu-latest, false)	UNKNOWN STEP	2026-10-09T09:58:35.3926615Z   JFROG_CLI_AVOID_NEW_VERSION_WARNING: true
build / build-image (linux/amd64, ubuntu-latest, false)	UNKNOWN STEP	2026-10-09T09:58:35.3927109Z   JFROG_CLI_SOURCECODE_REPOSITORY: consensys-vertical-apps/va-mmcx-terminal
build / build-image (linux/amd64, ubuntu-latest, false)	UNKNOWN STEP	2026-10-09T09:58:35.3927608Z   JFROG_CLI_CI_JOB_ID: Validate PR
build / build-image (linux/amd64, ubuntu-latest, false)	UNKNOWN STEP	2026-10-09T09:58:35.3927962Z   JFROG_CLI_CI_RUN_ID: 37913247520
build / build-image (linux/amd64, ubuntu-latest, false)	UNKNOWN STEP	2026-10-09T09:58:35.3928720Z   JFROG_CLI_GITHUB_TOKEN: 
build / build-image (linux/amd64, ubuntu-latest, false)	UNKNOWN STEP	2026-10-09T09:58:35.3929158Z   JFROG_CLI_CI_VCS_REVISION: bdb22ba93a496cf95b8f6c4ed04828cc9159a87f
build / build-image (linux/amd64, ubuntu-latest, false)	UNKNOWN STEP	2026-10-09T09:58:35.3929641Z   JFROG_CLI_CI_BRANCH: 176/merge
build / build-image (linux/amd64, ubuntu-latest, false)	UNKNOWN STEP	2026-10-09T09:58:35.3930137Z   JFROG_CLI_CI_VCS_URL: https://github.com/consensys-vertical-apps/va-mmcx-terminal
build / build-image (linux/amd64, ubuntu-latest, false)	UNKNOWN STEP	2026-10-09T09:58:35.3930673Z   JFROG_CLI_BUILD_NAME: Validate PR
build / build-image (linux/amd64, ubuntu-latest, false)	UNKNOWN STEP	2026-10-09T09:58:35.3931027Z   JFROG_CLI_BUILD_NUMBER: 814
build / build-image (linux/amd64, ubuntu-latest, false)	UNKNOWN STEP	2026-10-09T09:58:35.3931601Z   JFROG_CLI_BUILD_URL: https://github.com/consensys-vertical-apps/va-mmcx-terminal/actions/runs/37913247520
build / build-image (linux/amd64, ubuntu-latest, false)	UNKNOWN STEP	2026-10-09T09:58:35.3932285Z   JFROG_CLI_USER_AGENT: setup-jfrog-cli-github-action/5.1.0
build / build-image (linux/amd64, ubuntu-latest, false)	UNKNOWN STEP	2026-10-09T09:58:35.3932789Z   JFROG_CLI_COMMAND_SUMMARY_OUTPUT_DIR: /home/runner/work/_temp
build / build-image (linux/amd64, ubuntu-latest, false)	UNKNOWN STEP	2026-10-09T09:58:35.3933286Z   JFROG_CLI_USAGE_GH_TOKEN_FOR_CODE_SCANNING_ALERTS_PROVIDED: 
build / build-image (linux/amd64, ubuntu-latest, false)	UNKNOWN STEP	2026-10-09T09:58:35.3933767Z   SETUP_JFROG_CLI_SERVER_IDS: setup-jfrog-cli-server
build / build-image (linux/amd64, ubuntu-latest, false)	UNKNOWN STEP	2026-10-09T09:58:35.3934169Z   FILE: ./Dockerfile
build / build-image (linux/amd64, ubuntu-latest, false)	UNKNOWN STEP	2026-10-09T09:58:35.3934456Z ##[endgroup]
build / build-image (linux/amd64, ubuntu-latest, false)	UNKNOWN STEP	2026-10-09T09:58:35.3943546Z ##[start-action display=Checkout;id=__consensys-vertical-apps_shared-services-workflows.__actions_checkout]
build / build-image (linux/amd64, ubuntu-latest, false)	UNKNOWN STEP	2026-10-09T09:58:35.4011286Z ##[group]Run actions/checkout@df4cb1c069e1874edd31b4311f1884172cec0e10
build / build-image (linux/amd64, ubuntu-latest, false)	UNKNOWN STEP	2026-10-09T09:58:35.4011787Z with:
build / build-image (linux/amd64, ubuntu-latest, false)	UNKNOWN STEP	2026-10-09T09:58:35.4012151Z   repository: consensys-vertical-apps/va-mmcx-terminal
build / build-image (linux/amd64, ubuntu-latest, false)	UNKNOWN STEP	2026-10-09T09:58:35.4012581Z   submodules: false
build / build-image (linux/amd64, ubuntu-latest, false)	UNKNOWN STEP	2026-10-09T09:58:35.4015233Z   token: ***
build / build-image (linux/amd64, ubuntu-latest, false)	UNKNOWN STEP	2026-10-09T09:58:35.4015767Z   ssh-strict: true
build / build-image (linux/amd64, ubuntu-latest, false)	UNKNOWN STEP	2026-10-09T09:58:35.4016272Z   ssh-user: git
build / build-image (linux/amd64, ubuntu-latest, false)	UNKNOWN STEP	2026-10-09T09:58:35.4016827Z   persist-credentials: true
build / build-image (linux/amd64, ubuntu-latest, false)	UNKNOWN STEP	2026-10-09T09:58:35.4017168Z   clean: true
build / build-image (linux/amd64, ubuntu-latest, false)	UNKNOWN STEP	2026-10-09T09:58:35.4017472Z   sparse-checkout-cone-mode: true
build / build-image (linux/amd64, ubuntu-latest, false)	UNKNOWN STEP	2026-10-09T09:58:35.4017826Z   fetch-depth: 1
build / build-image (linux/amd64, ubuntu-latest, false)	UNKNOWN STEP	2026-10-09T09:58:35.4018324Z   fetch-tags: false
build / build-image (linux/amd64, ubuntu-latest, false)	UNKNOWN STEP	2026-10-09T09:58:35.4018636Z   show-progress: true
build / build-image (linux/amd64, ubuntu-latest, false)	UNKNOWN STEP	2026-10-09T09:58:35.4018933Z   lfs: false
build / build-image (linux/amd64, ubuntu-latest, false)	UNKNOWN STEP	2026-10-09T09:58:35.4019222Z   set-safe-directory: true
build / build-image (linux/amd64, ubuntu-latest, false)	UNKNOWN STEP	2026-10-09T09:58:35.4019534Z env:
build / build-image (linux/amd64, ubuntu-latest, false)	UNKNOWN STEP	2026-10-09T09:58:35.4020122Z   JFROG_CLI_ENV_EXCLUDE: *password*;*secret*;*key*;*token*;*auth*;JF_ARTIFACTORY_*;JF_ENV_*;JF_URL;JF_USER;JF_PASSWORD;JF_ACCESS_TOKEN
build / build-image (linux/amd64, ubuntu-latest, false)	UNKNOWN STEP	2026-10-09T09:58:35.4020801Z   JFROG_CLI_OFFER_CONFIG: false
build / build-image (linux/amd64, ubuntu-latest, false)	UNKNOWN STEP	2026-10-09T09:58:35.4021154Z   JFROG_CLI_AVOID_NEW_VERSION_WARNING: true
build / build-image (linux/amd64, ubuntu-latest, false)	UNKNOWN STEP	2026-10-09T09:58:35.4021648Z   JFROG_CLI_SOURCECODE_REPOSITORY: consensys-vertical-apps/va-mmcx-terminal
build / build-image (linux/amd64, ubuntu-latest, false)	UNKNOWN STEP	2026-10-09T09:58:35.4022153Z   JFROG_CLI_CI_JOB_ID: Validate PR
build / build-image (linux/amd64, ubuntu-latest, false)	UNKNOWN STEP	2026-10-09T09:58:35.4022508Z   JFROG_CLI_CI_RUN_ID: 37913247520
build / build-image (linux/amd64, ubuntu-latest, false)	UNKNOWN STEP	2026-10-09T09:58:35.4022846Z   JFROG_CLI_GITHUB_TOKEN: 
build / build-image (linux/amd64, ubuntu-latest, false)	UNKNOWN STEP	2026-10-09T09:58:35.4023503Z   JFROG_CLI_CI_VCS_REVISION: bdb22ba93a496cf95b8f6c4ed04828cc9159a87f
build / build-image (linux/amd64, ubuntu-latest, false)	UNKNOWN STEP	2026-10-09T09:58:35.4023979Z   JFROG_CLI_CI_BRANCH: 176/merge
build / build-image (linux/amd64, ubuntu-latest, false)	UNKNOWN STEP	2026-10-09T09:58:35.4024469Z   JFROG_CLI_CI_VCS_URL: https://github.com/consensys-vertical-apps/va-mmcx-terminal
build / build-image (linux/amd64, ubuntu-latest, false)	UNKNOWN STEP	2026-10-09T09:58:35.4025005Z   JFROG_CLI_BUILD_NAME: Validate PR
build / build-image (linux/amd64, ubuntu-latest, false)	UNKNOWN STEP	2026-10-09T09:58:35.4025529Z   JFROG_CLI_BUILD_NUMBER: 814
build / build-image (linux/amd64, ubuntu-latest, false)	UNKNOWN STEP	2026-10-09T09:58:35.4026500Z   JFROG_CLI_BUILD_URL: https://github.com/consensys-vertical-apps/va-mmcx-terminal/actions/runs/37913247520
build / build-image (linux/amd64, ubuntu-latest, false)	UNKNOWN STEP	2026-10-09T09:58:35.4027618Z   JFROG_CLI_USER_AGENT: setup-jfrog-cli-github-action/5.1.0
build / build-image (linux/amd64, ubuntu-latest, false)	UNKNOWN STEP	2026-10-09T09:58:35.4028706Z   JFROG_CLI_COMMAND_SUMMARY_OUTPUT_DIR: /home/runner/work/_temp
build / build-image (linux/amd64, ubuntu-latest, false)	UNKNOWN STEP	2026-10-09T09:58:35.4029653Z   JFROG_CLI_USAGE_GH_TOKEN_FOR_CODE_SCANNING_ALERTS_PROVIDED: 
build / build-image (linux/amd64, ubuntu-latest, false)	UNKNOWN STEP	2026-10-09T09:58:35.4030472Z   SETUP_JFROG_CLI_SERVER_IDS: setup-jfrog-cli-server
build / build-image (linux/amd64, ubuntu-latest, false)	UNKNOWN STEP	2026-10-09T09:58:35.4030980Z   FILE: ./Dockerfile
build / build-image (linux/amd64, ubuntu-latest, false)	UNKNOWN STEP	2026-10-09T09:58:35.4031270Z ##[endgroup]
build / build-image (linux/amd64, ubuntu-latest, false)	UNKNOWN STEP	2026-10-09T09:58:35.5239871Z Syncing repository: consensys-vertical-apps/va-mmcx-terminal
build / build-image (linux/amd64, ubuntu-latest, false)	UNKNOWN STEP	2026-10-09T09:58:35.5241610Z ##[group]Getting Git version info
build / build-image (linux/amd64, ubuntu-latest, false)	UNKNOWN STEP	2026-10-09T09:58:35.5247084Z Working directory is '/home/runner/work/va-mmcx-terminal/va-mmcx-terminal'
build / build-image (linux/amd64, ubuntu-latest, false)	UNKNOWN STEP	2026-10-09T09:58:35.5252720Z [command]/usr/bin/git version
build / build-image (linux/amd64, ubuntu-latest, false)	UNKNOWN STEP	2026-10-09T09:58:35.5347517Z git version 2.55.0
build / build-image (linux/amd64, ubuntu-latest, false)	UNKNOWN STEP	2026-10-09T09:58:35.5375321Z ##[endgroup]
build / build-image (linux/amd64, ubuntu-latest, false)	UNKNOWN STEP	2026-10-09T09:58:35.5400933Z Temporarily overriding HOME='/home/runner/work/_temp/62bedc35-7240-4197-a4c5-7a09ef7ba84d' before making global git config changes
build / build-image (linux/amd64, ubuntu-latest, false)	UNKNOWN STEP	2026-10-09T09:58:35.5409915Z Adding repository directory to the temporary git global config as a safe directory
build / build-image (linux/amd64, ubuntu-latest, false)	UNKNOWN STEP	2026-10-09T09:58:35.5412109Z [command]/usr/bin/git config --global --add safe.directory /home/runner/work/va-mmcx-terminal/va-mmcx-terminal
build / build-image (linux/amd64, ubuntu-latest, false)	UNKNOWN STEP	2026-10-09T09:58:35.5500266Z Deleting the contents of '/home/runner/work/va-mmcx-terminal/va-mmcx-terminal'
build / build-image (linux/amd64, ubuntu-latest, false)	UNKNOWN STEP	2026-10-09T09:58:35.5506188Z ##[group]Determining repository object format
build / build-image (linux/amd64, ubuntu-latest, false)	UNKNOWN STEP	2026-10-09T09:58:35.5510342Z ##[endgroup]
build / build-image (linux/amd64, ubuntu-latest, false)	UNKNOWN STEP	2026-10-09T09:58:35.5511921Z ##[group]Initializing the repository
build / build-image (linux/amd64, ubuntu-latest, false)	UNKNOWN STEP	2026-10-09T09:58:35.5517191Z [command]/usr/bin/git init /home/runner/work/va-mmcx-terminal/va-mmcx-terminal
build / build-image (linux/amd64, ubuntu-latest, false)	UNKNOWN STEP	2026-10-09T09:58:35.5657766Z hint: Using 'master' as the name for the initial branch. This default branch name
build / build-image (linux/amd64, ubuntu-latest, false)	UNKNOWN STEP	2026-10-09T09:58:35.5660650Z hint: will change to "main" in Git 3.0. To configure the initial branch name
build / build-image (linux/amd64, ubuntu-latest, false)	UNKNOWN STEP	2026-10-09T09:58:35.5662691Z hint: to use in all of your new repositories, which will suppress this warning,
build / build-image (linux/amd64, ubuntu-latest, false)	UNKNOWN STEP	2026-10-09T09:58:35.5664144Z hint: call:
build / build-image (linux/amd64, ubuntu-latest, false)	UNKNOWN STEP	2026-10-09T09:58:35.5665444Z hint:
build / build-image (linux/amd64, ubuntu-latest, false)	UNKNOWN STEP	2026-10-09T09:58:35.5666501Z hint: 	git config --global init.defaultBranch <name>
build / build-image (linux/amd64, ubuntu-latest, false)	UNKNOWN STEP	2026-10-09T09:58:35.5668434Z hint:
build / build-image (linux/amd64, ubuntu-latest, false)	UNKNOWN STEP	2026-10-09T09:58:35.5669659Z hint: Names commonly chosen instead of 'master' are 'main', 'trunk' and
build / build-image (linux/amd64, ubuntu-latest, false)	UNKNOWN STEP	2026-10-09T09:58:35.5671555Z hint: 'development'. The just-created branch can be renamed via this command:
build / build-image (linux/amd64, ubuntu-latest, false)	UNKNOWN STEP	2026-10-09T09:58:35.5672890Z hint:
build / build-image (linux/amd64, ubuntu-latest, false)	UNKNOWN STEP	2026-10-09T09:58:35.5674193Z hint: 	git branch -m <name>
build / build-image (linux/amd64, ubuntu-latest, false)	UNKNOWN STEP	2026-10-09T09:58:35.5676695Z hint:
build / build-image (linux/amd64, ubuntu-latest, false)	UNKNOWN STEP	2026-10-09T09:58:35.5678456Z hint: Disable this message with "git config set advice.defaultBranchName false"
build / build-image (linux/amd64, ubuntu-latest, false)	UNKNOWN STEP	2026-10-09T09:58:35.5680685Z Initialized empty Git repository in /home/runner/work/va-mmcx-terminal/va-mmcx-terminal/.git/
build / build-image (linux/amd64, ubuntu-latest, false)	UNKNOWN STEP	2026-10-09T09:58:35.5686712Z [command]/usr/bin/git remote add origin https://github.com/consensys-vertical-apps/va-mmcx-terminal
build / build-image (linux/amd64, ubuntu-latest, false)	UNKNOWN STEP	2026-10-09T09:58:35.5751996Z ##[endgroup]
build / build-image (linux/amd64, ubuntu-latest, false)	UNKNOWN STEP	2026-10-09T09:58:35.5753436Z ##[group]Disabling automatic garbage collection
build / build-image (linux/amd64, ubuntu-latest, false)	UNKNOWN STEP	2026-10-09T09:58:35.5757075Z [command]/usr/bin/git config --local gc.auto 0
build / build-image (linux/amd64, ubuntu-latest, false)	UNKNOWN STEP	2026-10-09T09:58:35.5800912Z ##[endgroup]
build / build-image (linux/amd64, ubuntu-latest, false)	UNKNOWN STEP	2026-10-09T09:58:35.5802457Z ##[group]Setting up auth
build / build-image (linux/amd64, ubuntu-latest, false)	UNKNOWN STEP	2026-10-09T09:58:35.5804154Z Removing SSH command configuration
build / build-image (linux/amd64, ubuntu-latest, false)	UNKNOWN STEP	2026-10-09T09:58:35.5811308Z [command]/usr/bin/git config --local --name-only --get-regexp core\.sshCommand
build / build-image (linux/amd64, ubuntu-latest, false)	UNKNOWN STEP	2026-10-09T09:58:35.5861419Z [command]/usr/bin/git submodule foreach --recursive sh -c "git config --local --name-only --get-regexp 'core\.sshCommand' && git config --local --unset-all 'core.sshCommand' || :"
build / build-image (linux/amd64, ubuntu-latest, false)	UNKNOWN STEP	2026-10-09T09:58:35.6293143Z Removing HTTP extra header
build / build-image (linux/amd64, ubuntu-latest, false)	UNKNOWN STEP	2026-10-09T09:58:35.6294252Z [command]/usr/bin/git config --local --name-only --get-regexp http\.https\:\/\/github\.com\/\.extraheader
build / build-image (linux/amd64, ubuntu-latest, false)	UNKNOWN STEP	2026-10-09T09:58:35.6351850Z [command]/usr/bin/git submodule foreach --recursive sh -c "git config --local --name-only --get-regexp 'http\.https\:\/\/github\.com\/\.extraheader' && git config --local --unset-all 'http.https://github.com/.extraheader' || :"
build / build-image (linux/amd64, ubuntu-latest, false)	UNKNOWN STEP	2026-10-09T09:58:35.6602368Z Removing includeIf entries pointing to credentials config files
build / build-image (linux/amd64, ubuntu-latest, false)	UNKNOWN STEP	2026-10-09T09:58:35.6604264Z [command]/usr/bin/git config --local --name-only --get-regexp ^includeIf\.gitdir:
build / build-image (linux/amd64, ubuntu-latest, false)	UNKNOWN STEP	2026-10-09T09:58:35.6643710Z [command]/usr/bin/git submodule foreach --recursive git config --local --show-origin --name-only --get-regexp remote.origin.url
build / build-image (linux/amd64, ubuntu-latest, false)	UNKNOWN STEP	2026-10-09T09:58:35.6916363Z [command]/usr/bin/git config --file /home/runner/work/_temp/git-credentials-8e10a9a9-e76a-4d0d-a362-bc2e2984dbcb.config http.https://github.com/.extraheader AUTHORIZATION: basic ***
build / build-image (linux/amd64, ubuntu-latest, false)	UNKNOWN STEP	2026-10-09T09:58:35.6969013Z [command]/usr/bin/git config --local includeIf.gitdir:/home/runner/work/va-mmcx-terminal/va-mmcx-terminal/.git.path /home/runner/work/_temp/git-credentials-8e10a9a9-e76a-4d0d-a362-bc2e2984dbcb.config
build / build-image (linux/amd64, ubuntu-latest, false)	UNKNOWN STEP	2026-10-09T09:58:35.7009126Z [command]/usr/bin/git config --local includeIf.gitdir:/home/runner/work/va-mmcx-terminal/va-mmcx-terminal/.git/worktrees/*.path /home/runner/work/_temp/git-credentials-8e10a9a9-e76a-4d0d-a362-bc2e2984dbcb.config
build / build-image (linux/amd64, ubuntu-latest, false)	UNKNOWN STEP	2026-10-09T09:58:35.7052760Z [command]/usr/bin/git config --local includeIf.gitdir:/github/workspace/.git.path /github/runner_temp/git-credentials-8e10a9a9-e76a-4d0d-a362-bc2e2984dbcb.config
build / build-image (linux/amd64, ubuntu-latest, false)	UNKNOWN STEP	2026-10-09T09:58:35.7096927Z [command]/usr/bin/git config --local includeIf.gitdir:/github/workspace/.git/worktrees/*.path /github/runner_temp/git-credentials-8e10a9a9-e76a-4d0d-a362-bc2e2984dbcb.config
build / build-image (linux/amd64, ubuntu-latest, false)	UNKNOWN STEP	2026-10-09T09:58:35.7165468Z ##[endgroup]
build / build-image (linux/amd64, ubuntu-latest, false)	UNKNOWN STEP	2026-10-09T09:58:35.7166987Z ##[group]Fetching the repository
build / build-image (linux/amd64, ubuntu-latest, false)	UNKNOWN STEP	2026-10-09T09:58:35.7169880Z [command]/usr/bin/git -c protocol.version=2 fetch --no-tags --prune --no-recurse-submodules --depth=1 origin +bdb22ba93a496cf95b8f6c4ed04828cc9159a87f:refs/remotes/pull/176/merge
build / build-image (linux/amd64, ubuntu-latest, false)	UNKNOWN STEP	2026-10-09T09:58:37.1441025Z From https://github.com/consensys-vertical-apps/va-mmcx-terminal
build / build-image (linux/amd64, ubuntu-latest, false)	UNKNOWN STEP	2026-10-09T09:58:37.1455619Z  * [new ref]         bdb22ba93a496cf95b8f6c4ed04828cc9159a87f -> pull/176/merge
build / build-image (linux/amd64, ubuntu-latest, false)	UNKNOWN STEP	2026-10-09T09:58:37.1458034Z ##[endgroup]
build / build-image (linux/amd64, ubuntu-latest, false)	UNKNOWN STEP	2026-10-09T09:58:37.1466634Z ##[group]Determining the checkout info
build / build-image (linux/amd64, ubuntu-latest, false)	UNKNOWN STEP	2026-10-09T09:58:37.1467577Z ##[endgroup]
build / build-image (linux/amd64, ubuntu-latest, false)	UNKNOWN STEP	2026-10-09T09:58:37.1468073Z [command]/usr/bin/git sparse-checkout disable
build / build-image (linux/amd64, ubuntu-latest, false)	UNKNOWN STEP	2026-10-09T09:58:37.1530882Z [command]/usr/bin/git config --local --unset-all extensions.worktreeConfig
build / build-image (linux/amd64, ubuntu-latest, false)	UNKNOWN STEP	2026-10-09T09:58:37.1571817Z ##[group]Checking out the ref
build / build-image (linux/amd64, ubuntu-latest, false)	UNKNOWN STEP	2026-10-09T09:58:37.1576465Z [command]/usr/bin/git checkout --progress --force refs/remotes/pull/176/merge
build / build-image (linux/amd64, ubuntu-latest, false)	UNKNOWN STEP	2026-10-09T09:58:37.3146572Z Note: switching to 'refs/remotes/pull/176/merge'.
build / build-image (linux/amd64, ubuntu-latest, false)	UNKNOWN STEP	2026-10-09T09:58:37.3158419Z 
build / build-image (linux/amd64, ubuntu-latest, false)	UNKNOWN STEP	2026-10-09T09:58:37.3159252Z You are in 'detached HEAD' state. You can look around, make experimental
build / build-image (linux/amd64, ubuntu-latest, false)	UNKNOWN STEP	2026-10-09T09:58:37.3161069Z changes and commit them, and you can discard any commits you make in this
build / build-image (linux/amd64, ubuntu-latest, false)	UNKNOWN STEP	2026-10-09T09:58:37.3162271Z state without impacting any branches by switching back to a branch.
build / build-image (linux/amd64, ubuntu-latest, false)	UNKNOWN STEP	2026-10-09T09:58:37.3163075Z 
build / build-image (linux/amd64, ubuntu-latest, false)	UNKNOWN STEP	2026-10-09T09:58:37.3163681Z If you want to create a new branch to retain commits you create, you may
build / build-image (linux/amd64, ubuntu-latest, false)	UNKNOWN STEP	2026-10-09T09:58:37.3164854Z do so (now or later) by using -c with the switch command. Example:
build / build-image (linux/amd64, ubuntu-latest, false)	UNKNOWN STEP	2026-10-09T09:58:37.3165626Z 
build / build-image (linux/amd64, ubuntu-latest, false)	UNKNOWN STEP	2026-10-09T09:58:37.3166086Z   git switch -c <new-branch-name>
build / build-image (linux/amd64, ubuntu-latest, false)	UNKNOWN STEP	2026-10-09T09:58:37.3166661Z 
build / build-image (linux/amd64, ubuntu-latest, false)	UNKNOWN STEP	2026-10-09T09:58:37.3167098Z Or undo this operation with:
build / build-image (linux/amd64, ubuntu-latest, false)	UNKNOWN STEP	2026-10-09T09:58:37.3167639Z 
build / build-image (linux/amd64, ubuntu-latest, false)	UNKNOWN STEP	2026-10-09T09:58:37.3168070Z   git switch -
build / build-image (linux/amd64, ubuntu-latest, false)	UNKNOWN STEP	2026-10-09T09:58:37.3169153Z 
build / build-image (linux/amd64, ubuntu-latest, false)	UNKNOWN STEP	2026-10-09T09:58:37.3169836Z Turn off this advice by setting config variable advice.detachedHead to false
build / build-image (linux/amd64, ubuntu-latest, false)	UNKNOWN STEP	2026-10-09T09:58:37.3170752Z 
build / build-image (linux/amd64, ubuntu-latest, false)	UNKNOWN STEP	2026-10-09T09:58:37.3171547Z HEAD is now at bdb22ba Merge 211478eda2bd0df789cba6ffd0467e730077884b into a75930a11972e2310f74768e1303c93054cd1cca
build / build-image (linux/amd64, ubuntu-latest, false)	UNKNOWN STEP	2026-10-09T09:58:37.3174781Z ##[endgroup]
build / build-image (linux/amd64, ubuntu-latest, false)	UNKNOWN STEP	2026-10-09T09:58:37.3282739Z [command]/usr/bin/git log -1 --format=%H
build / build-image (linux/amd64, ubuntu-latest, false)	UNKNOWN STEP	2026-10-09T09:58:37.3317643Z bdb22ba93a496cf95b8f6c4ed04828cc9159a87f
build / build-image (linux/amd64, ubuntu-latest, false)	UNKNOWN STEP	2026-10-09T09:58:37.3453484Z ##[end-action id=__consensys-vertical-apps_shared-services-workflows.__actions_checkout;outcome=success;conclusion=success;duration_ms=1950]
build / build-image (linux/amd64, ubuntu-latest, false)	UNKNOWN STEP	2026-10-09T09:58:37.3457148Z ##[start-action display=Set up QEMU;id=__consensys-vertical-apps_shared-services-workflows.__docker_setup-qemu-action]
build / build-image (linux/amd64, ubuntu-latest, false)	UNKNOWN STEP	2026-10-09T09:58:37.3515294Z ##[group]Run docker/setup-qemu-action@96fe6ef7f33517b61c61be40b68a1882f3264fb8
build / build-image (linux/amd64, ubuntu-latest, false)	UNKNOWN STEP	2026-10-09T09:58:37.3515812Z with:
build / build-image (linux/amd64, ubuntu-latest, false)	UNKNOWN STEP	2026-10-09T09:58:37.3516125Z   image: docker.io/tonistiigi/binfmt:latest
build / build-image (linux/amd64, ubuntu-latest, false)	UNKNOWN STEP	2026-10-09T09:58:37.3516510Z   platforms: all
build / build-image (linux/amd64, ubuntu-latest, false)	UNKNOWN STEP	2026-10-09T09:58:37.3516806Z   reset: false
build / build-image (linux/amd64, ubuntu-latest, false)	UNKNOWN STEP	2026-10-09T09:58:37.3517090Z   cache-image: true
build / build-image (linux/amd64, ubuntu-latest, false)	UNKNOWN STEP	2026-10-09T09:58:37.3517379Z env:
build / build-image (linux/amd64, ubuntu-latest, false)	UNKNOWN STEP	2026-10-09T09:58:37.3517970Z   JFROG_CLI_ENV_EXCLUDE: *password*;*secret*;*key*;*token*;*auth*;JF_ARTIFACTORY_*;JF_ENV_*;JF_URL;JF_USER;JF_PASSWORD;JF_ACCESS_TOKEN
build / build-image (linux/amd64, ubuntu-latest, false)	UNKNOWN STEP	2026-10-09T09:58:37.3518858Z   JFROG_CLI_OFFER_CONFIG: false
build / build-image (linux/amd64, ubuntu-latest, false)	UNKNOWN STEP	2026-10-09T09:58:37.3519217Z   JFROG_CLI_AVOID_NEW_VERSION_WARNING: true
build / build-image (linux/amd64, ubuntu-latest, false)	UNKNOWN STEP	2026-10-09T09:58:37.3519706Z   JFROG_CLI_SOURCECODE_REPOSITORY: consensys-vertical-apps/va-mmcx-terminal
build / build-image (linux/amd64, ubuntu-latest, false)	UNKNOWN STEP	2026-10-09T09:58:37.3520211Z   JFROG_CLI_CI_JOB_ID: Validate PR
build / build-image (linux/amd64, ubuntu-latest, false)	UNKNOWN STEP	2026-10-09T09:58:37.3520554Z   JFROG_CLI_CI_RUN_ID: 37913247520
build / build-image (linux/amd64, ubuntu-latest, false)	UNKNOWN STEP	2026-10-09T09:58:37.3520892Z   JFROG_CLI_GITHUB_TOKEN: 
build / build-image (linux/amd64, ubuntu-latest, false)	UNKNOWN STEP	2026-10-09T09:58:37.3521304Z   JFROG_CLI_CI_VCS_REVISION: bdb22ba93a496cf95b8f6c4ed04828cc9159a87f
build / build-image (linux/amd64, ubuntu-latest, false)	UNKNOWN STEP	2026-10-09T09:58:37.3521763Z   JFROG_CLI_CI_BRANCH: 176/merge
build / build-image (linux/amd64, ubuntu-latest, false)	UNKNOWN STEP	2026-10-09T09:58:37.3522259Z   JFROG_CLI_CI_VCS_URL: https://github.com/consensys-vertical-apps/va-mmcx-terminal
build / build-image (linux/amd64, ubuntu-latest, false)	UNKNOWN STEP	2026-10-09T09:58:37.3522787Z   JFROG_CLI_BUILD_NAME: Validate PR
build / build-image (linux/amd64, ubuntu-latest, false)	UNKNOWN STEP	2026-10-09T09:58:37.3523138Z   JFROG_CLI_BUILD_NUMBER: 814
build / build-image (linux/amd64, ubuntu-latest, false)	UNKNOWN STEP	2026-10-09T09:58:37.3523719Z   JFROG_CLI_BUILD_URL: https://github.com/consensys-vertical-apps/va-mmcx-terminal/actions/runs/37913247520
build / build-image (linux/amd64, ubuntu-latest, false)	UNKNOWN STEP	2026-10-09T09:58:37.3524389Z   JFROG_CLI_USER_AGENT: setup-jfrog-cli-github-action/5.1.0
build / build-image (linux/amd64, ubuntu-latest, false)	UNKNOWN STEP	2026-10-09T09:58:37.3524898Z   JFROG_CLI_COMMAND_SUMMARY_OUTPUT_DIR: /home/runner/work/_temp
build / build-image (linux/amd64, ubuntu-latest, false)	UNKNOWN STEP	2026-10-09T09:58:37.3525394Z   JFROG_CLI_USAGE_GH_TOKEN_FOR_CODE_SCANNING_ALERTS_PROVIDED: 
build / build-image (linux/amd64, ubuntu-latest, false)	UNKNOWN STEP	2026-10-09T09:58:37.3525865Z   SETUP_JFROG_CLI_SERVER_IDS: setup-jfrog-cli-server
build / build-image (linux/amd64, ubuntu-latest, false)	UNKNOWN STEP	2026-10-09T09:58:37.3526258Z   FILE: ./Dockerfile
build / build-image (linux/amd64, ubuntu-latest, false)	UNKNOWN STEP	2026-10-09T09:58:37.3526549Z ##[endgroup]
build / build-image (linux/amd64, ubuntu-latest, false)	UNKNOWN STEP	2026-10-09T09:58:37.5131716Z ##[group]Docker info
build / build-image (linux/amd64, ubuntu-latest, false)	UNKNOWN STEP	2026-10-09T09:58:37.5188777Z [command]/usr/bin/docker version
build / build-image (linux/amd64, ubuntu-latest, false)	UNKNOWN STEP	2026-10-09T09:58:37.6361144Z Client: Docker Engine - Community
build / build-image (linux/amd64, ubuntu-latest, false)	UNKNOWN STEP	2026-10-09T09:58:37.6375137Z  Version:           28.0.4
build / build-image (linux/amd64, ubuntu-latest, false)	UNKNOWN STEP	2026-10-09T09:58:37.6375884Z  API version:       1.48
build / build-image (linux/amd64, ubuntu-latest, false)	UNKNOWN STEP	2026-10-09T09:58:37.6399536Z  Go version:        go1.23.7
build / build-image (linux/amd64, ubuntu-latest, false)	UNKNOWN STEP	2026-10-09T09:58:37.6406832Z  Git commit:        b8034c0
build / build-image (linux/amd64, ubuntu-latest, false)	UNKNOWN STEP	2026-10-09T09:58:37.6412921Z  Built:             Tue Mar 25 15:07:16 2025
build / build-image (linux/amd64, ubuntu-latest, false)	UNKNOWN STEP	2026-10-09T09:58:37.6419349Z  OS/Arch:           linux/amd64
build / build-image (linux/amd64, ubuntu-latest, false)	UNKNOWN STEP	2026-10-09T09:58:37.6427152Z  Context:           default
build / build-image (linux/amd64, ubuntu-latest, false)	UNKNOWN STEP	2026-10-09T09:58:37.6428650Z 
build / build-image (linux/amd64, ubuntu-latest, false)	UNKNOWN STEP	2026-10-09T09:58:37.6429210Z Server: Docker Engine - Community
build / build-image (linux/amd64, ubuntu-latest, false)	UNKNOWN STEP	2026-10-09T09:58:37.6430069Z  Engine:
build / build-image (linux/amd64, ubuntu-latest, false)	UNKNOWN STEP	2026-10-09T09:58:37.6432679Z   Version:          28.0.4
build / build-image (linux/amd64, ubuntu-latest, false)	UNKNOWN STEP	2026-10-09T09:58:37.6433437Z   API version:      1.48 (minimum version 1.24)
build / build-image (linux/amd64, ubuntu-latest, false)	UNKNOWN STEP	2026-10-09T09:58:37.6434164Z   Go version:       go1.23.7
build / build-image (linux/amd64, ubuntu-latest, false)	UNKNOWN STEP	2026-10-09T09:58:37.6434791Z   Git commit:       6430e49
build / build-image (linux/amd64, ubuntu-latest, false)	UNKNOWN STEP	2026-10-09T09:58:37.6435437Z   Built:            Tue Mar 25 15:07:16 2025
build / build-image (linux/amd64, ubuntu-latest, false)	UNKNOWN STEP	2026-10-09T09:58:37.6436144Z   OS/Arch:          linux/amd64
build / build-image (linux/amd64, ubuntu-latest, false)	UNKNOWN STEP	2026-10-09T09:58:37.6436827Z   Experimental:     false
build / build-image (linux/amd64, ubuntu-latest, false)	UNKNOWN STEP	2026-10-09T09:58:37.6437492Z  containerd:
build / build-image (linux/amd64, ubuntu-latest, false)	UNKNOWN STEP	2026-10-09T09:58:37.6438102Z   Version:          v2.3.6
build / build-image (linux/amd64, ubuntu-latest, false)	UNKNOWN STEP	2026-10-09T09:58:37.6439323Z   GitCommit:        ee2735368117d2eb259779949d5e75cdafec9761
build / build-image (linux/amd64, ubuntu-latest, false)	UNKNOWN STEP	2026-10-09T09:58:37.6440130Z  runc:
build / build-image (linux/amd64, ubuntu-latest, false)	UNKNOWN STEP	2026-10-09T09:58:37.6440845Z   Version:          1.5.1
build / build-image (linux/amd64, ubuntu-latest, false)	UNKNOWN STEP	2026-10-09T09:58:37.6441585Z   GitCommit:        v1.5.1-0-g8f2685a4
build / build-image (linux/amd64, ubuntu-latest, false)	UNKNOWN STEP	2026-10-09T09:58:37.6442332Z  docker-init:
build / build-image (linux/amd64, ubuntu-latest, false)	UNKNOWN STEP	2026-10-09T09:58:37.6442977Z   Version:          0.19.0
build / build-image (linux/amd64, ubuntu-latest, false)	UNKNOWN STEP	2026-10-09T09:58:37.6443905Z   GitCommit:        de40ad0
build / build-image (linux/amd64, ubuntu-latest, false)	UNKNOWN STEP	2026-10-09T09:58:37.6445306Z [command]/usr/bin/docker info
build / build-image (linux/amd64, ubuntu-latest, false)	UNKNOWN STEP	2026-10-09T09:58:37.9732026Z Client: Docker Engine - Community
build / build-image (linux/amd64, ubuntu-latest, false)	UNKNOWN STEP	2026-10-09T09:58:37.9732725Z  Version:    28.0.4
build / build-image (linux/amd64, ubuntu-latest, false)	UNKNOWN STEP	2026-10-09T09:58:37.9733234Z  Context:    default
build / build-image (linux/amd64, ubuntu-latest, false)	UNKNOWN STEP	2026-10-09T09:58:37.9733720Z  Debug Mode: false
build / build-image (linux/amd64, ubuntu-latest, false)	UNKNOWN STEP	2026-10-09T09:58:37.9734184Z  Plugins:
build / build-image (linux/amd64, ubuntu-latest, false)	UNKNOWN STEP	2026-10-09T09:58:37.9734623Z   buildx: Docker Buildx (Docker Inc.)
build / build-image (linux/amd64, ubuntu-latest, false)	UNKNOWN STEP	2026-10-09T09:58:37.9735187Z     Version:  v0.37.2
build / build-image (linux/amd64, ubuntu-latest, false)	UNKNOWN STEP	2026-10-09T09:58:37.9735752Z     Path:     /usr/libexec/docker/cli-plugins/docker-buildx
build / build-image (linux/amd64, ubuntu-latest, false)	UNKNOWN STEP	2026-10-09T09:58:37.9736436Z   compose: Docker Compose (Docker Inc.)
build / build-image (linux/amd64, ubuntu-latest, false)	UNKNOWN STEP	2026-10-09T09:58:37.9736988Z     Version:  v2.38.2
build / build-image (linux/amd64, ubuntu-latest, false)	UNKNOWN STEP	2026-10-09T09:58:37.9737584Z     Path:     /usr/libexec/docker/cli-plugins/docker-compose
build / build-image (linux/amd64, ubuntu-latest, false)	UNKNOWN STEP	2026-10-09T09:58:37.9738388Z 
build / build-image (linux/amd64, ubuntu-latest, false)	UNKNOWN STEP	2026-10-09T09:58:37.9738605Z Server:
build / build-image (linux/amd64, ubuntu-latest, false)	UNKNOWN STEP	2026-10-09T09:58:37.9739056Z  Containers: 0
build / build-image (linux/amd64, ubuntu-latest, false)	UNKNOWN STEP	2026-10-09T09:58:37.9739510Z   Running: 0
build / build-image (linux/amd64, ubuntu-latest, false)	UNKNOWN STEP	2026-10-09T09:58:37.9739975Z   Paused: 0
build / build-image (linux/amd64, ubuntu-latest, false)	UNKNOWN STEP	2026-10-09T09:58:37.9740411Z   Stopped: 0
build / build-image (linux/amd64, ubuntu-latest, false)	UNKNOWN STEP	2026-10-09T09:58:37.9740898Z  Images: 6
build / build-image (linux/amd64, ubuntu-latest, false)	UNKNOWN STEP	2026-10-09T09:58:37.9741362Z  Server Version: 28.0.4
build / build-image (linux/amd64, ubuntu-latest, false)	UNKNOWN STEP	2026-10-09T09:58:37.9741878Z  Storage Driver: overlay2
build / build-image (linux/amd64, ubuntu-latest, false)	UNKNOWN STEP	2026-10-09T09:58:37.9742406Z   Backing Filesystem: extfs
build / build-image (linux/amd64, ubuntu-latest, false)	UNKNOWN STEP	2026-10-09T09:58:37.9742937Z   Supports d_type: true
build / build-image (linux/amd64, ubuntu-latest, false)	UNKNOWN STEP	2026-10-09T09:58:37.9743339Z   Using metacopy: false
build / build-image (linux/amd64, ubuntu-latest, false)	UNKNOWN STEP	2026-10-09T09:58:37.9743666Z   Native Overlay Diff: false
build / build-image (linux/amd64, ubuntu-latest, false)	UNKNOWN STEP	2026-10-09T09:58:37.9743991Z   userxattr: false
build / build-image (linux/amd64, ubuntu-latest, false)	UNKNOWN STEP	2026-10-09T09:58:37.9744282Z  Logging Driver: json-file
build / build-image (linux/amd64, ubuntu-latest, false)	UNKNOWN STEP	2026-10-09T09:58:37.9744591Z  Cgroup Driver: systemd
build / build-image (linux/amd64, ubuntu-latest, false)	UNKNOWN STEP	2026-10-09T09:58:37.9744883Z  Cgroup Version: 2
build / build-image (linux/amd64, ubuntu-latest, false)	UNKNOWN STEP	2026-10-09T09:58:37.9745165Z  Plugins:
build / build-image (linux/amd64, ubuntu-latest, false)	UNKNOWN STEP	2026-10-09T09:58:37.9745426Z   Volume: local
build / build-image (linux/amd64, ubuntu-latest, false)	UNKNOWN STEP	2026-10-09T09:58:37.9745736Z   Network: bridge host ipvlan macvlan null overlay
build / build-image (linux/amd64, ubuntu-latest, false)	UNKNOWN STEP	2026-10-09T09:58:37.9746238Z   Log: awslogs fluentd gcplogs gelf journald json-file local splunk syslog
build / build-image (linux/amd64, ubuntu-latest, false)	UNKNOWN STEP	2026-10-09T09:58:37.9746696Z  Swarm: inactive
build / build-image (linux/amd64, ubuntu-latest, false)	UNKNOWN STEP	2026-10-09T09:58:37.9746986Z  Runtimes: io.containerd.runc.v2 runc
build / build-image (linux/amd64, ubuntu-latest, false)	UNKNOWN STEP	2026-10-09T09:58:37.9747330Z  Default Runtime: runc
build / build-image (linux/amd64, ubuntu-latest, false)	UNKNOWN STEP	2026-10-09T09:58:37.9747622Z  Init Binary: docker-init
build / build-image (linux/amd64, ubuntu-latest, false)	UNKNOWN STEP	2026-10-09T09:58:37.9748034Z  containerd version: ee2735368117d2eb259779949d5e75cdafec9761
build / build-image (linux/amd64, ubuntu-latest, false)	UNKNOWN STEP	2026-10-09T09:58:37.9749316Z  runc version: v1.5.1-0-g8f2685a4
build / build-image (linux/amd64, ubuntu-latest, false)	UNKNOWN STEP	2026-10-09T09:58:37.9749871Z  init version: de40ad0
build / build-image (linux/amd64, ubuntu-latest, false)	UNKNOWN STEP	2026-10-09T09:58:37.9750360Z  Security Options:
build / build-image (linux/amd64, ubuntu-latest, false)	UNKNOWN STEP	2026-10-09T09:58:37.9750822Z   apparmor
build / build-image (linux/amd64, ubuntu-latest, false)	UNKNOWN STEP	2026-10-09T09:58:37.9751253Z   seccomp
build / build-image (linux/amd64, ubuntu-latest, false)	UNKNOWN STEP	2026-10-09T09:58:37.9751687Z    Profile: builtin
build / build-image (linux/amd64, ubuntu-latest, false)	UNKNOWN STEP	2026-10-09T09:58:37.9752162Z   cgroupns
build / build-image (linux/amd64, ubuntu-latest, false)	UNKNOWN STEP	2026-10-09T09:58:37.9752616Z  Kernel Version: 6.17.0-1022-azure
build / build-image (linux/amd64, ubuntu-latest, false)	UNKNOWN STEP	2026-10-09T09:58:37.9753204Z  Operating System: Ubuntu 24.04.5 LTS
build / build-image (linux/amd64, ubuntu-latest, false)	UNKNOWN STEP	2026-10-09T09:58:37.9753781Z  OSType: linux
build / build-image (linux/amd64, ubuntu-latest, false)	UNKNOWN STEP	2026-10-09T09:58:37.9754251Z  Architecture: x86_64
build / build-image (linux/amd64, ubuntu-latest, false)	UNKNOWN STEP	2026-10-09T09:58:37.9754740Z  CPUs: 2
build / build-image (linux/amd64, ubuntu-latest, false)	UNKNOWN STEP	2026-10-09T09:58:37.9755177Z  Total Memory: 7.752GiB
build / build-image (linux/amd64, ubuntu-latest, false)	UNKNOWN STEP	2026-10-09T09:58:37.9755680Z  Name: runnervmmprz5
build / build-image (linux/amd64, ubuntu-latest, false)	UNKNOWN STEP	2026-10-09T09:58:37.9756189Z  ID: 07f0e779-c305-4162-b8ec-c48c30f52fbe
build / build-image (linux/amd64, ubuntu-latest, false)	UNKNOWN STEP	2026-10-09T09:58:37.9756789Z  Docker Root Dir: /var/lib/docker
build / build-image (linux/amd64, ubuntu-latest, false)	UNKNOWN STEP	2026-10-09T09:58:37.9757346Z  Debug Mode: false
build / build-image (linux/amd64, ubuntu-latest, false)	UNKNOWN STEP	2026-10-09T09:58:37.9757809Z  Username: githubactions
build / build-image (linux/amd64, ubuntu-latest, false)	UNKNOWN STEP	2026-10-09T09:58:37.9759155Z  Experimental: false
build / build-image (linux/amd64, ubuntu-latest, false)	UNKNOWN STEP	2026-10-09T09:58:37.9759684Z  Insecure Registries:
build / build-image (linux/amd64, ubuntu-latest, false)	UNKNOWN STEP	2026-10-09T09:58:37.9766921Z   ::1/128
build / build-image (linux/amd64, ubuntu-latest, false)	UNKNOWN STEP	2026-10-09T09:58:37.9767705Z   127.0.0.0/8
build / build-image (linux/amd64, ubuntu-latest, false)	UNKNOWN STEP	2026-10-09T09:58:37.9768237Z  Live Restore Enabled: false
build / build-image (linux/amd64, ubuntu-latest, false)	UNKNOWN STEP	2026-10-09T09:58:37.9768776Z 
build / build-image (linux/amd64, ubuntu-latest, false)	UNKNOWN STEP	2026-10-09T09:58:37.9771165Z ##[endgroup]
build / build-image (linux/amd64, ubuntu-latest, false)	UNKNOWN STEP	2026-10-09T09:58:37.9774741Z ##[group]Pulling binfmt Docker image
build / build-image (linux/amd64, ubuntu-latest, false)	UNKNOWN STEP	2026-10-09T09:58:38.2367705Z [command]/usr/bin/docker pull docker.io/tonistiigi/binfmt:latest
build / build-image (linux/amd64, ubuntu-latest, false)	UNKNOWN STEP	2026-10-09T09:58:39.0403589Z latest: Pulling from tonistiigi/binfmt
build / build-image (linux/amd64, ubuntu-latest, false)	UNKNOWN STEP	2026-10-09T09:58:39.2619401Z 56685a25fbf3: Pulling fs layer
build / build-image (linux/amd64, ubuntu-latest, false)	UNKNOWN STEP	2026-10-09T09:58:39.2621527Z 0c46aa6e9c41: Pulling fs layer
build / build-image (linux/amd64, ubuntu-latest, false)	UNKNOWN STEP	2026-10-09T09:58:39.4511886Z 0c46aa6e9c41: Verifying Checksum
build / build-image (linux/amd64, ubuntu-latest, false)	UNKNOWN STEP	2026-10-09T09:58:39.4512605Z 0c46aa6e9c41: Download complete
build / build-image (linux/amd64, ubuntu-latest, false)	UNKNOWN STEP	2026-10-09T09:58:39.5930284Z 56685a25fbf3: Download complete
build / build-image (linux/amd64, ubuntu-latest, false)	UNKNOWN STEP	2026-10-09T09:58:40.0943587Z 56685a25fbf3: Pull complete
build / build-image (linux/amd64, ubuntu-latest, false)	UNKNOWN STEP	2026-10-09T09:58:40.8480152Z 0c46aa6e9c41: Pull complete
build / build-image (linux/amd64, ubuntu-latest, false)	UNKNOWN STEP	2026-10-09T09:58:40.8527511Z Digest: sha256:400a4873b838d1b89194d982c45e5fb3cda4593fbfd7e08a02e76b03b21166f0
build / build-image (linux/amd64, ubuntu-latest, false)	UNKNOWN STEP	2026-10-09T09:58:40.8545831Z Status: Downloaded newer image for tonistiigi/binfmt:latest
build / build-image (linux/amd64, ubuntu-latest, false)	UNKNOWN STEP	2026-10-09T09:58:40.8556440Z docker.io/tonistiigi/binfmt:latest
build / build-image (linux/amd64, ubuntu-latest, false)	UNKNOWN STEP	2026-10-09T09:58:40.8601933Z [command]/usr/bin/docker save -o /home/runner/work/_temp/docker-actions-toolkit-WvPhmd/749e64100d3fa0c09bdbc8a02e4fb9cb3ee64266f7f661c98371040689abacb3.tar docker.io/tonistiigi/binfmt:latest
build / build-image (linux/amd64, ubuntu-latest, false)	UNKNOWN STEP	2026-10-09T09:58:41.3854251Z Copying /home/runner/work/_temp/docker-actions-toolkit-WvPhmd/749e64100d3fa0c09bdbc8a02e4fb9cb3ee64266f7f661c98371040689abacb3.tar to /home/runner/.docker/.cache/images/docker.io--tonistiigi--binfmt/latest/linux-x64/image.tar
build / build-image (linux/amd64, ubuntu-latest, false)	UNKNOWN STEP	2026-10-09T09:58:41.4497511Z Image cached to /home/runner/.docker/.cache/images/docker.io--tonistiigi--binfmt/latest/linux-x64/image.tar
build / build-image (linux/amd64, ubuntu-latest, false)	UNKNOWN STEP	2026-10-09T09:58:41.4500337Z ##[endgroup]
build / build-image (linux/amd64, ubuntu-latest, false)	UNKNOWN STEP	2026-10-09T09:58:41.4501313Z ##[group]Image info
build / build-image (linux/amd64, ubuntu-latest, false)	UNKNOWN STEP	2026-10-09T09:58:41.4521821Z [command]/usr/bin/docker image inspect docker.io/tonistiigi/binfmt:latest
build / build-image (linux/amd64, ubuntu-latest, false)	UNKNOWN STEP	2026-10-09T09:58:42.0510087Z [
build / build-image (linux/amd64, ubuntu-latest, false)	UNKNOWN STEP	2026-10-09T09:58:42.0515060Z     ***
build / build-image (linux/amd64, ubuntu-latest, false)	UNKNOWN STEP	2026-10-09T09:58:42.0526205Z         "Id": "sha256:15935d0512bf0a8e5afa1df990d971cf97a619ede08fa60f2d5966a62de6d6b7",
build / build-image (linux/amd64, ubuntu-latest, false)	UNKNOWN STEP	2026-10-09T09:58:42.0526780Z         "RepoTags": [
build / build-image (linux/amd64, ubuntu-latest, false)	UNKNOWN STEP	2026-10-09T09:58:42.0527098Z             "tonistiigi/binfmt:latest"
build / build-image (linux/amd64, ubuntu-latest, false)	UNKNOWN STEP	2026-10-09T09:58:42.0527438Z         ],
build / build-image (linux/amd64, ubuntu-latest, false)	UNKNOWN STEP	2026-10-09T09:58:42.0527713Z         "RepoDigests": [
build / build-image (linux/amd64, ubuntu-latest, false)	UNKNOWN STEP	2026-10-09T09:58:42.0528691Z             "tonistiigi/binfmt@sha256:400a4873b838d1b89194d982c45e5fb3cda4593fbfd7e08a02e76b03b21166f0"
build / build-image (linux/amd64, ubuntu-latest, false)	UNKNOWN STEP	2026-10-09T09:58:42.0529670Z         ],
build / build-image (linux/amd64, ubuntu-latest, false)	UNKNOWN STEP	2026-10-09T09:58:42.0530109Z         "Parent": "",
build / build-image (linux/amd64, ubuntu-latest, false)	UNKNOWN STEP	2026-10-09T09:58:42.0530636Z         "Comment": "buildkit.dockerfile.v0",
build / build-image (linux/amd64, ubuntu-latest, false)	UNKNOWN STEP	2026-10-09T09:58:42.0531297Z         "Created": "2026-06-05T19:12:02.167333037Z",
build / build-image (linux/amd64, ubuntu-latest, false)	UNKNOWN STEP	2026-10-09T09:58:42.0531937Z         "DockerVersion": "",
build / build-image (linux/amd64, ubuntu-latest, false)	UNKNOWN STEP	2026-10-09T09:58:42.0532270Z         "Author": "",
build / build-image (linux/amd64, ubuntu-latest, false)	UNKNOWN STEP	2026-10-09T09:58:42.0532584Z         "Config": ***
build / build-image (linux/amd64, ubuntu-latest, false)	UNKNOWN STEP	2026-10-09T09:58:42.0532881Z             "Hostname": "",
build / build-image (linux/amd64, ubuntu-latest, false)	UNKNOWN STEP	2026-10-09T09:58:42.0533206Z             "Domainname": "",
build / build-image (linux/amd64, ubuntu-latest, false)	UNKNOWN STEP	2026-10-09T09:58:42.0533520Z             "User": "",
build / build-image (linux/amd64, ubuntu-latest, false)	UNKNOWN STEP	2026-10-09T09:58:42.0533813Z             "AttachStdin": false,
build / build-image (linux/amd64, ubuntu-latest, false)	UNKNOWN STEP	2026-10-09T09:58:42.0534146Z             "AttachStdout": false,
build / build-image (linux/amd64, ubuntu-latest, false)	UNKNOWN STEP	2026-10-09T09:58:42.0534469Z             "AttachStderr": false,
build / build-image (linux/amd64, ubuntu-latest, false)	UNKNOWN STEP	2026-10-09T09:58:42.0534786Z             "Tty": false,
build / build-image (linux/amd64, ubuntu-latest, false)	UNKNOWN STEP	2026-10-09T09:58:42.0535081Z             "OpenStdin": false,
build / build-image (linux/amd64, ubuntu-latest, false)	UNKNOWN STEP	2026-10-09T09:58:42.0535396Z             "StdinOnce": false,
build / build-image (linux/amd64, ubuntu-latest, false)	UNKNOWN STEP	2026-10-09T09:58:42.0535706Z             "Env": [
build / build-image (linux/amd64, ubuntu-latest, false)	UNKNOWN STEP	2026-10-09T09:58:42.0536109Z                 "PATH=/usr/local/sbin:/usr/local/bin:/usr/sbin:/usr/bin:/sbin:/bin",
build / build-image (linux/amd64, ubuntu-latest, false)	UNKNOWN STEP	2026-10-09T09:58:42.0536591Z                 "QEMU_PRESERVE_ARGV0=1"
build / build-image (linux/amd64, ubuntu-latest, false)	UNKNOWN STEP	2026-10-09T09:58:42.0536936Z             ],
build / build-image (linux/amd64, ubuntu-latest, false)	UNKNOWN STEP	2026-10-09T09:58:42.0537206Z             "Cmd": null,
build / build-image (linux/amd64, ubuntu-latest, false)	UNKNOWN STEP	2026-10-09T09:58:42.0537497Z             "Image": "",
build / build-image (linux/amd64, ubuntu-latest, false)	UNKNOWN STEP	2026-10-09T09:58:42.0537790Z             "Volumes": ***
build / build-image (linux/amd64, ubuntu-latest, false)	UNKNOWN STEP	2026-10-09T09:58:42.0540786Z                 "/tmp": ***
build / build-image (linux/amd64, ubuntu-latest, false)	UNKNOWN STEP	2026-10-09T09:58:42.0541451Z             ***,
build / build-image (linux/amd64, ubuntu-latest, false)	UNKNOWN STEP	2026-10-09T09:58:42.0542744Z             "WorkingDir": "/",
build / build-image (linux/amd64, ubuntu-latest, false)	UNKNOWN STEP	2026-10-09T09:58:42.0544173Z             "Entrypoint": [
build / build-image (linux/amd64, ubuntu-latest, false)	UNKNOWN STEP	2026-10-09T09:58:42.0544863Z                 "/usr/bin/binfmt"
build / build-image (linux/amd64, ubuntu-latest, false)	UNKNOWN STEP	2026-10-09T09:58:42.0545366Z             ],
build / build-image (linux/amd64, ubuntu-latest, false)	UNKNOWN STEP	2026-10-09T09:58:42.0545789Z             "OnBuild": null,
build / build-image (linux/amd64, ubuntu-latest, false)	UNKNOWN STEP	2026-10-09T09:58:42.0546280Z             "Labels": null
build / build-image (linux/amd64, ubuntu-latest, false)	UNKNOWN STEP	2026-10-09T09:58:42.0546801Z         ***,
build / build-image (linux/amd64, ubuntu-latest, false)	UNKNOWN STEP	2026-10-09T09:58:42.0547329Z         "Architecture": "amd64",
build / build-image (linux/amd64, ubuntu-latest, false)	UNKNOWN STEP	2026-10-09T09:58:42.0547888Z         "Os": "linux",
build / build-image (linux/amd64, ubuntu-latest, false)	UNKNOWN STEP	2026-10-09T09:58:42.0549363Z         "Size": 85304497,
build / build-image (linux/amd64, ubuntu-latest, false)	UNKNOWN STEP	2026-10-09T09:58:42.0550172Z         "GraphDriver": ***
build / build-image (linux/amd64, ubuntu-latest, false)	UNKNOWN STEP	2026-10-09T09:58:42.0550782Z             "Data": ***
build / build-image (linux/amd64, ubuntu-latest, false)	UNKNOWN STEP	2026-10-09T09:58:42.0552060Z                 "LowerDir": "/var/lib/docker/overlay2/e193367b097795d3ad74a3e0d6202fbce38f2aa7aee889ec5768f88480aa1bb6/diff",
build / build-image (linux/amd64, ubuntu-latest, false)	UNKNOWN STEP	2026-10-09T09:58:42.0553887Z                 "MergedDir": "/var/lib/docker/overlay2/6a36b08b47b470da5028eaa40c38a51e3d52421e2149cac244991636d70ed757/merged",
build / build-image (linux/amd64, ubuntu-latest, false)	UNKNOWN STEP	2026-10-09T09:58:42.0555986Z                 "UpperDir": "/var/lib/docker/overlay2/6a36b08b47b470da5028eaa40c38a51e3d52421e2149cac244991636d70ed757/diff",
build / build-image (linux/amd64, ubuntu-latest, false)	UNKNOWN STEP	2026-10-09T09:58:42.0557417Z                 "WorkDir": "/var/lib/docker/overlay2/6a36b08b47b470da5028eaa40c38a51e3d52421e2149cac244991636d70ed757/work"
build / build-image (linux/amd64, ubuntu-latest, false)	UNKNOWN STEP	2026-10-09T09:58:42.0558697Z             ***,
build / build-image (linux/amd64, ubuntu-latest, false)	UNKNOWN STEP	2026-10-09T09:58:42.0559140Z             "Name": "overlay2"
build / build-image (linux/amd64, ubuntu-latest, false)	UNKNOWN STEP	2026-10-09T09:58:42.0559634Z         ***,
build / build-image (linux/amd64, ubuntu-latest, false)	UNKNOWN STEP	2026-10-09T09:58:42.0560080Z         "RootFS": ***
build / build-image (linux/amd64, ubuntu-latest, false)	UNKNOWN STEP	2026-10-09T09:58:42.0560913Z             "Type": "layers",
build / build-image (linux/amd64, ubuntu-latest, false)	UNKNOWN STEP	2026-10-09T09:58:42.0561632Z             "Layers": [
build / build-image (linux/amd64, ubuntu-latest, false)	UNKNOWN STEP	2026-10-09T09:58:42.0562739Z                 "sha256:c747b796d990a647df062f87e24f1ef5e4a90a312cd9c4ae8b7d09667d57befb",
build / build-image (linux/amd64, ubuntu-latest, false)	UNKNOWN STEP	2026-10-09T09:58:42.0564238Z                 "sha256:6d831b0f477d9df7afe18e5a65c97e8084fef8fe10c2930b65f728ab68d0bb5b"
build / build-image (linux/amd64, ubuntu-latest, false)	UNKNOWN STEP	2026-10-09T09:58:42.0565319Z             ]
build / build-image (linux/amd64, ubuntu-latest, false)	UNKNOWN STEP	2026-10-09T09:58:42.0566126Z         ***,
build / build-image (linux/amd64, ubuntu-latest, false)	UNKNOWN STEP	2026-10-09T09:58:42.0566787Z         "Metadata": ***
build / build-image (linux/amd64, ubuntu-latest, false)	UNKNOWN STEP	2026-10-09T09:58:42.0567460Z             "LastTagTime": "0001-01-01T00:00:00Z"
build / build-image (linux/amd64, ubuntu-latest, false)	UNKNOWN STEP	2026-10-09T09:58:42.0596192Z         ***
build / build-image (linux/amd64, ubuntu-latest, false)	UNKNOWN STEP	2026-10-09T09:58:42.0596885Z     ***
build / build-image (linux/amd64, ubuntu-latest, false)	UNKNOWN STEP	2026-10-09T09:58:42.0597356Z ]
build / build-image (linux/amd64, ubuntu-latest, false)	UNKNOWN STEP	2026-10-09T09:58:42.0598712Z ##[endgroup]
build / build-image (linux/amd64, ubuntu-latest, false)	UNKNOWN STEP	2026-10-09T09:58:42.0599572Z ##[group]Binfmt version
build / build-image (linux/amd64, ubuntu-latest, false)	UNKNOWN STEP	2026-10-09T09:58:42.0600798Z [command]/usr/bin/docker run --rm --privileged docker.io/tonistiigi/binfmt:latest --version
build / build-image (linux/amd64, ubuntu-latest, false)	UNKNOWN STEP	2026-10-09T09:58:42.7222213Z binfmt/e29e7d7 qemu/v10.2.3 go/1.26.4
build / build-image (linux/amd64, ubuntu-latest, false)	UNKNOWN STEP	2026-10-09T09:58:42.8409657Z ##[endgroup]
build / build-image (linux/amd64, ubuntu-latest, false)	UNKNOWN STEP	2026-10-09T09:58:42.8420181Z ##[group]Installing QEMU static binaries
build / build-image (linux/amd64, ubuntu-latest, false)	UNKNOWN STEP	2026-10-09T09:58:42.8449990Z [command]/usr/bin/docker run --rm --privileged docker.io/tonistiigi/binfmt:latest --install all
build / build-image (linux/amd64, ubuntu-latest, false)	UNKNOWN STEP	2026-10-09T09:58:43.0193886Z installing: mips64 OK
build / build-image (linux/amd64, ubuntu-latest, false)	UNKNOWN STEP	2026-10-09T09:58:43.0230780Z installing: arm64 OK
build / build-image (linux/amd64, ubuntu-latest, false)	UNKNOWN STEP	2026-10-09T09:58:43.0235490Z installing: arm OK
build / build-image (linux/amd64, ubuntu-latest, false)	UNKNOWN STEP	2026-10-09T09:58:43.0239813Z installing: s390x OK
build / build-image (linux/amd64, ubuntu-latest, false)	UNKNOWN STEP	2026-10-09T09:58:43.0242483Z installing: ppc64le OK
build / build-image (linux/amd64, ubuntu-latest, false)	UNKNOWN STEP	2026-10-09T09:58:43.0243920Z installing: mips64le OK
build / build-image (linux/amd64, ubuntu-latest, false)	UNKNOWN STEP	2026-10-09T09:58:43.0244817Z installing: loong64 OK
build / build-image (linux/amd64, ubuntu-latest, false)	UNKNOWN STEP	2026-10-09T09:58:43.0245557Z installing: riscv64 OK
build / build-image (linux/amd64, ubuntu-latest, false)	UNKNOWN STEP	2026-10-09T09:58:43.0546787Z ***
build / build-image (linux/amd64, ubuntu-latest, false)	UNKNOWN STEP	2026-10-09T09:58:43.0547515Z   "supported": [
build / build-image (linux/amd64, ubuntu-latest, false)	UNKNOWN STEP	2026-10-09T09:58:43.0549201Z     "linux/amd64",
build / build-image (linux/amd64, ubuntu-latest, false)	UNKNOWN STEP	2026-10-09T09:58:43.0549875Z     "linux/amd64/v2",
build / build-image (linux/amd64, ubuntu-latest, false)	UNKNOWN STEP	2026-10-09T09:58:43.0550800Z     "linux/amd64/v3",
build / build-image (linux/amd64, ubuntu-latest, false)	UNKNOWN STEP	2026-10-09T09:58:43.0551295Z     "linux/arm64",
build / build-image (linux/amd64, ubuntu-latest, false)	UNKNOWN STEP	2026-10-09T09:58:43.0551777Z     "linux/riscv64",
build / build-image (linux/amd64, ubuntu-latest, false)	UNKNOWN STEP	2026-10-09T09:58:43.0552248Z     "linux/ppc64le",
build / build-image (linux/amd64, ubuntu-latest, false)	UNKNOWN STEP	2026-10-09T09:58:43.0552701Z     "linux/s390x",
build / build-image (linux/amd64, ubuntu-latest, false)	UNKNOWN STEP	2026-10-09T09:58:43.0553143Z     "linux/386",
build / build-image (linux/amd64, ubuntu-latest, false)	UNKNOWN STEP	2026-10-09T09:58:43.0553591Z     "linux/mips64le",
build / build-image (linux/amd64, ubuntu-latest, false)	UNKNOWN STEP	2026-10-09T09:58:43.0554063Z     "linux/mips64",
build / build-image (linux/amd64, ubuntu-latest, false)	UNKNOWN STEP	2026-10-09T09:58:43.0554536Z     "linux/loong64",
build / build-image (linux/amd64, ubuntu-latest, false)	UNKNOWN STEP	2026-10-09T09:58:43.0554991Z     "linux/arm/v7",
build / build-image (linux/amd64, ubuntu-latest, false)	UNKNOWN STEP	2026-10-09T09:58:43.0555475Z     "linux/arm/v6"
build / build-image (linux/amd64, ubuntu-latest, false)	UNKNOWN STEP	2026-10-09T09:58:43.0555948Z   ],
build / build-image (linux/amd64, ubuntu-latest, false)	UNKNOWN STEP	2026-10-09T09:58:43.0556372Z   "emulators": [
build / build-image (linux/amd64, ubuntu-latest, false)	UNKNOWN STEP	2026-10-09T09:58:43.0556892Z     "llvm-16-runtime.binfmt",
build / build-image (linux/amd64, ubuntu-latest, false)	UNKNOWN STEP	2026-10-09T09:58:43.0557439Z     "llvm-17-runtime.binfmt",
build / build-image (linux/amd64, ubuntu-latest, false)	UNKNOWN STEP	2026-10-09T09:58:43.0558010Z     "llvm-18-runtime.binfmt",
build / build-image (linux/amd64, ubuntu-latest, false)	UNKNOWN STEP	2026-10-09T09:58:43.0573469Z     "python3.12",
build / build-image (linux/amd64, ubuntu-latest, false)	UNKNOWN STEP	2026-10-09T09:58:43.0574353Z     "qemu-aarch64",
build / build-image (linux/amd64, ubuntu-latest, false)	UNKNOWN STEP	2026-10-09T09:58:43.0575278Z     "qemu-arm",
build / build-image (linux/amd64, ubuntu-latest, false)	UNKNOWN STEP	2026-10-09T09:58:43.0581715Z     "qemu-loongarch64",
build / build-image (linux/amd64, ubuntu-latest, false)	UNKNOWN STEP	2026-10-09T09:58:43.0582253Z     "qemu-mips64",
build / build-image (linux/amd64, ubuntu-latest, false)	UNKNOWN STEP	2026-10-09T09:58:43.0582988Z     "qemu-mips64el",
build / build-image (linux/amd64, ubuntu-latest, false)	UNKNOWN STEP	2026-10-09T09:58:43.0583691Z     "qemu-ppc64le",
build / build-image (linux/amd64, ubuntu-latest, false)	UNKNOWN STEP	2026-10-09T09:58:43.0585574Z     "qemu-riscv64",
build / build-image (linux/amd64, ubuntu-latest, false)	UNKNOWN STEP	2026-10-09T09:58:43.0586049Z     "qemu-s390x"
build / build-image (linux/amd64, ubuntu-latest, false)	UNKNOWN STEP	2026-10-09T09:58:43.0586522Z   ]
build / build-image (linux/amd64, ubuntu-latest, false)	UNKNOWN STEP	2026-10-09T09:58:43.0586973Z ***
build / build-image (linux/amd64, ubuntu-latest, false)	UNKNOWN STEP	2026-10-09T09:58:43.1351473Z ##[endgroup]
build / build-image (linux/amd64, ubuntu-latest, false)	UNKNOWN STEP	2026-10-09T09:58:43.1366077Z ##[group]Extracting available platforms
build / build-image (linux/amd64, ubuntu-latest, false)	UNKNOWN STEP	2026-10-09T09:58:43.3984590Z linux/amd64,linux/amd64/v2,linux/amd64/v3,linux/arm64,linux/riscv64,linux/ppc64le,linux/s390x,linux/386,linux/mips64le,linux/mips64,linux/loong64,linux/arm/v7,linux/arm/v6
build / build-image (linux/amd64, ubuntu-latest, false)	UNKNOWN STEP	2026-10-09T09:58:43.3986937Z ##[endgroup]
build / build-image (linux/amd64, ubuntu-latest, false)	UNKNOWN STEP	2026-10-09T09:58:43.4092454Z ##[end-action id=__consensys-vertical-apps_shared-services-workflows.__docker_setup-qemu-action;outcome=success;conclusion=success;duration_ms=6063]
build / build-image (linux/amd64, ubuntu-latest, false)	UNKNOWN STEP	2026-10-09T09:58:43.4096958Z ##[start-action display=Set up Docker Buildx;id=__consensys-vertical-apps_shared-services-workflows.__docker_setup-buildx-action]
build / build-image (linux/amd64, ubuntu-latest, false)	UNKNOWN STEP	2026-10-09T09:58:43.4168791Z ##[group]Run docker/setup-buildx-action@bb05f3f5519dd87d3ba754cc423b652a5edd6d2c
build / build-image (linux/amd64, ubuntu-latest, false)	UNKNOWN STEP	2026-10-09T09:58:43.4169307Z with:
build / build-image (linux/amd64, ubuntu-latest, false)	UNKNOWN STEP	2026-10-09T09:58:43.4169601Z   driver: docker-container
build / build-image (linux/amd64, ubuntu-latest, false)	UNKNOWN STEP	2026-10-09T09:58:43.4169913Z   use: true
build / build-image (linux/amd64, ubuntu-latest, false)	UNKNOWN STEP	2026-10-09T09:58:43.4170193Z   keep-state: false
build / build-image (linux/amd64, ubuntu-latest, false)	UNKNOWN STEP	2026-10-09T09:58:43.4170484Z   cache-binary: true
build / build-image (linux/amd64, ubuntu-latest, false)	UNKNOWN STEP	2026-10-09T09:58:43.4170780Z   cleanup: true
build / build-image (linux/amd64, ubuntu-latest, false)	UNKNOWN STEP	2026-10-09T09:58:43.4171056Z env:
build / build-image (linux/amd64, ubuntu-latest, false)	UNKNOWN STEP	2026-10-09T09:58:43.4171624Z   JFROG_CLI_ENV_EXCLUDE: *password*;*secret*;*key*;*token*;*auth*;JF_ARTIFACTORY_*;JF_ENV_*;JF_URL;JF_USER;JF_PASSWORD;JF_ACCESS_TOKEN
build / build-image (linux/amd64, ubuntu-latest, false)	UNKNOWN STEP	2026-10-09T09:58:43.4172290Z   JFROG_CLI_OFFER_CONFIG: false
build / build-image (linux/amd64, ubuntu-latest, false)	UNKNOWN STEP	2026-10-09T09:58:43.4172645Z   JFROG_CLI_AVOID_NEW_VERSION_WARNING: true
build / build-image (linux/amd64, ubuntu-latest, false)	UNKNOWN STEP	2026-10-09T09:58:43.4173142Z   JFROG_CLI_SOURCECODE_REPOSITORY: consensys-vertical-apps/va-mmcx-terminal
build / build-image (linux/amd64, ubuntu-latest, false)	UNKNOWN STEP	2026-10-09T09:58:43.4173647Z   JFROG_CLI_CI_JOB_ID: Validate PR
build / build-image (linux/amd64, ubuntu-latest, false)	UNKNOWN STEP	2026-10-09T09:58:43.4174011Z   JFROG_CLI_CI_RUN_ID: 37913247520
build / build-image (linux/amd64, ubuntu-latest, false)	UNKNOWN STEP	2026-10-09T09:58:43.4174370Z   JFROG_CLI_GITHUB_TOKEN: 
build / build-image (linux/amd64, ubuntu-latest, false)	UNKNOWN STEP	2026-10-09T09:58:43.4174781Z   JFROG_CLI_CI_VCS_REVISION: bdb22ba93a496cf95b8f6c4ed04828cc9159a87f
build / build-image (linux/amd64, ubuntu-latest, false)	UNKNOWN STEP	2026-10-09T09:58:43.4175237Z   JFROG_CLI_CI_BRANCH: 176/merge
build / build-image (linux/amd64, ubuntu-latest, false)	UNKNOWN STEP	2026-10-09T09:58:43.4175741Z   JFROG_CLI_CI_VCS_URL: https://github.com/consensys-vertical-apps/va-mmcx-terminal
build / build-image (linux/amd64, ubuntu-latest, false)	UNKNOWN STEP	2026-10-09T09:58:43.4176260Z   JFROG_CLI_BUILD_NAME: Validate PR
build / build-image (linux/amd64, ubuntu-latest, false)	UNKNOWN STEP	2026-10-09T09:58:43.4176629Z   JFROG_CLI_BUILD_NUMBER: 814
build / build-image (linux/amd64, ubuntu-latest, false)	UNKNOWN STEP	2026-10-09T09:58:43.4177212Z   JFROG_CLI_BUILD_URL: https://github.com/consensys-vertical-apps/va-mmcx-terminal/actions/runs/37913247520
build / build-image (linux/amd64, ubuntu-latest, false)	UNKNOWN STEP	2026-10-09T09:58:43.4177889Z   JFROG_CLI_USER_AGENT: setup-jfrog-cli-github-action/5.1.0
build / build-image (linux/amd64, ubuntu-latest, false)	UNKNOWN STEP	2026-10-09T09:58:43.4178801Z   JFROG_CLI_COMMAND_SUMMARY_OUTPUT_DIR: /home/runner/work/_temp
build / build-image (linux/amd64, ubuntu-latest, false)	UNKNOWN STEP	2026-10-09T09:58:43.4179316Z   JFROG_CLI_USAGE_GH_TOKEN_FOR_CODE_SCANNING_ALERTS_PROVIDED: 
build / build-image (linux/amd64, ubuntu-latest, false)	UNKNOWN STEP	2026-10-09T09:58:43.4179780Z   SETUP_JFROG_CLI_SERVER_IDS: setup-jfrog-cli-server
build / build-image (linux/amd64, ubuntu-latest, false)	UNKNOWN STEP	2026-10-09T09:58:43.4180172Z   FILE: ./Dockerfile
build / build-image (linux/amd64, ubuntu-latest, false)	UNKNOWN STEP	2026-10-09T09:58:43.4180472Z ##[endgroup]
build / build-image (linux/amd64, ubuntu-latest, false)	UNKNOWN STEP	2026-10-09T09:58:43.6363928Z ##[group]Docker info
build / build-image (linux/amd64, ubuntu-latest, false)	UNKNOWN STEP	2026-10-09T09:58:43.6401538Z [command]/usr/bin/docker version
build / build-image (linux/amd64, ubuntu-latest, false)	UNKNOWN STEP	2026-10-09T09:58:43.6632859Z Client: Docker Engine - Community
build / build-image (linux/amd64, ubuntu-latest, false)	UNKNOWN STEP	2026-10-09T09:58:43.6636474Z  Version:           28.0.4
build / build-image (linux/amd64, ubuntu-latest, false)	UNKNOWN STEP	2026-10-09T09:58:43.6637527Z  API version:       1.48
build / build-image (linux/amd64, ubuntu-latest, false)	UNKNOWN STEP	2026-10-09T09:58:43.6638968Z  Go version:        go1.23.7
build / build-image (linux/amd64, ubuntu-latest, false)	UNKNOWN STEP	2026-10-09T09:58:43.6639842Z  Git commit:        b8034c0
build / build-image (linux/amd64, ubuntu-latest, false)	UNKNOWN STEP	2026-10-09T09:58:43.6640601Z  Built:             Tue Mar 25 15:07:16 2025
build / build-image (linux/amd64, ubuntu-latest, false)	UNKNOWN STEP	2026-10-09T09:58:43.6641405Z  OS/Arch:           linux/amd64
build / build-image (linux/amd64, ubuntu-latest, false)	UNKNOWN STEP	2026-10-09T09:58:43.6642132Z  Context:           default
build / build-image (linux/amd64, ubuntu-latest, false)	UNKNOWN STEP	2026-10-09T09:58:43.6642631Z 
build / build-image (linux/amd64, ubuntu-latest, false)	UNKNOWN STEP	2026-10-09T09:58:43.6643043Z Server: Docker Engine - Community
build / build-image (linux/amd64, ubuntu-latest, false)	UNKNOWN STEP	2026-10-09T09:58:43.6643757Z  Engine:
build / build-image (linux/amd64, ubuntu-latest, false)	UNKNOWN STEP	2026-10-09T09:58:43.6644366Z   Version:          28.0.4
build / build-image (linux/amd64, ubuntu-latest, false)	UNKNOWN STEP	2026-10-09T09:58:43.6645076Z   API version:      1.48 (minimum version 1.24)
build / build-image (linux/amd64, ubuntu-latest, false)	UNKNOWN STEP	2026-10-09T09:58:43.6645899Z   Go version:       go1.23.7
build / build-image (linux/amd64, ubuntu-latest, false)	UNKNOWN STEP	2026-10-09T09:58:43.6646592Z   Git commit:       6430e49
build / build-image (linux/amd64, ubuntu-latest, false)	UNKNOWN STEP	2026-10-09T09:58:43.6647813Z   Built:            Tue Mar 25 15:07:16 2025
build / build-image (linux/amd64, ubuntu-latest, false)	UNKNOWN STEP	2026-10-09T09:58:43.6648915Z   OS/Arch:          linux/amd64
build / build-image (linux/amd64, ubuntu-latest, false)	UNKNOWN STEP	2026-10-09T09:58:43.6649811Z   Experimental:     false
build / build-image (linux/amd64, ubuntu-latest, false)	UNKNOWN STEP	2026-10-09T09:58:43.6650513Z  containerd:
build / build-image (linux/amd64, ubuntu-latest, false)	UNKNOWN STEP	2026-10-09T09:58:43.6651140Z   Version:          v2.3.6
build / build-image (linux/amd64, ubuntu-latest, false)	UNKNOWN STEP	2026-10-09T09:58:43.6652021Z   GitCommit:        ee2735368117d2eb259779949d5e75cdafec9761
build / build-image (linux/amd64, ubuntu-latest, false)	UNKNOWN STEP	2026-10-09T09:58:43.6652896Z  runc:
build / build-image (linux/amd64, ubuntu-latest, false)	UNKNOWN STEP	2026-10-09T09:58:43.6653495Z   Version:          1.5.1
build / build-image (linux/amd64, ubuntu-latest, false)	UNKNOWN STEP	2026-10-09T09:58:43.6654545Z   GitCommit:        v1.5.1-0-g8f2685a4
build / build-image (linux/amd64, ubuntu-latest, false)	UNKNOWN STEP	2026-10-09T09:58:43.6655641Z  docker-init:
build / build-image (linux/amd64, ubuntu-latest, false)	UNKNOWN STEP	2026-10-09T09:58:43.6656328Z   Version:          0.19.0
build / build-image (linux/amd64, ubuntu-latest, false)	UNKNOWN STEP	2026-10-09T09:58:43.6657099Z   GitCommit:        de40ad0
build / build-image (linux/amd64, ubuntu-latest, false)	UNKNOWN STEP	2026-10-09T09:58:43.6755252Z [command]/usr/bin/docker info
build / build-image (linux/amd64, ubuntu-latest, false)	UNKNOWN STEP	2026-10-09T09:58:43.7398928Z Client: Docker Engine - Community
build / build-image (linux/amd64, ubuntu-latest, false)	UNKNOWN STEP	2026-10-09T09:58:43.7409503Z  Version:    28.0.4
build / build-image (linux/amd64, ubuntu-latest, false)	UNKNOWN STEP	2026-10-09T09:58:43.7410355Z  Context:    default
build / build-image (linux/amd64, ubuntu-latest, false)	UNKNOWN STEP	2026-10-09T09:58:43.7411140Z  Debug Mode: false
build / build-image (linux/amd64, ubuntu-latest, false)	UNKNOWN STEP	2026-10-09T09:58:43.7411896Z  Plugins:
build / build-image (linux/amd64, ubuntu-latest, false)	UNKNOWN STEP	2026-10-09T09:58:43.7413107Z   buildx: Docker Buildx (Docker Inc.)
build / build-image (linux/amd64, ubuntu-latest, false)	UNKNOWN STEP	2026-10-09T09:58:43.7414089Z     Version:  v0.37.2
build / build-image (linux/amd64, ubuntu-latest, false)	UNKNOWN STEP	2026-10-09T09:58:43.7415018Z     Path:     /usr/libexec/docker/cli-plugins/docker-buildx
build / build-image (linux/amd64, ubuntu-latest, false)	UNKNOWN STEP	2026-10-09T09:58:43.7415986Z   compose: Docker Compose (Docker Inc.)
build / build-image (linux/amd64, ubuntu-latest, false)	UNKNOWN STEP	2026-10-09T09:58:43.7416833Z     Version:  v2.38.2
build / build-image (linux/amd64, ubuntu-latest, false)	UNKNOWN STEP	2026-10-09T09:58:43.7417736Z     Path:     /usr/libexec/docker/cli-plugins/docker-compose
build / build-image (linux/amd64, ubuntu-latest, false)	UNKNOWN STEP	2026-10-09T09:58:43.7418817Z 
build / build-image (linux/amd64, ubuntu-latest, false)	UNKNOWN STEP	2026-10-09T09:58:43.7419573Z Server:
build / build-image (linux/amd64, ubuntu-latest, false)	UNKNOWN STEP	2026-10-09T09:58:43.7420285Z  Containers: 0
build / build-image (linux/amd64, ubuntu-latest, false)	UNKNOWN STEP	2026-10-09T09:58:43.7421027Z   Running: 0
build / build-image (linux/amd64, ubuntu-latest, false)	UNKNOWN STEP	2026-10-09T09:58:43.7421730Z   Paused: 0
build / build-image (linux/amd64, ubuntu-latest, false)	UNKNOWN STEP	2026-10-09T09:58:43.7422420Z   Stopped: 0
build / build-image (linux/amd64, ubuntu-latest, false)	UNKNOWN STEP	2026-10-09T09:58:43.7423170Z  Images: 7
build / build-image (linux/amd64, ubuntu-latest, false)	UNKNOWN STEP	2026-10-09T09:58:43.7423911Z  Server Version: 28.0.4
build / build-image (linux/amd64, ubuntu-latest, false)	UNKNOWN STEP	2026-10-09T09:58:43.7424751Z  Storage Driver: overlay2
build / build-image (linux/amd64, ubuntu-latest, false)	UNKNOWN STEP	2026-10-09T09:58:43.7425620Z   Backing Filesystem: extfs
build / build-image (linux/amd64, ubuntu-latest, false)	UNKNOWN STEP	2026-10-09T09:58:43.7426494Z   Supports d_type: true
build / build-image (linux/amd64, ubuntu-latest, false)	UNKNOWN STEP	2026-10-09T09:58:43.7427348Z   Using metacopy: false
build / build-image (linux/amd64, ubuntu-latest, false)	UNKNOWN STEP	2026-10-09T09:58:43.7428568Z   Native Overlay Diff: false
build / build-image (linux/amd64, ubuntu-latest, false)	UNKNOWN STEP	2026-10-09T09:58:43.7429464Z   userxattr: false
build / build-image (linux/amd64, ubuntu-latest, false)	UNKNOWN STEP	2026-10-09T09:58:43.7430298Z  Logging Driver: json-file
build / build-image (linux/amd64, ubuntu-latest, false)	UNKNOWN STEP	2026-10-09T09:58:43.7431179Z  Cgroup Driver: systemd
build / build-image (linux/amd64, ubuntu-latest, false)	UNKNOWN STEP	2026-10-09T09:58:43.7432077Z  Cgroup Version: 2
build / build-image (linux/amd64, ubuntu-latest, false)	UNKNOWN STEP	2026-10-09T09:58:43.7432847Z  Plugins:
build / build-image (linux/amd64, ubuntu-latest, false)	UNKNOWN STEP	2026-10-09T09:58:43.7433577Z   Volume: local
build / build-image (linux/amd64, ubuntu-latest, false)	UNKNOWN STEP	2026-10-09T09:58:43.7434396Z   Network: bridge host ipvlan macvlan null overlay
build / build-image (linux/amd64, ubuntu-latest, false)	UNKNOWN STEP	2026-10-09T09:58:43.7435617Z   Log: awslogs fluentd gcplogs gelf journald json-file local splunk syslog
build / build-image (linux/amd64, ubuntu-latest, false)	UNKNOWN STEP	2026-10-09T09:58:43.7436775Z  Swarm: inactive
build / build-image (linux/amd64, ubuntu-latest, false)	UNKNOWN STEP	2026-10-09T09:58:43.7437594Z  Runtimes: io.containerd.runc.v2 runc
build / build-image (linux/amd64, ubuntu-latest, false)	UNKNOWN STEP	2026-10-09T09:58:43.7439353Z  Default Runtime: runc
build / build-image (linux/amd64, ubuntu-latest, false)	UNKNOWN STEP	2026-10-09T09:58:43.7440191Z  Init Binary: docker-init
build / build-image (linux/amd64, ubuntu-latest, false)	UNKNOWN STEP	2026-10-09T09:58:43.7441161Z  containerd version: ee2735368117d2eb259779949d5e75cdafec9761
build / build-image (linux/amd64, ubuntu-latest, false)	UNKNOWN STEP	2026-10-09T09:58:43.7442134Z  runc version: v1.5.1-0-g8f2685a4
build / build-image (linux/amd64, ubuntu-latest, false)	UNKNOWN STEP	2026-10-09T09:58:43.7443034Z  init version: de40ad0
build / build-image (linux/amd64, ubuntu-latest, false)	UNKNOWN STEP	2026-10-09T09:58:43.7443817Z  Security Options:
build / build-image (linux/amd64, ubuntu-latest, false)	UNKNOWN STEP	2026-10-09T09:58:43.7444592Z   apparmor
build / build-image (linux/amd64, ubuntu-latest, false)	UNKNOWN STEP	2026-10-09T09:58:43.7445316Z   seccomp
build / build-image (linux/amd64, ubuntu-latest, false)	UNKNOWN STEP	2026-10-09T09:58:43.7446059Z    Profile: builtin
build / build-image (linux/amd64, ubuntu-latest, false)	UNKNOWN STEP	2026-10-09T09:58:43.7446881Z   cgroupns
build / build-image (linux/amd64, ubuntu-latest, false)	UNKNOWN STEP	2026-10-09T09:58:43.7447667Z  Kernel Version: 6.17.0-1022-azure
build / build-image (linux/amd64, ubuntu-latest, false)	UNKNOWN STEP	2026-10-09T09:58:43.7448840Z  Operating System: Ubuntu 24.04.5 LTS
build / build-image (linux/amd64, ubuntu-latest, false)	UNKNOWN STEP	2026-10-09T09:58:43.7449756Z  OSType: linux
build / build-image (linux/amd64, ubuntu-latest, false)	UNKNOWN STEP	2026-10-09T09:58:43.7450545Z  Architecture: x86_64
build / build-image (linux/amd64, ubuntu-latest, false)	UNKNOWN STEP	2026-10-09T09:58:43.7451349Z  CPUs: 2
build / build-image (linux/amd64, ubuntu-latest, false)	UNKNOWN STEP	2026-10-09T09:58:43.7452083Z  Total Memory: 7.752GiB
build / build-image (linux/amd64, ubuntu-latest, false)	UNKNOWN STEP	2026-10-09T09:58:43.7452898Z  Name: runnervmmprz5
build / build-image (linux/amd64, ubuntu-latest, false)	UNKNOWN STEP	2026-10-09T09:58:43.7453768Z  ID: 07f0e779-c305-4162-b8ec-c48c30f52fbe
build / build-image (linux/amd64, ubuntu-latest, false)	UNKNOWN STEP	2026-10-09T09:58:43.7454695Z  Docker Root Dir: /var/lib/docker
build / build-image (linux/amd64, ubuntu-latest, false)	UNKNOWN STEP	2026-10-09T09:58:43.7455567Z  Debug Mode: false
build / build-image (linux/amd64, ubuntu-latest, false)	UNKNOWN STEP	2026-10-09T09:58:43.7456358Z  Username: githubactions
build / build-image (linux/amd64, ubuntu-latest, false)	UNKNOWN STEP	2026-10-09T09:58:43.7457219Z  Experimental: false
build / build-image (linux/amd64, ubuntu-latest, false)	UNKNOWN STEP	2026-10-09T09:58:43.7458061Z  Insecure Registries:
build / build-image (linux/amd64, ubuntu-latest, false)	UNKNOWN STEP	2026-10-09T09:58:43.7459217Z   ::1/128
build / build-image (linux/amd64, ubuntu-latest, false)	UNKNOWN STEP	2026-10-09T09:58:43.7459881Z   127.0.0.0/8
build / build-image (linux/amd64, ubuntu-latest, false)	UNKNOWN STEP	2026-10-09T09:58:43.7460666Z  Live Restore Enabled: false
build / build-image (linux/amd64, ubuntu-latest, false)	UNKNOWN STEP	2026-10-09T09:58:43.7461300Z 
build / build-image (linux/amd64, ubuntu-latest, false)	UNKNOWN STEP	2026-10-09T09:58:43.7462214Z ##[endgroup]
build / build-image (linux/amd64, ubuntu-latest, false)	UNKNOWN STEP	2026-10-09T09:58:43.8319604Z ##[group]Buildx version
build / build-image (linux/amd64, ubuntu-latest, false)	UNKNOWN STEP	2026-10-09T09:58:43.8361646Z [command]/usr/bin/docker buildx version
build / build-image (linux/amd64, ubuntu-latest, false)	UNKNOWN STEP	2026-10-09T09:58:43.8912564Z github.com/docker/buildx v0.37.2 2d379c0c3f22da0d2759d132a0ec81ca949098f0
build / build-image (linux/amd64, ubuntu-latest, false)	UNKNOWN STEP	2026-10-09T09:58:43.8943734Z ##[endgroup]
build / build-image (linux/amd64, ubuntu-latest, false)	UNKNOWN STEP	2026-10-09T09:58:43.9120714Z ##[group]Inspecting default docker context
build / build-image (linux/amd64, ubuntu-latest, false)	UNKNOWN STEP	2026-10-09T09:58:43.9291017Z [
build / build-image (linux/amd64, ubuntu-latest, false)	UNKNOWN STEP	2026-10-09T09:58:43.9291807Z   ***
build / build-image (linux/amd64, ubuntu-latest, false)	UNKNOWN STEP	2026-10-09T09:58:43.9292438Z     "Name": "default",
build / build-image (linux/amd64, ubuntu-latest, false)	UNKNOWN STEP	2026-10-09T09:58:43.9293193Z     "Metadata": ***,
build / build-image (linux/amd64, ubuntu-latest, false)	UNKNOWN STEP	2026-10-09T09:58:43.9293881Z     "Endpoints": ***
build / build-image (linux/amd64, ubuntu-latest, false)	UNKNOWN STEP	2026-10-09T09:58:43.9294837Z       "docker": ***
build / build-image (linux/amd64, ubuntu-latest, false)	UNKNOWN STEP	2026-10-09T09:58:43.9295540Z         "Host": "unix:///var/run/docker.sock",
build / build-image (linux/amd64, ubuntu-latest, false)	UNKNOWN STEP	2026-10-09T09:58:43.9296615Z         "SkipTLSVerify": false
build / build-image (linux/amd64, ubuntu-latest, false)	UNKNOWN STEP	2026-10-09T09:58:43.9297632Z       ***
build / build-image (linux/amd64, ubuntu-latest, false)	UNKNOWN STEP	2026-10-09T09:58:43.9298414Z     ***,
build / build-image (linux/amd64, ubuntu-latest, false)	UNKNOWN STEP	2026-10-09T09:58:43.9298937Z     "TLSMaterial": ***,
build / build-image (linux/amd64, ubuntu-latest, false)	UNKNOWN STEP	2026-10-09T09:58:43.9299453Z     "Storage": ***
build / build-image (linux/amd64, ubuntu-latest, false)	UNKNOWN STEP	2026-10-09T09:58:43.9299917Z       "MetadataPath": "<IN MEMORY>",
build / build-image (linux/amd64, ubuntu-latest, false)	UNKNOWN STEP	2026-10-09T09:58:43.9300476Z       "TLSPath": "<IN MEMORY>"
build / build-image (linux/amd64, ubuntu-latest, false)	UNKNOWN STEP	2026-10-09T09:58:43.9300998Z     ***
build / build-image (linux/amd64, ubuntu-latest, false)	UNKNOWN STEP	2026-10-09T09:58:43.9301848Z   ***
build / build-image (linux/amd64, ubuntu-latest, false)	UNKNOWN STEP	2026-10-09T09:58:43.9302266Z ]
build / build-image (linux/amd64, ubuntu-latest, false)	UNKNOWN STEP	2026-10-09T09:58:43.9303365Z ##[endgroup]
build / build-image (linux/amd64, ubuntu-latest, false)	UNKNOWN STEP	2026-10-09T09:58:43.9304094Z ##[group]Creating a new builder instance
build / build-image (linux/amd64, ubuntu-latest, false)	UNKNOWN STEP	2026-10-09T09:58:44.0609736Z [command]/usr/bin/docker buildx create --name builder-18f383a0-30c4-4377-a370-cb26d8066f5b --driver docker-container --buildkitd-flags --allow-insecure-entitlement security.insecure --allow-insecure-entitlement network.host --use
build / build-image (linux/amd64, ubuntu-latest, false)	UNKNOWN STEP	2026-10-09T09:58:44.1300735Z builder-18f383a0-30c4-4377-a370-cb26d8066f5b
build / build-image (linux/amd64, ubuntu-latest, false)	UNKNOWN STEP	2026-10-09T09:58:44.1340303Z ##[endgroup]
build / build-image (linux/amd64, ubuntu-latest, false)	UNKNOWN STEP	2026-10-09T09:58:44.1341554Z ##[group]Booting builder
build / build-image (linux/amd64, ubuntu-latest, false)	UNKNOWN STEP	2026-10-09T09:58:44.1385340Z [command]/usr/bin/docker buildx inspect --bootstrap --builder builder-18f383a0-30c4-4377-a370-cb26d8066f5b
build / build-image (linux/amd64, ubuntu-latest, false)	UNKNOWN STEP	2026-10-09T09:58:44.1962518Z #1 [internal] booting buildkit
build / build-image (linux/amd64, ubuntu-latest, false)	UNKNOWN STEP	2026-10-09T09:58:44.3473534Z #1 pulling image moby/buildkit:buildx-stable-1
build / build-image (linux/amd64, ubuntu-latest, false)	UNKNOWN STEP	2026-10-09T09:58:48.4405893Z #1 pulling image moby/buildkit:buildx-stable-1 4.2s done
build / build-image (linux/amd64, ubuntu-latest, false)	UNKNOWN STEP	2026-10-09T09:58:48.5923388Z #1 creating container buildx_buildkit_builder-18f383a0-30c4-4377-a370-cb26d8066f5b0
build / build-image (linux/amd64, ubuntu-latest, false)	UNKNOWN STEP	2026-10-09T09:58:48.9120718Z #1 creating container buildx_buildkit_builder-18f383a0-30c4-4377-a370-cb26d8066f5b0 0.5s done
build / build-image (linux/amd64, ubuntu-latest, false)	UNKNOWN STEP	2026-10-09T09:58:48.9461789Z #1 DONE 4.7s
build / build-image (linux/amd64, ubuntu-latest, false)	UNKNOWN STEP	2026-10-09T09:58:48.9849993Z Name:          builder-18f383a0-30c4-4377-a370-cb26d8066f5b
build / build-image (linux/amd64, ubuntu-latest, false)	UNKNOWN STEP	2026-10-09T09:58:48.9859232Z Driver:        docker-container
build / build-image (linux/amd64, ubuntu-latest, false)	UNKNOWN STEP	2026-10-09T09:58:48.9873393Z Last Activity: 2026-10-09 09:58:44 +0000 UTC
build / build-image (linux/amd64, ubuntu-latest, false)	UNKNOWN STEP	2026-10-09T09:58:48.9874010Z 
build / build-image (linux/amd64, ubuntu-latest, false)	UNKNOWN STEP	2026-10-09T09:58:48.9878196Z Nodes:
build / build-image (linux/amd64, ubuntu-latest, false)	UNKNOWN STEP	2026-10-09T09:58:48.9880254Z Name:                  builder-18f383a0-30c4-4377-a370-cb26d8066f5b0
build / build-image (linux/amd64, ubuntu-latest, false)	UNKNOWN STEP	2026-10-09T09:58:48.9897466Z Endpoint:              unix:///var/run/docker.sock
build / build-image (linux/amd64, ubuntu-latest, false)	UNKNOWN STEP	2026-10-09T09:58:48.9901841Z Status:                running
build / build-image (linux/amd64, ubuntu-latest, false)	UNKNOWN STEP	2026-10-09T09:58:48.9904148Z BuildKit daemon flags: --allow-insecure-entitlement security.insecure --allow-insecure-entitlement network.host
build / build-image (linux/amd64, ubuntu-latest, false)	UNKNOWN STEP	2026-10-09T09:58:48.9908118Z BuildKit version:      v0.33.1
build / build-image (linux/amd64, ubuntu-latest, false)	UNKNOWN STEP	2026-10-09T09:58:48.9911483Z Platforms:             linux/amd64, linux/amd64/v2, linux/amd64/v3, linux/arm64, linux/riscv64, linux/ppc64le, linux/s390x, linux/386, linux/mips64le, linux/mips64, linux/loong64, linux/arm/v7, linux/arm/v6
build / build-image (linux/amd64, ubuntu-latest, false)	UNKNOWN STEP	2026-10-09T09:58:48.9913854Z Labels:
build / build-image (linux/amd64, ubuntu-latest, false)	UNKNOWN STEP	2026-10-09T09:58:48.9914826Z  org.mobyproject.buildkit.worker.executor:         oci
build / build-image (linux/amd64, ubuntu-latest, false)	UNKNOWN STEP	2026-10-09T09:58:48.9915890Z  org.mobyproject.buildkit.worker.hostname:         769b709aa796
build / build-image (linux/amd64, ubuntu-latest, false)	UNKNOWN STEP	2026-10-09T09:58:48.9916929Z  org.mobyproject.buildkit.worker.network:          host
build / build-image (linux/amd64, ubuntu-latest, false)	UNKNOWN STEP	2026-10-09T09:58:48.9917936Z  org.mobyproject.buildkit.worker.oci.process-mode: sandbox
build / build-image (linux/amd64, ubuntu-latest, false)	UNKNOWN STEP	2026-10-09T09:58:48.9919306Z  org.mobyproject.buildkit.worker.selinux.enabled:  false
build / build-image (linux/amd64, ubuntu-latest, false)	UNKNOWN STEP	2026-10-09T09:58:48.9920362Z  org.mobyproject.buildkit.worker.snapshotter:      overlayfs
build / build-image (linux/amd64, ubuntu-latest, false)	UNKNOWN STEP	2026-10-09T09:58:48.9921263Z GC Policy rule#0:
build / build-image (linux/amd64, ubuntu-latest, false)	UNKNOWN STEP	2026-10-09T09:58:48.9921893Z  All:            false
build / build-image (linux/amd64, ubuntu-latest, false)	UNKNOWN STEP	2026-10-09T09:58:48.9922788Z  Filters:        type==source.local type==exec.cachemount type==source.git.checkout
build / build-image (linux/amd64, ubuntu-latest, false)	UNKNOWN STEP	2026-10-09T09:58:48.9923786Z  Keep Duration:  48h0m0s
build / build-image (linux/amd64, ubuntu-latest, false)	UNKNOWN STEP	2026-10-09T09:58:48.9924463Z  Max Used Space: 488.3MiB
build / build-image (linux/amd64, ubuntu-latest, false)	UNKNOWN STEP	2026-10-09T09:58:48.9925563Z GC Policy rule#1:
build / build-image (linux/amd64, ubuntu-latest, false)	UNKNOWN STEP	2026-10-09T09:58:48.9926188Z  All:            false
build / build-image (linux/amd64, ubuntu-latest, false)	UNKNOWN STEP	2026-10-09T09:58:48.9926832Z  Keep Duration:  1440h0m0s
build / build-image (linux/amd64, ubuntu-latest, false)	UNKNOWN STEP	2026-10-09T09:58:48.9927504Z  Reserved Space: 7.451GiB
build / build-image (linux/amd64, ubuntu-latest, false)	UNKNOWN STEP	2026-10-09T09:58:48.9929151Z  Max Used Space: 54.02GiB
build / build-image (linux/amd64, ubuntu-latest, false)	UNKNOWN STEP	2026-10-09T09:58:48.9930218Z  Min Free Space: 13.97GiB
build / build-image (linux/amd64, ubuntu-latest, false)	UNKNOWN STEP	2026-10-09T09:58:48.9931427Z GC Policy rule#2:
build / build-image (linux/amd64, ubuntu-latest, false)	UNKNOWN STEP	2026-10-09T09:58:48.9932073Z  All:            false
build / build-image (linux/amd64, ubuntu-latest, false)	UNKNOWN STEP	2026-10-09T09:58:48.9932945Z  Reserved Space: 7.451GiB
build / build-image (linux/amd64, ubuntu-latest, false)	UNKNOWN STEP	2026-10-09T09:58:48.9933827Z  Max Used Space: 54.02GiB
build / build-image (linux/amd64, ubuntu-latest, false)	UNKNOWN STEP	2026-10-09T09:58:48.9934515Z  Min Free Space: 13.97GiB
build / build-image (linux/amd64, ubuntu-latest, false)	UNKNOWN STEP	2026-10-09T09:58:48.9935402Z GC Policy rule#3:
build / build-image (linux/amd64, ubuntu-latest, false)	UNKNOWN STEP	2026-10-09T09:58:48.9936225Z  All:            true
build / build-image (linux/amd64, ubuntu-latest, false)	UNKNOWN STEP	2026-10-09T09:58:48.9936873Z  Reserved Space: 7.451GiB
build / build-image (linux/amd64, ubuntu-latest, false)	UNKNOWN STEP	2026-10-09T09:58:48.9937756Z  Max Used Space: 54.02GiB
build / build-image (linux/amd64, ubuntu-latest, false)	UNKNOWN STEP	2026-10-09T09:58:48.9941325Z  Min Free Space: 13.97GiB
build / build-image (linux/amd64, ubuntu-latest, false)	UNKNOWN STEP	2026-10-09T09:58:48.9963411Z ##[endgroup]
build / build-image (linux/amd64, ubuntu-latest, false)	UNKNOWN STEP	2026-10-09T09:58:49.1050964Z ##[group]Inspect builder
build / build-image (linux/amd64, ubuntu-latest, false)	UNKNOWN STEP	2026-10-09T09:58:49.1059715Z ***
build / build-image (linux/amd64, ubuntu-latest, false)	UNKNOWN STEP	2026-10-09T09:58:49.1071511Z   "nodes": [
build / build-image (linux/amd64, ubuntu-latest, false)	UNKNOWN STEP	2026-10-09T09:58:49.1086538Z     ***
build / build-image (linux/amd64, ubuntu-latest, false)	UNKNOWN STEP	2026-10-09T09:58:49.1092171Z       "name": "builder-18f383a0-30c4-4377-a370-cb26d8066f5b0",
build / build-image (linux/amd64, ubuntu-latest, false)	UNKNOWN STEP	2026-10-09T09:58:49.1093445Z       "endpoint": "unix:///var/run/docker.sock",
build / build-image (linux/amd64, ubuntu-latest, false)	UNKNOWN STEP	2026-10-09T09:58:49.1094463Z       "status": "running",
build / build-image (linux/amd64, ubuntu-latest, false)	UNKNOWN STEP	2026-10-09T09:58:49.1095867Z       "buildkitd-flags": "--allow-insecure-entitlement security.insecure --allow-insecure-entitlement network.host",
build / build-image (linux/amd64, ubuntu-latest, false)	UNKNOWN STEP	2026-10-09T09:58:49.1097383Z       "buildkit": "v0.33.1",
build / build-image (linux/amd64, ubuntu-latest, false)	UNKNOWN STEP	2026-10-09T09:58:49.1099504Z       "platforms": "linux/amd64,linux/amd64/v2,linux/amd64/v3,linux/arm64,linux/riscv64,linux/ppc64le,linux/s390x,linux/386,linux/mips64le,linux/mips64,linux/loong64,linux/arm/v7,linux/arm/v6",
build / build-image (linux/amd64, ubuntu-latest, false)	UNKNOWN STEP	2026-10-09T09:58:49.1119472Z       "features": ***
build / build-image (linux/amd64, ubuntu-latest, false)	UNKNOWN STEP	2026-10-09T09:58:49.1120480Z         "Automatically load images to the Docker Engine image store": true,
build / build-image (linux/amd64, ubuntu-latest, false)	UNKNOWN STEP	2026-10-09T09:58:49.1123808Z         "Cache export": true,
build / build-image (linux/amd64, ubuntu-latest, false)	UNKNOWN STEP	2026-10-09T09:58:49.1126476Z         "Direct push": true,
build / build-image (linux/amd64, ubuntu-latest, false)	UNKNOWN STEP	2026-10-09T09:58:49.1127447Z         "Docker exporter": true,
build / build-image (linux/amd64, ubuntu-latest, false)	UNKNOWN STEP	2026-10-09T09:58:49.1128529Z         "Multi-platform build": true,
build / build-image (linux/amd64, ubuntu-latest, false)	UNKNOWN STEP	2026-10-09T09:58:49.1131388Z         "OCI exporter": true
build / build-image (linux/amd64, ubuntu-latest, false)	UNKNOWN STEP	2026-10-09T09:58:49.1132376Z       ***,
build / build-image (linux/amd64, ubuntu-latest, false)	UNKNOWN STEP	2026-10-09T09:58:49.1132985Z       "labels": ***
build / build-image (linux/amd64, ubuntu-latest, false)	UNKNOWN STEP	2026-10-09T09:58:49.1133727Z         "org.mobyproject.buildkit.worker.executor": "oci",
build / build-image (linux/amd64, ubuntu-latest, false)	UNKNOWN STEP	2026-10-09T09:58:49.1134718Z         "org.mobyproject.buildkit.worker.hostname": "769b709aa796",
build / build-image (linux/amd64, ubuntu-latest, false)	UNKNOWN STEP	2026-10-09T09:58:49.1135685Z         "org.mobyproject.buildkit.worker.network": "host",
build / build-image (linux/amd64, ubuntu-latest, false)	UNKNOWN STEP	2026-10-09T09:58:49.1136674Z         "org.mobyproject.buildkit.worker.oci.process-mode": "sandbox",
build / build-image (linux/amd64, ubuntu-latest, false)	UNKNOWN STEP	2026-10-09T09:58:49.1137753Z         "org.mobyproject.buildkit.worker.selinux.enabled": "false",
build / build-image (linux/amd64, ubuntu-latest, false)	UNKNOWN STEP	2026-10-09T09:58:49.1139127Z         "org.mobyproject.buildkit.worker.snapshotter": "overlayfs"
build / build-image (linux/amd64, ubuntu-latest, false)	UNKNOWN STEP	2026-10-09T09:58:49.1140126Z       ***,
build / build-image (linux/amd64, ubuntu-latest, false)	UNKNOWN STEP	2026-10-09T09:58:49.1140706Z       "gcPolicy": [
build / build-image (linux/amd64, ubuntu-latest, false)	UNKNOWN STEP	2026-10-09T09:58:49.1141283Z         ***
build / build-image (linux/amd64, ubuntu-latest, false)	UNKNOWN STEP	2026-10-09T09:58:49.1141842Z           "all": false,
build / build-image (linux/amd64, ubuntu-latest, false)	UNKNOWN STEP	2026-10-09T09:58:49.1142448Z           "filter": [
build / build-image (linux/amd64, ubuntu-latest, false)	UNKNOWN STEP	2026-10-09T09:58:49.1143326Z             "type==source.local type==exec.cachemount type==source.git.checkout"
build / build-image (linux/amd64, ubuntu-latest, false)	UNKNOWN STEP	2026-10-09T09:58:49.1144208Z           ],
build / build-image (linux/amd64, ubuntu-latest, false)	UNKNOWN STEP	2026-10-09T09:58:49.1144820Z           "keepDuration": "48h0m0s",
build / build-image (linux/amd64, ubuntu-latest, false)	UNKNOWN STEP	2026-10-09T09:58:49.1145510Z           "maxUsedSpace": "488.3MiB"
build / build-image (linux/amd64, ubuntu-latest, false)	UNKNOWN STEP	2026-10-09T09:58:49.1146172Z         ***,
build / build-image (linux/amd64, ubuntu-latest, false)	UNKNOWN STEP	2026-10-09T09:58:49.1146732Z         ***
build / build-image (linux/amd64, ubuntu-latest, false)	UNKNOWN STEP	2026-10-09T09:58:49.1147289Z           "all": false,
build / build-image (linux/amd64, ubuntu-latest, false)	UNKNOWN STEP	2026-10-09T09:58:49.1147914Z           "keepDuration": "1440h0m0s",
build / build-image (linux/amd64, ubuntu-latest, false)	UNKNOWN STEP	2026-10-09T09:58:49.1148971Z           "reservedSpace": "7.451GiB",
build / build-image (linux/amd64, ubuntu-latest, false)	UNKNOWN STEP	2026-10-09T09:58:49.1149776Z           "maxUsedSpace": "54.02GiB",
build / build-image (linux/amd64, ubuntu-latest, false)	UNKNOWN STEP	2026-10-09T09:58:49.1150456Z           "minFreeSpace": "13.97GiB"
build / build-image (linux/amd64, ubuntu-latest, false)	UNKNOWN STEP	2026-10-09T09:58:49.1151172Z         ***,
build / build-image (linux/amd64, ubuntu-latest, false)	UNKNOWN STEP	2026-10-09T09:58:49.1151819Z         ***
build / build-image (linux/amd64, ubuntu-latest, false)	UNKNOWN STEP	2026-10-09T09:58:49.1152496Z           "all": false,
build / build-image (linux/amd64, ubuntu-latest, false)	UNKNOWN STEP	2026-10-09T09:58:49.1153275Z           "reservedSpace": "7.451GiB",
build / build-image (linux/amd64, ubuntu-latest, false)	UNKNOWN STEP	2026-10-09T09:58:49.1154034Z           "maxUsedSpace": "54.02GiB",
build / build-image (linux/amd64, ubuntu-latest, false)	UNKNOWN STEP	2026-10-09T09:58:49.1154791Z           "minFreeSpace": "13.97GiB"
build / build-image (linux/amd64, ubuntu-latest, false)	UNKNOWN STEP	2026-10-09T09:58:49.1155886Z         ***,
build / build-image (linux/amd64, ubuntu-latest, false)	UNKNOWN STEP	2026-10-09T09:58:49.1156485Z         ***
build / build-image (linux/amd64, ubuntu-latest, false)	UNKNOWN STEP	2026-10-09T09:58:49.1157070Z           "all": true,
build / build-image (linux/amd64, ubuntu-latest, false)	UNKNOWN STEP	2026-10-09T09:58:49.1157732Z           "reservedSpace": "7.451GiB",
build / build-image (linux/amd64, ubuntu-latest, false)	UNKNOWN STEP	2026-10-09T09:58:49.1158770Z           "maxUsedSpace": "54.02GiB",
build / build-image (linux/amd64, ubuntu-latest, false)	UNKNOWN STEP	2026-10-09T09:58:49.1159505Z           "minFreeSpace": "13.97GiB"
build / build-image (linux/amd64, ubuntu-latest, false)	UNKNOWN STEP	2026-10-09T09:58:49.1160211Z         ***
build / build-image (linux/amd64, ubuntu-latest, false)	UNKNOWN STEP	2026-10-09T09:58:49.1160795Z       ]
build / build-image (linux/amd64, ubuntu-latest, false)	UNKNOWN STEP	2026-10-09T09:58:49.1161374Z     ***
build / build-image (linux/amd64, ubuntu-latest, false)	UNKNOWN STEP	2026-10-09T09:58:49.1161939Z   ],
build / build-image (linux/amd64, ubuntu-latest, false)	UNKNOWN STEP	2026-10-09T09:58:49.1162624Z   "name": "builder-18f383a0-30c4-4377-a370-cb26d8066f5b",
build / build-image (linux/amd64, ubuntu-latest, false)	UNKNOWN STEP	2026-10-09T09:58:49.1163483Z   "driver": "docker-container",
build / build-image (linux/amd64, ubuntu-latest, false)	UNKNOWN STEP	2026-10-09T09:58:49.1164219Z   "lastActivity": "2026-10-09T09:58:44.000Z"
build / build-image (linux/amd64, ubuntu-latest, false)	UNKNOWN STEP	2026-10-09T09:58:49.1164962Z ***
build / build-image (linux/amd64, ubuntu-latest, false)	UNKNOWN STEP	2026-10-09T09:58:49.1166040Z ##[endgroup]
build / build-image (linux/amd64, ubuntu-latest, false)	UNKNOWN STEP	2026-10-09T09:58:49.1166997Z ##[group]BuildKit version
build / build-image (linux/amd64, ubuntu-latest, false)	UNKNOWN STEP	2026-10-09T09:58:49.1167777Z builder-18f383a0-30c4-4377-a370-cb26d8066f5b0: v0.33.1
build / build-image (linux/amd64, ubuntu-latest, false)	UNKNOWN STEP	2026-10-09T09:58:49.1169263Z ##[endgroup]
build / build-image (linux/amd64, ubuntu-latest, false)	UNKNOWN STEP	2026-10-09T09:58:49.1204781Z ##[end-action id=__consensys-vertical-apps_shared-services-workflows.__docker_setup-buildx-action;outcome=success;conclusion=success;duration_ms=5710]
build / build-image (linux/amd64, ubuntu-latest, false)	UNKNOWN STEP	2026-10-09T09:58:49.1210693Z ##[start-action display=Configure AWS credentials;id=__consensys-vertical-apps_shared-services-workflows.configure-aws-credentials]
build / build-image (linux/amd64, ubuntu-latest, false)	UNKNOWN STEP	2026-10-09T09:58:49.1293283Z ##[group]Run aws-actions/configure-aws-credentials@e7f100cf4c008499ea8adda475de1042d6975c7b
build / build-image (linux/amd64, ubuntu-latest, false)	UNKNOWN STEP	2026-10-09T09:58:49.1293862Z with:
build / build-image (linux/amd64, ubuntu-latest, false)	UNKNOWN STEP	2026-10-09T09:58:49.1294284Z   role-to-assume: arn:aws:iam::471636589850:role/ecr-github-public-cache-pull
build / build-image (linux/amd64, ubuntu-latest, false)	UNKNOWN STEP	2026-10-09T09:58:49.1294779Z   aws-region: us-east-2
build / build-image (linux/amd64, ubuntu-latest, false)	UNKNOWN STEP	2026-10-09T09:58:49.1295101Z   mask-aws-account-id: true
build / build-image (linux/amd64, ubuntu-latest, false)	UNKNOWN STEP	2026-10-09T09:58:49.1295441Z   audience: sts.amazonaws.com
build / build-image (linux/amd64, ubuntu-latest, false)	UNKNOWN STEP	2026-10-09T09:58:49.1295772Z env:
build / build-image (linux/amd64, ubuntu-latest, false)	UNKNOWN STEP	2026-10-09T09:58:49.1296350Z   JFROG_CLI_ENV_EXCLUDE: *password*;*secret*;*key*;*token*;*auth*;JF_ARTIFACTORY_*;JF_ENV_*;JF_URL;JF_USER;JF_PASSWORD;JF_ACCESS_TOKEN
build / build-image (linux/amd64, ubuntu-latest, false)	UNKNOWN STEP	2026-10-09T09:58:49.1297042Z   JFROG_CLI_OFFER_CONFIG: false
build / build-image (linux/amd64, ubuntu-latest, false)	UNKNOWN STEP	2026-10-09T09:58:49.1297416Z   JFROG_CLI_AVOID_NEW_VERSION_WARNING: true
build / build-image (linux/amd64, ubuntu-latest, false)	UNKNOWN STEP	2026-10-09T09:58:49.1297920Z   JFROG_CLI_SOURCECODE_REPOSITORY: consensys-vertical-apps/va-mmcx-terminal
build / build-image (linux/amd64, ubuntu-latest, false)	UNKNOWN STEP	2026-10-09T09:58:49.1298769Z   JFROG_CLI_CI_JOB_ID: Validate PR
build / build-image (linux/amd64, ubuntu-latest, false)	UNKNOWN STEP	2026-10-09T09:58:49.1299131Z   JFROG_CLI_CI_RUN_ID: 37913247520
build / build-image (linux/amd64, ubuntu-latest, false)	UNKNOWN STEP	2026-10-09T09:58:49.1299474Z   JFROG_CLI_GITHUB_TOKEN: 
build / build-image (linux/amd64, ubuntu-latest, false)	UNKNOWN STEP	2026-10-09T09:58:49.1299882Z   JFROG_CLI_CI_VCS_REVISION: bdb22ba93a496cf95b8f6c4ed04828cc9159a87f
build / build-image (linux/amd64, ubuntu-latest, false)	UNKNOWN STEP	2026-10-09T09:58:49.1300343Z   JFROG_CLI_CI_BRANCH: 176/merge
build / build-image (linux/amd64, ubuntu-latest, false)	UNKNOWN STEP	2026-10-09T09:58:49.1300838Z   JFROG_CLI_CI_VCS_URL: https://github.com/consensys-vertical-apps/va-mmcx-terminal
build / build-image (linux/amd64, ubuntu-latest, false)	UNKNOWN STEP	2026-10-09T09:58:49.1301374Z   JFROG_CLI_BUILD_NAME: Validate PR
build / build-image (linux/amd64, ubuntu-latest, false)	UNKNOWN STEP	2026-10-09T09:58:49.1301725Z   JFROG_CLI_BUILD_NUMBER: 814
build / build-image (linux/amd64, ubuntu-latest, false)	UNKNOWN STEP	2026-10-09T09:58:49.1302293Z   JFROG_CLI_BUILD_URL: https://github.com/consensys-vertical-apps/va-mmcx-terminal/actions/runs/37913247520
build / build-image (linux/amd64, ubuntu-latest, false)	UNKNOWN STEP	2026-10-09T09:58:49.1302999Z   JFROG_CLI_USER_AGENT: setup-jfrog-cli-github-action/5.1.0
build / build-image (linux/amd64, ubuntu-latest, false)	UNKNOWN STEP	2026-10-09T09:58:49.1303510Z   JFROG_CLI_COMMAND_SUMMARY_OUTPUT_DIR: /home/runner/work/_temp
build / build-image (linux/amd64, ubuntu-latest, false)	UNKNOWN STEP	2026-10-09T09:58:49.1304027Z   JFROG_CLI_USAGE_GH_TOKEN_FOR_CODE_SCANNING_ALERTS_PROVIDED: 
build / build-image (linux/amd64, ubuntu-latest, false)	UNKNOWN STEP	2026-10-09T09:58:49.1304501Z   SETUP_JFROG_CLI_SERVER_IDS: setup-jfrog-cli-server
build / build-image (linux/amd64, ubuntu-latest, false)	UNKNOWN STEP	2026-10-09T09:58:49.1304899Z   FILE: ./Dockerfile
build / build-image (linux/amd64, ubuntu-latest, false)	UNKNOWN STEP	2026-10-09T09:58:49.1305192Z ##[endgroup]
build / build-image (linux/amd64, ubuntu-latest, false)	UNKNOWN STEP	2026-10-09T09:58:49.4920011Z Assuming role with OIDC
build / build-image (linux/amd64, ubuntu-latest, false)	UNKNOWN STEP	2026-10-09T09:58:49.7160364Z Authenticated as assumedRoleId AROAW3T53HUNHCUKTKI6Q:GitHubActions
build / build-image (linux/amd64, ubuntu-latest, false)	UNKNOWN STEP	2026-10-09T09:58:49.7984341Z ##[end-action id=__consensys-vertical-apps_shared-services-workflows.configure-aws-credentials;outcome=success;conclusion=success;duration_ms=677]
build / build-image (linux/amd64, ubuntu-latest, false)	UNKNOWN STEP	2026-10-09T09:58:49.7990442Z ##[start-action display=Login to Amazon ECR;id=__consensys-vertical-apps_shared-services-workflows.ecr]
build / build-image (linux/amd64, ubuntu-latest, false)	UNKNOWN STEP	2026-10-09T09:58:49.8062874Z ##[group]Run aws-actions/amazon-ecr-login@d539f0932e70871a027e9d5a9d8fc38589180a64
build / build-image (linux/amd64, ubuntu-latest, false)	UNKNOWN STEP	2026-10-09T09:58:49.8063797Z with:
build / build-image (linux/amd64, ubuntu-latest, false)	UNKNOWN STEP	2026-10-09T09:58:49.8064313Z   mask-password: true
build / build-image (linux/amd64, ubuntu-latest, false)	UNKNOWN STEP	2026-10-09T09:58:49.8064910Z   registry-type: private
build / build-image (linux/amd64, ubuntu-latest, false)	UNKNOWN STEP	2026-10-09T09:58:49.8065498Z   skip-logout: false
build / build-image (linux/amd64, ubuntu-latest, false)	UNKNOWN STEP	2026-10-09T09:58:49.8066397Z env:
build / build-image (linux/amd64, ubuntu-latest, false)	UNKNOWN STEP	2026-10-09T09:58:49.8067479Z   JFROG_CLI_ENV_EXCLUDE: *password*;*secret*;*key*;*token*;*auth*;JF_ARTIFACTORY_*;JF_ENV_*;JF_URL;JF_USER;JF_PASSWORD;JF_ACCESS_TOKEN
build / build-image (linux/amd64, ubuntu-latest, false)	UNKNOWN STEP	2026-10-09T09:58:49.8069973Z   JFROG_CLI_OFFER_CONFIG: false
build / build-image (linux/amd64, ubuntu-latest, false)	UNKNOWN STEP	2026-10-09T09:58:49.8070684Z   JFROG_CLI_AVOID_NEW_VERSION_WARNING: true
build / build-image (linux/amd64, ubuntu-latest, false)	UNKNOWN STEP	2026-10-09T09:58:49.8071624Z   JFROG_CLI_SOURCECODE_REPOSITORY: consensys-vertical-apps/va-mmcx-terminal
build / build-image (linux/amd64, ubuntu-latest, false)	UNKNOWN STEP	2026-10-09T09:58:49.8072582Z   JFROG_CLI_CI_JOB_ID: Validate PR
build / build-image (linux/amd64, ubuntu-latest, false)	UNKNOWN STEP	2026-10-09T09:58:49.8073232Z   JFROG_CLI_CI_RUN_ID: 37913247520
build / build-image (linux/amd64, ubuntu-latest, false)	UNKNOWN STEP	2026-10-09T09:58:49.8073878Z   JFROG_CLI_GITHUB_TOKEN: 
build / build-image (linux/amd64, ubuntu-latest, false)	UNKNOWN STEP	2026-10-09T09:58:49.8074653Z   JFROG_CLI_CI_VCS_REVISION: bdb22ba93a496cf95b8f6c4ed04828cc9159a87f
build / build-image (linux/amd64, ubuntu-latest, false)	UNKNOWN STEP	2026-10-09T09:58:49.8075481Z   JFROG_CLI_CI_BRANCH: 176/merge
build / build-image (linux/amd64, ubuntu-latest, false)	UNKNOWN STEP	2026-10-09T09:58:49.8076369Z   JFROG_CLI_CI_VCS_URL: https://github.com/consensys-vertical-apps/va-mmcx-terminal
build / build-image (linux/amd64, ubuntu-latest, false)	UNKNOWN STEP	2026-10-09T09:58:49.8077322Z   JFROG_CLI_BUILD_NAME: Validate PR
build / build-image (linux/amd64, ubuntu-latest, false)	UNKNOWN STEP	2026-10-09T09:58:49.8077976Z   JFROG_CLI_BUILD_NUMBER: 814
build / build-image (linux/amd64, ubuntu-latest, false)	UNKNOWN STEP	2026-10-09T09:58:49.8079799Z   JFROG_CLI_BUILD_URL: https://github.com/consensys-vertical-apps/va-mmcx-terminal/actions/runs/37913247520
build / build-image (linux/amd64, ubuntu-latest, false)	UNKNOWN STEP	2026-10-09T09:58:49.8081058Z   JFROG_CLI_USER_AGENT: setup-jfrog-cli-github-action/5.1.0
build / build-image (linux/amd64, ubuntu-latest, false)	UNKNOWN STEP	2026-10-09T09:58:49.8081961Z   JFROG_CLI_COMMAND_SUMMARY_OUTPUT_DIR: /home/runner/work/_temp
build / build-image (linux/amd64, ubuntu-latest, false)	UNKNOWN STEP	2026-10-09T09:58:49.8082898Z   JFROG_CLI_USAGE_GH_TOKEN_FOR_CODE_SCANNING_ALERTS_PROVIDED: 
build / build-image (linux/amd64, ubuntu-latest, false)	UNKNOWN STEP	2026-10-09T09:58:49.8083763Z   SETUP_JFROG_CLI_SERVER_IDS: setup-jfrog-cli-server
build / build-image (linux/amd64, ubuntu-latest, false)	UNKNOWN STEP	2026-10-09T09:58:49.8084487Z   FILE: ./Dockerfile
build / build-image (linux/amd64, ubuntu-latest, false)	UNKNOWN STEP	2026-10-09T09:58:49.8085028Z   AWS_DEFAULT_REGION: us-east-2
build / build-image (linux/amd64, ubuntu-latest, false)	UNKNOWN STEP	2026-10-09T09:58:49.8085633Z   AWS_REGION: us-east-2
build / build-image (linux/amd64, ubuntu-latest, false)	UNKNOWN STEP	2026-10-09T09:58:49.8086257Z   AWS_ACCESS_KEY_ID: ***
build / build-image (linux/amd64, ubuntu-latest, false)	UNKNOWN STEP	2026-10-09T09:58:49.8087006Z   AWS_SECRET_ACCESS_KEY: ***
build / build-image (linux/amd64, ubuntu-latest, false)	UNKNOWN STEP	2026-10-09T09:58:49.8096972Z   AWS_SESSION_TOKEN: ***
build / build-image (linux/amd64, ubuntu-latest, false)	UNKNOWN STEP	2026-10-09T09:58:49.8097605Z ##[endgroup]
build / build-image (linux/amd64, ubuntu-latest, false)	UNKNOWN STEP	2026-10-09T09:58:49.9256316Z Using environment variable credentials.
build / build-image (linux/amd64, ubuntu-latest, false)	UNKNOWN STEP	2026-10-09T09:58:50.2198611Z Logging into registry ***.dkr.ecr.us-east-2.amazonaws.com
build / build-image (linux/amd64, ubuntu-latest, false)	UNKNOWN STEP	2026-10-09T09:58:50.7832137Z ##[end-action id=__consensys-vertical-apps_shared-services-workflows.ecr;outcome=success;conclusion=success;duration_ms=983]
build / build-image (linux/amd64, ubuntu-latest, false)	UNKNOWN STEP	2026-10-09T09:58:50.7837351Z ##[start-action display=Build and export;id=__consensys-vertical-apps_shared-services-workflows.__docker_build-push-action]
build / build-image (linux/amd64, ubuntu-latest, false)	UNKNOWN STEP	2026-10-09T09:58:50.7964965Z ##[group]Run docker/build-push-action@53b7df96c91f9c12dcc8a07bcb9ccacbed38856a
build / build-image (linux/amd64, ubuntu-latest, false)	UNKNOWN STEP	2026-10-09T09:58:50.7965931Z with:
build / build-image (linux/amd64, ubuntu-latest, false)	UNKNOWN STEP	2026-10-09T09:58:50.7966459Z   context: .
build / build-image (linux/amd64, ubuntu-latest, false)	UNKNOWN STEP	2026-10-09T09:58:50.7967011Z   cache-from: type=gha
build / build-image (linux/amd64, ubuntu-latest, false)	UNKNOWN STEP	2026-10-09T09:58:50.7967621Z   cache-to: type=gha,mode=min
build / build-image (linux/amd64, ubuntu-latest, false)	UNKNOWN STEP	2026-10-09T09:58:50.7993116Z   build-args: ***
build / build-image (linux/amd64, ubuntu-latest, false)	UNKNOWN STEP	
build / build-image (linux/amd64, ubuntu-latest, false)	UNKNOWN STEP	JFROG_ACCESS_TOKEN=***
build / build-image (linux/amd64, ubuntu-latest, false)	UNKNOWN STEP	GITHUB_ACCESS_TOKEN=
build / build-image (linux/amd64, ubuntu-latest, false)	UNKNOWN STEP	
build / build-image (linux/amd64, ubuntu-latest, false)	UNKNOWN STEP	2026-10-09T09:58:50.7993673Z   platforms: linux/amd64
build / build-image (linux/amd64, ubuntu-latest, false)	UNKNOWN STEP	2026-10-09T09:58:50.7994018Z   tags: app:latest
build / build-image (linux/amd64, ubuntu-latest, false)	UNKNOWN STEP	2026-10-09T09:58:50.7994335Z   file: ./Dockerfile
build / build-image (linux/amd64, ubuntu-latest, false)	UNKNOWN STEP	2026-10-09T09:58:50.7994660Z   outputs: type=oci,dest=build.tar
build / build-image (linux/amd64, ubuntu-latest, false)	UNKNOWN STEP	2026-10-09T09:58:50.7995019Z   load: false
build / build-image (linux/amd64, ubuntu-latest, false)	UNKNOWN STEP	2026-10-09T09:58:50.7995316Z   no-cache: false
build / build-image (linux/amd64, ubuntu-latest, false)	UNKNOWN STEP	2026-10-09T09:58:50.7995645Z   pull: false
build / build-image (linux/amd64, ubuntu-latest, false)	UNKNOWN STEP	2026-10-09T09:58:50.7995931Z   push: false
build / build-image (linux/amd64, ubuntu-latest, false)	UNKNOWN STEP	2026-10-09T09:58:50.7999159Z   github-token: ***
build / build-image (linux/amd64, ubuntu-latest, false)	UNKNOWN STEP	2026-10-09T09:58:50.7999878Z env:
build / build-image (linux/amd64, ubuntu-latest, false)	UNKNOWN STEP	2026-10-09T09:58:50.8000851Z   JFROG_CLI_ENV_EXCLUDE: *password*;*secret*;*key*;*token*;*auth*;JF_ARTIFACTORY_*;JF_ENV_*;JF_URL;JF_USER;JF_PASSWORD;JF_ACCESS_TOKEN
build / build-image (linux/amd64, ubuntu-latest, false)	UNKNOWN STEP	2026-10-09T09:58:50.8001573Z   JFROG_CLI_OFFER_CONFIG: false
build / build-image (linux/amd64, ubuntu-latest, false)	UNKNOWN STEP	2026-10-09T09:58:50.8001969Z   JFROG_CLI_AVOID_NEW_VERSION_WARNING: true
build / build-image (linux/amd64, ubuntu-latest, false)	UNKNOWN STEP	2026-10-09T09:58:50.8002493Z   JFROG_CLI_SOURCECODE_REPOSITORY: consensys-vertical-apps/va-mmcx-terminal
build / build-image (linux/amd64, ubuntu-latest, false)	UNKNOWN STEP	2026-10-09T09:58:50.8003032Z   JFROG_CLI_CI_JOB_ID: Validate PR
build / build-image (linux/amd64, ubuntu-latest, false)	UNKNOWN STEP	2026-10-09T09:58:50.8003402Z   JFROG_CLI_CI_RUN_ID: 37913247520
build / build-image (linux/amd64, ubuntu-latest, false)	UNKNOWN STEP	2026-10-09T09:58:50.8003762Z   JFROG_CLI_GITHUB_TOKEN: 
build / build-image (linux/amd64, ubuntu-latest, false)	UNKNOWN STEP	2026-10-09T09:58:50.8004204Z   JFROG_CLI_CI_VCS_REVISION: bdb22ba93a496cf95b8f6c4ed04828cc9159a87f
build / build-image (linux/amd64, ubuntu-latest, false)	UNKNOWN STEP	2026-10-09T09:58:50.8004690Z   JFROG_CLI_CI_BRANCH: 176/merge
build / build-image (linux/amd64, ubuntu-latest, false)	UNKNOWN STEP	2026-10-09T09:58:50.8005225Z   JFROG_CLI_CI_VCS_URL: https://github.com/consensys-vertical-apps/va-mmcx-terminal
build / build-image (linux/amd64, ubuntu-latest, false)	UNKNOWN STEP	2026-10-09T09:58:50.8006092Z   JFROG_CLI_BUILD_NAME: Validate PR
build / build-image (linux/amd64, ubuntu-latest, false)	UNKNOWN STEP	2026-10-09T09:58:50.8006464Z   JFROG_CLI_BUILD_NUMBER: 814
build / build-image (linux/amd64, ubuntu-latest, false)	UNKNOWN STEP	2026-10-09T09:58:50.8007060Z   JFROG_CLI_BUILD_URL: https://github.com/consensys-vertical-apps/va-mmcx-terminal/actions/runs/37913247520
build / build-image (linux/amd64, ubuntu-latest, false)	UNKNOWN STEP	2026-10-09T09:58:50.8007765Z   JFROG_CLI_USER_AGENT: setup-jfrog-cli-github-action/5.1.0
build / build-image (linux/amd64, ubuntu-latest, false)	UNKNOWN STEP	2026-10-09T09:58:50.8008790Z   JFROG_CLI_COMMAND_SUMMARY_OUTPUT_DIR: /home/runner/work/_temp
build / build-image (linux/amd64, ubuntu-latest, false)	UNKNOWN STEP	2026-10-09T09:58:50.8009415Z   JFROG_CLI_USAGE_GH_TOKEN_FOR_CODE_SCANNING_ALERTS_PROVIDED: 
build / build-image (linux/amd64, ubuntu-latest, false)	UNKNOWN STEP	2026-10-09T09:58:50.8009916Z   SETUP_JFROG_CLI_SERVER_IDS: setup-jfrog-cli-server
build / build-image (linux/amd64, ubuntu-latest, false)	UNKNOWN STEP	2026-10-09T09:58:50.8010322Z   FILE: ./Dockerfile
build / build-image (linux/amd64, ubuntu-latest, false)	UNKNOWN STEP	2026-10-09T09:58:50.8010643Z   AWS_DEFAULT_REGION: us-east-2
build / build-image (linux/amd64, ubuntu-latest, false)	UNKNOWN STEP	2026-10-09T09:58:50.8010985Z   AWS_REGION: us-east-2
build / build-image (linux/amd64, ubuntu-latest, false)	UNKNOWN STEP	2026-10-09T09:58:50.8011354Z   AWS_ACCESS_KEY_ID: ***
build / build-image (linux/amd64, ubuntu-latest, false)	UNKNOWN STEP	2026-10-09T09:58:50.8011777Z   AWS_SECRET_ACCESS_KEY: ***
build / build-image (linux/amd64, ubuntu-latest, false)	UNKNOWN STEP	2026-10-09T09:58:50.8016599Z   AWS_SESSION_TOKEN: ***
build / build-image (linux/amd64, ubuntu-latest, false)	UNKNOWN STEP	2026-10-09T09:58:50.8016930Z ##[endgroup]
build / build-image (linux/amd64, ubuntu-latest, false)	UNKNOWN STEP	2026-10-09T09:58:51.0804367Z ##[group]GitHub Actions runtime token ACs
build / build-image (linux/amd64, ubuntu-latest, false)	UNKNOWN STEP	2026-10-09T09:58:51.0818851Z refs/pull/176/merge: read/write
build / build-image (linux/amd64, ubuntu-latest, false)	UNKNOWN STEP	2026-10-09T09:58:51.0819861Z refs/heads/main: read
build / build-image (linux/amd64, ubuntu-latest, false)	UNKNOWN STEP	2026-10-09T09:58:51.0821278Z ##[endgroup]
build / build-image (linux/amd64, ubuntu-latest, false)	UNKNOWN STEP	2026-10-09T09:58:51.0822727Z ##[group]Docker info
build / build-image (linux/amd64, ubuntu-latest, false)	UNKNOWN STEP	2026-10-09T09:58:51.0896214Z [command]/usr/bin/docker version
build / build-image (linux/amd64, ubuntu-latest, false)	UNKNOWN STEP	2026-10-09T09:58:51.1127644Z Client: Docker Engine - Community
build / build-image (linux/amd64, ubuntu-latest, false)	UNKNOWN STEP	2026-10-09T09:58:51.1132234Z  Version:           28.0.4
build / build-image (linux/amd64, ubuntu-latest, false)	UNKNOWN STEP	2026-10-09T09:58:51.1133707Z  API version:       1.48
build / build-image (linux/amd64, ubuntu-latest, false)	UNKNOWN STEP	2026-10-09T09:58:51.1134690Z  Go version:        go1.23.7
build / build-image (linux/amd64, ubuntu-latest, false)	UNKNOWN STEP	2026-10-09T09:58:51.1135589Z  Git commit:        b8034c0
build / build-image (linux/amd64, ubuntu-latest, false)	UNKNOWN STEP	2026-10-09T09:58:51.1136498Z  Built:             Tue Mar 25 15:07:16 2025
build / build-image (linux/amd64, ubuntu-latest, false)	UNKNOWN STEP	2026-10-09T09:58:51.1137492Z  OS/Arch:           linux/amd64
build / build-image (linux/amd64, ubuntu-latest, false)	UNKNOWN STEP	2026-10-09T09:58:51.1139031Z  Context:           default
build / build-image (linux/amd64, ubuntu-latest, false)	UNKNOWN STEP	2026-10-09T09:58:51.1139668Z 
build / build-image (linux/amd64, ubuntu-latest, false)	UNKNOWN STEP	2026-10-09T09:58:51.1140181Z Server: Docker Engine - Community
build / build-image (linux/amd64, ubuntu-latest, false)	UNKNOWN STEP	2026-10-09T09:58:51.1141068Z  Engine:
build / build-image (linux/amd64, ubuntu-latest, false)	UNKNOWN STEP	2026-10-09T09:58:51.1141862Z   Version:          28.0.4
build / build-image (linux/amd64, ubuntu-latest, false)	UNKNOWN STEP	2026-10-09T09:58:51.1144535Z   API version:      1.48 (minimum version 1.24)
build / build-image (linux/amd64, ubuntu-latest, false)	UNKNOWN STEP	2026-10-09T09:58:51.1145589Z   Go version:       go1.23.7
build / build-image (linux/amd64, ubuntu-latest, false)	UNKNOWN STEP	2026-10-09T09:58:51.1146461Z   Git commit:       6430e49
build / build-image (linux/amd64, ubuntu-latest, false)	UNKNOWN STEP	2026-10-09T09:58:51.1147354Z   Built:            Tue Mar 25 15:07:16 2025
build / build-image (linux/amd64, ubuntu-latest, false)	UNKNOWN STEP	2026-10-09T09:58:51.1148719Z   OS/Arch:          linux/amd64
build / build-image (linux/amd64, ubuntu-latest, false)	UNKNOWN STEP	2026-10-09T09:58:51.1149655Z   Experimental:     false
build / build-image (linux/amd64, ubuntu-latest, false)	UNKNOWN STEP	2026-10-09T09:58:51.1150524Z  containerd:
build / build-image (linux/amd64, ubuntu-latest, false)	UNKNOWN STEP	2026-10-09T09:58:51.1151343Z   Version:          v2.3.6
build / build-image (linux/amd64, ubuntu-latest, false)	UNKNOWN STEP	2026-10-09T09:58:51.1152297Z   GitCommit:        ee2735368117d2eb259779949d5e75cdafec9761
build / build-image (linux/amd64, ubuntu-latest, false)	UNKNOWN STEP	2026-10-09T09:58:51.1153345Z  runc:
build / build-image (linux/amd64, ubuntu-latest, false)	UNKNOWN STEP	2026-10-09T09:58:51.1154119Z   Version:          1.5.1
build / build-image (linux/amd64, ubuntu-latest, false)	UNKNOWN STEP	2026-10-09T09:58:51.1154982Z   GitCommit:        v1.5.1-0-g8f2685a4
build / build-image (linux/amd64, ubuntu-latest, false)	UNKNOWN STEP	2026-10-09T09:58:51.1155904Z  docker-init:
build / build-image (linux/amd64, ubuntu-latest, false)	UNKNOWN STEP	2026-10-09T09:58:51.1156714Z   Version:          0.19.0
build / build-image (linux/amd64, ubuntu-latest, false)	UNKNOWN STEP	2026-10-09T09:58:51.1157575Z   GitCommit:        de40ad0
build / build-image (linux/amd64, ubuntu-latest, false)	UNKNOWN STEP	2026-10-09T09:58:51.1185304Z [command]/usr/bin/docker info
build / build-image (linux/amd64, ubuntu-latest, false)	UNKNOWN STEP	2026-10-09T09:58:51.1783521Z Client: Docker Engine - Community
build / build-image (linux/amd64, ubuntu-latest, false)	UNKNOWN STEP	2026-10-09T09:58:51.1799072Z  Version:    28.0.4
build / build-image (linux/amd64, ubuntu-latest, false)	UNKNOWN STEP	2026-10-09T09:58:51.1801900Z  Context:    default
build / build-image (linux/amd64, ubuntu-latest, false)	UNKNOWN STEP	2026-10-09T09:58:51.1802579Z  Debug Mode: false
build / build-image (linux/amd64, ubuntu-latest, false)	UNKNOWN STEP	2026-10-09T09:58:51.1803337Z  Plugins:
build / build-image (linux/amd64, ubuntu-latest, false)	UNKNOWN STEP	2026-10-09T09:58:51.1805689Z   buildx: Docker Buildx (Docker Inc.)
build / build-image (linux/amd64, ubuntu-latest, false)	UNKNOWN STEP	2026-10-09T09:58:51.1806517Z     Version:  v0.37.2
build / build-image (linux/amd64, ubuntu-latest, false)	UNKNOWN STEP	2026-10-09T09:58:51.1807239Z     Path:     /usr/libexec/docker/cli-plugins/docker-buildx
build / build-image (linux/amd64, ubuntu-latest, false)	UNKNOWN STEP	2026-10-09T09:58:51.1808071Z   compose: Docker Compose (Docker Inc.)
build / build-image (linux/amd64, ubuntu-latest, false)	UNKNOWN STEP	2026-10-09T09:58:51.1809420Z     Version:  v2.38.2
build / build-image (linux/amd64, ubuntu-latest, false)	UNKNOWN STEP	2026-10-09T09:58:51.1810105Z     Path:     /usr/libexec/docker/cli-plugins/docker-compose
build / build-image (linux/amd64, ubuntu-latest, false)	UNKNOWN STEP	2026-10-09T09:58:51.1810703Z 
build / build-image (linux/amd64, ubuntu-latest, false)	UNKNOWN STEP	2026-10-09T09:58:51.1812386Z Server:
build / build-image (linux/amd64, ubuntu-latest, false)	UNKNOWN STEP	2026-10-09T09:58:51.1815044Z  Containers: 1
build / build-image (linux/amd64, ubuntu-latest, false)	UNKNOWN STEP	2026-10-09T09:58:51.1817644Z   Running: 1
build / build-image (linux/amd64, ubuntu-latest, false)	UNKNOWN STEP	2026-10-09T09:58:51.1819816Z   Paused: 0
build / build-image (linux/amd64, ubuntu-latest, false)	UNKNOWN STEP	2026-10-09T09:58:51.1829413Z   Stopped: 0
build / build-image (linux/amd64, ubuntu-latest, false)	UNKNOWN STEP	2026-10-09T09:58:51.1831278Z  Images: 8
build / build-image (linux/amd64, ubuntu-latest, false)	UNKNOWN STEP	2026-10-09T09:58:51.1832368Z  Server Version: 28.0.4
build / build-image (linux/amd64, ubuntu-latest, false)	UNKNOWN STEP	2026-10-09T09:58:51.1833912Z  Storage Driver: overlay2
build / build-image (linux/amd64, ubuntu-latest, false)	UNKNOWN STEP	2026-10-09T09:58:51.1835247Z   Backing Filesystem: extfs
build / build-image (linux/amd64, ubuntu-latest, false)	UNKNOWN STEP	2026-10-09T09:58:51.1836796Z   Supports d_type: true
build / build-image (linux/amd64, ubuntu-latest, false)	UNKNOWN STEP	2026-10-09T09:58:51.1838692Z   Using metacopy: false
build / build-image (linux/amd64, ubuntu-latest, false)	UNKNOWN STEP	2026-10-09T09:58:51.1840249Z   Native Overlay Diff: false
build / build-image (linux/amd64, ubuntu-latest, false)	UNKNOWN STEP	2026-10-09T09:58:51.1841421Z   userxattr: false
build / build-image (linux/amd64, ubuntu-latest, false)	UNKNOWN STEP	2026-10-09T09:58:51.1842549Z  Logging Driver: json-file
build / build-image (linux/amd64, ubuntu-latest, false)	UNKNOWN STEP	2026-10-09T09:58:51.1843520Z  Cgroup Driver: systemd
build / build-image (linux/amd64, ubuntu-latest, false)	UNKNOWN STEP	2026-10-09T09:58:51.1844667Z  Cgroup Version: 2
build / build-image (linux/amd64, ubuntu-latest, false)	UNKNOWN STEP	2026-10-09T09:58:51.1845467Z  Plugins:
build / build-image (linux/amd64, ubuntu-latest, false)	UNKNOWN STEP	2026-10-09T09:58:51.1846581Z   Volume: local
build / build-image (linux/amd64, ubuntu-latest, false)	UNKNOWN STEP	2026-10-09T09:58:51.1847627Z   Network: bridge host ipvlan macvlan null overlay
build / build-image (linux/amd64, ubuntu-latest, false)	UNKNOWN STEP	2026-10-09T09:58:51.1849864Z   Log: awslogs fluentd gcplogs gelf journald json-file local splunk syslog
build / build-image (linux/amd64, ubuntu-latest, false)	UNKNOWN STEP	2026-10-09T09:58:51.1851134Z  Swarm: inactive
build / build-image (linux/amd64, ubuntu-latest, false)	UNKNOWN STEP	2026-10-09T09:58:51.1852469Z  Runtimes: io.containerd.runc.v2 runc
build / build-image (linux/amd64, ubuntu-latest, false)	UNKNOWN STEP	2026-10-09T09:58:51.1853519Z  Default Runtime: runc
build / build-image (linux/amd64, ubuntu-latest, false)	UNKNOWN STEP	2026-10-09T09:58:51.1854843Z  Init Binary: docker-init
build / build-image (linux/amd64, ubuntu-latest, false)	UNKNOWN STEP	2026-10-09T09:58:51.1856307Z  containerd version: ee2735368117d2eb259779949d5e75cdafec9761
build / build-image (linux/amd64, ubuntu-latest, false)	UNKNOWN STEP	2026-10-09T09:58:51.1858695Z  runc version: v1.5.1-0-g8f2685a4
build / build-image (linux/amd64, ubuntu-latest, false)	UNKNOWN STEP	2026-10-09T09:58:51.1859904Z  init version: de40ad0
build / build-image (linux/amd64, ubuntu-latest, false)	UNKNOWN STEP	2026-10-09T09:58:51.1861690Z  Security Options:
build / build-image (linux/amd64, ubuntu-latest, false)	UNKNOWN STEP	2026-10-09T09:58:51.1862906Z   apparmor
build / build-image (linux/amd64, ubuntu-latest, false)	UNKNOWN STEP	2026-10-09T09:58:51.1864326Z   seccomp
build / build-image (linux/amd64, ubuntu-latest, false)	UNKNOWN STEP	2026-10-09T09:58:51.1865400Z    Profile: builtin
build / build-image (linux/amd64, ubuntu-latest, false)	UNKNOWN STEP	2026-10-09T09:58:51.1866898Z   cgroupns
build / build-image (linux/amd64, ubuntu-latest, false)	UNKNOWN STEP	2026-10-09T09:58:51.1868476Z  Kernel Version: 6.17.0-1022-azure
build / build-image (linux/amd64, ubuntu-latest, false)	UNKNOWN STEP	2026-10-09T09:58:51.1870136Z  Operating System: Ubuntu 24.04.5 LTS
build / build-image (linux/amd64, ubuntu-latest, false)	UNKNOWN STEP	2026-10-09T09:58:51.1871447Z  OSType: linux
build / build-image (linux/amd64, ubuntu-latest, false)	UNKNOWN STEP	2026-10-09T09:58:51.1873267Z  Architecture: x86_64
build / build-image (linux/amd64, ubuntu-latest, false)	UNKNOWN STEP	2026-10-09T09:58:51.1874557Z  CPUs: 2
build / build-image (linux/amd64, ubuntu-latest, false)	UNKNOWN STEP	2026-10-09T09:58:51.1876010Z  Total Memory: 7.752GiB
build / build-image (linux/amd64, ubuntu-latest, false)	UNKNOWN STEP	2026-10-09T09:58:51.1876980Z  Name: runnervmmprz5
build / build-image (linux/amd64, ubuntu-latest, false)	UNKNOWN STEP	2026-10-09T09:58:51.1878511Z  ID: 07f0e779-c305-4162-b8ec-c48c30f52fbe
build / build-image (linux/amd64, ubuntu-latest, false)	UNKNOWN STEP	2026-10-09T09:58:51.1879566Z  Docker Root Dir: /var/lib/docker
build / build-image (linux/amd64, ubuntu-latest, false)	UNKNOWN STEP	2026-10-09T09:58:51.1880780Z  Debug Mode: false
build / build-image (linux/amd64, ubuntu-latest, false)	UNKNOWN STEP	2026-10-09T09:58:51.1881618Z  Username: githubactions
build / build-image (linux/amd64, ubuntu-latest, false)	UNKNOWN STEP	2026-10-09T09:58:51.1882781Z  Experimental: false
build / build-image (linux/amd64, ubuntu-latest, false)	UNKNOWN STEP	2026-10-09T09:58:51.1883691Z  Insecure Registries:
build / build-image (linux/amd64, ubuntu-latest, false)	UNKNOWN STEP	2026-10-09T09:58:51.1884802Z   ::1/128
build / build-image (linux/amd64, ubuntu-latest, false)	UNKNOWN STEP	2026-10-09T09:58:51.1885556Z   127.0.0.0/8
build / build-image (linux/amd64, ubuntu-latest, false)	UNKNOWN STEP	2026-10-09T09:58:51.1888737Z  Live Restore Enabled: false
build / build-image (linux/amd64, ubuntu-latest, false)	UNKNOWN STEP	2026-10-09T09:58:51.1889428Z 
build / build-image (linux/amd64, ubuntu-latest, false)	UNKNOWN STEP	2026-10-09T09:58:51.1890508Z ##[endgroup]
build / build-image (linux/amd64, ubuntu-latest, false)	UNKNOWN STEP	2026-10-09T09:58:51.1893085Z ##[group]Proxy configuration
build / build-image (linux/amd64, ubuntu-latest, false)	UNKNOWN STEP	2026-10-09T09:58:51.1893660Z No proxy configuration found
build / build-image (linux/amd64, ubuntu-latest, false)	UNKNOWN STEP	2026-10-09T09:58:51.1894510Z ##[endgroup]
build / build-image (linux/amd64, ubuntu-latest, false)	UNKNOWN STEP	2026-10-09T09:58:51.2484495Z ##[group]Buildx version
build / build-image (linux/amd64, ubuntu-latest, false)	UNKNOWN STEP	2026-10-09T09:58:51.2522494Z [command]/usr/bin/docker buildx version
build / build-image (linux/amd64, ubuntu-latest, false)	UNKNOWN STEP	2026-10-09T09:58:51.3106811Z github.com/docker/buildx v0.37.2 2d379c0c3f22da0d2759d132a0ec81ca949098f0
build / build-image (linux/amd64, ubuntu-latest, false)	UNKNOWN STEP	2026-10-09T09:58:51.3139701Z ##[endgroup]
build / build-image (linux/amd64, ubuntu-latest, false)	UNKNOWN STEP	2026-10-09T09:58:51.3141033Z ##[group]Builder info
build / build-image (linux/amd64, ubuntu-latest, false)	UNKNOWN STEP	2026-10-09T09:58:51.4215477Z ***
build / build-image (linux/amd64, ubuntu-latest, false)	UNKNOWN STEP	2026-10-09T09:58:51.4216652Z   "nodes": [
build / build-image (linux/amd64, ubuntu-latest, false)	UNKNOWN STEP	2026-10-09T09:58:51.4218599Z     ***
build / build-image (linux/amd64, ubuntu-latest, false)	UNKNOWN STEP	2026-10-09T09:58:51.4219790Z       "name": "builder-18f383a0-30c4-4377-a370-cb26d8066f5b0",
build / build-image (linux/amd64, ubuntu-latest, false)	UNKNOWN STEP	2026-10-09T09:58:51.4221761Z       "endpoint": "unix:///var/run/docker.sock",
build / build-image (linux/amd64, ubuntu-latest, false)	UNKNOWN STEP	2026-10-09T09:58:51.4224864Z       "status": "running",
build / build-image (linux/amd64, ubuntu-latest, false)	UNKNOWN STEP	2026-10-09T09:58:51.4227462Z       "buildkitd-flags": "--allow-insecure-entitlement security.insecure --allow-insecure-entitlement network.host",
build / build-image (linux/amd64, ubuntu-latest, false)	UNKNOWN STEP	2026-10-09T09:58:51.4232255Z       "buildkit": "v0.33.1",
build / build-image (linux/amd64, ubuntu-latest, false)	UNKNOWN STEP	2026-10-09T09:58:51.4234318Z       "platforms": "linux/amd64,linux/amd64/v2,linux/amd64/v3,linux/arm64,linux/riscv64,linux/ppc64le,linux/s390x,linux/386,linux/mips64le,linux/mips64,linux/loong64,linux/arm/v7,linux/arm/v6",
build / build-image (linux/amd64, ubuntu-latest, false)	UNKNOWN STEP	2026-10-09T09:58:51.4236451Z       "features": ***
build / build-image (linux/amd64, ubuntu-latest, false)	UNKNOWN STEP	2026-10-09T09:58:51.4237484Z         "Automatically load images to the Docker Engine image store": true,
build / build-image (linux/amd64, ubuntu-latest, false)	UNKNOWN STEP	2026-10-09T09:58:51.4238936Z         "Cache export": true,
build / build-image (linux/amd64, ubuntu-latest, false)	UNKNOWN STEP	2026-10-09T09:58:51.4239558Z         "Direct push": true,
build / build-image (linux/amd64, ubuntu-latest, false)	UNKNOWN STEP	2026-10-09T09:58:51.4240153Z         "Docker exporter": true,
build / build-image (linux/amd64, ubuntu-latest, false)	UNKNOWN STEP	2026-10-09T09:58:51.4241078Z         "Multi-platform build": true,
build / build-image (linux/amd64, ubuntu-latest, false)	UNKNOWN STEP	2026-10-09T09:58:51.4241784Z         "OCI exporter": true
build / build-image (linux/amd64, ubuntu-latest, false)	UNKNOWN STEP	2026-10-09T09:58:51.4242360Z       ***,
build / build-image (linux/amd64, ubuntu-latest, false)	UNKNOWN STEP	2026-10-09T09:58:51.4243094Z       "labels": ***
build / build-image (linux/amd64, ubuntu-latest, false)	UNKNOWN STEP	2026-10-09T09:58:51.4243961Z         "org.mobyproject.buildkit.worker.executor": "oci",
build / build-image (linux/amd64, ubuntu-latest, false)	UNKNOWN STEP	2026-10-09T09:58:51.4244864Z         "org.mobyproject.buildkit.worker.hostname": "769b709aa796",
build / build-image (linux/amd64, ubuntu-latest, false)	UNKNOWN STEP	2026-10-09T09:58:51.4246597Z         "org.mobyproject.buildkit.worker.network": "host",
build / build-image (linux/amd64, ubuntu-latest, false)	UNKNOWN STEP	2026-10-09T09:58:51.4247501Z         "org.mobyproject.buildkit.worker.oci.process-mode": "sandbox",
build / build-image (linux/amd64, ubuntu-latest, false)	UNKNOWN STEP	2026-10-09T09:58:51.4249706Z         "org.mobyproject.buildkit.worker.selinux.enabled": "false",
build / build-image (linux/amd64, ubuntu-latest, false)	UNKNOWN STEP	2026-10-09T09:58:51.4250739Z         "org.mobyproject.buildkit.worker.snapshotter": "overlayfs"
build / build-image (linux/amd64, ubuntu-latest, false)	UNKNOWN STEP	2026-10-09T09:58:51.4251590Z       ***,
build / build-image (linux/amd64, ubuntu-latest, false)	UNKNOWN STEP	2026-10-09T09:58:51.4252130Z       "gcPolicy": [
build / build-image (linux/amd64, ubuntu-latest, false)	UNKNOWN STEP	2026-10-09T09:58:51.4252953Z         ***
build / build-image (linux/amd64, ubuntu-latest, false)	UNKNOWN STEP	2026-10-09T09:58:51.4253511Z           "all": false,
build / build-image (linux/amd64, ubuntu-latest, false)	UNKNOWN STEP	2026-10-09T09:58:51.4254472Z           "filter": [
build / build-image (linux/amd64, ubuntu-latest, false)	UNKNOWN STEP	2026-10-09T09:58:51.4255633Z             "type==source.local type==exec.cachemount type==source.git.checkout"
build / build-image (linux/amd64, ubuntu-latest, false)	UNKNOWN STEP	2026-10-09T09:58:51.4256759Z           ],
build / build-image (linux/amd64, ubuntu-latest, false)	UNKNOWN STEP	2026-10-09T09:58:51.4257334Z           "keepDuration": "48h0m0s",
build / build-image (linux/amd64, ubuntu-latest, false)	UNKNOWN STEP	2026-10-09T09:58:51.4258594Z           "maxUsedSpace": "488.3MiB"
build / build-image (linux/amd64, ubuntu-latest, false)	UNKNOWN STEP	2026-10-09T09:58:51.4259295Z         ***,
build / build-image (linux/amd64, ubuntu-latest, false)	UNKNOWN STEP	2026-10-09T09:58:51.4259645Z         ***
build / build-image (linux/amd64, ubuntu-latest, false)	UNKNOWN STEP	2026-10-09T09:58:51.4260389Z           "all": false,
build / build-image (linux/amd64, ubuntu-latest, false)	UNKNOWN STEP	2026-10-09T09:58:51.4260960Z           "keepDuration": "1440h0m0s",
build / build-image (linux/amd64, ubuntu-latest, false)	UNKNOWN STEP	2026-10-09T09:58:51.4262195Z           "reservedSpace": "7.451GiB",
build / build-image (linux/amd64, ubuntu-latest, false)	UNKNOWN STEP	2026-10-09T09:58:51.4263244Z           "maxUsedSpace": "54.02GiB",
build / build-image (linux/amd64, ubuntu-latest, false)	UNKNOWN STEP	2026-10-09T09:58:51.4263885Z           "minFreeSpace": "13.97GiB"
build / build-image (linux/amd64, ubuntu-latest, false)	UNKNOWN STEP	2026-10-09T09:58:51.4264832Z         ***,
build / build-image (linux/amd64, ubuntu-latest, false)	UNKNOWN STEP	2026-10-09T09:58:51.4265618Z         ***
build / build-image (linux/amd64, ubuntu-latest, false)	UNKNOWN STEP	2026-10-09T09:58:51.4266151Z           "all": false,
build / build-image (linux/amd64, ubuntu-latest, false)	UNKNOWN STEP	2026-10-09T09:58:51.4267052Z           "reservedSpace": "7.451GiB",
build / build-image (linux/amd64, ubuntu-latest, false)	UNKNOWN STEP	2026-10-09T09:58:51.4267932Z           "maxUsedSpace": "54.02GiB",
build / build-image (linux/amd64, ubuntu-latest, false)	UNKNOWN STEP	2026-10-09T09:58:51.4268584Z           "minFreeSpace": "13.97GiB"
build / build-image (linux/amd64, ubuntu-latest, false)	UNKNOWN STEP	2026-10-09T09:58:51.4269696Z         ***,
build / build-image (linux/amd64, ubuntu-latest, false)	UNKNOWN STEP	2026-10-09T09:58:51.4270486Z         ***
build / build-image (linux/amd64, ubuntu-latest, false)	UNKNOWN STEP	2026-10-09T09:58:51.4271012Z           "all": true,
build / build-image (linux/amd64, ubuntu-latest, false)	UNKNOWN STEP	2026-10-09T09:58:51.4273084Z           "reservedSpace": "7.451GiB",
build / build-image (linux/amd64, ubuntu-latest, false)	UNKNOWN STEP	2026-10-09T09:58:51.4273801Z           "maxUsedSpace": "54.02GiB",
build / build-image (linux/amd64, ubuntu-latest, false)	UNKNOWN STEP	2026-10-09T09:58:51.4274770Z           "minFreeSpace": "13.97GiB"
build / build-image (linux/amd64, ubuntu-latest, false)	UNKNOWN STEP	2026-10-09T09:58:51.4275462Z         ***
build / build-image (linux/amd64, ubuntu-latest, false)	UNKNOWN STEP	2026-10-09T09:58:51.4275968Z       ]
build / build-image (linux/amd64, ubuntu-latest, false)	UNKNOWN STEP	2026-10-09T09:58:51.4276491Z     ***
build / build-image (linux/amd64, ubuntu-latest, false)	UNKNOWN STEP	2026-10-09T09:58:51.4276805Z   ],
build / build-image (linux/amd64, ubuntu-latest, false)	UNKNOWN STEP	2026-10-09T09:58:51.4277177Z   "name": "builder-18f383a0-30c4-4377-a370-cb26d8066f5b",
build / build-image (linux/amd64, ubuntu-latest, false)	UNKNOWN STEP	2026-10-09T09:58:51.4277663Z   "driver": "docker-container",
build / build-image (linux/amd64, ubuntu-latest, false)	UNKNOWN STEP	2026-10-09T09:58:51.4278427Z   "lastActivity": "2026-10-09T09:58:44.000Z"
build / build-image (linux/amd64, ubuntu-latest, false)	UNKNOWN STEP	2026-10-09T09:58:51.4279177Z ***
build / build-image (linux/amd64, ubuntu-latest, false)	UNKNOWN STEP	2026-10-09T09:58:51.4280520Z ##[endgroup]
build / build-image (linux/amd64, ubuntu-latest, false)	UNKNOWN STEP	2026-10-09T09:58:51.6243741Z [command]/usr/bin/docker buildx build --build-arg *** --build-arg *** --build-arg *** --build-arg *** --build-arg *** --build-arg *** --build-arg *** --build-arg *** --build-arg *** --build-arg *** --build-arg *** --build-arg JFROG_ACCESS_TOKEN=*** --build-arg GITHUB_ACCESS_TOKEN= --cache-from type=gha --cache-to type=gha,mode=min --file ./Dockerfile --iidfile /home/runner/work/_temp/docker-actions-toolkit-p4VSxr/build-iidfile-a5c9a3049a.txt --output type=oci,dest=build.tar --platform linux/amd64 --attest type=provenance,mode=min,inline-only=true,builder-id=https://github.com/consensys-vertical-apps/va-mmcx-terminal/actions/runs/37913247520/attempts/1 --tag app:latest --metadata-file /home/runner/work/_temp/docker-actions-toolkit-p4VSxr/build-metadata-60562dda84.json .
build / build-image (linux/amd64, ubuntu-latest, false)	UNKNOWN STEP	2026-10-09T09:58:51.9725042Z #0 building with "builder-18f383a0-30c4-4377-a370-cb26d8066f5b" instance using docker-container driver
build / build-image (linux/amd64, ubuntu-latest, false)	UNKNOWN STEP	2026-10-09T09:58:51.9725915Z 
build / build-image (linux/amd64, ubuntu-latest, false)	UNKNOWN STEP	2026-10-09T09:58:51.9727196Z #1 [internal] load build definition from Dockerfile
build / build-image (linux/amd64, ubuntu-latest, false)	UNKNOWN STEP	2026-10-09T09:58:51.9728306Z #1 transferring dockerfile: 2.25kB 0.0s done
build / build-image (linux/amd64, ubuntu-latest, false)	UNKNOWN STEP	2026-10-09T09:58:51.9729151Z #1 DONE 0.0s
build / build-image (linux/amd64, ubuntu-latest, false)	UNKNOWN STEP	2026-10-09T09:58:51.9729558Z 
build / build-image (linux/amd64, ubuntu-latest, false)	UNKNOWN STEP	2026-10-09T09:58:51.9730364Z #2 [internal] load metadata for ***.dkr.ecr.us-east-2.amazonaws.com/docker-hub/library/node:22.20-alpine3.22
build / build-image (linux/amd64, ubuntu-latest, false)	UNKNOWN STEP	2026-10-09T09:58:52.1816127Z #2 ...
build / build-image (linux/amd64, ubuntu-latest, false)	UNKNOWN STEP	2026-10-09T09:58:52.1817779Z 
build / build-image (linux/amd64, ubuntu-latest, false)	UNKNOWN STEP	2026-10-09T09:58:52.1818819Z #3 [auth] sharing credentials for ***.dkr.ecr.us-east-2.amazonaws.com
build / build-image (linux/amd64, ubuntu-latest, false)	UNKNOWN STEP	2026-10-09T09:58:52.1819866Z #3 DONE 0.0s
build / build-image (linux/amd64, ubuntu-latest, false)	UNKNOWN STEP	2026-10-09T09:58:52.3321680Z 
build / build-image (linux/amd64, ubuntu-latest, false)	UNKNOWN STEP	2026-10-09T09:58:52.3322598Z #4 [internal] load metadata for ***.dkr.ecr.us-east-2.amazonaws.com/gcr-io-distroless:nodejs22-debian12
build / build-image (linux/amd64, ubuntu-latest, false)	UNKNOWN STEP	2026-10-09T09:58:52.7881690Z #4 DONE 1.0s
build / build-image (linux/amd64, ubuntu-latest, false)	UNKNOWN STEP	2026-10-09T09:58:52.7882253Z 
build / build-image (linux/amd64, ubuntu-latest, false)	UNKNOWN STEP	2026-10-09T09:58:52.7883113Z #2 [internal] load metadata for ***.dkr.ecr.us-east-2.amazonaws.com/docker-hub/library/node:22.20-alpine3.22
build / build-image (linux/amd64, ubuntu-latest, false)	UNKNOWN STEP	2026-10-09T09:58:53.0343020Z #2 DONE 1.0s
build / build-image (linux/amd64, ubuntu-latest, false)	UNKNOWN STEP	2026-10-09T09:58:53.0343697Z 
build / build-image (linux/amd64, ubuntu-latest, false)	UNKNOWN STEP	2026-10-09T09:58:53.0344514Z #5 [internal] load .dockerignore
build / build-image (linux/amd64, ubuntu-latest, false)	UNKNOWN STEP	2026-10-09T09:58:53.0345474Z #5 transferring context: 2B done
build / build-image (linux/amd64, ubuntu-latest, false)	UNKNOWN STEP	2026-10-09T09:58:53.0346502Z #5 DONE 0.0s
build / build-image (linux/amd64, ubuntu-latest, false)	UNKNOWN STEP	2026-10-09T09:58:53.0346825Z 
build / build-image (linux/amd64, ubuntu-latest, false)	UNKNOWN STEP	2026-10-09T09:58:53.0347092Z #6 [internal] load build context
build / build-image (linux/amd64, ubuntu-latest, false)	UNKNOWN STEP	2026-10-09T09:58:53.0347720Z #6 DONE 0.0s
build / build-image (linux/amd64, ubuntu-latest, false)	UNKNOWN STEP	2026-10-09T09:58:53.0348012Z 
build / build-image (linux/amd64, ubuntu-latest, false)	UNKNOWN STEP	2026-10-09T09:58:53.0349570Z #7 [builder 1/8] FROM ***.dkr.ecr.us-east-2.amazonaws.com/docker-hub/library/node:22.20-alpine3.22@sha256:dbcedd8aeab47fbc0f4dd4bffa55b7c3c729a707875968d467aaaea42d6225af
build / build-image (linux/amd64, ubuntu-latest, false)	UNKNOWN STEP	2026-10-09T09:58:53.0351977Z #7 resolve ***.dkr.ecr.us-east-2.amazonaws.com/docker-hub/library/node:22.20-alpine3.22@sha256:dbcedd8aeab47fbc0f4dd4bffa55b7c3c729a707875968d467aaaea42d6225af done
build / build-image (linux/amd64, ubuntu-latest, false)	UNKNOWN STEP	2026-10-09T09:58:53.0352857Z #7 DONE 0.0s
build / build-image (linux/amd64, ubuntu-latest, false)	UNKNOWN STEP	2026-10-09T09:58:53.0353037Z 
build / build-image (linux/amd64, ubuntu-latest, false)	UNKNOWN STEP	2026-10-09T09:58:53.0353695Z #8 [runner 1/4] FROM ***.dkr.ecr.us-east-2.amazonaws.com/gcr-io-distroless:nodejs22-debian12@sha256:fd90468f47e91d0d3c9bc055c8c09edbf0c225c3c795d0c266e2ca94b3ba17e3
build / build-image (linux/amd64, ubuntu-latest, false)	UNKNOWN STEP	2026-10-09T09:58:53.0355003Z #8 resolve ***.dkr.ecr.us-east-2.amazonaws.com/gcr-io-distroless:nodejs22-debian12@sha256:fd90468f47e91d0d3c9bc055c8c09edbf0c225c3c795d0c266e2ca94b3ba17e3 done
build / build-image (linux/amd64, ubuntu-latest, false)	UNKNOWN STEP	2026-10-09T09:58:53.0355807Z #8 DONE 0.0s
build / build-image (linux/amd64, ubuntu-latest, false)	UNKNOWN STEP	2026-10-09T09:58:53.0355973Z 
build / build-image (linux/amd64, ubuntu-latest, false)	UNKNOWN STEP	2026-10-09T09:58:53.0356175Z #9 importing cache manifest from gha:14814122222443444635
build / build-image (linux/amd64, ubuntu-latest, false)	UNKNOWN STEP	2026-10-09T09:58:53.0500489Z #9 DONE 0.2s
build / build-image (linux/amd64, ubuntu-latest, false)	UNKNOWN STEP	2026-10-09T09:58:53.1741411Z 
build / build-image (linux/amd64, ubuntu-latest, false)	UNKNOWN STEP	2026-10-09T09:58:53.1742593Z #6 [internal] load build context
build / build-image (linux/amd64, ubuntu-latest, false)	UNKNOWN STEP	2026-10-09T09:58:54.0086002Z #6 transferring context: 36.69MB 0.9s done
build / build-image (linux/amd64, ubuntu-latest, false)	UNKNOWN STEP	2026-10-09T09:58:54.1264176Z #6 DONE 1.0s
build / build-image (linux/amd64, ubuntu-latest, false)	UNKNOWN STEP	2026-10-09T09:58:54.1266493Z 
build / build-image (linux/amd64, ubuntu-latest, false)	UNKNOWN STEP	2026-10-09T09:58:54.1268699Z #7 [builder 1/8] FROM ***.dkr.ecr.us-east-2.amazonaws.com/docker-hub/library/node:22.20-alpine3.22@sha256:dbcedd8aeab47fbc0f4dd4bffa55b7c3c729a707875968d467aaaea42d6225af
build / build-image (linux/amd64, ubuntu-latest, false)	UNKNOWN STEP	2026-10-09T09:58:54.1271134Z #7 sha256:44a43d49c5117bb6048f44499d8980962eb8c429b52ea12441d635c0c1c9a56b 447B / 447B 0.2s done
build / build-image (linux/amd64, ubuntu-latest, false)	UNKNOWN STEP	2026-10-09T09:58:54.1272096Z #7 sha256:b6cd7e47c1da3b1d6d5752f0fe515ebf93bef68421b4748c48302b6b6dddc0dc 1.26MB / 1.26MB 0.8s done
build / build-image (linux/amd64, ubuntu-latest, false)	UNKNOWN STEP	2026-10-09T09:58:54.1273546Z #7 sha256:2f385331c129e26191cd1be348031f074d5cef6ae65f0b4c575f5470aeeb5290 0B / 51.49MB 0.9s
build / build-image (linux/amd64, ubuntu-latest, false)	UNKNOWN STEP	2026-10-09T09:58:54.1274328Z #7 sha256:2d35ebdb57d9971fea0cac1582aa78935adf8058b2cc32db163c98822e5dfa1b 0B / 3.80MB 0.9s
build / build-image (linux/amd64, ubuntu-latest, false)	UNKNOWN STEP	2026-10-09T09:58:54.2295950Z #7 sha256:2d35ebdb57d9971fea0cac1582aa78935adf8058b2cc32db163c98822e5dfa1b 1.05MB / 3.80MB 1.1s
build / build-image (linux/amd64, ubuntu-latest, false)	UNKNOWN STEP	2026-10-09T09:58:54.3579103Z #7 sha256:2f385331c129e26191cd1be348031f074d5cef6ae65f0b4c575f5470aeeb5290 3.15MB / 51.49MB 1.2s
build / build-image (linux/amd64, ubuntu-latest, false)	UNKNOWN STEP	2026-10-09T09:58:54.4805400Z #7 sha256:2d35ebdb57d9971fea0cac1582aa78935adf8058b2cc32db163c98822e5dfa1b 3.80MB / 3.80MB 1.2s done
build / build-image (linux/amd64, ubuntu-latest, false)	UNKNOWN STEP	2026-10-09T09:58:54.4809311Z #7 extracting sha256:2d35ebdb57d9971fea0cac1582aa78935adf8058b2cc32db163c98822e5dfa1b
build / build-image (linux/amd64, ubuntu-latest, false)	UNKNOWN STEP	2026-10-09T09:58:54.6308027Z #7 sha256:2f385331c129e26191cd1be348031f074d5cef6ae65f0b4c575f5470aeeb5290 6.29MB / 51.49MB 1.4s
build / build-image (linux/amd64, ubuntu-latest, false)	UNKNOWN STEP	2026-10-09T09:58:54.6313175Z #7 extracting sha256:2d35ebdb57d9971fea0cac1582aa78935adf8058b2cc32db163c98822e5dfa1b 0.1s done
build / build-image (linux/amd64, ubuntu-latest, false)	UNKNOWN STEP	2026-10-09T09:58:54.7862281Z #7 sha256:2f385331c129e26191cd1be348031f074d5cef6ae65f0b4c575f5470aeeb5290 9.44MB / 51.49MB 1.5s
build / build-image (linux/amd64, ubuntu-latest, false)	UNKNOWN STEP	2026-10-09T09:58:54.9358324Z #7 sha256:2f385331c129e26191cd1be348031f074d5cef6ae65f0b4c575f5470aeeb5290 17.83MB / 51.49MB 1.7s
build / build-image (linux/amd64, ubuntu-latest, false)	UNKNOWN STEP	2026-10-09T09:58:55.0769241Z #7 sha256:2f385331c129e26191cd1be348031f074d5cef6ae65f0b4c575f5470aeeb5290 25.17MB / 51.49MB 1.8s
build / build-image (linux/amd64, ubuntu-latest, false)	UNKNOWN STEP	2026-10-09T09:58:55.1883822Z #7 sha256:2f385331c129e26191cd1be348031f074d5cef6ae65f0b4c575f5470aeeb5290 32.51MB / 51.49MB 2.0s
build / build-image (linux/amd64, ubuntu-latest, false)	UNKNOWN STEP	2026-10-09T09:58:55.3394050Z #7 sha256:2f385331c129e26191cd1be348031f074d5cef6ae65f0b4c575f5470aeeb5290 40.89MB / 51.49MB 2.1s
build / build-image (linux/amd64, ubuntu-latest, false)	UNKNOWN STEP	2026-10-09T09:58:55.5575281Z #7 sha256:2f385331c129e26191cd1be348031f074d5cef6ae65f0b4c575f5470aeeb5290 51.49MB / 51.49MB 2.4s
build / build-image (linux/amd64, ubuntu-latest, false)	UNKNOWN STEP	2026-10-09T09:58:55.7564856Z #7 sha256:2f385331c129e26191cd1be348031f074d5cef6ae65f0b4c575f5470aeeb5290 51.49MB / 51.49MB 2.4s done
build / build-image (linux/amd64, ubuntu-latest, false)	UNKNOWN STEP	2026-10-09T09:58:55.7571852Z #7 extracting sha256:2f385331c129e26191cd1be348031f074d5cef6ae65f0b4c575f5470aeeb5290
build / build-image (linux/amd64, ubuntu-latest, false)	UNKNOWN STEP	2026-10-09T09:58:57.2669999Z #7 extracting sha256:2f385331c129e26191cd1be348031f074d5cef6ae65f0b4c575f5470aeeb5290 1.7s done
build / build-image (linux/amd64, ubuntu-latest, false)	UNKNOWN STEP	2026-10-09T09:58:57.2673641Z #7 extracting sha256:b6cd7e47c1da3b1d6d5752f0fe515ebf93bef68421b4748c48302b6b6dddc0dc
build / build-image (linux/amd64, ubuntu-latest, false)	UNKNOWN STEP	2026-10-09T09:58:57.4603315Z #7 extracting sha256:b6cd7e47c1da3b1d6d5752f0fe515ebf93bef68421b4748c48302b6b6dddc0dc 0.1s done
build / build-image (linux/amd64, ubuntu-latest, false)	UNKNOWN STEP	2026-10-09T09:58:57.4610551Z #7 extracting sha256:44a43d49c5117bb6048f44499d8980962eb8c429b52ea12441d635c0c1c9a56b 0.0s done
build / build-image (linux/amd64, ubuntu-latest, false)	UNKNOWN STEP	2026-10-09T09:58:57.4612047Z #7 DONE 4.3s
build / build-image (linux/amd64, ubuntu-latest, false)	UNKNOWN STEP	2026-10-09T09:58:57.4612759Z 
build / build-image (linux/amd64, ubuntu-latest, false)	UNKNOWN STEP	2026-10-09T09:58:57.4614546Z #8 [runner 1/4] FROM ***.dkr.ecr.us-east-2.amazonaws.com/gcr-io-distroless:nodejs22-debian12@sha256:fd90468f47e91d0d3c9bc055c8c09edbf0c225c3c795d0c266e2ca94b3ba17e3
build / build-image (linux/amd64, ubuntu-latest, false)	UNKNOWN STEP	2026-10-09T09:58:57.4617244Z #8 sha256:e432f938f66e1e6c6bb3e97d281a52b79122975cecd589c1ede790a06e015ecc 50.68MB / 50.68MB 2.3s done
build / build-image (linux/amd64, ubuntu-latest, false)	UNKNOWN STEP	2026-10-09T09:58:57.4619867Z #8 sha256:f45e0372ce60322aadbddd367c04e7f2bfc9e6e20523b97e8370b8444a260efe 65.12kB / 65.12kB 0.2s done
build / build-image (linux/amd64, ubuntu-latest, false)	UNKNOWN STEP	2026-10-09T09:58:57.4621730Z #8 sha256:33ce0b1d99fc4503f73b6b587dcb297f1c67cbade50429de5e0517d33e597583 911.81kB / 911.81kB 0.4s done
build / build-image (linux/amd64, ubuntu-latest, false)	UNKNOWN STEP	2026-10-09T09:58:57.4623491Z #8 sha256:5b14f6c9a813108be3fe5634dde0bafbd6e6b35a9929bc6fd2e737f2e618d167 150.81kB / 150.81kB 0.2s done
build / build-image (linux/amd64, ubuntu-latest, false)	UNKNOWN STEP	2026-10-09T09:58:57.4625239Z #8 sha256:7faf0cfa885ce8ddb26aab5406226d134baa65868d7c64f0480cdc08ee0bdcf8 44.98kB / 44.98kB 0.2s done
build / build-image (linux/amd64, ubuntu-latest, false)	UNKNOWN STEP	2026-10-09T09:58:57.4627493Z #8 sha256:c1e595f74d521a729b57807c995939aa172969a3d988f35ce309b8e1b3d09885 2.83MB / 2.83MB 0.4s done
build / build-image (linux/amd64, ubuntu-latest, false)	UNKNOWN STEP	2026-10-09T09:58:57.4629398Z #8 sha256:d00c3209d92970dad10c006c4d7120e5fd276349ce6e57dbad95a3a3f05411fc 5.83MB / 5.83MB 0.5s done
build / build-image (linux/amd64, ubuntu-latest, false)	UNKNOWN STEP	2026-10-09T09:58:57.4631124Z #8 sha256:ddf74a63f7d8b7d157e5db1a45675a58e304b4c1d425b05c28c835b987623395 131.93kB / 131.93kB 0.3s done
build / build-image (linux/amd64, ubuntu-latest, false)	UNKNOWN STEP	2026-10-09T09:58:57.4632836Z #8 sha256:da7816fa955ea24533c388143c78804c28682eef99b4ee3723b548c70148bba6 321B / 321B 0.2s done
build / build-image (linux/amd64, ubuntu-latest, false)	UNKNOWN STEP	2026-10-09T09:58:57.4634454Z #8 sha256:0bab15eea81d0fe6ab56ebf5fba14e02c4c1775a7f7436fbddd3505add4e18fa 93B / 93B 0.2s done
build / build-image (linux/amd64, ubuntu-latest, false)	UNKNOWN STEP	2026-10-09T09:58:57.4636078Z #8 sha256:4aa0ea1413d37a58615488592a0b827ea4b2e48fa5a77cf707d0e35f025e613f 385B / 385B 0.2s done
build / build-image (linux/amd64, ubuntu-latest, false)	UNKNOWN STEP	2026-10-09T09:58:57.4637668Z #8 sha256:5664b15f108bf9436ce3312090a767300800edbbfd4511aa1a6d64357024d5dd 168B / 168B 0.2s done
build / build-image (linux/amd64, ubuntu-latest, false)	UNKNOWN STEP	2026-10-09T09:58:57.4639454Z #8 sha256:3214acf345c0cc6bbdb56b698a41ccdefc624a09d6beb0d38b5de0b2303ecaf4 123B / 123B 0.2s done
build / build-image (linux/amd64, ubuntu-latest, false)	UNKNOWN STEP	2026-10-09T09:58:57.4641086Z #8 sha256:7c12895b777bcaa8ccae0605b4de635b68fc32d60fa08f421dc3818bf55ee212 188B / 188B 0.2s done
build / build-image (linux/amd64, ubuntu-latest, false)	UNKNOWN STEP	2026-10-09T09:58:57.4642697Z #8 sha256:a62778643d563b511190663ef9a77c30d46d282facfdce4f3a7aecc03423c1f3 67B / 67B 0.2s done
build / build-image (linux/amd64, ubuntu-latest, false)	UNKNOWN STEP	2026-10-09T09:58:57.4644365Z #8 sha256:4eff9a62d888790350b2481ff4a4f38f9c94b3674d26b2f2c85ca39cdef43fd9 547.59kB / 547.59kB 0.6s done
build / build-image (linux/amd64, ubuntu-latest, false)	UNKNOWN STEP	2026-10-09T09:58:57.4646121Z #8 sha256:bfb59b82a9b65e47d485e53b3e815bca3b3e21a095bd0cb88ced9ac0b48062bf 13.36kB / 13.36kB 0.2s done
build / build-image (linux/amd64, ubuntu-latest, false)	UNKNOWN STEP	2026-10-09T09:58:57.4647818Z #8 sha256:35d697fe273816c60d20a62a879f8643f79cd4ed85a8e80dba28a17350fc26b6 104.23kB / 104.23kB 0.2s done
build / build-image (linux/amd64, ubuntu-latest, false)	UNKNOWN STEP	2026-10-09T09:58:57.4649690Z #8 extracting sha256:35d697fe273816c60d20a62a879f8643f79cd4ed85a8e80dba28a17350fc26b6 0.0s done
build / build-image (linux/amd64, ubuntu-latest, false)	UNKNOWN STEP	2026-10-09T09:58:57.4651316Z #8 extracting sha256:bfb59b82a9b65e47d485e53b3e815bca3b3e21a095bd0cb88ced9ac0b48062bf 0.0s done
build / build-image (linux/amd64, ubuntu-latest, false)	UNKNOWN STEP	2026-10-09T09:58:57.4652937Z #8 extracting sha256:4eff9a62d888790350b2481ff4a4f38f9c94b3674d26b2f2c85ca39cdef43fd9 0.2s done
build / build-image (linux/amd64, ubuntu-latest, false)	UNKNOWN STEP	2026-10-09T09:58:57.4654490Z #8 extracting sha256:a62778643d563b511190663ef9a77c30d46d282facfdce4f3a7aecc03423c1f3 done
build / build-image (linux/amd64, ubuntu-latest, false)	UNKNOWN STEP	2026-10-09T09:58:57.4656006Z #8 extracting sha256:7c12895b777bcaa8ccae0605b4de635b68fc32d60fa08f421dc3818bf55ee212 done
build / build-image (linux/amd64, ubuntu-latest, false)	UNKNOWN STEP	2026-10-09T09:58:57.4657619Z #8 extracting sha256:3214acf345c0cc6bbdb56b698a41ccdefc624a09d6beb0d38b5de0b2303ecaf4 done
build / build-image (linux/amd64, ubuntu-latest, false)	UNKNOWN STEP	2026-10-09T09:58:57.4659607Z #8 extracting sha256:5664b15f108bf9436ce3312090a767300800edbbfd4511aa1a6d64357024d5dd done
build / build-image (linux/amd64, ubuntu-latest, false)	UNKNOWN STEP	2026-10-09T09:58:57.4661129Z #8 extracting sha256:0bab15eea81d0fe6ab56ebf5fba14e02c4c1775a7f7436fbddd3505add4e18fa done
build / build-image (linux/amd64, ubuntu-latest, false)	UNKNOWN STEP	2026-10-09T09:58:57.4662658Z #8 extracting sha256:4aa0ea1413d37a58615488592a0b827ea4b2e48fa5a77cf707d0e35f025e613f done
build / build-image (linux/amd64, ubuntu-latest, false)	UNKNOWN STEP	2026-10-09T09:58:57.4664172Z #8 extracting sha256:da7816fa955ea24533c388143c78804c28682eef99b4ee3723b548c70148bba6 done
build / build-image (linux/amd64, ubuntu-latest, false)	UNKNOWN STEP	2026-10-09T09:58:57.4665767Z #8 extracting sha256:ddf74a63f7d8b7d157e5db1a45675a58e304b4c1d425b05c28c835b987623395 0.0s done
build / build-image (linux/amd64, ubuntu-latest, false)	UNKNOWN STEP	2026-10-09T09:58:57.4667367Z #8 extracting sha256:d00c3209d92970dad10c006c4d7120e5fd276349ce6e57dbad95a3a3f05411fc 0.2s done
build / build-image (linux/amd64, ubuntu-latest, false)	UNKNOWN STEP	2026-10-09T09:58:57.4669123Z #8 extracting sha256:c1e595f74d521a729b57807c995939aa172969a3d988f35ce309b8e1b3d09885 0.1s done
build / build-image (linux/amd64, ubuntu-latest, false)	UNKNOWN STEP	2026-10-09T09:58:57.4670779Z #8 extracting sha256:7faf0cfa885ce8ddb26aab5406226d134baa65868d7c64f0480cdc08ee0bdcf8 0.0s done
build / build-image (linux/amd64, ubuntu-latest, false)	UNKNOWN STEP	2026-10-09T09:58:57.4672701Z #8 extracting sha256:5b14f6c9a813108be3fe5634dde0bafbd6e6b35a9929bc6fd2e737f2e618d167 0.0s done
build / build-image (linux/amd64, ubuntu-latest, false)	UNKNOWN STEP	2026-10-09T09:58:57.4674380Z #8 extracting sha256:33ce0b1d99fc4503f73b6b587dcb297f1c67cbade50429de5e0517d33e597583 0.0s done
build / build-image (linux/amd64, ubuntu-latest, false)	UNKNOWN STEP	2026-10-09T09:58:57.4676006Z #8 extracting sha256:f45e0372ce60322aadbddd367c04e7f2bfc9e6e20523b97e8370b8444a260efe 0.0s done
build / build-image (linux/amd64, ubuntu-latest, false)	UNKNOWN STEP	2026-10-09T09:58:57.4677568Z #8 extracting sha256:e432f938f66e1e6c6bb3e97d281a52b79122975cecd589c1ede790a06e015ecc
build / build-image (linux/amd64, ubuntu-latest, false)	UNKNOWN STEP	2026-10-09T09:58:58.0609350Z #8 extracting sha256:e432f938f66e1e6c6bb3e97d281a52b79122975cecd589c1ede790a06e015ecc 1.0s done
build / build-image (linux/amd64, ubuntu-latest, false)	UNKNOWN STEP	2026-10-09T09:58:58.0613467Z #8 DONE 5.0s
build / build-image (linux/amd64, ubuntu-latest, false)	UNKNOWN STEP	2026-10-09T09:58:58.0614145Z 
build / build-image (linux/amd64, ubuntu-latest, false)	UNKNOWN STEP	2026-10-09T09:58:58.0614848Z #10 [builder 2/8] RUN apk add --no-cache   python3   make   g++   pkgconfig   libc6-compat
build / build-image (linux/amd64, ubuntu-latest, false)	UNKNOWN STEP	2026-10-09T09:58:58.0616574Z #10 0.124 fetch https://dl-cdn.alpinelinux.org/alpine/v3.22/main/x86_64/APKINDEX.tar.gz
build / build-image (linux/amd64, ubuntu-latest, false)	UNKNOWN STEP	2026-10-09T09:58:58.0618606Z #10 0.378 fetch https://dl-cdn.alpinelinux.org/alpine/v3.22/community/x86_64/APKINDEX.tar.gz
build / build-image (linux/amd64, ubuntu-latest, false)	UNKNOWN STEP	2026-10-09T09:58:58.2825507Z #10 0.946 (1/34) Upgrading musl (1.2.5-r10 -> 1.2.5-r12)
build / build-image (linux/amd64, ubuntu-latest, false)	UNKNOWN STEP	2026-10-09T09:58:58.4654918Z #10 0.978 (2/34) Installing libstdc++-dev (14.2.0-r6)
build / build-image (linux/amd64, ubuntu-latest, false)	UNKNOWN STEP	2026-10-09T09:58:58.9320766Z #10 1.596 (3/34) Installing jansson (2.14.1-r0)
build / build-image (linux/amd64, ubuntu-latest, false)	UNKNOWN STEP	2026-10-09T09:58:59.1110031Z #10 1.606 (4/34) Installing zstd-libs (1.5.7-r0)
build / build-image (linux/amd64, ubuntu-latest, false)	UNKNOWN STEP	2026-10-09T09:58:59.1111029Z #10 1.624 (5/34) Installing binutils (2.44-r3)
build / build-image (linux/amd64, ubuntu-latest, false)	UNKNOWN STEP	2026-10-09T09:58:59.4253036Z #10 2.089 (6/34) Installing libgomp (14.2.0-r6)
build / build-image (linux/amd64, ubuntu-latest, false)	UNKNOWN STEP	2026-10-09T09:58:59.6054432Z #10 ...
build / build-image (linux/amd64, ubuntu-latest, false)	UNKNOWN STEP	2026-10-09T09:58:59.6054776Z 
build / build-image (linux/amd64, ubuntu-latest, false)	UNKNOWN STEP	2026-10-09T09:58:59.6055338Z #11 [runner 2/4] WORKDIR /usr/src/app
build / build-image (linux/amd64, ubuntu-latest, false)	UNKNOWN STEP	2026-10-09T09:58:59.6056019Z #11 DONE 1.5s
build / build-image (linux/amd64, ubuntu-latest, false)	UNKNOWN STEP	2026-10-09T09:58:59.6056325Z 
build / build-image (linux/amd64, ubuntu-latest, false)	UNKNOWN STEP	2026-10-09T09:58:59.6056866Z #10 [builder 2/8] RUN apk add --no-cache   python3   make   g++   pkgconfig   libc6-compat
build / build-image (linux/amd64, ubuntu-latest, false)	UNKNOWN STEP	2026-10-09T09:58:59.6057872Z #10 2.102 (7/34) Installing libatomic (14.2.0-r6)
build / build-image (linux/amd64, ubuntu-latest, false)	UNKNOWN STEP	2026-10-09T09:58:59.6059435Z #10 2.111 (8/34) Installing gmp (6.3.0-r3)
build / build-image (linux/amd64, ubuntu-latest, false)	UNKNOWN STEP	2026-10-09T09:58:59.6060111Z #10 2.125 (9/34) Installing isl26 (0.26-r1)
build / build-image (linux/amd64, ubuntu-latest, false)	UNKNOWN STEP	2026-10-09T09:58:59.6060815Z #10 2.149 (10/34) Installing mpfr4 (4.2.1_p1-r0)
build / build-image (linux/amd64, ubuntu-latest, false)	UNKNOWN STEP	2026-10-09T09:58:59.6061476Z #10 2.164 (11/34) Installing mpc1 (1.3.1-r1)
build / build-image (linux/amd64, ubuntu-latest, false)	UNKNOWN STEP	2026-10-09T09:58:59.6062149Z #10 2.174 (12/34) Installing gcc (14.2.0-r6)
build / build-image (linux/amd64, ubuntu-latest, false)	UNKNOWN STEP	2026-10-09T09:59:00.3346770Z #10 2.999 (13/34) Installing musl-dev (1.2.5-r12)
build / build-image (linux/amd64, ubuntu-latest, false)	UNKNOWN STEP	2026-10-09T09:59:00.5572095Z #10 3.070 (14/34) Installing g++ (14.2.0-r6)
build / build-image (linux/amd64, ubuntu-latest, false)	UNKNOWN STEP	2026-10-09T09:59:00.6475721Z #10 3.311 (15/34) Installing musl-obstack (1.2.3-r2)
build / build-image (linux/amd64, ubuntu-latest, false)	UNKNOWN STEP	2026-10-09T09:59:00.7502742Z #10 3.321 (16/34) Installing libucontext (1.3.2-r0)
build / build-image (linux/amd64, ubuntu-latest, false)	UNKNOWN STEP	2026-10-09T09:59:00.7503615Z #10 3.330 (17/34) Installing gcompat (1.1.0-r4)
build / build-image (linux/amd64, ubuntu-latest, false)	UNKNOWN STEP	2026-10-09T09:59:00.7504324Z #10 3.341 (18/34) Installing make (4.4.1-r3)
build / build-image (linux/amd64, ubuntu-latest, false)	UNKNOWN STEP	2026-10-09T09:59:00.7505004Z #10 3.352 (19/34) Installing pkgconf (2.4.3-r0)
build / build-image (linux/amd64, ubuntu-latest, false)	UNKNOWN STEP	2026-10-09T09:59:00.7505716Z #10 3.364 (20/34) Installing libexpat (2.8.5-r0)
build / build-image (linux/amd64, ubuntu-latest, false)	UNKNOWN STEP	2026-10-09T09:59:00.7506319Z #10 3.374 (21/34) Installing libbz2 (1.0.8-r6)
build / build-image (linux/amd64, ubuntu-latest, false)	UNKNOWN STEP	2026-10-09T09:59:00.7506744Z #10 3.384 (22/34) Installing libffi (3.4.8-r0)
build / build-image (linux/amd64, ubuntu-latest, false)	UNKNOWN STEP	2026-10-09T09:59:00.7507461Z #10 3.393 (23/34) Installing gdbm (1.24-r0)
build / build-image (linux/amd64, ubuntu-latest, false)	UNKNOWN STEP	2026-10-09T09:59:00.7507888Z #10 3.403 (24/34) Installing xz-libs (5.8.4-r0)
build / build-image (linux/amd64, ubuntu-latest, false)	UNKNOWN STEP	2026-10-09T09:59:00.7508819Z #10 3.414 (25/34) Installing mpdecimal (4.0.1-r0)
build / build-image (linux/amd64, ubuntu-latest, false)	UNKNOWN STEP	2026-10-09T09:59:00.9784127Z #10 3.425 (26/34) Installing ncurses-terminfo-base (6.5_p20250503-r0)
build / build-image (linux/amd64, ubuntu-latest, false)	UNKNOWN STEP	2026-10-09T09:59:00.9785472Z #10 3.438 (27/34) Installing libncursesw (6.5_p20250503-r0)
build / build-image (linux/amd64, ubuntu-latest, false)	UNKNOWN STEP	2026-10-09T09:59:00.9786505Z #10 3.450 (28/34) Installing libpanelw (6.5_p20250503-r0)
build / build-image (linux/amd64, ubuntu-latest, false)	UNKNOWN STEP	2026-10-09T09:59:00.9787477Z #10 3.459 (29/34) Installing readline (8.2.13-r1)
build / build-image (linux/amd64, ubuntu-latest, false)	UNKNOWN STEP	2026-10-09T09:59:00.9788950Z #10 3.471 (30/34) Installing sqlite-libs (3.49.2-r1)
build / build-image (linux/amd64, ubuntu-latest, false)	UNKNOWN STEP	2026-10-09T09:59:00.9789733Z #10 3.491 (31/34) Installing python3 (3.12.15-r0)
build / build-image (linux/amd64, ubuntu-latest, false)	UNKNOWN STEP	2026-10-09T09:59:01.0150808Z #10 3.679 (32/34) Installing python3-pycache-pyc0 (3.12.15-r0)
build / build-image (linux/amd64, ubuntu-latest, false)	UNKNOWN STEP	2026-10-09T09:59:01.1400547Z #10 3.803 (33/34) Installing pyc (3.12.15-r0)
build / build-image (linux/amd64, ubuntu-latest, false)	UNKNOWN STEP	2026-10-09T09:59:01.1402133Z #10 3.803 (34/34) Installing python3-pyc (3.12.15-r0)
build / build-image (linux/amd64, ubuntu-latest, false)	UNKNOWN STEP	2026-10-09T09:59:01.3016884Z #10 3.804 Executing busybox-1.37.0-r19.trigger
build / build-image (linux/amd64, ubuntu-latest, false)	UNKNOWN STEP	2026-10-09T09:59:01.3017831Z #10 3.815 OK: 271 MiB in 51 packages
build / build-image (linux/amd64, ubuntu-latest, false)	UNKNOWN STEP	2026-10-09T09:59:02.3516466Z #10 DONE 5.0s
build / build-image (linux/amd64, ubuntu-latest, false)	UNKNOWN STEP	2026-10-09T09:59:02.5032448Z 
build / build-image (linux/amd64, ubuntu-latest, false)	UNKNOWN STEP	2026-10-09T09:59:02.5073011Z #12 [builder 3/8] RUN if [ -n "https://consensys.jfrog.io/artifactory/api/npm/npm/" ]; then npm config set registry https://consensys.jfrog.io/artifactory/api/npm/npm/; fi   && if [ -n "https://consensys.jfrog.io/artifactory/api/npm/npm/" ] && [ -n "***" ]; then npm config set //consensys.jfrog.io/artifactory/api/npm/npm/:_authToken "***"; fi
build / build-image (linux/amd64, ubuntu-latest, false)	UNKNOWN STEP	2026-10-09T09:59:03.0805459Z #12 DONE 0.7s
build / build-image (linux/amd64, ubuntu-latest, false)	UNKNOWN STEP	2026-10-09T09:59:03.2681968Z 
build / build-image (linux/amd64, ubuntu-latest, false)	UNKNOWN STEP	2026-10-09T09:59:03.2682932Z #13 [builder 4/8] WORKDIR /usr/src/app
build / build-image (linux/amd64, ubuntu-latest, false)	UNKNOWN STEP	2026-10-09T09:59:03.2683887Z #13 DONE 0.0s
build / build-image (linux/amd64, ubuntu-latest, false)	UNKNOWN STEP	2026-10-09T09:59:03.2684394Z 
build / build-image (linux/amd64, ubuntu-latest, false)	UNKNOWN STEP	2026-10-09T09:59:03.2684923Z #14 [builder 5/8] COPY package.json package-lock.json* ./
build / build-image (linux/amd64, ubuntu-latest, false)	UNKNOWN STEP	2026-10-09T09:59:03.2685977Z #14 DONE 0.0s
build / build-image (linux/amd64, ubuntu-latest, false)	UNKNOWN STEP	2026-10-09T09:59:03.2686475Z 
build / build-image (linux/amd64, ubuntu-latest, false)	UNKNOWN STEP	2026-10-09T09:59:03.2686842Z #15 [builder 6/8] RUN npm ci
build / build-image (linux/amd64, ubuntu-latest, false)	UNKNOWN STEP	2026-10-09T09:59:06.3935338Z #15 3.276 npm error code ERESOLVE
build / build-image (linux/amd64, ubuntu-latest, false)	UNKNOWN STEP	2026-10-09T09:59:06.4677071Z #15 3.277 npm error ERESOLVE could not resolve
build / build-image (linux/amd64, ubuntu-latest, false)	UNKNOWN STEP	2026-10-09T09:59:06.4678512Z #15 3.277 npm error
build / build-image (linux/amd64, ubuntu-latest, false)	UNKNOWN STEP	2026-10-09T09:59:06.4679750Z #15 3.278 npm error While resolving: @metamask/design-system-react@0.38.1
build / build-image (linux/amd64, ubuntu-latest, false)	UNKNOWN STEP	2026-10-09T09:59:06.4681288Z #15 3.278 npm error Found: tailwindcss@4.1.14
build / build-image (linux/amd64, ubuntu-latest, false)	UNKNOWN STEP	2026-10-09T09:59:06.4682342Z #15 3.278 npm error node_modules/tailwindcss
build / build-image (linux/amd64, ubuntu-latest, false)	UNKNOWN STEP	2026-10-09T09:59:06.4683582Z #15 3.278 npm error   dev tailwindcss@"^4" from the root project
build / build-image (linux/amd64, ubuntu-latest, false)	UNKNOWN STEP	2026-10-09T09:59:06.4684924Z #15 3.278 npm error   tailwindcss@"4.1.14" from @tailwindcss/node@4.1.14
build / build-image (linux/amd64, ubuntu-latest, false)	UNKNOWN STEP	2026-10-09T09:59:06.4686208Z #15 3.278 npm error   node_modules/@tailwindcss/node
build / build-image (linux/amd64, ubuntu-latest, false)	UNKNOWN STEP	2026-10-09T09:59:06.4687509Z #15 3.278 npm error     @tailwindcss/node@"4.1.14" from @tailwindcss/postcss@4.1.14
build / build-image (linux/amd64, ubuntu-latest, false)	UNKNOWN STEP	2026-10-09T09:59:06.4689025Z #15 3.278 npm error     node_modules/@tailwindcss/postcss
build / build-image (linux/amd64, ubuntu-latest, false)	UNKNOWN STEP	2026-10-09T09:59:06.4690144Z #15 3.278 npm error       dev @tailwindcss/postcss@"^4" from the root project
build / build-image (linux/amd64, ubuntu-latest, false)	UNKNOWN STEP	2026-10-09T09:59:06.4691471Z #15 3.278 npm error   1 more (@tailwindcss/postcss)
build / build-image (linux/amd64, ubuntu-latest, false)	UNKNOWN STEP	2026-10-09T09:59:06.4692352Z #15 3.278 npm error
build / build-image (linux/amd64, ubuntu-latest, false)	UNKNOWN STEP	2026-10-09T09:59:06.4693106Z #15 3.278 npm error Could not resolve dependency:
build / build-image (linux/amd64, ubuntu-latest, false)	UNKNOWN STEP	2026-10-09T09:59:06.4694685Z #15 3.278 npm error peer @metamask/design-system-tailwind-preset@"^0.12.0" from @metamask/design-system-react@0.38.1
build / build-image (linux/amd64, ubuntu-latest, false)	UNKNOWN STEP	2026-10-09T09:59:06.4696146Z #15 3.278 npm error node_modules/@metamask/design-system-react
build / build-image (linux/amd64, ubuntu-latest, false)	UNKNOWN STEP	2026-10-09T09:59:06.4697314Z #15 3.278 npm error   @metamask/design-system-react@"^0.38.1" from the root project
build / build-image (linux/amd64, ubuntu-latest, false)	UNKNOWN STEP	2026-10-09T09:59:06.4698597Z #15 3.278 npm error
build / build-image (linux/amd64, ubuntu-latest, false)	UNKNOWN STEP	2026-10-09T09:59:06.4699463Z #15 3.278 npm error Conflicting peer dependency: tailwindcss@3.4.19
build / build-image (linux/amd64, ubuntu-latest, false)	UNKNOWN STEP	2026-10-09T09:59:06.4700474Z #15 3.278 npm error node_modules/tailwindcss
build / build-image (linux/amd64, ubuntu-latest, false)	UNKNOWN STEP	2026-10-09T09:59:06.4701785Z #15 3.278 npm error   peer tailwindcss@"^3.0.0" from @metamask/design-system-tailwind-preset@0.12.0
build / build-image (linux/amd64, ubuntu-latest, false)	UNKNOWN STEP	2026-10-09T09:59:06.4703293Z #15 3.278 npm error   node_modules/@metamask/design-system-tailwind-preset
build / build-image (linux/amd64, ubuntu-latest, false)	UNKNOWN STEP	2026-10-09T09:59:06.4704831Z #15 3.278 npm error     peer @metamask/design-system-tailwind-preset@"^0.12.0" from @metamask/design-system-react@0.38.1
build / build-image (linux/amd64, ubuntu-latest, false)	UNKNOWN STEP	2026-10-09T09:59:06.4707858Z #15 3.278 npm error     node_modules/@metamask/design-system-react
build / build-image (linux/amd64, ubuntu-latest, false)	UNKNOWN STEP	2026-10-09T09:59:06.4709390Z #15 3.278 npm error       @metamask/design-system-react@"^0.38.1" from the root project
build / build-image (linux/amd64, ubuntu-latest, false)	UNKNOWN STEP	2026-10-09T09:59:06.4712407Z #15 3.278 npm error
build / build-image (linux/amd64, ubuntu-latest, false)	UNKNOWN STEP	2026-10-09T09:59:06.4714115Z #15 3.278 npm error Fix the upstream dependency conflict, or retry
build / build-image (linux/amd64, ubuntu-latest, false)	UNKNOWN STEP	2026-10-09T09:59:06.4715554Z #15 3.278 npm error this command with --force or --legacy-peer-deps
build / build-image (linux/amd64, ubuntu-latest, false)	UNKNOWN STEP	2026-10-09T09:59:06.4717006Z #15 3.278 npm error to accept an incorrect (and potentially broken) dependency resolution.
build / build-image (linux/amd64, ubuntu-latest, false)	UNKNOWN STEP	2026-10-09T09:59:06.4718200Z #15 3.278 npm error
build / build-image (linux/amd64, ubuntu-latest, false)	UNKNOWN STEP	2026-10-09T09:59:06.4719028Z #15 3.278 npm error
build / build-image (linux/amd64, ubuntu-latest, false)	UNKNOWN STEP	2026-10-09T09:59:06.4719551Z #15 3.278 npm error For a full report see:
build / build-image (linux/amd64, ubuntu-latest, false)	UNKNOWN STEP	2026-10-09T09:59:06.4722058Z #15 3.278 npm error /root/.npm/_logs/2026-10-09T09_59_03_238Z-eresolve-report.txt
build / build-image (linux/amd64, ubuntu-latest, false)	UNKNOWN STEP	2026-10-09T09:59:06.4723823Z #15 3.281 npm error A complete log of this run can be found in: /root/.npm/_logs/2026-10-09T09_59_03_238Z-debug-0.log
build / build-image (linux/amd64, ubuntu-latest, false)	UNKNOWN STEP	2026-10-09T09:59:06.4725116Z #15 ERROR: process "/bin/sh -c npm ci" did not complete successfully: exit code: 1
build / build-image (linux/amd64, ubuntu-latest, false)	UNKNOWN STEP	2026-10-09T09:59:06.4725829Z ------
build / build-image (linux/amd64, ubuntu-latest, false)	UNKNOWN STEP	2026-10-09T09:59:06.4726136Z  > [builder 6/8] RUN npm ci:
build / build-image (linux/amd64, ubuntu-latest, false)	UNKNOWN STEP	2026-10-09T09:59:06.4726658Z 3.278 npm error       @metamask/design-system-react@"^0.38.1" from the root project
build / build-image (linux/amd64, ubuntu-latest, false)	UNKNOWN STEP	2026-10-09T09:59:06.4727195Z 3.278 npm error
build / build-image (linux/amd64, ubuntu-latest, false)	UNKNOWN STEP	2026-10-09T09:59:06.4727586Z 3.278 npm error Fix the upstream dependency conflict, or retry
build / build-image (linux/amd64, ubuntu-latest, false)	UNKNOWN STEP	2026-10-09T09:59:06.4728462Z 3.278 npm error this command with --force or --legacy-peer-deps
build / build-image (linux/amd64, ubuntu-latest, false)	UNKNOWN STEP	2026-10-09T09:59:06.4729587Z 3.278 npm error to accept an incorrect (and potentially broken) dependency resolution.
build / build-image (linux/amd64, ubuntu-latest, false)	UNKNOWN STEP	2026-10-09T09:59:06.4730579Z 3.278 npm error
build / build-image (linux/amd64, ubuntu-latest, false)	UNKNOWN STEP	2026-10-09T09:59:06.4731077Z 3.278 npm error
build / build-image (linux/amd64, ubuntu-latest, false)	UNKNOWN STEP	2026-10-09T09:59:06.4731663Z 3.278 npm error For a full report see:
build / build-image (linux/amd64, ubuntu-latest, false)	UNKNOWN STEP	2026-10-09T09:59:06.4739310Z 3.278 npm error /root/.npm/_logs/2026-10-09T09_59_03_238Z-eresolve-report.txt
build / build-image (linux/amd64, ubuntu-latest, false)	UNKNOWN STEP	2026-10-09T09:59:06.4742992Z 3.281 npm error A complete log of this run can be found in: /root/.npm/_logs/2026-10-09T09_59_03_238Z-debug-0.log
build / build-image (linux/amd64, ubuntu-latest, false)	UNKNOWN STEP	2026-10-09T09:59:06.4744389Z ------
build / build-image (linux/amd64, ubuntu-latest, false)	UNKNOWN STEP	2026-10-09T09:59:06.4747234Z 
build / build-image (linux/amd64, ubuntu-latest, false)	UNKNOWN STEP	2026-10-09T09:59:06.4758577Z  ^[[33m5 warnings found (use docker --debug to expand):
build / build-image (linux/amd64, ubuntu-latest, false)	UNKNOWN STEP	2026-10-09T09:59:06.4761679Z ^[[0m - SecretsUsedInArgOrEnv: Do not use ARG or ENV instructions for sensitive data (ARG "LAUNCHDARKLY_SDK_KEY") (line 8)
build / build-image (linux/amd64, ubuntu-latest, false)	UNKNOWN STEP	2026-10-09T09:59:06.4763811Z  - SecretsUsedInArgOrEnv: Do not use ARG or ENV instructions for sensitive data (ARG "LAUNCHDARKLY_SDK_KEY_LOCAL") (line 9)
build / build-image (linux/amd64, ubuntu-latest, false)	UNKNOWN STEP	2026-10-09T09:59:06.4791944Z  - SecretsUsedInArgOrEnv: Do not use ARG or ENV instructions for sensitive data (ENV "LAUNCHDARKLY_SDK_KEY") (line 17)
build / build-image (linux/amd64, ubuntu-latest, false)	UNKNOWN STEP	2026-10-09T09:59:06.4793672Z  - SecretsUsedInArgOrEnv: Do not use ARG or ENV instructions for sensitive data (ENV "LAUNCHDARKLY_SDK_KEY_LOCAL") (line 18)
build / build-image (linux/amd64, ubuntu-latest, false)	UNKNOWN STEP	2026-10-09T09:59:06.4795219Z  - SecretsUsedInArgOrEnv: Do not use ARG or ENV instructions for sensitive data (ARG "JFROG_ACCESS_TOKEN") (line 4)
build / build-image (linux/amd64, ubuntu-latest, false)	UNKNOWN STEP	2026-10-09T09:59:06.4796254Z Dockerfile:40
build / build-image (linux/amd64, ubuntu-latest, false)	UNKNOWN STEP	2026-10-09T09:59:06.4796718Z --------------------
build / build-image (linux/amd64, ubuntu-latest, false)	UNKNOWN STEP	2026-10-09T09:59:06.4797302Z   38 |     
build / build-image (linux/amd64, ubuntu-latest, false)	UNKNOWN STEP	2026-10-09T09:59:06.4797845Z   39 |     COPY package.json package-lock.json* ./
build / build-image (linux/amd64, ubuntu-latest, false)	UNKNOWN STEP	2026-10-09T09:59:06.4799093Z   40 | >>> RUN npm ci
build / build-image (linux/amd64, ubuntu-latest, false)	UNKNOWN STEP	2026-10-09T09:59:06.4799706Z   41 |     
build / build-image (linux/amd64, ubuntu-latest, false)	UNKNOWN STEP	2026-10-09T09:59:06.4800152Z   42 |     COPY . .
build / build-image (linux/amd64, ubuntu-latest, false)	UNKNOWN STEP	2026-10-09T09:59:06.4800623Z --------------------
build / build-image (linux/amd64, ubuntu-latest, false)	UNKNOWN STEP	2026-10-09T09:59:06.4801528Z ERROR: failed to build: failed to solve: process "/bin/sh -c npm ci" did not complete successfully: exit code: 1
build / build-image (linux/amd64, ubuntu-latest, false)	UNKNOWN STEP	2026-10-09T09:59:06.5019670Z ##[group]Reference
build / build-image (linux/amd64, ubuntu-latest, false)	UNKNOWN STEP	2026-10-09T09:59:06.6160672Z builder-18f383a0-30c4-4377-a370-cb26d8066f5b/builder-18f383a0-30c4-4377-a370-cb26d8066f5b0/k4hr99d4lqk4nl2ijz8o2cmim
build / build-image (linux/amd64, ubuntu-latest, false)	UNKNOWN STEP	2026-10-09T09:59:06.6164763Z ##[endgroup]
build / build-image (linux/amd64, ubuntu-latest, false)	UNKNOWN STEP	2026-10-09T09:59:06.6166378Z ##[group]Check build summary support
build / build-image (linux/amd64, ubuntu-latest, false)	UNKNOWN STEP	2026-10-09T09:59:06.6170849Z Build summary supported!
build / build-image (linux/amd64, ubuntu-latest, false)	UNKNOWN STEP	2026-10-09T09:59:06.6171983Z ##[endgroup]
build / build-image (linux/amd64, ubuntu-latest, false)	UNKNOWN STEP	2026-10-09T09:59:06.6176436Z ##[error]buildx failed with: ERROR: failed to build: failed to solve: process "/bin/sh -c npm ci" did not complete successfully: exit code: 1
build / build-image (linux/amd64, ubuntu-latest, false)	UNKNOWN STEP	2026-10-09T09:59:06.6302872Z ##[end-action id=__consensys-vertical-apps_shared-services-workflows.__docker_build-push-action;outcome=failure;conclusion=failure;duration_ms=15846]
build / build-image (linux/amd64, ubuntu-latest, false)	UNKNOWN STEP	2026-10-09T09:59:06.6307956Z ##[start-action display=Upload Docker artifact;id=__consensys-vertical-apps_shared-services-workflows.__actions_upload-artifact]
build / build-image (linux/amd64, ubuntu-latest, false)	UNKNOWN STEP	2026-10-09T09:59:06.6311923Z ##[end-action id=__consensys-vertical-apps_shared-services-workflows.__actions_upload-artifact;outcome=skipped;conclusion=skipped;duration_ms=0]
build / build-image (linux/amd64, ubuntu-latest, false)	UNKNOWN STEP	2026-10-09T09:59:06.6455338Z Post job cleanup.
build / build-image (linux/amd64, ubuntu-latest, false)	UNKNOWN STEP	2026-10-09T09:59:06.6481814Z ##[start-action display=Build and export;id=__548d08bf-5391-44f0-8553-663632560896.__docker_build-push-action]
build / build-image (linux/amd64, ubuntu-latest, false)	UNKNOWN STEP	2026-10-09T09:59:06.6552243Z Post job cleanup.
build / build-image (linux/amd64, ubuntu-latest, false)	UNKNOWN STEP	2026-10-09T09:59:06.9412493Z ##[group]Generating build summary
build / build-image (linux/amd64, ubuntu-latest, false)	UNKNOWN STEP	2026-10-09T09:59:07.0122407Z exporting build record to /home/runner/work/_temp/docker-actions-toolkit-eXEtOh/export
build / build-image (linux/amd64, ubuntu-latest, false)	UNKNOWN STEP	2026-10-09T09:59:07.1500673Z [command]/usr/bin/docker buildx history export --builder builder-18f383a0-30c4-4377-a370-cb26d8066f5b --output /home/runner/work/_temp/docker-actions-toolkit-eXEtOh/export/consensys-vertical-apps~va-mmcx-terminal~K4HR99.dockerbuild k4hr99d4lqk4nl2ijz8o2cmim --finalize
build / build-image (linux/amd64, ubuntu-latest, false)	UNKNOWN STEP	2026-10-09T09:59:07.4220972Z Build record written to /home/runner/work/_temp/docker-actions-toolkit-eXEtOh/export/consensys-vertical-apps~va-mmcx-terminal~K4HR99.dockerbuild (38.8 KB)
build / build-image (linux/amd64, ubuntu-latest, false)	UNKNOWN STEP	2026-10-09T09:59:07.4224344Z Uploading consensys-vertical-apps~va-mmcx-terminal~K4HR99.dockerbuild as an artifact
build / build-image (linux/amd64, ubuntu-latest, false)	UNKNOWN STEP	2026-10-09T09:59:07.4229116Z Artifact name is valid!
build / build-image (linux/amd64, ubuntu-latest, false)	UNKNOWN STEP	2026-10-09T09:59:07.4230245Z Root directory input is valid!
build / build-image (linux/amd64, ubuntu-latest, false)	UNKNOWN STEP	2026-10-09T09:59:07.7841146Z Uploading artifact: consensys-vertical-apps~va-mmcx-terminal~K4HR99.dockerbuild
build / build-image (linux/amd64, ubuntu-latest, false)	UNKNOWN STEP	2026-10-09T09:59:07.7899359Z Beginning upload of artifact content to blob storage
build / build-image (linux/amd64, ubuntu-latest, false)	UNKNOWN STEP	2026-10-09T09:59:08.0849676Z Uploaded bytes 39727
build / build-image (linux/amd64, ubuntu-latest, false)	UNKNOWN STEP	2026-10-09T09:59:08.1497610Z Finished uploading artifact content to blob storage!
build / build-image (linux/amd64, ubuntu-latest, false)	UNKNOWN STEP	2026-10-09T09:59:08.1499821Z SHA256 digest of uploaded artifact is 6e21bc8e57b64264a4b052cedb600ffe055a9d3252e3c5510c59d338ee50d437
build / build-image (linux/amd64, ubuntu-latest, false)	UNKNOWN STEP	2026-10-09T09:59:08.1503928Z Finalizing artifact upload
build / build-image (linux/amd64, ubuntu-latest, false)	UNKNOWN STEP	2026-10-09T09:59:08.5461062Z Artifact consensys-vertical-apps~va-mmcx-terminal~K4HR99.dockerbuild successfully finalized. Artifact ID 11609356144
build / build-image (linux/amd64, ubuntu-latest, false)	UNKNOWN STEP	2026-10-09T09:59:08.5463461Z Artifact download URL: https://github.com/consensys-vertical-apps/va-mmcx-terminal/actions/runs/37913247520/artifacts/11609356144
build / build-image (linux/amd64, ubuntu-latest, false)	UNKNOWN STEP	2026-10-09T09:59:08.5514501Z Writing summary
build / build-image (linux/amd64, ubuntu-latest, false)	UNKNOWN STEP	2026-10-09T09:59:08.5528709Z ##[endgroup]
build / build-image (linux/amd64, ubuntu-latest, false)	UNKNOWN STEP	2026-10-09T09:59:08.5530407Z ##[group]Removing temp folder /home/runner/work/_temp/docker-actions-toolkit-p4VSxr
build / build-image (linux/amd64, ubuntu-latest, false)	UNKNOWN STEP	2026-10-09T09:59:08.5544068Z ##[endgroup]
build / build-image (linux/amd64, ubuntu-latest, false)	UNKNOWN STEP	2026-10-09T09:59:08.5545416Z ##[group]Post cache
build / build-image (linux/amd64, ubuntu-latest, false)	UNKNOWN STEP	2026-10-09T09:59:08.5546268Z State not set
build / build-image (linux/amd64, ubuntu-latest, false)	UNKNOWN STEP	2026-10-09T09:59:08.5547416Z ##[endgroup]
build / build-image (linux/amd64, ubuntu-latest, false)	UNKNOWN STEP	2026-10-09T09:59:08.5676588Z ##[end-action id=__548d08bf-5391-44f0-8553-663632560896.__docker_build-push-action;outcome=success;conclusion=success;duration_ms=1919]
build / build-image (linux/amd64, ubuntu-latest, false)	UNKNOWN STEP	2026-10-09T09:59:08.5680132Z ##[start-action display=Login to Amazon ECR;id=__548d08bf-5391-44f0-8553-663632560896.ecr]
build / build-image (linux/amd64, ubuntu-latest, false)	UNKNOWN STEP	2026-10-09T09:59:08.5718878Z Post job cleanup.
build / build-image (linux/amd64, ubuntu-latest, false)	UNKNOWN STEP	2026-10-09T09:59:08.6432016Z Logging out of registry ***.dkr.ecr.us-east-2.amazonaws.com
build / build-image (linux/amd64, ubuntu-latest, false)	UNKNOWN STEP	2026-10-09T09:59:08.6716302Z ##[end-action id=__548d08bf-5391-44f0-8553-663632560896.ecr;outcome=success;conclusion=success;duration_ms=103]
build / build-image (linux/amd64, ubuntu-latest, false)	UNKNOWN STEP	2026-10-09T09:59:08.6720392Z ##[start-action display=Configure AWS credentials;id=__548d08bf-5391-44f0-8553-663632560896.configure-aws-credentials]
build / build-image (linux/amd64, ubuntu-latest, false)	UNKNOWN STEP	2026-10-09T09:59:08.6811543Z Post job cleanup.
build / build-image (linux/amd64, ubuntu-latest, false)	UNKNOWN STEP	2026-10-09T09:59:08.7590705Z ##[end-action id=__548d08bf-5391-44f0-8553-663632560896.configure-aws-credentials;outcome=success;conclusion=success;duration_ms=86]
build / build-image (linux/amd64, ubuntu-latest, false)	UNKNOWN STEP	2026-10-09T09:59:08.7594022Z ##[start-action display=Set up Docker Buildx;id=__548d08bf-5391-44f0-8553-663632560896.__docker_setup-buildx-action]
build / build-image (linux/amd64, ubuntu-latest, false)	UNKNOWN STEP	2026-10-09T09:59:08.7646838Z Post job cleanup.
build / build-image (linux/amd64, ubuntu-latest, false)	UNKNOWN STEP	2026-10-09T09:59:08.9756340Z ##[group]Removing builder
build / build-image (linux/amd64, ubuntu-latest, false)	UNKNOWN STEP	2026-10-09T09:59:09.1081229Z [command]/usr/bin/docker buildx rm builder-18f383a0-30c4-4377-a370-cb26d8066f5b
build / build-image (linux/amd64, ubuntu-latest, false)	UNKNOWN STEP	2026-10-09T09:59:10.3252772Z builder-18f383a0-30c4-4377-a370-cb26d8066f5b removed
build / build-image (linux/amd64, ubuntu-latest, false)	UNKNOWN STEP	2026-10-09T09:59:10.3276208Z ##[endgroup]
build / build-image (linux/amd64, ubuntu-latest, false)	UNKNOWN STEP	2026-10-09T09:59:10.3280328Z ##[group]Cleaning up certificates
build / build-image (linux/amd64, ubuntu-latest, false)	UNKNOWN STEP	2026-10-09T09:59:10.3283381Z ##[endgroup]
build / build-image (linux/amd64, ubuntu-latest, false)	UNKNOWN STEP	2026-10-09T09:59:10.3284522Z ##[group]Post cache
build / build-image (linux/amd64, ubuntu-latest, false)	UNKNOWN STEP	2026-10-09T09:59:10.3285328Z State not set
build / build-image (linux/amd64, ubuntu-latest, false)	UNKNOWN STEP	2026-10-09T09:59:10.3286283Z ##[endgroup]
build / build-image (linux/amd64, ubuntu-latest, false)	UNKNOWN STEP	2026-10-09T09:59:10.3393909Z ##[end-action id=__548d08bf-5391-44f0-8553-663632560896.__docker_setup-buildx-action;outcome=success;conclusion=success;duration_ms=1579]
build / build-image (linux/amd64, ubuntu-latest, false)	UNKNOWN STEP	2026-10-09T09:59:10.3397420Z ##[start-action display=Set up QEMU;id=__548d08bf-5391-44f0-8553-663632560896.__docker_setup-qemu-action]
build / build-image (linux/amd64, ubuntu-latest, false)	UNKNOWN STEP	2026-10-09T09:59:10.3436360Z Post job cleanup.
build / build-image (linux/amd64, ubuntu-latest, false)	UNKNOWN STEP	2026-10-09T09:59:10.5210955Z ##[group]Post cache
build / build-image (linux/amd64, ubuntu-latest, false)	UNKNOWN STEP	2026-10-09T09:59:10.5229315Z Caching docker.io--tonistiigi--binfmt-latest-linux-x64 to GitHub Actions cache
build / build-image (linux/amd64, ubuntu-latest, false)	UNKNOWN STEP	2026-10-09T09:59:10.5442392Z [command]/usr/bin/tar --posix -cf cache.tzst --exclude cache.tzst -P -C /home/runner/work/va-mmcx-terminal/va-mmcx-terminal --files-from manifest.txt --use-compress-program zstdmt
build / build-image (linux/amd64, ubuntu-latest, false)	UNKNOWN STEP	2026-10-09T09:59:12.2305342Z Sent 32265049 of 32265049 (100.0%), 30.7 MBs/sec
build / build-image (linux/amd64, ubuntu-latest, false)	UNKNOWN STEP	2026-10-09T09:59:12.7841168Z ##[endgroup]
build / build-image (linux/amd64, ubuntu-latest, false)	UNKNOWN STEP	2026-10-09T09:59:12.7957041Z ##[end-action id=__548d08bf-5391-44f0-8553-663632560896.__docker_setup-qemu-action;outcome=success;conclusion=success;duration_ms=2455]
build / build-image (linux/amd64, ubuntu-latest, false)	UNKNOWN STEP	2026-10-09T09:59:12.7962873Z ##[start-action display=Checkout;id=__548d08bf-5391-44f0-8553-663632560896.__actions_checkout]
build / build-image (linux/amd64, ubuntu-latest, false)	UNKNOWN STEP	2026-10-09T09:59:12.8090650Z Post job cleanup.
build / build-image (linux/amd64, ubuntu-latest, false)	UNKNOWN STEP	2026-10-09T09:59:12.9099969Z [command]/usr/bin/git version
build / build-image (linux/amd64, ubuntu-latest, false)	UNKNOWN STEP	2026-10-09T09:59:12.9160449Z git version 2.55.0
build / build-image (linux/amd64, ubuntu-latest, false)	UNKNOWN STEP	2026-10-09T09:59:12.9212276Z Temporarily overriding HOME='/home/runner/work/_temp/dba93ca5-6a31-41be-877f-6e74228c5098' before making global git config changes
build / build-image (linux/amd64, ubuntu-latest, false)	UNKNOWN STEP	2026-10-09T09:59:12.9214175Z Adding repository directory to the temporary git global config as a safe directory
build / build-image (linux/amd64, ubuntu-latest, false)	UNKNOWN STEP	2026-10-09T09:59:12.9218758Z [command]/usr/bin/git config --global --add safe.directory /home/runner/work/va-mmcx-terminal/va-mmcx-terminal
build / build-image (linux/amd64, ubuntu-latest, false)	UNKNOWN STEP	2026-10-09T09:59:12.9268518Z Removing SSH command configuration
build / build-image (linux/amd64, ubuntu-latest, false)	UNKNOWN STEP	2026-10-09T09:59:12.9269486Z [command]/usr/bin/git config --local --name-only --get-regexp core\.sshCommand
build / build-image (linux/amd64, ubuntu-latest, false)	UNKNOWN STEP	2026-10-09T09:59:12.9313875Z [command]/usr/bin/git submodule foreach --recursive sh -c "git config --local --name-only --get-regexp 'core\.sshCommand' && git config --local --unset-all 'core.sshCommand' || :"
build / build-image (linux/amd64, ubuntu-latest, false)	UNKNOWN STEP	2026-10-09T09:59:12.9573632Z Removing HTTP extra header
build / build-image (linux/amd64, ubuntu-latest, false)	UNKNOWN STEP	2026-10-09T09:59:12.9582273Z [command]/usr/bin/git config --local --name-only --get-regexp http\.https\:\/\/github\.com\/\.extraheader
build / build-image (linux/amd64, ubuntu-latest, false)	UNKNOWN STEP	2026-10-09T09:59:12.9629218Z [command]/usr/bin/git submodule foreach --recursive sh -c "git config --local --name-only --get-regexp 'http\.https\:\/\/github\.com\/\.extraheader' && git config --local --unset-all 'http.https://github.com/.extraheader' || :"
build / build-image (linux/amd64, ubuntu-latest, false)	UNKNOWN STEP	2026-10-09T09:59:12.9885346Z Removing includeIf entries pointing to credentials config files
build / build-image (linux/amd64, ubuntu-latest, false)	UNKNOWN STEP	2026-10-09T09:59:12.9895127Z [command]/usr/bin/git config --local --name-only --get-regexp ^includeIf\.gitdir:
build / build-image (linux/amd64, ubuntu-latest, false)	UNKNOWN STEP	2026-10-09T09:59:12.9929752Z includeif.gitdir:/home/runner/work/va-mmcx-terminal/va-mmcx-terminal/.git.path
build / build-image (linux/amd64, ubuntu-latest, false)	UNKNOWN STEP	2026-10-09T09:59:12.9932451Z includeif.gitdir:/home/runner/work/va-mmcx-terminal/va-mmcx-terminal/.git/worktrees/*.path
build / build-image (linux/amd64, ubuntu-latest, false)	UNKNOWN STEP	2026-10-09T09:59:12.9933936Z includeif.gitdir:/github/workspace/.git.path
build / build-image (linux/amd64, ubuntu-latest, false)	UNKNOWN STEP	2026-10-09T09:59:12.9935121Z includeif.gitdir:/github/workspace/.git/worktrees/*.path
build / build-image (linux/amd64, ubuntu-latest, false)	UNKNOWN STEP	2026-10-09T09:59:12.9945033Z [command]/usr/bin/git config --local --get-all includeif.gitdir:/home/runner/work/va-mmcx-terminal/va-mmcx-terminal/.git.path
build / build-image (linux/amd64, ubuntu-latest, false)	UNKNOWN STEP	2026-10-09T09:59:12.9972175Z /home/runner/work/_temp/git-credentials-8e10a9a9-e76a-4d0d-a362-bc2e2984dbcb.config
build / build-image (linux/amd64, ubuntu-latest, false)	UNKNOWN STEP	2026-10-09T09:59:12.9985992Z [command]/usr/bin/git config --local --unset includeif.gitdir:/home/runner/work/va-mmcx-terminal/va-mmcx-terminal/.git.path /home/runner/work/_temp/git-credentials-8e10a9a9-e76a-4d0d-a362-bc2e2984dbcb.config
build / build-image (linux/amd64, ubuntu-latest, false)	UNKNOWN STEP	2026-10-09T09:59:13.0031544Z [command]/usr/bin/git config --local --get-all includeif.gitdir:/home/runner/work/va-mmcx-terminal/va-mmcx-terminal/.git/worktrees/*.path
build / build-image (linux/amd64, ubuntu-latest, false)	UNKNOWN STEP	2026-10-09T09:59:13.0066520Z /home/runner/work/_temp/git-credentials-8e10a9a9-e76a-4d0d-a362-bc2e2984dbcb.config
build / build-image (linux/amd64, ubuntu-latest, false)	UNKNOWN STEP	2026-10-09T09:59:13.0080549Z [command]/usr/bin/git config --local --unset includeif.gitdir:/home/runner/work/va-mmcx-terminal/va-mmcx-terminal/.git/worktrees/*.path /home/runner/work/_temp/git-credentials-8e10a9a9-e76a-4d0d-a362-bc2e2984dbcb.config
build / build-image (linux/amd64, ubuntu-latest, false)	UNKNOWN STEP	2026-10-09T09:59:13.0126608Z [command]/usr/bin/git config --local --get-all includeif.gitdir:/github/workspace/.git.path
build / build-image (linux/amd64, ubuntu-latest, false)	UNKNOWN STEP	2026-10-09T09:59:13.0143674Z /github/runner_temp/git-credentials-8e10a9a9-e76a-4d0d-a362-bc2e2984dbcb.config
build / build-image (linux/amd64, ubuntu-latest, false)	UNKNOWN STEP	2026-10-09T09:59:13.0155009Z [command]/usr/bin/git config --local --unset includeif.gitdir:/github/workspace/.git.path /github/runner_temp/git-credentials-8e10a9a9-e76a-4d0d-a362-bc2e2984dbcb.config
build / build-image (linux/amd64, ubuntu-latest, false)	UNKNOWN STEP	2026-10-09T09:59:13.0201174Z [command]/usr/bin/git config --local --get-all includeif.gitdir:/github/workspace/.git/worktrees/*.path
build / build-image (linux/amd64, ubuntu-latest, false)	UNKNOWN STEP	2026-10-09T09:59:13.0226316Z /github/runner_temp/git-credentials-8e10a9a9-e76a-4d0d-a362-bc2e2984dbcb.config
build / build-image (linux/amd64, ubuntu-latest, false)	UNKNOWN STEP	2026-10-09T09:59:13.0235525Z [command]/usr/bin/git config --local --unset includeif.gitdir:/github/workspace/.git/worktrees/*.path /github/runner_temp/git-credentials-8e10a9a9-e76a-4d0d-a362-bc2e2984dbcb.config
build / build-image (linux/amd64, ubuntu-latest, false)	UNKNOWN STEP	2026-10-09T09:59:13.0274723Z [command]/usr/bin/git submodule foreach --recursive git config --local --show-origin --name-only --get-regexp remote.origin.url
build / build-image (linux/amd64, ubuntu-latest, false)	UNKNOWN STEP	2026-10-09T09:59:13.0524330Z Removing credentials config '/home/runner/work/_temp/git-credentials-8e10a9a9-e76a-4d0d-a362-bc2e2984dbcb.config'
build / build-image (linux/amd64, ubuntu-latest, false)	UNKNOWN STEP	2026-10-09T09:59:13.0634995Z ##[end-action id=__548d08bf-5391-44f0-8553-663632560896.__actions_checkout;outcome=success;conclusion=success;duration_ms=267]
build / build-image (linux/amd64, ubuntu-latest, false)	UNKNOWN STEP	2026-10-09T09:59:13.0731808Z Post job cleanup.
build / build-image (linux/amd64, ubuntu-latest, false)	UNKNOWN STEP	2026-10-09T09:59:13.2266830Z ##[group]Checking connection to JFrog Artifactory
build / build-image (linux/amd64, ubuntu-latest, false)	UNKNOWN STEP	2026-10-09T09:59:13.2324700Z [command]/opt/hostedtoolcache/jf/2.91.0/x64/jf rt ping
build / build-image (linux/amd64, ubuntu-latest, false)	UNKNOWN STEP	2026-10-09T09:59:13.8249475Z OK
build / build-image (linux/amd64, ubuntu-latest, false)	UNKNOWN STEP	2026-10-09T09:59:13.8269533Z ##[endgroup]
build / build-image (linux/amd64, ubuntu-latest, false)	UNKNOWN STEP	2026-10-09T09:59:13.8270865Z ##[group]Check for unpublished modules
build / build-image (linux/amd64, ubuntu-latest, false)	UNKNOWN STEP	2026-10-09T09:59:13.8291284Z [command]/opt/hostedtoolcache/jf/2.91.0/x64/jf rt build-publish --dry-run
build / build-image (linux/amd64, ubuntu-latest, false)	UNKNOWN STEP	2026-10-09T09:59:13.8583282Z 09:59:13 [Info] [Dry run] Logging Build info preview...
build / build-image (linux/amd64, ubuntu-latest, false)	UNKNOWN STEP	2026-10-09T09:59:13.8584146Z ***
build / build-image (linux/amd64, ubuntu-latest, false)	UNKNOWN STEP	2026-10-09T09:59:13.8584657Z   "name": "Validate PR",
build / build-image (linux/amd64, ubuntu-latest, false)	UNKNOWN STEP	2026-10-09T09:59:13.8585238Z   "number": "814",
build / build-image (linux/amd64, ubuntu-latest, false)	UNKNOWN STEP	2026-10-09T09:59:13.8585766Z   "agent": ***
build / build-image (linux/amd64, ubuntu-latest, false)	UNKNOWN STEP	2026-10-09T09:59:13.8586352Z     "name": "setup-jfrog-cli-github-action",
build / build-image (linux/amd64, ubuntu-latest, false)	UNKNOWN STEP	2026-10-09T09:59:13.8587056Z     "version": "5.1.0"
build / build-image (linux/amd64, ubuntu-latest, false)	UNKNOWN STEP	2026-10-09T09:59:13.8587458Z   ***,
build / build-image (linux/amd64, ubuntu-latest, false)	UNKNOWN STEP	2026-10-09T09:59:13.8587790Z   "buildAgent": ***
build / build-image (linux/amd64, ubuntu-latest, false)	UNKNOWN STEP	2026-10-09T09:59:13.8589260Z     "name": "GENERIC",
build / build-image (linux/amd64, ubuntu-latest, false)	UNKNOWN STEP	2026-10-09T09:59:13.8590324Z     "version": "2.91.0"
build / build-image (linux/amd64, ubuntu-latest, false)	UNKNOWN STEP	2026-10-09T09:59:13.8591583Z   ***,
build / build-image (linux/amd64, ubuntu-latest, false)	UNKNOWN STEP	2026-10-09T09:59:13.8592189Z   "started": "2026-10-09T09:59:13.856+0000",
build / build-image (linux/amd64, ubuntu-latest, false)	UNKNOWN STEP	2026-10-09T09:59:13.8592793Z   "artifactoryPrincipal": "***",
build / build-image (linux/amd64, ubuntu-latest, false)	UNKNOWN STEP	2026-10-09T09:59:13.8593627Z   "url": "https://github.com/consensys-vertical-apps/va-mmcx-terminal/actions/runs/37913247520"
build / build-image (linux/amd64, ubuntu-latest, false)	UNKNOWN STEP	2026-10-09T09:59:13.8594240Z ***
build / build-image (linux/amd64, ubuntu-latest, false)	UNKNOWN STEP	2026-10-09T09:59:14.4688564Z ##[endgroup]
build / build-image (linux/amd64, ubuntu-latest, false)	UNKNOWN STEP	2026-10-09T09:59:14.4689598Z ##[group]Collecting evidence
build / build-image (linux/amd64, ubuntu-latest, false)	UNKNOWN STEP	2026-10-09T09:59:14.4691436Z No attestation paths file found. Skipping evidence creation. Searched for: /home/runner/work/_temp/created_attestation_paths.txt. Error: Error: ENOENT: no such file or directory, access '/home/runner/work/_temp/created_attestation_paths.txt'
build / build-image (linux/amd64, ubuntu-latest, false)	UNKNOWN STEP	2026-10-09T09:59:14.4692726Z ##[endgroup]
build / build-image (linux/amd64, ubuntu-latest, false)	UNKNOWN STEP	2026-10-09T09:59:14.4693237Z ##[group]Generating Job Summary
build / build-image (linux/amd64, ubuntu-latest, false)	UNKNOWN STEP	2026-10-09T09:59:14.4710040Z [command]/opt/hostedtoolcache/jf/2.91.0/x64/jf generate-summary-markdown
build / build-image (linux/amd64, ubuntu-latest, false)	UNKNOWN STEP	2026-10-09T09:59:15.3355943Z No code scanning sarif file was found.
build / build-image (linux/amd64, ubuntu-latest, false)	UNKNOWN STEP	2026-10-09T09:59:15.3377018Z ##[endgroup]
build / build-image (linux/amd64, ubuntu-latest, false)	UNKNOWN STEP	2026-10-09T09:59:15.3378935Z ##[group]Cleanup JFrog CLI servers configuration
build / build-image (linux/amd64, ubuntu-latest, false)	UNKNOWN STEP	2026-10-09T09:59:15.3380432Z The value of custom is: 'undefined'
build / build-image (linux/amd64, ubuntu-latest, false)	UNKNOWN STEP	2026-10-09T09:59:15.3394661Z [command]/opt/hostedtoolcache/jf/2.91.0/x64/jf c rm setup-jfrog-cli-server --quiet
build / build-image (linux/amd64, ubuntu-latest, false)	UNKNOWN STEP	2026-10-09T09:59:15.3583808Z ##[endgroup]
build / build-image (linux/amd64, ubuntu-latest, false)	UNKNOWN STEP	2026-10-09T09:59:15.3812724Z Post job cleanup.
build / build-image (linux/amd64, ubuntu-latest, false)	UNKNOWN STEP	2026-10-09T09:59:15.3879878Z Evaluate and set job outputs
build / build-image (linux/amd64, ubuntu-latest, false)	UNKNOWN STEP	2026-10-09T09:59:15.3885015Z Set output 'artifact_name'
build / build-image (linux/amd64, ubuntu-latest, false)	UNKNOWN STEP	2026-10-09T09:59:15.3886968Z Set output 'artifact_path'
build / build-image (linux/amd64, ubuntu-latest, false)	UNKNOWN STEP	2026-10-09T09:59:15.3887820Z Set output 'upload_name'
build / build-image (linux/amd64, ubuntu-latest, false)	UNKNOWN STEP	2026-10-09T09:59:15.3888546Z Set output 'native_build'
build / build-image (linux/amd64, ubuntu-latest, false)	UNKNOWN STEP	2026-10-09T09:59:15.3889468Z Cleaning up orphan processes
