validate-code / unit-tests (test:unit)	UNKNOWN STEP	﻿2026-10-09T00:04:54.3652433Z Current runner version: '2.337.0'
validate-code / unit-tests (test:unit)	UNKNOWN STEP	2026-10-09T00:04:54.3689275Z ##[group]Runner Image Provisioner
validate-code / unit-tests (test:unit)	UNKNOWN STEP	2026-10-09T00:04:54.3691222Z Hosted Compute Agent
validate-code / unit-tests (test:unit)	UNKNOWN STEP	2026-10-09T00:04:54.3692462Z Version: 20261002.596
validate-code / unit-tests (test:unit)	UNKNOWN STEP	2026-10-09T00:04:54.3693778Z Commit: c3d12f3313a95f25162a1503be624f3b0617f8c0
validate-code / unit-tests (test:unit)	UNKNOWN STEP	2026-10-09T00:04:54.3695253Z Build Date: 2026-10-02T22:28:27Z
validate-code / unit-tests (test:unit)	UNKNOWN STEP	2026-10-09T00:04:54.3696915Z Worker ID: ***1922f5ca-0f2a-4da8-8bb1-85980fdcde59***
validate-code / unit-tests (test:unit)	UNKNOWN STEP	2026-10-09T00:04:54.3698533Z Region: eastus
validate-code / unit-tests (test:unit)	UNKNOWN STEP	2026-10-09T00:04:54.3699816Z Cloud: Azure
validate-code / unit-tests (test:unit)	UNKNOWN STEP	2026-10-09T00:04:54.3701183Z ##[endgroup]
validate-code / unit-tests (test:unit)	UNKNOWN STEP	2026-10-09T00:04:54.3703867Z ##[group]Operating System
validate-code / unit-tests (test:unit)	UNKNOWN STEP	2026-10-09T00:04:54.3705130Z Ubuntu
validate-code / unit-tests (test:unit)	UNKNOWN STEP	2026-10-09T00:04:54.3706338Z 24.04.5
validate-code / unit-tests (test:unit)	UNKNOWN STEP	2026-10-09T00:04:54.3707402Z LTS
validate-code / unit-tests (test:unit)	UNKNOWN STEP	2026-10-09T00:04:54.3708498Z ##[endgroup]
validate-code / unit-tests (test:unit)	UNKNOWN STEP	2026-10-09T00:04:54.3709652Z ##[group]Runner Image
validate-code / unit-tests (test:unit)	UNKNOWN STEP	2026-10-09T00:04:54.3711366Z Image: ubuntu-24.04
validate-code / unit-tests (test:unit)	UNKNOWN STEP	2026-10-09T00:04:54.3712548Z Version: 20261004.327.1
validate-code / unit-tests (test:unit)	UNKNOWN STEP	2026-10-09T00:04:54.3714991Z Included Software: https://github.com/actions/runner-images/blob/ubuntu24/20261004.327/images/ubuntu/Ubuntu2404-Readme.md
validate-code / unit-tests (test:unit)	UNKNOWN STEP	2026-10-09T00:04:54.3718121Z Image Release: https://github.com/actions/runner-images/releases/tag/ubuntu24%2F20261004.327
validate-code / unit-tests (test:unit)	UNKNOWN STEP	2026-10-09T00:04:54.3720281Z ##[endgroup]
validate-code / unit-tests (test:unit)	UNKNOWN STEP	2026-10-09T00:04:54.3723062Z ##[group]GITHUB_TOKEN Permissions
validate-code / unit-tests (test:unit)	UNKNOWN STEP	2026-10-09T00:04:54.3726326Z Actions: read
validate-code / unit-tests (test:unit)	UNKNOWN STEP	2026-10-09T00:04:54.3727545Z Checks: write
validate-code / unit-tests (test:unit)	UNKNOWN STEP	2026-10-09T00:04:54.3728725Z Contents: read
validate-code / unit-tests (test:unit)	UNKNOWN STEP	2026-10-09T00:04:54.3729914Z Metadata: read
validate-code / unit-tests (test:unit)	UNKNOWN STEP	2026-10-09T00:04:54.3731380Z ##[endgroup]
validate-code / unit-tests (test:unit)	UNKNOWN STEP	2026-10-09T00:04:54.3734618Z Secret source: Actions
validate-code / unit-tests (test:unit)	UNKNOWN STEP	2026-10-09T00:04:54.3736516Z Cache mode: write
validate-code / unit-tests (test:unit)	UNKNOWN STEP	2026-10-09T00:04:54.3738262Z Prepare workflow directory
validate-code / unit-tests (test:unit)	UNKNOWN STEP	2026-10-09T00:04:54.4367769Z Prepare all required actions
validate-code / unit-tests (test:unit)	UNKNOWN STEP	2026-10-09T00:04:54.4451276Z Getting action download info
validate-code / unit-tests (test:unit)	UNKNOWN STEP	2026-10-09T00:04:54.6805953Z Download action repository 'consensys-vertical-apps/shared-services-workflows@ee5456cf63f32f96987af955f66bd6b1b8b5cbd8' (SHA:ee5456cf63f32f96987af955f66bd6b1b8b5cbd8)
validate-code / unit-tests (test:unit)	UNKNOWN STEP	2026-10-09T00:04:54.9406804Z Download action repository 'actions/checkout@3d3c42e5aac5ba805825da76410c181273ba90b1' (SHA:3d3c42e5aac5ba805825da76410c181273ba90b1)
validate-code / unit-tests (test:unit)	UNKNOWN STEP	2026-10-09T00:04:54.9794938Z Download action repository 'consensys-vertical-apps/shared-services-workflows@0ad0566241bddeb4f6b3b5f310b368a89283e7df' (SHA:0ad0566241bddeb4f6b3b5f310b368a89283e7df)
validate-code / unit-tests (test:unit)	UNKNOWN STEP	2026-10-09T00:04:55.2192027Z Download action repository 'dorny/test-reporter@a43b3a5f7366b97d083190328d2c652e1a8b6aa2' (SHA:a43b3a5f7366b97d083190328d2c652e1a8b6aa2)
validate-code / unit-tests (test:unit)	UNKNOWN STEP	2026-10-09T00:04:55.4090710Z Download action repository 'actions/upload-artifact@043fb46d1a93c77aae656e7c1c64a875d1fc6a0a' (SHA:043fb46d1a93c77aae656e7c1c64a875d1fc6a0a)
validate-code / unit-tests (test:unit)	UNKNOWN STEP	2026-10-09T00:04:55.5663504Z Getting action download info
validate-code / unit-tests (test:unit)	UNKNOWN STEP	2026-10-09T00:04:55.6410969Z Download action repository 'wiz-sec-public/wiz-sensor-github-action@2f72488477988739561233bbc10ceff0c53273fd' (SHA:2f72488477988739561233bbc10ceff0c53273fd)
validate-code / unit-tests (test:unit)	UNKNOWN STEP	2026-10-09T00:04:55.8714658Z Getting action download info
validate-code / unit-tests (test:unit)	UNKNOWN STEP	2026-10-09T00:04:55.9569020Z Download action repository 'actions/checkout@df4cb1c069e1874edd31b4311f1884172cec0e10' (SHA:df4cb1c069e1874edd31b4311f1884172cec0e10)
validate-code / unit-tests (test:unit)	UNKNOWN STEP	2026-10-09T00:04:56.0558193Z Download action repository 'jfrog/setup-jfrog-cli@deda456d982fc5e9a7a020b63eb0d2968aedd33e' (SHA:deda456d982fc5e9a7a020b63eb0d2968aedd33e)
validate-code / unit-tests (test:unit)	UNKNOWN STEP	2026-10-09T00:04:56.4313069Z Download action repository 'pnpm/action-setup@fc06bc1257f339d1d5d8b3a19a8cae5388b55320' (SHA:fc06bc1257f339d1d5d8b3a19a8cae5388b55320)
validate-code / unit-tests (test:unit)	UNKNOWN STEP	2026-10-09T00:04:56.6039188Z Download action repository 'actions/setup-node@48b55a011bda9f5d6aeb4c2d9c7362e8dae4041e' (SHA:48b55a011bda9f5d6aeb4c2d9c7362e8dae4041e)
validate-code / unit-tests (test:unit)	UNKNOWN STEP	2026-10-09T00:04:56.8685391Z Uses: consensys-vertical-apps/shared-services-workflows/.github/workflows/js-validate-code.yml@refs/tags/v1.19.1 (ee5456cf63f32f96987af955f66bd6b1b8b5cbd8)
validate-code / unit-tests (test:unit)	UNKNOWN STEP	2026-10-09T00:04:56.8690850Z ##[group] Inputs
validate-code / unit-tests (test:unit)	UNKNOWN STEP	2026-10-09T00:04:56.8691845Z   run_on: ubuntu-latest
validate-code / unit-tests (test:unit)	UNKNOWN STEP	2026-10-09T00:04:56.8692752Z   node_version: 22
validate-code / unit-tests (test:unit)	UNKNOWN STEP	2026-10-09T00:04:56.8693650Z   security_audit_fail_level: critical
validate-code / unit-tests (test:unit)	UNKNOWN STEP	2026-10-09T00:04:56.8695775Z   security_audit_ignore_failure: false
validate-code / unit-tests (test:unit)	UNKNOWN STEP	2026-10-09T00:04:56.8696984Z   npm_client: npm
validate-code / unit-tests (test:unit)	UNKNOWN STEP	2026-10-09T00:04:56.8697974Z   npm_client_production_flag: --frozen-lockfile
validate-code / unit-tests (test:unit)	UNKNOWN STEP	2026-10-09T00:04:56.8699028Z   yarn_version: 1
validate-code / unit-tests (test:unit)	UNKNOWN STEP	2026-10-09T00:04:56.8699917Z   npm_registry_name: npm
validate-code / unit-tests (test:unit)	UNKNOWN STEP	2026-10-09T00:04:56.8701277Z   npm_registry_url: https://consensys.jfrog.io/artifactory/api/npm/npm/
validate-code / unit-tests (test:unit)	UNKNOWN STEP	2026-10-09T00:04:56.8702620Z   checkout_repository: consensys-vertical-apps/va-mmcx-terminal
validate-code / unit-tests (test:unit)	UNKNOWN STEP	2026-10-09T00:04:56.8703746Z   checkout_ref: 
validate-code / unit-tests (test:unit)	UNKNOWN STEP	2026-10-09T00:04:56.8704628Z   test_names: ['test:unit']
validate-code / unit-tests (test:unit)	UNKNOWN STEP	2026-10-09T00:04:56.8706221Z   test_timeout_minutes: 30
validate-code / unit-tests (test:unit)	UNKNOWN STEP	2026-10-09T00:04:56.8707173Z   eslint_enabled: false
validate-code / unit-tests (test:unit)	UNKNOWN STEP	2026-10-09T00:04:56.8708075Z   prettier_enabled: false
validate-code / unit-tests (test:unit)	UNKNOWN STEP	2026-10-09T00:04:56.8709004Z   tests_report_path: junit.xml
validate-code / unit-tests (test:unit)	UNKNOWN STEP	2026-10-09T00:04:56.8710144Z   tests_coverage_path: coverage/**/*
validate-code / unit-tests (test:unit)	UNKNOWN STEP	2026-10-09T00:04:56.8711172Z   typecheck_command: npm run typecheck
validate-code / unit-tests (test:unit)	UNKNOWN STEP	2026-10-09T00:04:56.8712188Z   typecheck_enabled: true
validate-code / unit-tests (test:unit)	UNKNOWN STEP	2026-10-09T00:04:56.8713145Z   pre_lint_command: 
validate-code / unit-tests (test:unit)	UNKNOWN STEP	2026-10-09T00:04:56.8714061Z   jfrog_oidc_provider_name: github
validate-code / unit-tests (test:unit)	UNKNOWN STEP	2026-10-09T00:04:56.8715036Z ##[endgroup]
validate-code / unit-tests (test:unit)	UNKNOWN STEP	2026-10-09T00:04:56.8716005Z Complete job name: validate-code / unit-tests (test:unit)
validate-code / unit-tests (test:unit)	UNKNOWN STEP	2026-10-09T00:04:56.9268686Z ##[group]Checking docker version
validate-code / unit-tests (test:unit)	UNKNOWN STEP	2026-10-09T00:04:56.9282678Z ##[command]/usr/bin/docker version --format '***.Server.APIVersion***'
validate-code / unit-tests (test:unit)	UNKNOWN STEP	2026-10-09T00:04:57.0226211Z '1.48'
validate-code / unit-tests (test:unit)	UNKNOWN STEP	2026-10-09T00:04:57.0243294Z Docker daemon API version: '1.48'
validate-code / unit-tests (test:unit)	UNKNOWN STEP	2026-10-09T00:04:57.0245579Z ##[command]/usr/bin/docker version --format '***.Client.APIVersion***'
validate-code / unit-tests (test:unit)	UNKNOWN STEP	2026-10-09T00:04:57.0421659Z '1.48'
validate-code / unit-tests (test:unit)	UNKNOWN STEP	2026-10-09T00:04:57.0431467Z Docker client API version: '1.48'
validate-code / unit-tests (test:unit)	UNKNOWN STEP	2026-10-09T00:04:57.0437245Z ##[endgroup]
validate-code / unit-tests (test:unit)	UNKNOWN STEP	2026-10-09T00:04:57.0441436Z ##[group]Clean up resources from previous jobs
validate-code / unit-tests (test:unit)	UNKNOWN STEP	2026-10-09T00:04:57.0447191Z ##[command]/usr/bin/docker ps --all --quiet --no-trunc --filter "label=b67ae9"
validate-code / unit-tests (test:unit)	UNKNOWN STEP	2026-10-09T00:04:57.0613835Z ##[command]/usr/bin/docker network prune --force --filter "label=b67ae9"
validate-code / unit-tests (test:unit)	UNKNOWN STEP	2026-10-09T00:04:57.0769347Z ##[endgroup]
validate-code / unit-tests (test:unit)	UNKNOWN STEP	2026-10-09T00:04:57.0770641Z ##[group]Create local container network
validate-code / unit-tests (test:unit)	UNKNOWN STEP	2026-10-09T00:04:57.0782364Z ##[command]/usr/bin/docker network create --label b67ae9 github_network_cfefa94fff9441d794c6569f5c44dfa7
validate-code / unit-tests (test:unit)	UNKNOWN STEP	2026-10-09T00:04:57.1512301Z 13e9233c18911bc92a1c7f95e9b9d01210567a62a95b68be1a56cac3a34e62c2
validate-code / unit-tests (test:unit)	UNKNOWN STEP	2026-10-09T00:04:57.1537279Z ##[endgroup]
validate-code / unit-tests (test:unit)	UNKNOWN STEP	2026-10-09T00:04:57.1574651Z ##[group]Starting redis service container
validate-code / unit-tests (test:unit)	UNKNOWN STEP	2026-10-09T00:04:57.1596453Z ##[command]/usr/bin/docker pull redis
validate-code / unit-tests (test:unit)	UNKNOWN STEP	2026-10-09T00:04:57.1723849Z Using default tag: latest
validate-code / unit-tests (test:unit)	UNKNOWN STEP	2026-10-09T00:04:57.4554520Z latest: Pulling from library/redis
validate-code / unit-tests (test:unit)	UNKNOWN STEP	2026-10-09T00:04:57.5338544Z ecc510c1e359: Pulling fs layer
validate-code / unit-tests (test:unit)	UNKNOWN STEP	2026-10-09T00:04:57.5344583Z 4ac6ba6b019e: Pulling fs layer
validate-code / unit-tests (test:unit)	UNKNOWN STEP	2026-10-09T00:04:57.5347375Z f55e02ea8cde: Pulling fs layer
validate-code / unit-tests (test:unit)	UNKNOWN STEP	2026-10-09T00:04:57.5349387Z c30201c9cd3c: Pulling fs layer
validate-code / unit-tests (test:unit)	UNKNOWN STEP	2026-10-09T00:04:57.5352220Z dc611c1ed116: Pulling fs layer
validate-code / unit-tests (test:unit)	UNKNOWN STEP	2026-10-09T00:04:57.5357511Z 4f4fb700ef54: Pulling fs layer
validate-code / unit-tests (test:unit)	UNKNOWN STEP	2026-10-09T00:04:57.5359423Z 0a3621ec1dd4: Pulling fs layer
validate-code / unit-tests (test:unit)	UNKNOWN STEP	2026-10-09T00:04:57.5361869Z dc611c1ed116: Waiting
validate-code / unit-tests (test:unit)	UNKNOWN STEP	2026-10-09T00:04:57.5363371Z 4f4fb700ef54: Waiting
validate-code / unit-tests (test:unit)	UNKNOWN STEP	2026-10-09T00:04:57.5365081Z 0a3621ec1dd4: Waiting
validate-code / unit-tests (test:unit)	UNKNOWN STEP	2026-10-09T00:04:57.5366271Z c30201c9cd3c: Waiting
validate-code / unit-tests (test:unit)	UNKNOWN STEP	2026-10-09T00:04:57.5687114Z 4ac6ba6b019e: Verifying Checksum
validate-code / unit-tests (test:unit)	UNKNOWN STEP	2026-10-09T00:04:57.5693566Z 4ac6ba6b019e: Download complete
validate-code / unit-tests (test:unit)	UNKNOWN STEP	2026-10-09T00:04:57.5697533Z f55e02ea8cde: Verifying Checksum
validate-code / unit-tests (test:unit)	UNKNOWN STEP	2026-10-09T00:04:57.5704698Z f55e02ea8cde: Download complete
validate-code / unit-tests (test:unit)	UNKNOWN STEP	2026-10-09T00:04:57.5981701Z dc611c1ed116: Verifying Checksum
validate-code / unit-tests (test:unit)	UNKNOWN STEP	2026-10-09T00:04:57.5983877Z dc611c1ed116: Download complete
validate-code / unit-tests (test:unit)	UNKNOWN STEP	2026-10-09T00:04:57.6640932Z 4f4fb700ef54: Verifying Checksum
validate-code / unit-tests (test:unit)	UNKNOWN STEP	2026-10-09T00:04:57.6643432Z 4f4fb700ef54: Download complete
validate-code / unit-tests (test:unit)	UNKNOWN STEP	2026-10-09T00:04:57.6820874Z ecc510c1e359: Verifying Checksum
validate-code / unit-tests (test:unit)	UNKNOWN STEP	2026-10-09T00:04:57.6826435Z ecc510c1e359: Download complete
validate-code / unit-tests (test:unit)	UNKNOWN STEP	2026-10-09T00:04:57.7423824Z c30201c9cd3c: Verifying Checksum
validate-code / unit-tests (test:unit)	UNKNOWN STEP	2026-10-09T00:04:57.7432457Z c30201c9cd3c: Download complete
validate-code / unit-tests (test:unit)	UNKNOWN STEP	2026-10-09T00:04:57.7443469Z 0a3621ec1dd4: Verifying Checksum
validate-code / unit-tests (test:unit)	UNKNOWN STEP	2026-10-09T00:04:57.7446243Z 0a3621ec1dd4: Download complete
validate-code / unit-tests (test:unit)	UNKNOWN STEP	2026-10-09T00:04:59.1808471Z ecc510c1e359: Pull complete
validate-code / unit-tests (test:unit)	UNKNOWN STEP	2026-10-09T00:04:59.5384082Z 4ac6ba6b019e: Pull complete
validate-code / unit-tests (test:unit)	UNKNOWN STEP	2026-10-09T00:04:59.5555616Z f55e02ea8cde: Pull complete
validate-code / unit-tests (test:unit)	UNKNOWN STEP	2026-10-09T00:05:00.0349941Z c30201c9cd3c: Pull complete
validate-code / unit-tests (test:unit)	UNKNOWN STEP	2026-10-09T00:05:00.0456045Z dc611c1ed116: Pull complete
validate-code / unit-tests (test:unit)	UNKNOWN STEP	2026-10-09T00:05:00.0850692Z 4f4fb700ef54: Pull complete
validate-code / unit-tests (test:unit)	UNKNOWN STEP	2026-10-09T00:05:00.0965518Z 0a3621ec1dd4: Pull complete
validate-code / unit-tests (test:unit)	UNKNOWN STEP	2026-10-09T00:05:00.1016048Z Digest: sha256:2c2dff791878316e3b083188be0d578423b24813cdda5de0e80ea4f7b3e6bfd6
validate-code / unit-tests (test:unit)	UNKNOWN STEP	2026-10-09T00:05:00.1032533Z Status: Downloaded newer image for redis:latest
validate-code / unit-tests (test:unit)	UNKNOWN STEP	2026-10-09T00:05:00.1049426Z docker.io/library/redis:latest
validate-code / unit-tests (test:unit)	UNKNOWN STEP	2026-10-09T00:05:00.1094978Z ##[command]/usr/bin/docker create --name bff323b5dd814815a115f1b0cc54f075_redis_e0d5d7 --label b67ae9 --network github_network_cfefa94fff9441d794c6569f5c44dfa7 --network-alias redis -p 6379:6379  -e GITHUB_ACTIONS=true -e CI=true redis
validate-code / unit-tests (test:unit)	UNKNOWN STEP	2026-10-09T00:05:00.1393542Z 00eb8c4be7de1ae2eee7979dbdc3984a0fa1c733879cd39aa067eb496a719ccf
validate-code / unit-tests (test:unit)	UNKNOWN STEP	2026-10-09T00:05:00.1424288Z ##[command]/usr/bin/docker start 00eb8c4be7de1ae2eee7979dbdc3984a0fa1c733879cd39aa067eb496a719ccf
validate-code / unit-tests (test:unit)	UNKNOWN STEP	2026-10-09T00:05:00.4323255Z 00eb8c4be7de1ae2eee7979dbdc3984a0fa1c733879cd39aa067eb496a719ccf
validate-code / unit-tests (test:unit)	UNKNOWN STEP	2026-10-09T00:05:00.4351114Z ##[command]/usr/bin/docker ps --all --filter id=00eb8c4be7de1ae2eee7979dbdc3984a0fa1c733879cd39aa067eb496a719ccf --filter status=running --no-trunc --format "***.ID*** ***.Status***"
validate-code / unit-tests (test:unit)	UNKNOWN STEP	2026-10-09T00:05:00.4558156Z 00eb8c4be7de1ae2eee7979dbdc3984a0fa1c733879cd39aa067eb496a719ccf Up Less than a second
validate-code / unit-tests (test:unit)	UNKNOWN STEP	2026-10-09T00:05:00.4588309Z ##[command]/usr/bin/docker port 00eb8c4be7de1ae2eee7979dbdc3984a0fa1c733879cd39aa067eb496a719ccf
validate-code / unit-tests (test:unit)	UNKNOWN STEP	2026-10-09T00:05:00.4760857Z 6379/tcp -> 0.0.0.0:6379
validate-code / unit-tests (test:unit)	UNKNOWN STEP	2026-10-09T00:05:00.4762067Z 6379/tcp -> [::]:6379
validate-code / unit-tests (test:unit)	UNKNOWN STEP	2026-10-09T00:05:00.4846275Z ##[endgroup]
validate-code / unit-tests (test:unit)	UNKNOWN STEP	2026-10-09T00:05:00.4855312Z ##[group]Waiting for all services to be ready
validate-code / unit-tests (test:unit)	UNKNOWN STEP	2026-10-09T00:05:00.4869278Z ##[command]/usr/bin/docker inspect --format="***if .Config.Healthcheck***print .State.Health.Status***end***" 00eb8c4be7de1ae2eee7979dbdc3984a0fa1c733879cd39aa067eb496a719ccf
validate-code / unit-tests (test:unit)	UNKNOWN STEP	2026-10-09T00:05:00.5031528Z redis service is healthy.
validate-code / unit-tests (test:unit)	UNKNOWN STEP	2026-10-09T00:05:00.5032284Z ##[endgroup]
validate-code / unit-tests (test:unit)	UNKNOWN STEP	2026-10-09T00:05:00.5333815Z ##[group]Run consensys-vertical-apps/shared-services-workflows/.github/actions/wiz-sensor@ee5456cf63f32f96987af955f66bd6b1b8b5cbd8
validate-code / unit-tests (test:unit)	UNKNOWN STEP	2026-10-09T00:05:00.5334828Z with:
validate-code / unit-tests (test:unit)	UNKNOWN STEP	2026-10-09T00:05:00.5335092Z   enabled: false
validate-code / unit-tests (test:unit)	UNKNOWN STEP	2026-10-09T00:05:00.5336717Z   token: ***
validate-code / unit-tests (test:unit)	UNKNOWN STEP	2026-10-09T00:05:00.5337142Z ##[endgroup]
validate-code / unit-tests (test:unit)	UNKNOWN STEP	2026-10-09T00:05:00.5411922Z ##[start-action display=Skip Wiz sensor;id=__self.__run]
validate-code / unit-tests (test:unit)	UNKNOWN STEP	2026-10-09T00:05:00.5477611Z ##[group]Run if [ "$WIZ_RUNNER_OS" != "Linux" ]; then
validate-code / unit-tests (test:unit)	UNKNOWN STEP	2026-10-09T00:05:00.5478109Z ^[[36;1mif [ "$WIZ_RUNNER_OS" != "Linux" ]; then^[[0m
validate-code / unit-tests (test:unit)	UNKNOWN STEP	2026-10-09T00:05:00.5478711Z ^[[36;1m  echo "::notice title=Wiz sensor::Skipped because the runner OS is $***WIZ_RUNNER_OS***."^[[0m
validate-code / unit-tests (test:unit)	UNKNOWN STEP	2026-10-09T00:05:00.5479271Z ^[[36;1melif [ "$WIZ_SENSOR_ENABLED" != "true" ]; then^[[0m
validate-code / unit-tests (test:unit)	UNKNOWN STEP	2026-10-09T00:05:00.5479808Z ^[[36;1m  echo "::notice title=Wiz sensor::Skipped because WIZ_SENSOR_ENABLED is not true."^[[0m
validate-code / unit-tests (test:unit)	UNKNOWN STEP	2026-10-09T00:05:00.5480550Z ^[[36;1melse^[[0m
validate-code / unit-tests (test:unit)	UNKNOWN STEP	2026-10-09T00:05:00.5480987Z ^[[36;1m  echo "::notice title=Wiz sensor::Skipped because WIZ_SENSOR_TOKEN is not set."^[[0m
validate-code / unit-tests (test:unit)	UNKNOWN STEP	2026-10-09T00:05:00.5481455Z ^[[36;1mfi^[[0m
validate-code / unit-tests (test:unit)	UNKNOWN STEP	2026-10-09T00:05:00.5708018Z shell: /usr/bin/bash --noprofile --norc -e -o pipefail ***0***
validate-code / unit-tests (test:unit)	UNKNOWN STEP	2026-10-09T00:05:00.5708862Z env:
validate-code / unit-tests (test:unit)	UNKNOWN STEP	2026-10-09T00:05:00.5709302Z   WIZ_SENSOR_ENABLED: false
validate-code / unit-tests (test:unit)	UNKNOWN STEP	2026-10-09T00:05:00.5709845Z   WIZ_SENSOR_TOKEN_SET: true
validate-code / unit-tests (test:unit)	UNKNOWN STEP	2026-10-09T00:05:00.5710931Z   WIZ_RUNNER_OS: Linux
validate-code / unit-tests (test:unit)	UNKNOWN STEP	2026-10-09T00:05:00.5711372Z ##[endgroup]
validate-code / unit-tests (test:unit)	UNKNOWN STEP	2026-10-09T00:05:00.5907724Z ##[notice]Skipped because WIZ_SENSOR_ENABLED is not true.
validate-code / unit-tests (test:unit)	UNKNOWN STEP	2026-10-09T00:05:00.5965448Z ##[end-action id=__self.__run;outcome=success;conclusion=success;duration_ms=55]
validate-code / unit-tests (test:unit)	UNKNOWN STEP	2026-10-09T00:05:00.5969587Z ##[start-action display=Mask Wiz sensor token fields;id=__self.mask-wiz-sensor-token]
validate-code / unit-tests (test:unit)	UNKNOWN STEP	2026-10-09T00:05:00.5979328Z ##[end-action id=__self.mask-wiz-sensor-token;outcome=skipped;conclusion=skipped;duration_ms=0]
validate-code / unit-tests (test:unit)	UNKNOWN STEP	2026-10-09T00:05:00.5982418Z ##[start-action display=Start Wiz sensor;id=__self.__wiz-sec-public_wiz-sensor-github-action]
validate-code / unit-tests (test:unit)	UNKNOWN STEP	2026-10-09T00:05:00.5989098Z ##[end-action id=__self.__wiz-sec-public_wiz-sensor-github-action;outcome=skipped;conclusion=skipped;duration_ms=0]
validate-code / unit-tests (test:unit)	UNKNOWN STEP	2026-10-09T00:05:00.6138671Z ##[group]Run actions/checkout@3d3c42e5aac5ba805825da76410c181273ba90b1
validate-code / unit-tests (test:unit)	UNKNOWN STEP	2026-10-09T00:05:00.6139152Z with:
validate-code / unit-tests (test:unit)	UNKNOWN STEP	2026-10-09T00:05:00.6139486Z   repository: consensys-vertical-apps/va-mmcx-terminal
validate-code / unit-tests (test:unit)	UNKNOWN STEP	2026-10-09T00:05:00.6142212Z   token: ***
validate-code / unit-tests (test:unit)	UNKNOWN STEP	2026-10-09T00:05:00.6142476Z   ssh-strict: true
validate-code / unit-tests (test:unit)	UNKNOWN STEP	2026-10-09T00:05:00.6142738Z   ssh-user: git
validate-code / unit-tests (test:unit)	UNKNOWN STEP	2026-10-09T00:05:00.6143005Z   persist-credentials: true
validate-code / unit-tests (test:unit)	UNKNOWN STEP	2026-10-09T00:05:00.6143292Z   clean: true
validate-code / unit-tests (test:unit)	UNKNOWN STEP	2026-10-09T00:05:00.6143559Z   sparse-checkout-cone-mode: true
validate-code / unit-tests (test:unit)	UNKNOWN STEP	2026-10-09T00:05:00.6143872Z   fetch-depth: 1
validate-code / unit-tests (test:unit)	UNKNOWN STEP	2026-10-09T00:05:00.6144125Z   fetch-tags: false
validate-code / unit-tests (test:unit)	UNKNOWN STEP	2026-10-09T00:05:00.6144384Z   show-progress: true
validate-code / unit-tests (test:unit)	UNKNOWN STEP	2026-10-09T00:05:00.6144649Z   lfs: false
validate-code / unit-tests (test:unit)	UNKNOWN STEP	2026-10-09T00:05:00.6144890Z   submodules: false
validate-code / unit-tests (test:unit)	UNKNOWN STEP	2026-10-09T00:05:00.6145167Z   set-safe-directory: true
validate-code / unit-tests (test:unit)	UNKNOWN STEP	2026-10-09T00:05:00.6145477Z   allow-unsafe-pr-checkout: false
validate-code / unit-tests (test:unit)	UNKNOWN STEP	2026-10-09T00:05:00.6145797Z ##[endgroup]
validate-code / unit-tests (test:unit)	UNKNOWN STEP	2026-10-09T00:05:00.7203518Z Syncing repository: consensys-vertical-apps/va-mmcx-terminal
validate-code / unit-tests (test:unit)	UNKNOWN STEP	2026-10-09T00:05:00.7205940Z ##[group]Getting Git version info
validate-code / unit-tests (test:unit)	UNKNOWN STEP	2026-10-09T00:05:00.7206889Z Working directory is '/home/runner/work/va-mmcx-terminal/va-mmcx-terminal'
validate-code / unit-tests (test:unit)	UNKNOWN STEP	2026-10-09T00:05:00.7215715Z [command]/usr/bin/git version
validate-code / unit-tests (test:unit)	UNKNOWN STEP	2026-10-09T00:05:00.7431129Z git version 2.55.0
validate-code / unit-tests (test:unit)	UNKNOWN STEP	2026-10-09T00:05:00.7463154Z ##[endgroup]
validate-code / unit-tests (test:unit)	UNKNOWN STEP	2026-10-09T00:05:00.7472760Z Temporarily overriding HOME='/home/runner/work/_temp/44ccae3e-e6f3-40ab-abf3-ee3101633e29' before making global git config changes
validate-code / unit-tests (test:unit)	UNKNOWN STEP	2026-10-09T00:05:00.7476754Z Adding repository directory to the temporary git global config as a safe directory
validate-code / unit-tests (test:unit)	UNKNOWN STEP	2026-10-09T00:05:00.7478128Z [command]/usr/bin/git config --global --add safe.directory /home/runner/work/va-mmcx-terminal/va-mmcx-terminal
validate-code / unit-tests (test:unit)	UNKNOWN STEP	2026-10-09T00:05:00.7528363Z Deleting the contents of '/home/runner/work/va-mmcx-terminal/va-mmcx-terminal'
validate-code / unit-tests (test:unit)	UNKNOWN STEP	2026-10-09T00:05:00.7533240Z ##[group]Determining repository object format
validate-code / unit-tests (test:unit)	UNKNOWN STEP	2026-10-09T00:05:00.7534932Z ##[endgroup]
validate-code / unit-tests (test:unit)	UNKNOWN STEP	2026-10-09T00:05:00.7536459Z ##[group]Initializing the repository
validate-code / unit-tests (test:unit)	UNKNOWN STEP	2026-10-09T00:05:00.7541032Z [command]/usr/bin/git init /home/runner/work/va-mmcx-terminal/va-mmcx-terminal
validate-code / unit-tests (test:unit)	UNKNOWN STEP	2026-10-09T00:05:00.7674924Z hint: Using 'master' as the name for the initial branch. This default branch name
validate-code / unit-tests (test:unit)	UNKNOWN STEP	2026-10-09T00:05:00.7676900Z hint: will change to "main" in Git 3.0. To configure the initial branch name
validate-code / unit-tests (test:unit)	UNKNOWN STEP	2026-10-09T00:05:00.7678274Z hint: to use in all of your new repositories, which will suppress this warning,
validate-code / unit-tests (test:unit)	UNKNOWN STEP	2026-10-09T00:05:00.7679310Z hint: call:
validate-code / unit-tests (test:unit)	UNKNOWN STEP	2026-10-09T00:05:00.7679740Z hint:
validate-code / unit-tests (test:unit)	UNKNOWN STEP	2026-10-09T00:05:00.7680568Z hint: 	git config --global init.defaultBranch <name>
validate-code / unit-tests (test:unit)	UNKNOWN STEP	2026-10-09T00:05:00.7681227Z hint:
validate-code / unit-tests (test:unit)	UNKNOWN STEP	2026-10-09T00:05:00.7681861Z hint: Names commonly chosen instead of 'master' are 'main', 'trunk' and
validate-code / unit-tests (test:unit)	UNKNOWN STEP	2026-10-09T00:05:00.7682972Z hint: 'development'. The just-created branch can be renamed via this command:
validate-code / unit-tests (test:unit)	UNKNOWN STEP	2026-10-09T00:05:00.7684025Z hint:
validate-code / unit-tests (test:unit)	UNKNOWN STEP	2026-10-09T00:05:00.7684618Z hint: 	git branch -m <name>
validate-code / unit-tests (test:unit)	UNKNOWN STEP	2026-10-09T00:05:00.7685245Z hint:
validate-code / unit-tests (test:unit)	UNKNOWN STEP	2026-10-09T00:05:00.7686054Z hint: Disable this message with "git config set advice.defaultBranchName false"
validate-code / unit-tests (test:unit)	UNKNOWN STEP	2026-10-09T00:05:00.7687404Z Initialized empty Git repository in /home/runner/work/va-mmcx-terminal/va-mmcx-terminal/.git/
validate-code / unit-tests (test:unit)	UNKNOWN STEP	2026-10-09T00:05:00.7709038Z [command]/usr/bin/git remote add origin https://github.com/consensys-vertical-apps/va-mmcx-terminal
validate-code / unit-tests (test:unit)	UNKNOWN STEP	2026-10-09T00:05:00.7751747Z ##[endgroup]
validate-code / unit-tests (test:unit)	UNKNOWN STEP	2026-10-09T00:05:00.7752834Z ##[group]Disabling automatic garbage collection
validate-code / unit-tests (test:unit)	UNKNOWN STEP	2026-10-09T00:05:00.7756123Z [command]/usr/bin/git config --local gc.auto 0
validate-code / unit-tests (test:unit)	UNKNOWN STEP	2026-10-09T00:05:00.7789798Z ##[endgroup]
validate-code / unit-tests (test:unit)	UNKNOWN STEP	2026-10-09T00:05:00.7791524Z ##[group]Setting up auth
validate-code / unit-tests (test:unit)	UNKNOWN STEP	2026-10-09T00:05:00.7792499Z Removing SSH command configuration
validate-code / unit-tests (test:unit)	UNKNOWN STEP	2026-10-09T00:05:00.7798026Z [command]/usr/bin/git config --local --name-only --get-regexp core\.sshCommand
validate-code / unit-tests (test:unit)	UNKNOWN STEP	2026-10-09T00:05:00.7833008Z [command]/usr/bin/git submodule foreach --recursive sh -c "git config --local --name-only --get-regexp 'core\.sshCommand' && git config --local --unset-all 'core.sshCommand' || :"
validate-code / unit-tests (test:unit)	UNKNOWN STEP	2026-10-09T00:05:00.8227050Z Removing HTTP extra header
validate-code / unit-tests (test:unit)	UNKNOWN STEP	2026-10-09T00:05:00.8234975Z [command]/usr/bin/git config --local --name-only --get-regexp http\.https\:\/\/github\.com\/\.extraheader
validate-code / unit-tests (test:unit)	UNKNOWN STEP	2026-10-09T00:05:00.8269661Z [command]/usr/bin/git submodule foreach --recursive sh -c "git config --local --name-only --get-regexp 'http\.https\:\/\/github\.com\/\.extraheader' && git config --local --unset-all 'http.https://github.com/.extraheader' || :"
validate-code / unit-tests (test:unit)	UNKNOWN STEP	2026-10-09T00:05:00.8521059Z Removing includeIf entries pointing to credentials config files
validate-code / unit-tests (test:unit)	UNKNOWN STEP	2026-10-09T00:05:00.8522493Z [command]/usr/bin/git config --local --name-only --get-regexp ^includeIf\.gitdir:
validate-code / unit-tests (test:unit)	UNKNOWN STEP	2026-10-09T00:05:00.8556514Z [command]/usr/bin/git submodule foreach --recursive git config --local --show-origin --name-only --get-regexp remote.origin.url
validate-code / unit-tests (test:unit)	UNKNOWN STEP	2026-10-09T00:05:00.8809716Z [command]/usr/bin/git config --file /home/runner/work/_temp/git-credentials-190f47b0-1696-4b02-b4ff-af0b221acf52.config http.https://github.com/.extraheader AUTHORIZATION: basic ***
validate-code / unit-tests (test:unit)	UNKNOWN STEP	2026-10-09T00:05:00.8852504Z [command]/usr/bin/git config --local includeIf.gitdir:/home/runner/work/va-mmcx-terminal/va-mmcx-terminal/.git.path /home/runner/work/_temp/git-credentials-190f47b0-1696-4b02-b4ff-af0b221acf52.config
validate-code / unit-tests (test:unit)	UNKNOWN STEP	2026-10-09T00:05:00.8885982Z [command]/usr/bin/git config --local includeIf.gitdir:/home/runner/work/va-mmcx-terminal/va-mmcx-terminal/.git/worktrees/*.path /home/runner/work/_temp/git-credentials-190f47b0-1696-4b02-b4ff-af0b221acf52.config
validate-code / unit-tests (test:unit)	UNKNOWN STEP	2026-10-09T00:05:00.8924433Z [command]/usr/bin/git config --local includeIf.gitdir:/github/workspace/.git.path /github/runner_temp/git-credentials-190f47b0-1696-4b02-b4ff-af0b221acf52.config
validate-code / unit-tests (test:unit)	UNKNOWN STEP	2026-10-09T00:05:00.8959425Z [command]/usr/bin/git config --local includeIf.gitdir:/github/workspace/.git/worktrees/*.path /github/runner_temp/git-credentials-190f47b0-1696-4b02-b4ff-af0b221acf52.config
validate-code / unit-tests (test:unit)	UNKNOWN STEP	2026-10-09T00:05:00.8990345Z ##[endgroup]
validate-code / unit-tests (test:unit)	UNKNOWN STEP	2026-10-09T00:05:00.8991640Z ##[group]Fetching the repository
validate-code / unit-tests (test:unit)	UNKNOWN STEP	2026-10-09T00:05:00.8998734Z [command]/usr/bin/git -c protocol.version=2 fetch --no-tags --prune --no-recurse-submodules --depth=1 origin +63df858e52e0c0394da9bc2f99689a5b9247adba:refs/remotes/pull/176/merge
validate-code / unit-tests (test:unit)	UNKNOWN STEP	2026-10-09T00:05:01.7487126Z From https://github.com/consensys-vertical-apps/va-mmcx-terminal
validate-code / unit-tests (test:unit)	UNKNOWN STEP	2026-10-09T00:05:01.7501279Z  * [new ref]         63df858e52e0c0394da9bc2f99689a5b9247adba -> pull/176/merge
validate-code / unit-tests (test:unit)	UNKNOWN STEP	2026-10-09T00:05:01.7518301Z ##[endgroup]
validate-code / unit-tests (test:unit)	UNKNOWN STEP	2026-10-09T00:05:01.7519242Z ##[group]Determining the checkout info
validate-code / unit-tests (test:unit)	UNKNOWN STEP	2026-10-09T00:05:01.7520602Z ##[endgroup]
validate-code / unit-tests (test:unit)	UNKNOWN STEP	2026-10-09T00:05:01.7521296Z [command]/usr/bin/git sparse-checkout disable
validate-code / unit-tests (test:unit)	UNKNOWN STEP	2026-10-09T00:05:01.7626140Z [command]/usr/bin/git config --local --unset-all extensions.worktreeConfig
validate-code / unit-tests (test:unit)	UNKNOWN STEP	2026-10-09T00:05:01.7678923Z ##[group]Checking out the ref
validate-code / unit-tests (test:unit)	UNKNOWN STEP	2026-10-09T00:05:01.7680673Z [command]/usr/bin/git checkout --progress --force refs/remotes/pull/176/merge
validate-code / unit-tests (test:unit)	UNKNOWN STEP	2026-10-09T00:05:01.9281778Z Note: switching to 'refs/remotes/pull/176/merge'.
validate-code / unit-tests (test:unit)	UNKNOWN STEP	2026-10-09T00:05:01.9282587Z 
validate-code / unit-tests (test:unit)	UNKNOWN STEP	2026-10-09T00:05:01.9283213Z You are in 'detached HEAD' state. You can look around, make experimental
validate-code / unit-tests (test:unit)	UNKNOWN STEP	2026-10-09T00:05:01.9284584Z changes and commit them, and you can discard any commits you make in this
validate-code / unit-tests (test:unit)	UNKNOWN STEP	2026-10-09T00:05:01.9285657Z state without impacting any branches by switching back to a branch.
validate-code / unit-tests (test:unit)	UNKNOWN STEP	2026-10-09T00:05:01.9286282Z 
validate-code / unit-tests (test:unit)	UNKNOWN STEP	2026-10-09T00:05:01.9287062Z If you want to create a new branch to retain commits you create, you may
validate-code / unit-tests (test:unit)	UNKNOWN STEP	2026-10-09T00:05:01.9288089Z do so (now or later) by using -c with the switch command. Example:
validate-code / unit-tests (test:unit)	UNKNOWN STEP	2026-10-09T00:05:01.9288753Z 
validate-code / unit-tests (test:unit)	UNKNOWN STEP	2026-10-09T00:05:01.9289114Z   git switch -c <new-branch-name>
validate-code / unit-tests (test:unit)	UNKNOWN STEP	2026-10-09T00:05:01.9289606Z 
validate-code / unit-tests (test:unit)	UNKNOWN STEP	2026-10-09T00:05:01.9290175Z Or undo this operation with:
validate-code / unit-tests (test:unit)	UNKNOWN STEP	2026-10-09T00:05:01.9290690Z 
validate-code / unit-tests (test:unit)	UNKNOWN STEP	2026-10-09T00:05:01.9291022Z   git switch -
validate-code / unit-tests (test:unit)	UNKNOWN STEP	2026-10-09T00:05:01.9291522Z 
validate-code / unit-tests (test:unit)	UNKNOWN STEP	2026-10-09T00:05:01.9292077Z Turn off this advice by setting config variable advice.detachedHead to false
validate-code / unit-tests (test:unit)	UNKNOWN STEP	2026-10-09T00:05:01.9293126Z 
validate-code / unit-tests (test:unit)	UNKNOWN STEP	2026-10-09T00:05:01.9298242Z HEAD is now at 63df858 Merge 6039010e4e060650bc52be16d5de3a93605e23d5 into 79374ac1def015cd22660379c27aec1084db7322
validate-code / unit-tests (test:unit)	UNKNOWN STEP	2026-10-09T00:05:01.9301542Z ##[endgroup]
validate-code / unit-tests (test:unit)	UNKNOWN STEP	2026-10-09T00:05:01.9348432Z [command]/usr/bin/git log -1 --format=%H
validate-code / unit-tests (test:unit)	UNKNOWN STEP	2026-10-09T00:05:01.9373896Z 63df858e52e0c0394da9bc2f99689a5b9247adba
validate-code / unit-tests (test:unit)	UNKNOWN STEP	2026-10-09T00:05:01.9634970Z ##[group]Run consensys-vertical-apps/shared-services-workflows/.github/actions/node-base-actions@0ad0566241bddeb4f6b3b5f310b368a89283e7df
validate-code / unit-tests (test:unit)	UNKNOWN STEP	2026-10-09T00:05:01.9635711Z with:
validate-code / unit-tests (test:unit)	UNKNOWN STEP	2026-10-09T00:05:01.9635978Z   node_version: 22
validate-code / unit-tests (test:unit)	UNKNOWN STEP	2026-10-09T00:05:01.9636240Z   npm_client: npm
validate-code / unit-tests (test:unit)	UNKNOWN STEP	2026-10-09T00:05:01.9636565Z   npm_client_production_flag: --frozen-lockfile
validate-code / unit-tests (test:unit)	UNKNOWN STEP	2026-10-09T00:05:01.9636939Z   npm_registry_name: npm
validate-code / unit-tests (test:unit)	UNKNOWN STEP	2026-10-09T00:05:01.9637340Z   npm_registry_url: https://consensys.jfrog.io/artifactory/api/npm/npm/
validate-code / unit-tests (test:unit)	UNKNOWN STEP	2026-10-09T00:05:01.9637824Z   node_modules_cache_key_prefix: node-modules-tests
validate-code / unit-tests (test:unit)	UNKNOWN STEP	2026-10-09T00:05:01.9638191Z   jfrog_oidc_provider_name: github
validate-code / unit-tests (test:unit)	UNKNOWN STEP	2026-10-09T00:05:01.9638505Z   yarn_version: 1
validate-code / unit-tests (test:unit)	UNKNOWN STEP	2026-10-09T00:05:01.9638773Z   npm_deploy_registry_name: npm-local
validate-code / unit-tests (test:unit)	UNKNOWN STEP	2026-10-09T00:05:01.9639111Z   jfrog_url: https://consensys.jfrog.io
validate-code / unit-tests (test:unit)	UNKNOWN STEP	2026-10-09T00:05:01.9639469Z   yarn_client_production_flag: --immutable
validate-code / unit-tests (test:unit)	UNKNOWN STEP	2026-10-09T00:05:01.9639813Z ##[endgroup]
validate-code / unit-tests (test:unit)	UNKNOWN STEP	2026-10-09T00:05:01.9649327Z ##[start-action display=Checkout;id=__consensys-vertical-apps_shared-services-workflows.__actions_checkout]
validate-code / unit-tests (test:unit)	UNKNOWN STEP	2026-10-09T00:05:01.9711360Z ##[group]Run actions/checkout@df4cb1c069e1874edd31b4311f1884172cec0e10
validate-code / unit-tests (test:unit)	UNKNOWN STEP	2026-10-09T00:05:01.9711783Z with:
validate-code / unit-tests (test:unit)	UNKNOWN STEP	2026-10-09T00:05:01.9712093Z   repository: consensys-vertical-apps/va-mmcx-terminal
validate-code / unit-tests (test:unit)	UNKNOWN STEP	2026-10-09T00:05:01.9714559Z   token: ***
validate-code / unit-tests (test:unit)	UNKNOWN STEP	2026-10-09T00:05:01.9714812Z   ssh-strict: true
validate-code / unit-tests (test:unit)	UNKNOWN STEP	2026-10-09T00:05:01.9715068Z   ssh-user: git
validate-code / unit-tests (test:unit)	UNKNOWN STEP	2026-10-09T00:05:01.9715328Z   persist-credentials: true
validate-code / unit-tests (test:unit)	UNKNOWN STEP	2026-10-09T00:05:01.9715615Z   clean: true
validate-code / unit-tests (test:unit)	UNKNOWN STEP	2026-10-09T00:05:01.9715876Z   sparse-checkout-cone-mode: true
validate-code / unit-tests (test:unit)	UNKNOWN STEP	2026-10-09T00:05:01.9716176Z   fetch-depth: 1
validate-code / unit-tests (test:unit)	UNKNOWN STEP	2026-10-09T00:05:01.9716436Z   fetch-tags: false
validate-code / unit-tests (test:unit)	UNKNOWN STEP	2026-10-09T00:05:01.9716692Z   show-progress: true
validate-code / unit-tests (test:unit)	UNKNOWN STEP	2026-10-09T00:05:01.9716946Z   lfs: false
validate-code / unit-tests (test:unit)	UNKNOWN STEP	2026-10-09T00:05:01.9717175Z   submodules: false
validate-code / unit-tests (test:unit)	UNKNOWN STEP	2026-10-09T00:05:01.9717437Z   set-safe-directory: true
validate-code / unit-tests (test:unit)	UNKNOWN STEP	2026-10-09T00:05:01.9717716Z ##[endgroup]
validate-code / unit-tests (test:unit)	UNKNOWN STEP	2026-10-09T00:05:02.0615623Z Syncing repository: consensys-vertical-apps/va-mmcx-terminal
validate-code / unit-tests (test:unit)	UNKNOWN STEP	2026-10-09T00:05:02.0618936Z ##[group]Getting Git version info
validate-code / unit-tests (test:unit)	UNKNOWN STEP	2026-10-09T00:05:02.0620347Z Working directory is '/home/runner/work/va-mmcx-terminal/va-mmcx-terminal'
validate-code / unit-tests (test:unit)	UNKNOWN STEP	2026-10-09T00:05:02.0664598Z [command]/usr/bin/git version
validate-code / unit-tests (test:unit)	UNKNOWN STEP	2026-10-09T00:05:02.0707033Z git version 2.55.0
validate-code / unit-tests (test:unit)	UNKNOWN STEP	2026-10-09T00:05:02.0732648Z ##[endgroup]
validate-code / unit-tests (test:unit)	UNKNOWN STEP	2026-10-09T00:05:02.0749200Z Temporarily overriding HOME='/home/runner/work/_temp/cab9767b-56bc-460e-a42c-3aeb89a08bba' before making global git config changes
validate-code / unit-tests (test:unit)	UNKNOWN STEP	2026-10-09T00:05:02.0752569Z Adding repository directory to the temporary git global config as a safe directory
validate-code / unit-tests (test:unit)	UNKNOWN STEP	2026-10-09T00:05:02.0754965Z [command]/usr/bin/git config --global --add safe.directory /home/runner/work/va-mmcx-terminal/va-mmcx-terminal
validate-code / unit-tests (test:unit)	UNKNOWN STEP	2026-10-09T00:05:02.0802392Z [command]/usr/bin/git config --local --get remote.origin.url
validate-code / unit-tests (test:unit)	UNKNOWN STEP	2026-10-09T00:05:02.0831496Z https://github.com/consensys-vertical-apps/va-mmcx-terminal
validate-code / unit-tests (test:unit)	UNKNOWN STEP	2026-10-09T00:05:02.0848366Z ##[group]Removing previously created refs, to avoid conflicts
validate-code / unit-tests (test:unit)	UNKNOWN STEP	2026-10-09T00:05:02.0854306Z [command]/usr/bin/git rev-parse --symbolic-full-name --verify --quiet HEAD
validate-code / unit-tests (test:unit)	UNKNOWN STEP	2026-10-09T00:05:02.0879890Z HEAD
validate-code / unit-tests (test:unit)	UNKNOWN STEP	2026-10-09T00:05:02.0927475Z ##[endgroup]
validate-code / unit-tests (test:unit)	UNKNOWN STEP	2026-10-09T00:05:02.0930494Z [command]/usr/bin/git submodule status
validate-code / unit-tests (test:unit)	UNKNOWN STEP	2026-10-09T00:05:02.1183025Z ##[group]Cleaning the repository
validate-code / unit-tests (test:unit)	UNKNOWN STEP	2026-10-09T00:05:02.1186208Z [command]/usr/bin/git clean -ffdx
validate-code / unit-tests (test:unit)	UNKNOWN STEP	2026-10-09T00:05:02.1272385Z [command]/usr/bin/git reset --hard HEAD
validate-code / unit-tests (test:unit)	UNKNOWN STEP	2026-10-09T00:05:02.4147831Z HEAD is now at 63df858 Merge 6039010e4e060650bc52be16d5de3a93605e23d5 into 79374ac1def015cd22660379c27aec1084db7322
validate-code / unit-tests (test:unit)	UNKNOWN STEP	2026-10-09T00:05:02.4190921Z ##[endgroup]
validate-code / unit-tests (test:unit)	UNKNOWN STEP	2026-10-09T00:05:02.4247470Z ##[group]Disabling automatic garbage collection
validate-code / unit-tests (test:unit)	UNKNOWN STEP	2026-10-09T00:05:02.4251192Z [command]/usr/bin/git config --local gc.auto 0
validate-code / unit-tests (test:unit)	UNKNOWN STEP	2026-10-09T00:05:02.4253470Z ##[endgroup]
validate-code / unit-tests (test:unit)	UNKNOWN STEP	2026-10-09T00:05:02.4254513Z ##[group]Setting up auth
validate-code / unit-tests (test:unit)	UNKNOWN STEP	2026-10-09T00:05:02.4255332Z Removing SSH command configuration
validate-code / unit-tests (test:unit)	UNKNOWN STEP	2026-10-09T00:05:02.4256639Z [command]/usr/bin/git config --local --name-only --get-regexp core\.sshCommand
validate-code / unit-tests (test:unit)	UNKNOWN STEP	2026-10-09T00:05:02.4259476Z [command]/usr/bin/git submodule foreach --recursive sh -c "git config --local --name-only --get-regexp 'core\.sshCommand' && git config --local --unset-all 'core.sshCommand' || :"
validate-code / unit-tests (test:unit)	UNKNOWN STEP	2026-10-09T00:05:02.4563753Z Removing HTTP extra header
validate-code / unit-tests (test:unit)	UNKNOWN STEP	2026-10-09T00:05:02.4564725Z [command]/usr/bin/git config --local --name-only --get-regexp http\.https\:\/\/github\.com\/\.extraheader
validate-code / unit-tests (test:unit)	UNKNOWN STEP	2026-10-09T00:05:02.4599472Z [command]/usr/bin/git submodule foreach --recursive sh -c "git config --local --name-only --get-regexp 'http\.https\:\/\/github\.com\/\.extraheader' && git config --local --unset-all 'http.https://github.com/.extraheader' || :"
validate-code / unit-tests (test:unit)	UNKNOWN STEP	2026-10-09T00:05:02.4842574Z Removing includeIf entries pointing to credentials config files
validate-code / unit-tests (test:unit)	UNKNOWN STEP	2026-10-09T00:05:02.4844249Z [command]/usr/bin/git config --local --name-only --get-regexp ^includeIf\.gitdir:
validate-code / unit-tests (test:unit)	UNKNOWN STEP	2026-10-09T00:05:02.4867680Z includeif.gitdir:/home/runner/work/va-mmcx-terminal/va-mmcx-terminal/.git.path
validate-code / unit-tests (test:unit)	UNKNOWN STEP	2026-10-09T00:05:02.4871638Z includeif.gitdir:/home/runner/work/va-mmcx-terminal/va-mmcx-terminal/.git/worktrees/*.path
validate-code / unit-tests (test:unit)	UNKNOWN STEP	2026-10-09T00:05:02.4873522Z includeif.gitdir:/github/workspace/.git.path
validate-code / unit-tests (test:unit)	UNKNOWN STEP	2026-10-09T00:05:02.4874704Z includeif.gitdir:/github/workspace/.git/worktrees/*.path
validate-code / unit-tests (test:unit)	UNKNOWN STEP	2026-10-09T00:05:02.4920777Z [command]/usr/bin/git config --local --get-all includeif.gitdir:/home/runner/work/va-mmcx-terminal/va-mmcx-terminal/.git.path
validate-code / unit-tests (test:unit)	UNKNOWN STEP	2026-10-09T00:05:02.4928947Z /home/runner/work/_temp/git-credentials-190f47b0-1696-4b02-b4ff-af0b221acf52.config
validate-code / unit-tests (test:unit)	UNKNOWN STEP	2026-10-09T00:05:02.4933440Z [command]/usr/bin/git config --local --unset includeif.gitdir:/home/runner/work/va-mmcx-terminal/va-mmcx-terminal/.git.path /home/runner/work/_temp/git-credentials-190f47b0-1696-4b02-b4ff-af0b221acf52.config
validate-code / unit-tests (test:unit)	UNKNOWN STEP	2026-10-09T00:05:02.4960442Z [command]/usr/bin/git config --local --get-all includeif.gitdir:/home/runner/work/va-mmcx-terminal/va-mmcx-terminal/.git/worktrees/*.path
validate-code / unit-tests (test:unit)	UNKNOWN STEP	2026-10-09T00:05:02.4985692Z /home/runner/work/_temp/git-credentials-190f47b0-1696-4b02-b4ff-af0b221acf52.config
validate-code / unit-tests (test:unit)	UNKNOWN STEP	2026-10-09T00:05:02.5028156Z [command]/usr/bin/git config --local --unset includeif.gitdir:/home/runner/work/va-mmcx-terminal/va-mmcx-terminal/.git/worktrees/*.path /home/runner/work/_temp/git-credentials-190f47b0-1696-4b02-b4ff-af0b221acf52.config
validate-code / unit-tests (test:unit)	UNKNOWN STEP	2026-10-09T00:05:02.5050741Z [command]/usr/bin/git config --local --get-all includeif.gitdir:/github/workspace/.git.path
validate-code / unit-tests (test:unit)	UNKNOWN STEP	2026-10-09T00:05:02.5067759Z /github/runner_temp/git-credentials-190f47b0-1696-4b02-b4ff-af0b221acf52.config
validate-code / unit-tests (test:unit)	UNKNOWN STEP	2026-10-09T00:05:02.5076168Z [command]/usr/bin/git config --local --unset includeif.gitdir:/github/workspace/.git.path /github/runner_temp/git-credentials-190f47b0-1696-4b02-b4ff-af0b221acf52.config
validate-code / unit-tests (test:unit)	UNKNOWN STEP	2026-10-09T00:05:02.5158687Z [command]/usr/bin/git config --local --get-all includeif.gitdir:/github/workspace/.git/worktrees/*.path
validate-code / unit-tests (test:unit)	UNKNOWN STEP	2026-10-09T00:05:02.5160418Z /github/runner_temp/git-credentials-190f47b0-1696-4b02-b4ff-af0b221acf52.config
validate-code / unit-tests (test:unit)	UNKNOWN STEP	2026-10-09T00:05:02.5164611Z [command]/usr/bin/git config --local --unset includeif.gitdir:/github/workspace/.git/worktrees/*.path /github/runner_temp/git-credentials-190f47b0-1696-4b02-b4ff-af0b221acf52.config
validate-code / unit-tests (test:unit)	UNKNOWN STEP	2026-10-09T00:05:02.5212127Z [command]/usr/bin/git submodule foreach --recursive git config --local --show-origin --name-only --get-regexp remote.origin.url
validate-code / unit-tests (test:unit)	UNKNOWN STEP	2026-10-09T00:05:02.5453535Z Removing credentials config '/home/runner/work/_temp/git-credentials-190f47b0-1696-4b02-b4ff-af0b221acf52.config'
validate-code / unit-tests (test:unit)	UNKNOWN STEP	2026-10-09T00:05:02.5463711Z [command]/usr/bin/git config --file /home/runner/work/_temp/git-credentials-0bfa4c26-ebf8-4437-9291-51338a6748fc.config http.https://github.com/.extraheader AUTHORIZATION: basic ***
validate-code / unit-tests (test:unit)	UNKNOWN STEP	2026-10-09T00:05:02.5505443Z [command]/usr/bin/git config --local includeIf.gitdir:/home/runner/work/va-mmcx-terminal/va-mmcx-terminal/.git.path /home/runner/work/_temp/git-credentials-0bfa4c26-ebf8-4437-9291-51338a6748fc.config
validate-code / unit-tests (test:unit)	UNKNOWN STEP	2026-10-09T00:05:02.5551541Z [command]/usr/bin/git config --local includeIf.gitdir:/home/runner/work/va-mmcx-terminal/va-mmcx-terminal/.git/worktrees/*.path /home/runner/work/_temp/git-credentials-0bfa4c26-ebf8-4437-9291-51338a6748fc.config
validate-code / unit-tests (test:unit)	UNKNOWN STEP	2026-10-09T00:05:02.5592020Z [command]/usr/bin/git config --local includeIf.gitdir:/github/workspace/.git.path /github/runner_temp/git-credentials-0bfa4c26-ebf8-4437-9291-51338a6748fc.config
validate-code / unit-tests (test:unit)	UNKNOWN STEP	2026-10-09T00:05:02.5625594Z [command]/usr/bin/git config --local includeIf.gitdir:/github/workspace/.git/worktrees/*.path /github/runner_temp/git-credentials-0bfa4c26-ebf8-4437-9291-51338a6748fc.config
validate-code / unit-tests (test:unit)	UNKNOWN STEP	2026-10-09T00:05:02.5656819Z ##[endgroup]
validate-code / unit-tests (test:unit)	UNKNOWN STEP	2026-10-09T00:05:02.5657968Z ##[group]Fetching the repository
validate-code / unit-tests (test:unit)	UNKNOWN STEP	2026-10-09T00:05:02.5667951Z [command]/usr/bin/git -c protocol.version=2 fetch --no-tags --prune --no-recurse-submodules --depth=1 origin +63df858e52e0c0394da9bc2f99689a5b9247adba:refs/remotes/pull/176/merge
validate-code / unit-tests (test:unit)	UNKNOWN STEP	2026-10-09T00:05:02.7823172Z ##[endgroup]
validate-code / unit-tests (test:unit)	UNKNOWN STEP	2026-10-09T00:05:02.7824503Z ##[group]Determining the checkout info
validate-code / unit-tests (test:unit)	UNKNOWN STEP	2026-10-09T00:05:02.7825802Z ##[endgroup]
validate-code / unit-tests (test:unit)	UNKNOWN STEP	2026-10-09T00:05:02.7832357Z [command]/usr/bin/git sparse-checkout disable
validate-code / unit-tests (test:unit)	UNKNOWN STEP	2026-10-09T00:05:02.7909875Z [command]/usr/bin/git config --local --unset-all extensions.worktreeConfig
validate-code / unit-tests (test:unit)	UNKNOWN STEP	2026-10-09T00:05:02.7940293Z ##[group]Checking out the ref
validate-code / unit-tests (test:unit)	UNKNOWN STEP	2026-10-09T00:05:02.7944726Z [command]/usr/bin/git checkout --progress --force refs/remotes/pull/176/merge
validate-code / unit-tests (test:unit)	UNKNOWN STEP	2026-10-09T00:05:02.8047649Z HEAD is now at 63df858 Merge 6039010e4e060650bc52be16d5de3a93605e23d5 into 79374ac1def015cd22660379c27aec1084db7322
validate-code / unit-tests (test:unit)	UNKNOWN STEP	2026-10-09T00:05:02.8062612Z ##[endgroup]
validate-code / unit-tests (test:unit)	UNKNOWN STEP	2026-10-09T00:05:02.8095209Z [command]/usr/bin/git log -1 --format=%H
validate-code / unit-tests (test:unit)	UNKNOWN STEP	2026-10-09T00:05:02.8121495Z 63df858e52e0c0394da9bc2f99689a5b9247adba
validate-code / unit-tests (test:unit)	UNKNOWN STEP	2026-10-09T00:05:02.8249867Z ##[end-action id=__consensys-vertical-apps_shared-services-workflows.__actions_checkout;outcome=success;conclusion=success;duration_ms=859]
validate-code / unit-tests (test:unit)	UNKNOWN STEP	2026-10-09T00:05:02.8254666Z ##[start-action display=NPM client check;id=__consensys-vertical-apps_shared-services-workflows.__run]
validate-code / unit-tests (test:unit)	UNKNOWN STEP	2026-10-09T00:05:02.8275683Z ##[group]Run if [[ ! "$NPM_CLIENT" =~ ^(yarn|npm|pnpm)$ ]]; then
validate-code / unit-tests (test:unit)	UNKNOWN STEP	2026-10-09T00:05:02.8276192Z ^[[36;1mif [[ ! "$NPM_CLIENT" =~ ^(yarn|npm|pnpm)$ ]]; then^[[0m
validate-code / unit-tests (test:unit)	UNKNOWN STEP	2026-10-09T00:05:02.8276655Z ^[[36;1m  echo "Please use a supported NPM client \'npm\' or \'yarn\'"^[[0m
validate-code / unit-tests (test:unit)	UNKNOWN STEP	2026-10-09T00:05:02.8277074Z ^[[36;1m  exit 1^[[0m
validate-code / unit-tests (test:unit)	UNKNOWN STEP	2026-10-09T00:05:02.8277332Z ^[[36;1mfi^[[0m
validate-code / unit-tests (test:unit)	UNKNOWN STEP	2026-10-09T00:05:02.8341404Z shell: /usr/bin/bash --noprofile --norc -e -o pipefail ***0***
validate-code / unit-tests (test:unit)	UNKNOWN STEP	2026-10-09T00:05:02.8341824Z env:
validate-code / unit-tests (test:unit)	UNKNOWN STEP	2026-10-09T00:05:02.8342062Z   NPM_CLIENT: npm
validate-code / unit-tests (test:unit)	UNKNOWN STEP	2026-10-09T00:05:02.8342319Z ##[endgroup]
validate-code / unit-tests (test:unit)	UNKNOWN STEP	2026-10-09T00:05:02.8426508Z ##[end-action id=__consensys-vertical-apps_shared-services-workflows.__run;outcome=success;conclusion=success;duration_ms=17]
validate-code / unit-tests (test:unit)	UNKNOWN STEP	2026-10-09T00:05:02.8429533Z ##[start-action display=JFrog Auth;id=__consensys-vertical-apps_shared-services-workflows.jfrog_token]
validate-code / unit-tests (test:unit)	UNKNOWN STEP	2026-10-09T00:05:02.8474002Z ##[group]Run jfrog/setup-jfrog-cli@deda456d982fc5e9a7a020b63eb0d2968aedd33e
validate-code / unit-tests (test:unit)	UNKNOWN STEP	2026-10-09T00:05:02.8474447Z with:
validate-code / unit-tests (test:unit)	UNKNOWN STEP	2026-10-09T00:05:02.8474709Z   oidc-provider-name: github
validate-code / unit-tests (test:unit)	UNKNOWN STEP	2026-10-09T00:05:02.8475005Z   version: 2.91.0
validate-code / unit-tests (test:unit)	UNKNOWN STEP	2026-10-09T00:05:02.8475283Z   disable-job-summary: false
validate-code / unit-tests (test:unit)	UNKNOWN STEP	2026-10-09T00:05:02.8475601Z   disable-auto-build-publish: false
validate-code / unit-tests (test:unit)	UNKNOWN STEP	2026-10-09T00:05:02.8475946Z   disable-auto-evidence-collection: false
validate-code / unit-tests (test:unit)	UNKNOWN STEP	2026-10-09T00:05:02.8476293Z   enable-package-alias: false
validate-code / unit-tests (test:unit)	UNKNOWN STEP	2026-10-09T00:05:02.8476576Z env:
validate-code / unit-tests (test:unit)	UNKNOWN STEP	2026-10-09T00:05:02.8476830Z   JF_URL: https://consensys.jfrog.io
validate-code / unit-tests (test:unit)	UNKNOWN STEP	2026-10-09T00:05:02.8477150Z ##[endgroup]
validate-code / unit-tests (test:unit)	UNKNOWN STEP	2026-10-09T00:05:02.9952907Z ##[group]Setup JFrog CLI
validate-code / unit-tests (test:unit)	UNKNOWN STEP	2026-10-09T00:05:02.9986292Z Downloading JFrog CLI from https://releases.jfrog.io/artifactory/jfrog-cli/v2/2.91.0/jfrog-cli-linux-amd64/jfrog
validate-code / unit-tests (test:unit)	UNKNOWN STEP	2026-10-09T00:05:03.8397142Z [command]/opt/hostedtoolcache/jf/2.91.0/x64/jf config add setup-jfrog-cli-server --url https://consensys.jfrog.io --interactive=false --overwrite=true --access-token ***
validate-code / unit-tests (test:unit)	UNKNOWN STEP	2026-10-09T00:05:03.8581633Z ##[endgroup]
validate-code / unit-tests (test:unit)	UNKNOWN STEP	2026-10-09T00:05:03.8712331Z ##[end-action id=__consensys-vertical-apps_shared-services-workflows.jfrog_token;outcome=success;conclusion=success;duration_ms=1028]
validate-code / unit-tests (test:unit)	UNKNOWN STEP	2026-10-09T00:05:03.8717296Z ##[start-action display=Corepack enable;id=__consensys-vertical-apps_shared-services-workflows.__run_2]
validate-code / unit-tests (test:unit)	UNKNOWN STEP	2026-10-09T00:05:03.8737050Z ##[group]Run if [ "$NPM_CLIENT" = "yarn" ] && [ "$YARN_VERSION" = "4" ]; then
validate-code / unit-tests (test:unit)	UNKNOWN STEP	2026-10-09T00:05:03.8737640Z ^[[36;1mif [ "$NPM_CLIENT" = "yarn" ] && [ "$YARN_VERSION" = "4" ]; then^[[0m
validate-code / unit-tests (test:unit)	UNKNOWN STEP	2026-10-09T00:05:03.8738065Z ^[[36;1m  corepack enable^[[0m
validate-code / unit-tests (test:unit)	UNKNOWN STEP	2026-10-09T00:05:03.8738357Z ^[[36;1mfi^[[0m
validate-code / unit-tests (test:unit)	UNKNOWN STEP	2026-10-09T00:05:03.8738633Z ^[[36;1mif [ "$NPM_CLIENT" = "pnpm" ]; then^[[0m
validate-code / unit-tests (test:unit)	UNKNOWN STEP	2026-10-09T00:05:03.8738977Z ^[[36;1m  corepack enable^[[0m
validate-code / unit-tests (test:unit)	UNKNOWN STEP	2026-10-09T00:05:03.8739265Z ^[[36;1mfi^[[0m
validate-code / unit-tests (test:unit)	UNKNOWN STEP	2026-10-09T00:05:03.8801914Z shell: /usr/bin/bash --noprofile --norc -e -o pipefail ***0***
validate-code / unit-tests (test:unit)	UNKNOWN STEP	2026-10-09T00:05:03.8802372Z env:
validate-code / unit-tests (test:unit)	UNKNOWN STEP	2026-10-09T00:05:03.8802966Z   JFROG_CLI_ENV_EXCLUDE: *password*;*secret*;*key*;*token*;*auth*;JF_ARTIFACTORY_*;JF_ENV_*;JF_URL;JF_USER;JF_PASSWORD;JF_ACCESS_TOKEN
validate-code / unit-tests (test:unit)	UNKNOWN STEP	2026-10-09T00:05:03.8803618Z   JFROG_CLI_OFFER_CONFIG: false
validate-code / unit-tests (test:unit)	UNKNOWN STEP	2026-10-09T00:05:03.8803955Z   JFROG_CLI_AVOID_NEW_VERSION_WARNING: true
validate-code / unit-tests (test:unit)	UNKNOWN STEP	2026-10-09T00:05:03.8804441Z   JFROG_CLI_SOURCECODE_REPOSITORY: consensys-vertical-apps/va-mmcx-terminal
validate-code / unit-tests (test:unit)	UNKNOWN STEP	2026-10-09T00:05:03.8804921Z   JFROG_CLI_CI_JOB_ID: Validate PR
validate-code / unit-tests (test:unit)	UNKNOWN STEP	2026-10-09T00:05:03.8805242Z   JFROG_CLI_CI_RUN_ID: 37862886654
validate-code / unit-tests (test:unit)	UNKNOWN STEP	2026-10-09T00:05:03.8805548Z   JFROG_CLI_GITHUB_TOKEN: 
validate-code / unit-tests (test:unit)	UNKNOWN STEP	2026-10-09T00:05:03.8805928Z   JFROG_CLI_CI_VCS_REVISION: 63df858e52e0c0394da9bc2f99689a5b9247adba
validate-code / unit-tests (test:unit)	UNKNOWN STEP	2026-10-09T00:05:03.8806353Z   JFROG_CLI_CI_BRANCH: 176/merge
validate-code / unit-tests (test:unit)	UNKNOWN STEP	2026-10-09T00:05:03.8806816Z   JFROG_CLI_CI_VCS_URL: https://github.com/consensys-vertical-apps/va-mmcx-terminal
validate-code / unit-tests (test:unit)	UNKNOWN STEP	2026-10-09T00:05:03.8807334Z   JFROG_CLI_BUILD_NAME: Validate PR
validate-code / unit-tests (test:unit)	UNKNOWN STEP	2026-10-09T00:05:03.8807657Z   JFROG_CLI_BUILD_NUMBER: 806
validate-code / unit-tests (test:unit)	UNKNOWN STEP	2026-10-09T00:05:03.8808223Z   JFROG_CLI_BUILD_URL: https://github.com/consensys-vertical-apps/va-mmcx-terminal/actions/runs/37862886654
validate-code / unit-tests (test:unit)	UNKNOWN STEP	2026-10-09T00:05:03.8808883Z   JFROG_CLI_USER_AGENT: setup-jfrog-cli-github-action/5.1.0
validate-code / unit-tests (test:unit)	UNKNOWN STEP	2026-10-09T00:05:03.8809361Z   JFROG_CLI_COMMAND_SUMMARY_OUTPUT_DIR: /home/runner/work/_temp
validate-code / unit-tests (test:unit)	UNKNOWN STEP	2026-10-09T00:05:03.8809844Z   JFROG_CLI_USAGE_GH_TOKEN_FOR_CODE_SCANNING_ALERTS_PROVIDED: 
validate-code / unit-tests (test:unit)	UNKNOWN STEP	2026-10-09T00:05:03.8810428Z   SETUP_JFROG_CLI_SERVER_IDS: setup-jfrog-cli-server
validate-code / unit-tests (test:unit)	UNKNOWN STEP	2026-10-09T00:05:03.8810802Z   NPM_CLIENT: npm
validate-code / unit-tests (test:unit)	UNKNOWN STEP	2026-10-09T00:05:03.8811063Z   YARN_VERSION: 1
validate-code / unit-tests (test:unit)	UNKNOWN STEP	2026-10-09T00:05:03.8811314Z ##[endgroup]
validate-code / unit-tests (test:unit)	UNKNOWN STEP	2026-10-09T00:05:03.8896369Z ##[end-action id=__consensys-vertical-apps_shared-services-workflows.__run_2;outcome=success;conclusion=success;duration_ms=17]
validate-code / unit-tests (test:unit)	UNKNOWN STEP	2026-10-09T00:05:03.8899253Z ##[start-action display=Run pnpm/action-setup@fc06bc1257f339d1d5d8b3a19a8cae5388b55320;id=__consensys-vertical-apps_shared-services-workflows.__pnpm_action-setup]
validate-code / unit-tests (test:unit)	UNKNOWN STEP	2026-10-09T00:05:03.8904808Z ##[end-action id=__consensys-vertical-apps_shared-services-workflows.__pnpm_action-setup;outcome=skipped;conclusion=skipped;duration_ms=0]
validate-code / unit-tests (test:unit)	UNKNOWN STEP	2026-10-09T00:05:03.8907838Z ##[start-action display=Setup Node.js;id=__consensys-vertical-apps_shared-services-workflows.__actions_setup-node]
validate-code / unit-tests (test:unit)	UNKNOWN STEP	2026-10-09T00:05:03.9911109Z ##[group]Run actions/setup-node@48b55a011bda9f5d6aeb4c2d9c7362e8dae4041e
validate-code / unit-tests (test:unit)	UNKNOWN STEP	2026-10-09T00:05:03.9911564Z with:
validate-code / unit-tests (test:unit)	UNKNOWN STEP	2026-10-09T00:05:03.9911842Z   node-version: 22
validate-code / unit-tests (test:unit)	UNKNOWN STEP	2026-10-09T00:05:03.9912109Z   cache: npm
validate-code / unit-tests (test:unit)	UNKNOWN STEP	2026-10-09T00:05:03.9912366Z   check-latest: false
validate-code / unit-tests (test:unit)	UNKNOWN STEP	2026-10-09T00:05:03.9914708Z   token: ***
validate-code / unit-tests (test:unit)	UNKNOWN STEP	2026-10-09T00:05:03.9914982Z   package-manager-cache: true
validate-code / unit-tests (test:unit)	UNKNOWN STEP	2026-10-09T00:05:03.9915289Z env:
validate-code / unit-tests (test:unit)	UNKNOWN STEP	2026-10-09T00:05:03.9915998Z   JFROG_CLI_ENV_EXCLUDE: *password*;*secret*;*key*;*token*;*auth*;JF_ARTIFACTORY_*;JF_ENV_*;JF_URL;JF_USER;JF_PASSWORD;JF_ACCESS_TOKEN
validate-code / unit-tests (test:unit)	UNKNOWN STEP	2026-10-09T00:05:03.9916945Z   JFROG_CLI_OFFER_CONFIG: false
validate-code / unit-tests (test:unit)	UNKNOWN STEP	2026-10-09T00:05:03.9917403Z   JFROG_CLI_AVOID_NEW_VERSION_WARNING: true
validate-code / unit-tests (test:unit)	UNKNOWN STEP	2026-10-09T00:05:03.9918079Z   JFROG_CLI_SOURCECODE_REPOSITORY: consensys-vertical-apps/va-mmcx-terminal
validate-code / unit-tests (test:unit)	UNKNOWN STEP	2026-10-09T00:05:03.9918871Z   JFROG_CLI_CI_JOB_ID: Validate PR
validate-code / unit-tests (test:unit)	UNKNOWN STEP	2026-10-09T00:05:03.9919366Z   JFROG_CLI_CI_RUN_ID: 37862886654
validate-code / unit-tests (test:unit)	UNKNOWN STEP	2026-10-09T00:05:03.9919807Z   JFROG_CLI_GITHUB_TOKEN: 
validate-code / unit-tests (test:unit)	UNKNOWN STEP	2026-10-09T00:05:03.9920853Z   JFROG_CLI_CI_VCS_REVISION: 63df858e52e0c0394da9bc2f99689a5b9247adba
validate-code / unit-tests (test:unit)	UNKNOWN STEP	2026-10-09T00:05:03.9938931Z   JFROG_CLI_CI_BRANCH: 176/merge
validate-code / unit-tests (test:unit)	UNKNOWN STEP	2026-10-09T00:05:03.9940195Z   JFROG_CLI_CI_VCS_URL: https://github.com/consensys-vertical-apps/va-mmcx-terminal
validate-code / unit-tests (test:unit)	UNKNOWN STEP	2026-10-09T00:05:03.9940800Z   JFROG_CLI_BUILD_NAME: Validate PR
validate-code / unit-tests (test:unit)	UNKNOWN STEP	2026-10-09T00:05:03.9941135Z   JFROG_CLI_BUILD_NUMBER: 806
validate-code / unit-tests (test:unit)	UNKNOWN STEP	2026-10-09T00:05:03.9941693Z   JFROG_CLI_BUILD_URL: https://github.com/consensys-vertical-apps/va-mmcx-terminal/actions/runs/37862886654
validate-code / unit-tests (test:unit)	UNKNOWN STEP	2026-10-09T00:05:03.9942334Z   JFROG_CLI_USER_AGENT: setup-jfrog-cli-github-action/5.1.0
validate-code / unit-tests (test:unit)	UNKNOWN STEP	2026-10-09T00:05:03.9942798Z   JFROG_CLI_COMMAND_SUMMARY_OUTPUT_DIR: /home/runner/work/_temp
validate-code / unit-tests (test:unit)	UNKNOWN STEP	2026-10-09T00:05:03.9943264Z   JFROG_CLI_USAGE_GH_TOKEN_FOR_CODE_SCANNING_ALERTS_PROVIDED: 
validate-code / unit-tests (test:unit)	UNKNOWN STEP	2026-10-09T00:05:03.9943706Z   SETUP_JFROG_CLI_SERVER_IDS: setup-jfrog-cli-server
validate-code / unit-tests (test:unit)	UNKNOWN STEP	2026-10-09T00:05:03.9952898Z   JFROG_ACCESS_TOKEN: ***
validate-code / unit-tests (test:unit)	UNKNOWN STEP	2026-10-09T00:05:03.9953273Z ##[endgroup]
validate-code / unit-tests (test:unit)	UNKNOWN STEP	2026-10-09T00:05:04.1747316Z Found in cache @ /opt/hostedtoolcache/node/22.23.3/x64
validate-code / unit-tests (test:unit)	UNKNOWN STEP	2026-10-09T00:05:04.1749511Z ##[group]Environment details
validate-code / unit-tests (test:unit)	UNKNOWN STEP	2026-10-09T00:05:04.6468089Z node: v22.23.3
validate-code / unit-tests (test:unit)	UNKNOWN STEP	2026-10-09T00:05:04.6473413Z npm: 10.9.9
validate-code / unit-tests (test:unit)	UNKNOWN STEP	2026-10-09T00:05:04.6474218Z yarn: 1.22.22
validate-code / unit-tests (test:unit)	UNKNOWN STEP	2026-10-09T00:05:04.6475442Z ##[endgroup]
validate-code / unit-tests (test:unit)	UNKNOWN STEP	2026-10-09T00:05:04.6495542Z [command]/opt/hostedtoolcache/node/22.23.3/x64/bin/npm config get cache
validate-code / unit-tests (test:unit)	UNKNOWN STEP	2026-10-09T00:05:04.7660518Z /home/runner/.npm
validate-code / unit-tests (test:unit)	UNKNOWN STEP	2026-10-09T00:05:04.8485553Z Cache hit for: node-cache-Linux-x64-npm-37a8545c001c84aca180b37119bb59277f0f2a04cabc389c446716dfb08231b2
validate-code / unit-tests (test:unit)	UNKNOWN STEP	2026-10-09T00:05:05.9453883Z Received 184549376 of 325395524 (56.7%), 175.3 MBs/sec
validate-code / unit-tests (test:unit)	UNKNOWN STEP	2026-10-09T00:05:06.5056806Z Received 325395524 of 325395524 (100.0%), 192.9 MBs/sec
validate-code / unit-tests (test:unit)	UNKNOWN STEP	2026-10-09T00:05:06.5059735Z Cache Size: ~310 MB (325395524 B)
validate-code / unit-tests (test:unit)	UNKNOWN STEP	2026-10-09T00:05:06.5257316Z [command]/usr/bin/tar -xf /home/runner/work/_temp/adf99eba-28bc-47ac-b822-7dbfab6affa1/cache.tzst -P -C /home/runner/work/va-mmcx-terminal/va-mmcx-terminal --use-compress-program unzstd
validate-code / unit-tests (test:unit)	UNKNOWN STEP	2026-10-09T00:05:07.4828854Z Cache restored successfully
validate-code / unit-tests (test:unit)	UNKNOWN STEP	2026-10-09T00:05:07.8760710Z Cache restored from key: node-cache-Linux-x64-npm-37a8545c001c84aca180b37119bb59277f0f2a04cabc389c446716dfb08231b2
validate-code / unit-tests (test:unit)	UNKNOWN STEP	2026-10-09T00:05:07.8949879Z ##[end-action id=__consensys-vertical-apps_shared-services-workflows.__actions_setup-node;outcome=success;conclusion=success;duration_ms=4004]
validate-code / unit-tests (test:unit)	UNKNOWN STEP	2026-10-09T00:05:07.8954503Z ##[start-action display=Setup lock file name;id=__consensys-vertical-apps_shared-services-workflows.lock_file_name]
validate-code / unit-tests (test:unit)	UNKNOWN STEP	2026-10-09T00:05:07.8975485Z ##[group]Run if [ "$NPM_CLIENT" = "yarn" ]; then
validate-code / unit-tests (test:unit)	UNKNOWN STEP	2026-10-09T00:05:07.8975912Z ^[[36;1mif [ "$NPM_CLIENT" = "yarn" ]; then^[[0m
validate-code / unit-tests (test:unit)	UNKNOWN STEP	2026-10-09T00:05:07.8976344Z ^[[36;1m  echo "file_name=**/yarn.lock" >> "$GITHUB_OUTPUT"^[[0m
validate-code / unit-tests (test:unit)	UNKNOWN STEP	2026-10-09T00:05:07.8976780Z ^[[36;1melif [ "$NPM_CLIENT" = "pnpm" ]; then^[[0m
validate-code / unit-tests (test:unit)	UNKNOWN STEP	2026-10-09T00:05:07.8977235Z ^[[36;1m  echo "file_name=**/pnpm-lock.yaml" >> "$GITHUB_OUTPUT"^[[0m
validate-code / unit-tests (test:unit)	UNKNOWN STEP	2026-10-09T00:05:07.8977648Z ^[[36;1melse^[[0m
validate-code / unit-tests (test:unit)	UNKNOWN STEP	2026-10-09T00:05:07.8978015Z ^[[36;1m  echo "file_name=**/package-lock.json" >> "$GITHUB_OUTPUT"^[[0m
validate-code / unit-tests (test:unit)	UNKNOWN STEP	2026-10-09T00:05:07.8978427Z ^[[36;1mfi^[[0m
validate-code / unit-tests (test:unit)	UNKNOWN STEP	2026-10-09T00:05:07.9045101Z shell: /usr/bin/bash --noprofile --norc -e -o pipefail ***0***
validate-code / unit-tests (test:unit)	UNKNOWN STEP	2026-10-09T00:05:07.9045554Z env:
validate-code / unit-tests (test:unit)	UNKNOWN STEP	2026-10-09T00:05:07.9046129Z   JFROG_CLI_ENV_EXCLUDE: *password*;*secret*;*key*;*token*;*auth*;JF_ARTIFACTORY_*;JF_ENV_*;JF_URL;JF_USER;JF_PASSWORD;JF_ACCESS_TOKEN
validate-code / unit-tests (test:unit)	UNKNOWN STEP	2026-10-09T00:05:07.9046774Z   JFROG_CLI_OFFER_CONFIG: false
validate-code / unit-tests (test:unit)	UNKNOWN STEP	2026-10-09T00:05:07.9047122Z   JFROG_CLI_AVOID_NEW_VERSION_WARNING: true
validate-code / unit-tests (test:unit)	UNKNOWN STEP	2026-10-09T00:05:07.9047605Z   JFROG_CLI_SOURCECODE_REPOSITORY: consensys-vertical-apps/va-mmcx-terminal
validate-code / unit-tests (test:unit)	UNKNOWN STEP	2026-10-09T00:05:07.9048090Z   JFROG_CLI_CI_JOB_ID: Validate PR
validate-code / unit-tests (test:unit)	UNKNOWN STEP	2026-10-09T00:05:07.9048431Z   JFROG_CLI_CI_RUN_ID: 37862886654
validate-code / unit-tests (test:unit)	UNKNOWN STEP	2026-10-09T00:05:07.9048761Z   JFROG_CLI_GITHUB_TOKEN: 
validate-code / unit-tests (test:unit)	UNKNOWN STEP	2026-10-09T00:05:07.9049353Z   JFROG_CLI_CI_VCS_REVISION: 63df858e52e0c0394da9bc2f99689a5b9247adba
validate-code / unit-tests (test:unit)	UNKNOWN STEP	2026-10-09T00:05:07.9049790Z   JFROG_CLI_CI_BRANCH: 176/merge
validate-code / unit-tests (test:unit)	UNKNOWN STEP	2026-10-09T00:05:07.9050433Z   JFROG_CLI_CI_VCS_URL: https://github.com/consensys-vertical-apps/va-mmcx-terminal
validate-code / unit-tests (test:unit)	UNKNOWN STEP	2026-10-09T00:05:07.9050945Z   JFROG_CLI_BUILD_NAME: Validate PR
validate-code / unit-tests (test:unit)	UNKNOWN STEP	2026-10-09T00:05:07.9051442Z   JFROG_CLI_BUILD_NUMBER: 806
validate-code / unit-tests (test:unit)	UNKNOWN STEP	2026-10-09T00:05:07.9052000Z   JFROG_CLI_BUILD_URL: https://github.com/consensys-vertical-apps/va-mmcx-terminal/actions/runs/37862886654
validate-code / unit-tests (test:unit)	UNKNOWN STEP	2026-10-09T00:05:07.9052652Z   JFROG_CLI_USER_AGENT: setup-jfrog-cli-github-action/5.1.0
validate-code / unit-tests (test:unit)	UNKNOWN STEP	2026-10-09T00:05:07.9053134Z   JFROG_CLI_COMMAND_SUMMARY_OUTPUT_DIR: /home/runner/work/_temp
validate-code / unit-tests (test:unit)	UNKNOWN STEP	2026-10-09T00:05:07.9053618Z   JFROG_CLI_USAGE_GH_TOKEN_FOR_CODE_SCANNING_ALERTS_PROVIDED: 
validate-code / unit-tests (test:unit)	UNKNOWN STEP	2026-10-09T00:05:07.9054088Z   SETUP_JFROG_CLI_SERVER_IDS: setup-jfrog-cli-server
validate-code / unit-tests (test:unit)	UNKNOWN STEP	2026-10-09T00:05:07.9054531Z   NPM_CLIENT: npm
validate-code / unit-tests (test:unit)	UNKNOWN STEP	2026-10-09T00:05:07.9054844Z ##[endgroup]
validate-code / unit-tests (test:unit)	UNKNOWN STEP	2026-10-09T00:05:07.9150972Z ##[end-action id=__consensys-vertical-apps_shared-services-workflows.lock_file_name;outcome=success;conclusion=success;duration_ms=19]
validate-code / unit-tests (test:unit)	UNKNOWN STEP	2026-10-09T00:05:07.9155182Z ##[start-action display=Set jf npm config;id=__consensys-vertical-apps_shared-services-workflows.__run_3]
validate-code / unit-tests (test:unit)	UNKNOWN STEP	2026-10-09T00:05:07.9175976Z ##[group]Run jf npm-config --global=true --repo-resolve="$JFROG_NPM_REPO" --repo-deploy="$JFROG_NPM_DEPLOY_REPO"
validate-code / unit-tests (test:unit)	UNKNOWN STEP	2026-10-09T00:05:07.9176835Z ^[[36;1mjf npm-config --global=true --repo-resolve="$JFROG_NPM_REPO" --repo-deploy="$JFROG_NPM_DEPLOY_REPO"^[[0m
validate-code / unit-tests (test:unit)	UNKNOWN STEP	2026-10-09T00:05:07.9238420Z shell: /usr/bin/bash --noprofile --norc -e -o pipefail ***0***
validate-code / unit-tests (test:unit)	UNKNOWN STEP	2026-10-09T00:05:07.9238854Z env:
validate-code / unit-tests (test:unit)	UNKNOWN STEP	2026-10-09T00:05:07.9239409Z   JFROG_CLI_ENV_EXCLUDE: *password*;*secret*;*key*;*token*;*auth*;JF_ARTIFACTORY_*;JF_ENV_*;JF_URL;JF_USER;JF_PASSWORD;JF_ACCESS_TOKEN
validate-code / unit-tests (test:unit)	UNKNOWN STEP	2026-10-09T00:05:07.9240398Z   JFROG_CLI_OFFER_CONFIG: false
validate-code / unit-tests (test:unit)	UNKNOWN STEP	2026-10-09T00:05:07.9240750Z   JFROG_CLI_AVOID_NEW_VERSION_WARNING: true
validate-code / unit-tests (test:unit)	UNKNOWN STEP	2026-10-09T00:05:07.9241226Z   JFROG_CLI_SOURCECODE_REPOSITORY: consensys-vertical-apps/va-mmcx-terminal
validate-code / unit-tests (test:unit)	UNKNOWN STEP	2026-10-09T00:05:07.9241718Z   JFROG_CLI_CI_JOB_ID: Validate PR
validate-code / unit-tests (test:unit)	UNKNOWN STEP	2026-10-09T00:05:07.9242049Z   JFROG_CLI_CI_RUN_ID: 37862886654
validate-code / unit-tests (test:unit)	UNKNOWN STEP	2026-10-09T00:05:07.9242359Z   JFROG_CLI_GITHUB_TOKEN: 
validate-code / unit-tests (test:unit)	UNKNOWN STEP	2026-10-09T00:05:07.9242748Z   JFROG_CLI_CI_VCS_REVISION: 63df858e52e0c0394da9bc2f99689a5b9247adba
validate-code / unit-tests (test:unit)	UNKNOWN STEP	2026-10-09T00:05:07.9243175Z   JFROG_CLI_CI_BRANCH: 176/merge
validate-code / unit-tests (test:unit)	UNKNOWN STEP	2026-10-09T00:05:07.9243653Z   JFROG_CLI_CI_VCS_URL: https://github.com/consensys-vertical-apps/va-mmcx-terminal
validate-code / unit-tests (test:unit)	UNKNOWN STEP	2026-10-09T00:05:07.9244155Z   JFROG_CLI_BUILD_NAME: Validate PR
validate-code / unit-tests (test:unit)	UNKNOWN STEP	2026-10-09T00:05:07.9244479Z   JFROG_CLI_BUILD_NUMBER: 806
validate-code / unit-tests (test:unit)	UNKNOWN STEP	2026-10-09T00:05:07.9245017Z   JFROG_CLI_BUILD_URL: https://github.com/consensys-vertical-apps/va-mmcx-terminal/actions/runs/37862886654
validate-code / unit-tests (test:unit)	UNKNOWN STEP	2026-10-09T00:05:07.9245657Z   JFROG_CLI_USER_AGENT: setup-jfrog-cli-github-action/5.1.0
validate-code / unit-tests (test:unit)	UNKNOWN STEP	2026-10-09T00:05:07.9246141Z   JFROG_CLI_COMMAND_SUMMARY_OUTPUT_DIR: /home/runner/work/_temp
validate-code / unit-tests (test:unit)	UNKNOWN STEP	2026-10-09T00:05:07.9246615Z   JFROG_CLI_USAGE_GH_TOKEN_FOR_CODE_SCANNING_ALERTS_PROVIDED: 
validate-code / unit-tests (test:unit)	UNKNOWN STEP	2026-10-09T00:05:07.9247066Z   SETUP_JFROG_CLI_SERVER_IDS: setup-jfrog-cli-server
validate-code / unit-tests (test:unit)	UNKNOWN STEP	2026-10-09T00:05:07.9247436Z   JFROG_NPM_REPO: npm
validate-code / unit-tests (test:unit)	UNKNOWN STEP	2026-10-09T00:05:07.9247740Z   JFROG_NPM_DEPLOY_REPO: npm-local
validate-code / unit-tests (test:unit)	UNKNOWN STEP	2026-10-09T00:05:07.9248057Z ##[endgroup]
validate-code / unit-tests (test:unit)	UNKNOWN STEP	2026-10-09T00:05:07.9505742Z 00:05:07 [Info] npm build config successfully created.
validate-code / unit-tests (test:unit)	UNKNOWN STEP	2026-10-09T00:05:07.9516906Z ##[end-action id=__consensys-vertical-apps_shared-services-workflows.__run_3;outcome=success;conclusion=success;duration_ms=36]
validate-code / unit-tests (test:unit)	UNKNOWN STEP	2026-10-09T00:05:07.9521572Z ##[start-action display=Set npmrc config;id=__consensys-vertical-apps_shared-services-workflows.__run_4]
validate-code / unit-tests (test:unit)	UNKNOWN STEP	2026-10-09T00:05:07.9541881Z ##[group]Run npm config set registry "$REGISTRY_URL"
validate-code / unit-tests (test:unit)	UNKNOWN STEP	2026-10-09T00:05:07.9542338Z ^[[36;1mnpm config set registry "$REGISTRY_URL"^[[0m
validate-code / unit-tests (test:unit)	UNKNOWN STEP	2026-10-09T00:05:07.9542879Z ^[[36;1mnpm config set $***REGISTRY_URL#http*:***:_authToken $JFROG_ACCESS_TOKEN^[[0m
validate-code / unit-tests (test:unit)	UNKNOWN STEP	2026-10-09T00:05:07.9543357Z ^[[36;1m^[[0m
validate-code / unit-tests (test:unit)	UNKNOWN STEP	2026-10-09T00:05:07.9543720Z ^[[36;1m# Find the user-level .npmrc file^[[0m
validate-code / unit-tests (test:unit)	UNKNOWN STEP	2026-10-09T00:05:07.9544140Z ^[[36;1mNPMRC_PATH=$(npm config get userconfig)^[[0m
validate-code / unit-tests (test:unit)	UNKNOWN STEP	2026-10-09T00:05:07.9544687Z ^[[36;1m^[[0m
validate-code / unit-tests (test:unit)	UNKNOWN STEP	2026-10-09T00:05:07.9544950Z ^[[36;1mif [ -n "$NPMRC_PATH" ]; then^[[0m
validate-code / unit-tests (test:unit)	UNKNOWN STEP	2026-10-09T00:05:07.9545322Z ^[[36;1m  echo "always-auth=true" >> "$NPMRC_PATH"^[[0m
validate-code / unit-tests (test:unit)	UNKNOWN STEP	2026-10-09T00:05:07.9545719Z ^[[36;1m  echo "Updated .npmrc at $NPMRC_PATH"^[[0m
validate-code / unit-tests (test:unit)	UNKNOWN STEP	2026-10-09T00:05:07.9546067Z ^[[36;1melse^[[0m
validate-code / unit-tests (test:unit)	UNKNOWN STEP	2026-10-09T00:05:07.9546630Z ^[[36;1m  echo "Warning: Could not find user-level .npmrc. Creating one in the home directory."^[[0m
validate-code / unit-tests (test:unit)	UNKNOWN STEP	2026-10-09T00:05:07.9547163Z ^[[36;1m  NPMRC_PATH="$HOME/.npmrc"^[[0m
validate-code / unit-tests (test:unit)	UNKNOWN STEP	2026-10-09T00:05:07.9547535Z ^[[36;1m  echo "always-auth=true" >> "$NPMRC_PATH"^[[0m
validate-code / unit-tests (test:unit)	UNKNOWN STEP	2026-10-09T00:05:07.9547884Z ^[[36;1mfi^[[0m
validate-code / unit-tests (test:unit)	UNKNOWN STEP	2026-10-09T00:05:07.9608256Z shell: /usr/bin/bash --noprofile --norc -e -o pipefail ***0***
validate-code / unit-tests (test:unit)	UNKNOWN STEP	2026-10-09T00:05:07.9608701Z env:
validate-code / unit-tests (test:unit)	UNKNOWN STEP	2026-10-09T00:05:07.9609254Z   JFROG_CLI_ENV_EXCLUDE: *password*;*secret*;*key*;*token*;*auth*;JF_ARTIFACTORY_*;JF_ENV_*;JF_URL;JF_USER;JF_PASSWORD;JF_ACCESS_TOKEN
validate-code / unit-tests (test:unit)	UNKNOWN STEP	2026-10-09T00:05:07.9609890Z   JFROG_CLI_OFFER_CONFIG: false
validate-code / unit-tests (test:unit)	UNKNOWN STEP	2026-10-09T00:05:07.9610805Z   JFROG_CLI_AVOID_NEW_VERSION_WARNING: true
validate-code / unit-tests (test:unit)	UNKNOWN STEP	2026-10-09T00:05:07.9611278Z   JFROG_CLI_SOURCECODE_REPOSITORY: consensys-vertical-apps/va-mmcx-terminal
validate-code / unit-tests (test:unit)	UNKNOWN STEP	2026-10-09T00:05:07.9611757Z   JFROG_CLI_CI_JOB_ID: Validate PR
validate-code / unit-tests (test:unit)	UNKNOWN STEP	2026-10-09T00:05:07.9612082Z   JFROG_CLI_CI_RUN_ID: 37862886654
validate-code / unit-tests (test:unit)	UNKNOWN STEP	2026-10-09T00:05:07.9612427Z   JFROG_CLI_GITHUB_TOKEN: 
validate-code / unit-tests (test:unit)	UNKNOWN STEP	2026-10-09T00:05:07.9612811Z   JFROG_CLI_CI_VCS_REVISION: 63df858e52e0c0394da9bc2f99689a5b9247adba
validate-code / unit-tests (test:unit)	UNKNOWN STEP	2026-10-09T00:05:07.9613253Z   JFROG_CLI_CI_BRANCH: 176/merge
validate-code / unit-tests (test:unit)	UNKNOWN STEP	2026-10-09T00:05:07.9613722Z   JFROG_CLI_CI_VCS_URL: https://github.com/consensys-vertical-apps/va-mmcx-terminal
validate-code / unit-tests (test:unit)	UNKNOWN STEP	2026-10-09T00:05:07.9614245Z   JFROG_CLI_BUILD_NAME: Validate PR
validate-code / unit-tests (test:unit)	UNKNOWN STEP	2026-10-09T00:05:07.9614580Z   JFROG_CLI_BUILD_NUMBER: 806
validate-code / unit-tests (test:unit)	UNKNOWN STEP	2026-10-09T00:05:07.9615133Z   JFROG_CLI_BUILD_URL: https://github.com/consensys-vertical-apps/va-mmcx-terminal/actions/runs/37862886654
validate-code / unit-tests (test:unit)	UNKNOWN STEP	2026-10-09T00:05:07.9615808Z   JFROG_CLI_USER_AGENT: setup-jfrog-cli-github-action/5.1.0
validate-code / unit-tests (test:unit)	UNKNOWN STEP	2026-10-09T00:05:07.9616287Z   JFROG_CLI_COMMAND_SUMMARY_OUTPUT_DIR: /home/runner/work/_temp
validate-code / unit-tests (test:unit)	UNKNOWN STEP	2026-10-09T00:05:07.9616763Z   JFROG_CLI_USAGE_GH_TOKEN_FOR_CODE_SCANNING_ALERTS_PROVIDED: 
validate-code / unit-tests (test:unit)	UNKNOWN STEP	2026-10-09T00:05:07.9617209Z   SETUP_JFROG_CLI_SERVER_IDS: setup-jfrog-cli-server
validate-code / unit-tests (test:unit)	UNKNOWN STEP	2026-10-09T00:05:07.9617685Z   REGISTRY_URL: https://consensys.jfrog.io/artifactory/api/npm/npm/
validate-code / unit-tests (test:unit)	UNKNOWN STEP	2026-10-09T00:05:07.9626948Z   JFROG_ACCESS_TOKEN: ***
validate-code / unit-tests (test:unit)	UNKNOWN STEP	2026-10-09T00:05:07.9627254Z ##[endgroup]
validate-code / unit-tests (test:unit)	UNKNOWN STEP	2026-10-09T00:05:08.3449840Z Updated .npmrc at /home/runner/.npmrc
validate-code / unit-tests (test:unit)	UNKNOWN STEP	2026-10-09T00:05:08.3462611Z ##[end-action id=__consensys-vertical-apps_shared-services-workflows.__run_4;outcome=success;conclusion=success;duration_ms=393]
validate-code / unit-tests (test:unit)	UNKNOWN STEP	2026-10-09T00:05:08.3466594Z ##[start-action display=Set yarn 4 config;id=__consensys-vertical-apps_shared-services-workflows.__run_5]
validate-code / unit-tests (test:unit)	UNKNOWN STEP	2026-10-09T00:05:08.3472552Z ##[end-action id=__consensys-vertical-apps_shared-services-workflows.__run_5;outcome=skipped;conclusion=skipped;duration_ms=0]
validate-code / unit-tests (test:unit)	UNKNOWN STEP	2026-10-09T00:05:08.3475922Z ##[start-action display=NPM client install;id=__consensys-vertical-apps_shared-services-workflows.__run_6]
validate-code / unit-tests (test:unit)	UNKNOWN STEP	2026-10-09T00:05:08.3515701Z ##[group]Run if [ "$NPM_CLIENT" = "yarn" ]; then
validate-code / unit-tests (test:unit)	UNKNOWN STEP	2026-10-09T00:05:08.3516150Z ^[[36;1mif [ "$NPM_CLIENT" = "yarn" ]; then^[[0m
validate-code / unit-tests (test:unit)	UNKNOWN STEP	2026-10-09T00:05:08.3516523Z ^[[36;1m  if [ "$YARN_VERSION" = "4" ]; then^[[0m
validate-code / unit-tests (test:unit)	UNKNOWN STEP	2026-10-09T00:05:08.3516886Z ^[[36;1m    yarn install --immutable^[[0m
validate-code / unit-tests (test:unit)	UNKNOWN STEP	2026-10-09T00:05:08.3517224Z ^[[36;1m  else^[[0m
validate-code / unit-tests (test:unit)	UNKNOWN STEP	2026-10-09T00:05:08.3517519Z ^[[36;1m    yarn install --frozen-lockfile^[[0m
validate-code / unit-tests (test:unit)	UNKNOWN STEP	2026-10-09T00:05:08.3517864Z ^[[36;1m  fi^[[0m
validate-code / unit-tests (test:unit)	UNKNOWN STEP	2026-10-09T00:05:08.3518156Z ^[[36;1melif [ "$NPM_CLIENT" = "pnpm" ]; then^[[0m
validate-code / unit-tests (test:unit)	UNKNOWN STEP	2026-10-09T00:05:08.3518533Z ^[[36;1m  pnpm install --frozen-lockfile^[[0m
validate-code / unit-tests (test:unit)	UNKNOWN STEP	2026-10-09T00:05:08.3518869Z ^[[36;1melse^[[0m
validate-code / unit-tests (test:unit)	UNKNOWN STEP	2026-10-09T00:05:08.3519128Z ^[[36;1m  jf npm ci --audit=false^[[0m
validate-code / unit-tests (test:unit)	UNKNOWN STEP	2026-10-09T00:05:08.3519436Z ^[[36;1mfi^[[0m
validate-code / unit-tests (test:unit)	UNKNOWN STEP	2026-10-09T00:05:08.3580513Z shell: /usr/bin/bash --noprofile --norc -e -o pipefail ***0***
validate-code / unit-tests (test:unit)	UNKNOWN STEP	2026-10-09T00:05:08.3580956Z env:
validate-code / unit-tests (test:unit)	UNKNOWN STEP	2026-10-09T00:05:08.3581520Z   JFROG_CLI_ENV_EXCLUDE: *password*;*secret*;*key*;*token*;*auth*;JF_ARTIFACTORY_*;JF_ENV_*;JF_URL;JF_USER;JF_PASSWORD;JF_ACCESS_TOKEN
validate-code / unit-tests (test:unit)	UNKNOWN STEP	2026-10-09T00:05:08.3582585Z   JFROG_CLI_OFFER_CONFIG: false
validate-code / unit-tests (test:unit)	UNKNOWN STEP	2026-10-09T00:05:08.3582922Z   JFROG_CLI_AVOID_NEW_VERSION_WARNING: true
validate-code / unit-tests (test:unit)	UNKNOWN STEP	2026-10-09T00:05:08.3583396Z   JFROG_CLI_SOURCECODE_REPOSITORY: consensys-vertical-apps/va-mmcx-terminal
validate-code / unit-tests (test:unit)	UNKNOWN STEP	2026-10-09T00:05:08.3584022Z   JFROG_CLI_CI_JOB_ID: Validate PR
validate-code / unit-tests (test:unit)	UNKNOWN STEP	2026-10-09T00:05:08.3584377Z   JFROG_CLI_CI_RUN_ID: 37862886654
validate-code / unit-tests (test:unit)	UNKNOWN STEP	2026-10-09T00:05:08.3584700Z   JFROG_CLI_GITHUB_TOKEN: 
validate-code / unit-tests (test:unit)	UNKNOWN STEP	2026-10-09T00:05:08.3585083Z   JFROG_CLI_CI_VCS_REVISION: 63df858e52e0c0394da9bc2f99689a5b9247adba
validate-code / unit-tests (test:unit)	UNKNOWN STEP	2026-10-09T00:05:08.3585511Z   JFROG_CLI_CI_BRANCH: 176/merge
validate-code / unit-tests (test:unit)	UNKNOWN STEP	2026-10-09T00:05:08.3585978Z   JFROG_CLI_CI_VCS_URL: https://github.com/consensys-vertical-apps/va-mmcx-terminal
validate-code / unit-tests (test:unit)	UNKNOWN STEP	2026-10-09T00:05:08.3586505Z   JFROG_CLI_BUILD_NAME: Validate PR
validate-code / unit-tests (test:unit)	UNKNOWN STEP	2026-10-09T00:05:08.3586839Z   JFROG_CLI_BUILD_NUMBER: 806
validate-code / unit-tests (test:unit)	UNKNOWN STEP	2026-10-09T00:05:08.3587394Z   JFROG_CLI_BUILD_URL: https://github.com/consensys-vertical-apps/va-mmcx-terminal/actions/runs/37862886654
validate-code / unit-tests (test:unit)	UNKNOWN STEP	2026-10-09T00:05:08.3588044Z   JFROG_CLI_USER_AGENT: setup-jfrog-cli-github-action/5.1.0
validate-code / unit-tests (test:unit)	UNKNOWN STEP	2026-10-09T00:05:08.3588523Z   JFROG_CLI_COMMAND_SUMMARY_OUTPUT_DIR: /home/runner/work/_temp
validate-code / unit-tests (test:unit)	UNKNOWN STEP	2026-10-09T00:05:08.3588997Z   JFROG_CLI_USAGE_GH_TOKEN_FOR_CODE_SCANNING_ALERTS_PROVIDED: 
validate-code / unit-tests (test:unit)	UNKNOWN STEP	2026-10-09T00:05:08.3589444Z   SETUP_JFROG_CLI_SERVER_IDS: setup-jfrog-cli-server
validate-code / unit-tests (test:unit)	UNKNOWN STEP	2026-10-09T00:05:08.3589815Z   NPM_CLIENT: npm
validate-code / unit-tests (test:unit)	UNKNOWN STEP	2026-10-09T00:05:08.3590229Z   YARN_VERSION: 1
validate-code / unit-tests (test:unit)	UNKNOWN STEP	2026-10-09T00:05:08.3598998Z   NODE_AUTH_TOKEN: ***
validate-code / unit-tests (test:unit)	UNKNOWN STEP	2026-10-09T00:05:08.3608157Z   JFROG_ACCESS_TOKEN: ***
validate-code / unit-tests (test:unit)	UNKNOWN STEP	2026-10-09T00:05:08.3608471Z ##[endgroup]
validate-code / unit-tests (test:unit)	UNKNOWN STEP	2026-10-09T00:06:20.7346938Z added 2031 packages in 1m
validate-code / unit-tests (test:unit)	UNKNOWN STEP	2026-10-09T00:06:20.7347693Z 
validate-code / unit-tests (test:unit)	UNKNOWN STEP	2026-10-09T00:06:20.7348308Z 350 packages are looking for funding
validate-code / unit-tests (test:unit)	UNKNOWN STEP	2026-10-09T00:06:20.7349654Z   run `npm fund` for details
validate-code / unit-tests (test:unit)	UNKNOWN STEP	2026-10-09T00:06:22.7023971Z 00:06:22 [Warn] error while running '/opt/hostedtoolcache/node/22.23.3/x64/bin/npm ls --audit=false --json --all --long': exit status 1
validate-code / unit-tests (test:unit)	UNKNOWN STEP	2026-10-09T00:06:22.7025594Z npm error code ELSPROBLEMS
validate-code / unit-tests (test:unit)	UNKNOWN STEP	2026-10-09T00:06:22.7027399Z npm error extraneous: @emnapi/core@1.9.2 /home/runner/work/va-mmcx-terminal/va-mmcx-terminal/node_modules/@emnapi/core
validate-code / unit-tests (test:unit)	UNKNOWN STEP	2026-10-09T00:06:22.7029402Z npm error extraneous: @emnapi/runtime@1.11.3 /home/runner/work/va-mmcx-terminal/va-mmcx-terminal/node_modules/@emnapi/runtime
validate-code / unit-tests (test:unit)	UNKNOWN STEP	2026-10-09T00:06:22.7032615Z npm error extraneous: @emnapi/wasi-threads@1.2.1 /home/runner/work/va-mmcx-terminal/va-mmcx-terminal/node_modules/@emnapi/wasi-threads
validate-code / unit-tests (test:unit)	UNKNOWN STEP	2026-10-09T00:06:22.7034774Z npm error extraneous: @img/sharp-wasm32@0.35.5 /home/runner/work/va-mmcx-terminal/va-mmcx-terminal/node_modules/@img/sharp-wasm32
validate-code / unit-tests (test:unit)	UNKNOWN STEP	2026-10-09T00:06:22.7037300Z npm error extraneous: @napi-rs/wasm-runtime@1.2.5 /home/runner/work/va-mmcx-terminal/va-mmcx-terminal/node_modules/@napi-rs/wasm-runtime
validate-code / unit-tests (test:unit)	UNKNOWN STEP	2026-10-09T00:06:22.7039419Z npm error extraneous: @tybys/wasm-util@0.10.4 /home/runner/work/va-mmcx-terminal/va-mmcx-terminal/node_modules/@tybys/wasm-util
validate-code / unit-tests (test:unit)	UNKNOWN STEP	2026-10-09T00:06:22.7044459Z npm error missing: @metamask/design-system-tailwind-preset@^0.12.0, required by @metamask/design-system-react@0.38.1
validate-code / unit-tests (test:unit)	UNKNOWN STEP	2026-10-09T00:06:22.7046222Z npm error invalid: bs58@4.0.1 /home/runner/work/va-mmcx-terminal/va-mmcx-terminal/node_modules/bs58
validate-code / unit-tests (test:unit)	UNKNOWN STEP	2026-10-09T00:06:22.7047983Z npm error missing: electron-builder-squirrel-windows@26.15.3, required by app-builder-lib@26.15.3
validate-code / unit-tests (test:unit)	UNKNOWN STEP	2026-10-09T00:06:22.7049985Z npm error invalid: picomatch@2.3.2 /home/runner/work/va-mmcx-terminal/va-mmcx-terminal/node_modules/picomatch
validate-code / unit-tests (test:unit)	UNKNOWN STEP	2026-10-09T00:06:22.7051970Z npm error invalid: ox@0.14.45 /home/runner/work/va-mmcx-terminal/va-mmcx-terminal/node_modules/ox
validate-code / unit-tests (test:unit)	UNKNOWN STEP	2026-10-09T00:06:22.7054067Z npm error invalid: react@19.2.0 /home/runner/work/va-mmcx-terminal/va-mmcx-terminal/node_modules/react
validate-code / unit-tests (test:unit)	UNKNOWN STEP	2026-10-09T00:06:22.7056229Z npm error invalid: zod@4.1.12 /home/runner/work/va-mmcx-terminal/va-mmcx-terminal/node_modules/zod
validate-code / unit-tests (test:unit)	UNKNOWN STEP	2026-10-09T00:06:22.7057895Z npm error A complete log of this run can be found in: /home/runner/.npm/_logs/2026-10-09T00_06_20_873Z-debug-0.log
validate-code / unit-tests (test:unit)	UNKNOWN STEP	2026-10-09T00:06:24.5833474Z 00:06:24 [Warn] The following dependencies will not be included in the build-info, because they are missing in the npm cache: '@metamask/design-system-tailwind-preset:4c32e8f6d6e7e251790cc3332433406c924c670d,electron-builder-squirrel-windows:4c928c188a358fab7251e68ae55d324c8307c8b6'.
validate-code / unit-tests (test:unit)	UNKNOWN STEP	2026-10-09T00:06:24.5868365Z Hint: Try deleting 'node_modules' and/or 'package-lock.json'.
validate-code / unit-tests (test:unit)	UNKNOWN STEP	2026-10-09T00:06:24.5966280Z ##[end-action id=__consensys-vertical-apps_shared-services-workflows.__run_6;outcome=success;conclusion=success;duration_ms=76248]
validate-code / unit-tests (test:unit)	UNKNOWN STEP	2026-10-09T00:06:24.6003817Z ##[group]Run if [[ $ENV_VARS ]]; then
validate-code / unit-tests (test:unit)	UNKNOWN STEP	2026-10-09T00:06:24.6004236Z ^[[36;1mif [[ $ENV_VARS ]]; then^[[0m
validate-code / unit-tests (test:unit)	UNKNOWN STEP	2026-10-09T00:06:24.6004700Z ^[[36;1m  echo "$***ENV_VARS***" | jq -r 'keys[] as $k | "\($k)=\(.[$k])"' >> .env^[[0m
validate-code / unit-tests (test:unit)	UNKNOWN STEP	2026-10-09T00:06:24.6005147Z ^[[36;1mfi^[[0m
validate-code / unit-tests (test:unit)	UNKNOWN STEP	2026-10-09T00:06:24.6192038Z shell: /usr/bin/bash -e ***0***
validate-code / unit-tests (test:unit)	UNKNOWN STEP	2026-10-09T00:06:24.6192399Z env:
validate-code / unit-tests (test:unit)	UNKNOWN STEP	2026-10-09T00:06:24.6193028Z   JFROG_CLI_ENV_EXCLUDE: *password*;*secret*;*key*;*token*;*auth*;JF_ARTIFACTORY_*;JF_ENV_*;JF_URL;JF_USER;JF_PASSWORD;JF_ACCESS_TOKEN
validate-code / unit-tests (test:unit)	UNKNOWN STEP	2026-10-09T00:06:24.6193784Z   JFROG_CLI_OFFER_CONFIG: false
validate-code / unit-tests (test:unit)	UNKNOWN STEP	2026-10-09T00:06:24.6194151Z   JFROG_CLI_AVOID_NEW_VERSION_WARNING: true
validate-code / unit-tests (test:unit)	UNKNOWN STEP	2026-10-09T00:06:24.6194747Z   JFROG_CLI_SOURCECODE_REPOSITORY: consensys-vertical-apps/va-mmcx-terminal
validate-code / unit-tests (test:unit)	UNKNOWN STEP	2026-10-09T00:06:24.6195485Z   JFROG_CLI_CI_JOB_ID: Validate PR
validate-code / unit-tests (test:unit)	UNKNOWN STEP	2026-10-09T00:06:24.6195845Z   JFROG_CLI_CI_RUN_ID: 37862886654
validate-code / unit-tests (test:unit)	UNKNOWN STEP	2026-10-09T00:06:24.6196187Z   JFROG_CLI_GITHUB_TOKEN: 
validate-code / unit-tests (test:unit)	UNKNOWN STEP	2026-10-09T00:06:24.6196644Z   JFROG_CLI_CI_VCS_REVISION: 63df858e52e0c0394da9bc2f99689a5b9247adba
validate-code / unit-tests (test:unit)	UNKNOWN STEP	2026-10-09T00:06:24.6197120Z   JFROG_CLI_CI_BRANCH: 176/merge
validate-code / unit-tests (test:unit)	UNKNOWN STEP	2026-10-09T00:06:24.6197634Z   JFROG_CLI_CI_VCS_URL: https://github.com/consensys-vertical-apps/va-mmcx-terminal
validate-code / unit-tests (test:unit)	UNKNOWN STEP	2026-10-09T00:06:24.6198193Z   JFROG_CLI_BUILD_NAME: Validate PR
validate-code / unit-tests (test:unit)	UNKNOWN STEP	2026-10-09T00:06:24.6198550Z   JFROG_CLI_BUILD_NUMBER: 806
validate-code / unit-tests (test:unit)	UNKNOWN STEP	2026-10-09T00:06:24.6199154Z   JFROG_CLI_BUILD_URL: https://github.com/consensys-vertical-apps/va-mmcx-terminal/actions/runs/37862886654
validate-code / unit-tests (test:unit)	UNKNOWN STEP	2026-10-09T00:06:24.6199880Z   JFROG_CLI_USER_AGENT: setup-jfrog-cli-github-action/5.1.0
validate-code / unit-tests (test:unit)	UNKNOWN STEP	2026-10-09T00:06:24.6200543Z   JFROG_CLI_COMMAND_SUMMARY_OUTPUT_DIR: /home/runner/work/_temp
validate-code / unit-tests (test:unit)	UNKNOWN STEP	2026-10-09T00:06:24.6201071Z   JFROG_CLI_USAGE_GH_TOKEN_FOR_CODE_SCANNING_ALERTS_PROVIDED: 
validate-code / unit-tests (test:unit)	UNKNOWN STEP	2026-10-09T00:06:24.6201565Z   SETUP_JFROG_CLI_SERVER_IDS: setup-jfrog-cli-server
validate-code / unit-tests (test:unit)	UNKNOWN STEP	2026-10-09T00:06:24.6201966Z   ENV_VARS: 
validate-code / unit-tests (test:unit)	UNKNOWN STEP	2026-10-09T00:06:24.6202245Z ##[endgroup]
validate-code / unit-tests (test:unit)	UNKNOWN STEP	2026-10-09T00:06:24.6319294Z ##[group]Run echo "TEST_NAME=$(echo 'test:unit' | sed 's/:/ /g')" >> $GITHUB_ENV
validate-code / unit-tests (test:unit)	UNKNOWN STEP	2026-10-09T00:06:24.6319930Z ^[[36;1mecho "TEST_NAME=$(echo 'test:unit' | sed 's/:/ /g')" >> $GITHUB_ENV^[[0m
validate-code / unit-tests (test:unit)	UNKNOWN STEP	2026-10-09T00:06:24.6320949Z ^[[36;1mecho "TEST_ARTEFACT_NAME=$(echo 'test:unit' | sed 's/:/-/g')" >> $GITHUB_ENV^[[0m
validate-code / unit-tests (test:unit)	UNKNOWN STEP	2026-10-09T00:06:24.6376891Z shell: /usr/bin/bash -e ***0***
validate-code / unit-tests (test:unit)	UNKNOWN STEP	2026-10-09T00:06:24.6377224Z env:
validate-code / unit-tests (test:unit)	UNKNOWN STEP	2026-10-09T00:06:24.6377793Z   JFROG_CLI_ENV_EXCLUDE: *password*;*secret*;*key*;*token*;*auth*;JF_ARTIFACTORY_*;JF_ENV_*;JF_URL;JF_USER;JF_PASSWORD;JF_ACCESS_TOKEN
validate-code / unit-tests (test:unit)	UNKNOWN STEP	2026-10-09T00:06:24.6378462Z   JFROG_CLI_OFFER_CONFIG: false
validate-code / unit-tests (test:unit)	UNKNOWN STEP	2026-10-09T00:06:24.6378805Z   JFROG_CLI_AVOID_NEW_VERSION_WARNING: true
validate-code / unit-tests (test:unit)	UNKNOWN STEP	2026-10-09T00:06:24.6379281Z   JFROG_CLI_SOURCECODE_REPOSITORY: consensys-vertical-apps/va-mmcx-terminal
validate-code / unit-tests (test:unit)	UNKNOWN STEP	2026-10-09T00:06:24.6379767Z   JFROG_CLI_CI_JOB_ID: Validate PR
validate-code / unit-tests (test:unit)	UNKNOWN STEP	2026-10-09T00:06:24.6380472Z   JFROG_CLI_CI_RUN_ID: 37862886654
validate-code / unit-tests (test:unit)	UNKNOWN STEP	2026-10-09T00:06:24.6380814Z   JFROG_CLI_GITHUB_TOKEN: 
validate-code / unit-tests (test:unit)	UNKNOWN STEP	2026-10-09T00:06:24.6381235Z   JFROG_CLI_CI_VCS_REVISION: 63df858e52e0c0394da9bc2f99689a5b9247adba
validate-code / unit-tests (test:unit)	UNKNOWN STEP	2026-10-09T00:06:24.6381668Z   JFROG_CLI_CI_BRANCH: 176/merge
validate-code / unit-tests (test:unit)	UNKNOWN STEP	2026-10-09T00:06:24.6382141Z   JFROG_CLI_CI_VCS_URL: https://github.com/consensys-vertical-apps/va-mmcx-terminal
validate-code / unit-tests (test:unit)	UNKNOWN STEP	2026-10-09T00:06:24.6382661Z   JFROG_CLI_BUILD_NAME: Validate PR
validate-code / unit-tests (test:unit)	UNKNOWN STEP	2026-10-09T00:06:24.6382998Z   JFROG_CLI_BUILD_NUMBER: 806
validate-code / unit-tests (test:unit)	UNKNOWN STEP	2026-10-09T00:06:24.6383543Z   JFROG_CLI_BUILD_URL: https://github.com/consensys-vertical-apps/va-mmcx-terminal/actions/runs/37862886654
validate-code / unit-tests (test:unit)	UNKNOWN STEP	2026-10-09T00:06:24.6384374Z   JFROG_CLI_USER_AGENT: setup-jfrog-cli-github-action/5.1.0
validate-code / unit-tests (test:unit)	UNKNOWN STEP	2026-10-09T00:06:24.6384839Z   JFROG_CLI_COMMAND_SUMMARY_OUTPUT_DIR: /home/runner/work/_temp
validate-code / unit-tests (test:unit)	UNKNOWN STEP	2026-10-09T00:06:24.6385314Z   JFROG_CLI_USAGE_GH_TOKEN_FOR_CODE_SCANNING_ALERTS_PROVIDED: 
validate-code / unit-tests (test:unit)	UNKNOWN STEP	2026-10-09T00:06:24.6385762Z   SETUP_JFROG_CLI_SERVER_IDS: setup-jfrog-cli-server
validate-code / unit-tests (test:unit)	UNKNOWN STEP	2026-10-09T00:06:24.6386125Z ##[endgroup]
validate-code / unit-tests (test:unit)	UNKNOWN STEP	2026-10-09T00:06:24.6543712Z ##[group]Run npm run test:unit
validate-code / unit-tests (test:unit)	UNKNOWN STEP	2026-10-09T00:06:24.6544103Z ^[[36;1mnpm run test:unit^[[0m
validate-code / unit-tests (test:unit)	UNKNOWN STEP	2026-10-09T00:06:24.6600413Z shell: /usr/bin/bash -e ***0***
validate-code / unit-tests (test:unit)	UNKNOWN STEP	2026-10-09T00:06:24.6600747Z env:
validate-code / unit-tests (test:unit)	UNKNOWN STEP	2026-10-09T00:06:24.6601339Z   JFROG_CLI_ENV_EXCLUDE: *password*;*secret*;*key*;*token*;*auth*;JF_ARTIFACTORY_*;JF_ENV_*;JF_URL;JF_USER;JF_PASSWORD;JF_ACCESS_TOKEN
validate-code / unit-tests (test:unit)	UNKNOWN STEP	2026-10-09T00:06:24.6602001Z   JFROG_CLI_OFFER_CONFIG: false
validate-code / unit-tests (test:unit)	UNKNOWN STEP	2026-10-09T00:06:24.6602342Z   JFROG_CLI_AVOID_NEW_VERSION_WARNING: true
validate-code / unit-tests (test:unit)	UNKNOWN STEP	2026-10-09T00:06:24.6602829Z   JFROG_CLI_SOURCECODE_REPOSITORY: consensys-vertical-apps/va-mmcx-terminal
validate-code / unit-tests (test:unit)	UNKNOWN STEP	2026-10-09T00:06:24.6603340Z   JFROG_CLI_CI_JOB_ID: Validate PR
validate-code / unit-tests (test:unit)	UNKNOWN STEP	2026-10-09T00:06:24.6603675Z   JFROG_CLI_CI_RUN_ID: 37862886654
validate-code / unit-tests (test:unit)	UNKNOWN STEP	2026-10-09T00:06:24.6603987Z   JFROG_CLI_GITHUB_TOKEN: 
validate-code / unit-tests (test:unit)	UNKNOWN STEP	2026-10-09T00:06:24.6604376Z   JFROG_CLI_CI_VCS_REVISION: 63df858e52e0c0394da9bc2f99689a5b9247adba
validate-code / unit-tests (test:unit)	UNKNOWN STEP	2026-10-09T00:06:24.6604813Z   JFROG_CLI_CI_BRANCH: 176/merge
validate-code / unit-tests (test:unit)	UNKNOWN STEP	2026-10-09T00:06:24.6605314Z   JFROG_CLI_CI_VCS_URL: https://github.com/consensys-vertical-apps/va-mmcx-terminal
validate-code / unit-tests (test:unit)	UNKNOWN STEP	2026-10-09T00:06:24.6605812Z   JFROG_CLI_BUILD_NAME: Validate PR
validate-code / unit-tests (test:unit)	UNKNOWN STEP	2026-10-09T00:06:24.6606135Z   JFROG_CLI_BUILD_NUMBER: 806
validate-code / unit-tests (test:unit)	UNKNOWN STEP	2026-10-09T00:06:24.6606685Z   JFROG_CLI_BUILD_URL: https://github.com/consensys-vertical-apps/va-mmcx-terminal/actions/runs/37862886654
validate-code / unit-tests (test:unit)	UNKNOWN STEP	2026-10-09T00:06:24.6607328Z   JFROG_CLI_USER_AGENT: setup-jfrog-cli-github-action/5.1.0
validate-code / unit-tests (test:unit)	UNKNOWN STEP	2026-10-09T00:06:24.6607799Z   JFROG_CLI_COMMAND_SUMMARY_OUTPUT_DIR: /home/runner/work/_temp
validate-code / unit-tests (test:unit)	UNKNOWN STEP	2026-10-09T00:06:24.6608276Z   JFROG_CLI_USAGE_GH_TOKEN_FOR_CODE_SCANNING_ALERTS_PROVIDED: 
validate-code / unit-tests (test:unit)	UNKNOWN STEP	2026-10-09T00:06:24.6608728Z   SETUP_JFROG_CLI_SERVER_IDS: setup-jfrog-cli-server
validate-code / unit-tests (test:unit)	UNKNOWN STEP	2026-10-09T00:06:24.6609113Z   TEST_NAME: test unit
validate-code / unit-tests (test:unit)	UNKNOWN STEP	2026-10-09T00:06:24.6609402Z   TEST_ARTEFACT_NAME: test-unit
validate-code / unit-tests (test:unit)	UNKNOWN STEP	2026-10-09T00:06:24.6609701Z   REGISTRY_TOKEN: 
validate-code / unit-tests (test:unit)	UNKNOWN STEP	2026-10-09T00:06:24.6610233Z ##[endgroup]
validate-code / unit-tests (test:unit)	UNKNOWN STEP	2026-10-09T00:06:24.7696277Z 
validate-code / unit-tests (test:unit)	UNKNOWN STEP	2026-10-09T00:06:24.7697310Z > terminal@0.1.0 test:unit
validate-code / unit-tests (test:unit)	UNKNOWN STEP	2026-10-09T00:06:24.7698377Z > vitest run --coverage
validate-code / unit-tests (test:unit)	UNKNOWN STEP	2026-10-09T00:06:24.7698989Z 
validate-code / unit-tests (test:unit)	UNKNOWN STEP	2026-10-09T00:06:25.4293646Z 
validate-code / unit-tests (test:unit)	UNKNOWN STEP	2026-10-09T00:06:25.4295410Z ^[[1m^[[46m RUN ^[[49m^[[22m ^[[36mv3.2.7 ^[[39m^[[90m/home/runner/work/va-mmcx-terminal/va-mmcx-terminal^[[39m
validate-code / unit-tests (test:unit)	UNKNOWN STEP	2026-10-09T00:06:25.4297496Z       ^[[2mCoverage enabled with ^[[22m^[[33mv8^[[39m
validate-code / unit-tests (test:unit)	UNKNOWN STEP	2026-10-09T00:06:25.4298269Z 
validate-code / unit-tests (test:unit)	UNKNOWN STEP	2026-10-09T00:06:28.4594209Z  ^[[32m✓^[[39m src/features/perpetuals/infra/perps-controller/ControllerPerpsProvider.test.ts ^[[2m(^[[22m^[[2m67 tests^[[22m^[[2m)^[[22m^[[33m 310^[[2mms^[[22m^[[39m
validate-code / unit-tests (test:unit)	UNKNOWN STEP	2026-10-09T00:06:29.6396522Z  ^[[32m✓^[[39m src/features/perpetuals/domain/OrderBook/helpers/OrderBookHelper.test.ts ^[[2m(^[[22m^[[2m83 tests^[[22m^[[2m)^[[22m^[[32m 34^[[2mms^[[22m^[[39m
validate-code / unit-tests (test:unit)	UNKNOWN STEP	2026-10-09T00:06:30.9139486Z ^[[90mstdout^[[2m | electron/services/bot-runner.test.ts^[[2m > ^[[22m^[[2mBotRunner^[[2m > ^[[22m^[[2mdoes not decrease isolated leverage on an existing position when starting
validate-code / unit-tests (test:unit)	UNKNOWN STEP	2026-10-09T00:06:30.9146758Z ^[[22m^[[39m[BotRunner] Auto-adopted orphan BTC position for bot BTC Simple Buy/Sell (buy 0.25 @ 100).
validate-code / unit-tests (test:unit)	UNKNOWN STEP	2026-10-09T00:06:30.9147993Z 
validate-code / unit-tests (test:unit)	UNKNOWN STEP	2026-10-09T00:06:30.9816548Z  ^[[32m✓^[[39m electron/services/bot-runner.test.ts ^[[2m(^[[22m^[[2m12 tests^[[22m^[[2m)^[[22m^[[32m 108^[[2mms^[[22m^[[39m
validate-code / unit-tests (test:unit)	UNKNOWN STEP	2026-10-09T00:06:35.7277463Z  ^[[32m✓^[[39m src/features/perpetuals/order/components/OrderBook/OrderBook.test.tsx ^[[2m(^[[22m^[[2m36 tests^[[22m^[[2m)^[[22m^[[33m 1466^[[2mms^[[22m^[[39m
validate-code / unit-tests (test:unit)	UNKNOWN STEP	2026-10-09T00:06:40.1121303Z ^[[90mstderr^[[2m | src/features/perpetuals/order/components/OrderPage/OrderPage.test.tsx^[[2m > ^[[22m^[[2mOrderPage^[[2m > ^[[22m^[[2mrenders the header data when the symbol is present in the API response
validate-code / unit-tests (test:unit)	UNKNOWN STEP	2026-10-09T00:06:40.1123785Z ^[[22m^[[39mReceived `true` for a non-boolean attribute `unoptimized`.
validate-code / unit-tests (test:unit)	UNKNOWN STEP	2026-10-09T00:06:40.1125307Z 
validate-code / unit-tests (test:unit)	UNKNOWN STEP	2026-10-09T00:06:40.1126489Z If you want to write it to the DOM, pass a string instead: unoptimized="true" or unoptimized=***value.toString()***.
validate-code / unit-tests (test:unit)	UNKNOWN STEP	2026-10-09T00:06:40.1127589Z 
validate-code / unit-tests (test:unit)	UNKNOWN STEP	2026-10-09T00:06:41.8091688Z ^[[90mstderr^[[2m | src/features/perpetuals/order/components/OrderPage/OrderPage.test.tsx^[[2m > ^[[22m^[[2mOrderPageLayout - Tab Synchronization^[[2m > ^[[22m^[[2mpasses a chart-selected price to the order form
validate-code / unit-tests (test:unit)	UNKNOWN STEP	2026-10-09T00:06:41.8095161Z ^[[22m^[[39m[MSW] Warning: intercepted a request without a matching request handler:
validate-code / unit-tests (test:unit)	UNKNOWN STEP	2026-10-09T00:06:41.8096206Z 
validate-code / unit-tests (test:unit)	UNKNOWN STEP	2026-10-09T00:06:41.8096895Z   • GET wss://api.hyperliquid.xyz/ws
validate-code / unit-tests (test:unit)	UNKNOWN STEP	2026-10-09T00:06:41.8097605Z 
validate-code / unit-tests (test:unit)	UNKNOWN STEP	2026-10-09T00:06:41.8098628Z If you still wish to intercept this unhandled request, please create a request handler for it.
validate-code / unit-tests (test:unit)	UNKNOWN STEP	2026-10-09T00:06:41.8100501Z Read more: https://mswjs.io/docs/http/intercepting-requests
validate-code / unit-tests (test:unit)	UNKNOWN STEP	2026-10-09T00:06:41.8101355Z 
validate-code / unit-tests (test:unit)	UNKNOWN STEP	2026-10-09T00:06:41.8509068Z ^[[90mstderr^[[2m | src/features/perpetuals/order/components/OrderPage/OrderPage.test.tsx^[[2m > ^[[22m^[[2mOrderPageLayout - Tab Synchronization^[[2m > ^[[22m^[[2mpasses a chart-selected price to the order form
validate-code / unit-tests (test:unit)	UNKNOWN STEP	2026-10-09T00:06:41.8512805Z ^[[22m^[[39m[MSW] Warning: intercepted a request without a matching request handler:
validate-code / unit-tests (test:unit)	UNKNOWN STEP	2026-10-09T00:06:41.8513687Z 
validate-code / unit-tests (test:unit)	UNKNOWN STEP	2026-10-09T00:06:41.8514381Z   • GET https://api.hyperliquid.xyz/ws
validate-code / unit-tests (test:unit)	UNKNOWN STEP	2026-10-09T00:06:41.8514988Z 
validate-code / unit-tests (test:unit)	UNKNOWN STEP	2026-10-09T00:06:41.8515905Z If you still wish to intercept this unhandled request, please create a request handler for it.
validate-code / unit-tests (test:unit)	UNKNOWN STEP	2026-10-09T00:06:41.8517345Z Read more: https://mswjs.io/docs/http/intercepting-requests
validate-code / unit-tests (test:unit)	UNKNOWN STEP	2026-10-09T00:06:41.8518157Z 
validate-code / unit-tests (test:unit)	UNKNOWN STEP	2026-10-09T00:06:45.0905082Z  ^[[32m✓^[[39m src/features/perpetuals/order/components/OrderPage/OrderPage.test.tsx ^[[2m(^[[22m^[[2m20 tests^[[22m^[[2m)^[[22m^[[33m 5013^[[2mms^[[22m^[[39m
validate-code / unit-tests (test:unit)	UNKNOWN STEP	2026-10-09T00:06:45.0907652Z    ^[[33m^[[2m✓^[[22m^[[39m OrderPage^[[2m > ^[[22mrenders the header data when the symbol is present in the API response ^[[33m 332^[[2mms^[[22m^[[39m
validate-code / unit-tests (test:unit)	UNKNOWN STEP	2026-10-09T00:06:45.0909915Z    ^[[33m^[[2m✓^[[22m^[[39m OrderPage^[[2m > ^[[22mopens the markets drawer from the header market selector ^[[33m 1101^[[2mms^[[22m^[[39m
validate-code / unit-tests (test:unit)	UNKNOWN STEP	2026-10-09T00:06:45.0912751Z    ^[[33m^[[2m✓^[[22m^[[39m OrderPageLayout - Tab Synchronization^[[2m > ^[[22mrenders orders, positions, and holdings tabs in bot strategy mode for the selected bot ^[[33m 636^[[2mms^[[22m^[[39m
validate-code / unit-tests (test:unit)	UNKNOWN STEP	2026-10-09T00:06:45.0915428Z    ^[[33m^[[2m✓^[[22m^[[39m OrderPageLayout - Tab Synchronization^[[2m > ^[[22msets smallViewportTab to chart when transitioning from small to large ^[[33m 340^[[2mms^[[22m^[[39m
validate-code / unit-tests (test:unit)	UNKNOWN STEP	2026-10-09T00:06:47.6021760Z  ^[[32m✓^[[39m src/features/perpetuals/queries/submit-order-mutation.test.tsx ^[[2m(^[[22m^[[2m26 tests^[[22m^[[2m)^[[22m^[[32m 273^[[2mms^[[22m^[[39m
validate-code / unit-tests (test:unit)	UNKNOWN STEP	2026-10-09T00:06:51.2281372Z  ^[[31m❯^[[39m src/features/perpetuals/queries/live-orders-query.test.tsx ^[[2m(^[[22m^[[2m23 tests^[[22m^[[2m | ^[[22m^[[31m1 failed^[[39m^[[2m)^[[22m^[[33m 2341^[[2mms^[[22m^[[39m
validate-code / unit-tests (test:unit)	UNKNOWN STEP	2026-10-09T00:06:51.2283968Z    ^[[32m✓^[[39m useLiveOrders^[[2m > ^[[22mdisabled state^[[2m > ^[[22mreturns empty orders when enabled is false^[[32m 23^[[2mms^[[22m^[[39m
validate-code / unit-tests (test:unit)	UNKNOWN STEP	2026-10-09T00:06:51.2287899Z    ^[[32m✓^[[39m useLiveOrders^[[2m > ^[[22mdisabled state^[[2m > ^[[22mreturns empty orders when userAddress is empty^[[32m 2^[[2mms^[[22m^[[39m
validate-code / unit-tests (test:unit)	UNKNOWN STEP	2026-10-09T00:06:51.2290449Z    ^[[32m✓^[[39m useLiveOrders^[[2m > ^[[22mdisabled state^[[2m > ^[[22mdoes not subscribe when disabled^[[32m 2^[[2mms^[[22m^[[39m
validate-code / unit-tests (test:unit)	UNKNOWN STEP	2026-10-09T00:06:51.2292844Z    ^[[32m✓^[[39m useLiveOrders^[[2m > ^[[22msubscription management^[[2m > ^[[22msubscribes with correct parameters when enabled^[[32m 6^[[2mms^[[22m^[[39m
validate-code / unit-tests (test:unit)	UNKNOWN STEP	2026-10-09T00:06:51.2295351Z    ^[[32m✓^[[39m useLiveOrders^[[2m > ^[[22msubscription management^[[2m > ^[[22mpasses undefined throttleMs when not specified^[[32m 2^[[2mms^[[22m^[[39m
validate-code / unit-tests (test:unit)	UNKNOWN STEP	2026-10-09T00:06:51.2306027Z    ^[[32m✓^[[39m useLiveOrders^[[2m > ^[[22msubscription management^[[2m > ^[[22munsubscribes on unmount^[[32m 2^[[2mms^[[22m^[[39m
validate-code / unit-tests (test:unit)	UNKNOWN STEP	2026-10-09T00:06:51.2307960Z    ^[[32m✓^[[39m useLiveOrders^[[2m > ^[[22msubscription management^[[2m > ^[[22mresubscribes when userAddress changes^[[32m 4^[[2mms^[[22m^[[39m
validate-code / unit-tests (test:unit)	UNKNOWN STEP	2026-10-09T00:06:51.2310452Z    ^[[32m✓^[[39m useLiveOrders^[[2m > ^[[22mconnection and error states^[[2m > ^[[22msets isConnected to true when receiving valid orders^[[32m 54^[[2mms^[[22m^[[39m
validate-code / unit-tests (test:unit)	UNKNOWN STEP	2026-10-09T00:06:51.2313076Z    ^[[32m✓^[[39m useLiveOrders^[[2m > ^[[22mconnection and error states^[[2m > ^[[22mdoes not set isError when WebSocket fails but REST succeeds^[[32m 10^[[2mms^[[22m^[[39m
validate-code / unit-tests (test:unit)	UNKNOWN STEP	2026-10-09T00:06:51.2331913Z    ^[[32m✓^[[39m useLiveOrders^[[2m > ^[[22mconnection and error states^[[2m > ^[[22msets isError to true when WebSocket and REST both fail^[[32m 54^[[2mms^[[22m^[[39m
validate-code / unit-tests (test:unit)	UNKNOWN STEP	2026-10-09T00:06:51.2336686Z    ^[[32m✓^[[39m useLiveOrders^[[2m > ^[[22mconnection and error states^[[2m > ^[[22muses REST orders when WebSocket has not connected^[[32m 54^[[2mms^[[22m^[[39m
validate-code / unit-tests (test:unit)	UNKNOWN STEP	2026-10-09T00:06:51.2342063Z    ^[[32m✓^[[39m useLiveOrders^[[2m > ^[[22mconnection and error states^[[2m > ^[[22mkeeps REST orders when the first WebSocket snapshot is empty^[[32m 53^[[2mms^[[22m^[[39m
validate-code / unit-tests (test:unit)	UNKNOWN STEP	2026-10-09T00:06:51.2344555Z    ^[[33m^[[2m✓^[[22m^[[39m useLiveOrders^[[2m > ^[[22mconnection and error states^[[2m > ^[[22mrecovers from error state when receiving valid orders ^[[33m 361^[[2mms^[[22m^[[39m
validate-code / unit-tests (test:unit)	UNKNOWN STEP	2026-10-09T00:06:51.2361655Z    ^[[32m✓^[[39m useLiveOrders^[[2m > ^[[22mloading states^[[2m > ^[[22mshows isInitialLoading when not connected and no data^[[32m 3^[[2mms^[[22m^[[39m
validate-code / unit-tests (test:unit)	UNKNOWN STEP	2026-10-09T00:06:51.2381392Z    ^[[32m✓^[[39m useLiveOrders^[[2m > ^[[22mloading states^[[2m > ^[[22mhides isInitialLoading when connected^[[32m 154^[[2mms^[[22m^[[39m
validate-code / unit-tests (test:unit)	UNKNOWN STEP	2026-10-09T00:06:51.2401602Z    ^[[32m✓^[[39m useLiveOrders^[[2m > ^[[22morder filtering^[[2m > ^[[22mreturns all orders when hideTpSl is false^[[32m 154^[[2mms^[[22m^[[39m
validate-code / unit-tests (test:unit)	UNKNOWN STEP	2026-10-09T00:06:51.2421700Z    ^[[32m✓^[[39m useLiveOrders^[[2m > ^[[22morder filtering^[[2m > ^[[22mfilters out position-attached TP/SL when hideTpSl is true^[[32m 56^[[2mms^[[22m^[[39m
validate-code / unit-tests (test:unit)	UNKNOWN STEP	2026-10-09T00:06:51.2441713Z    ^[[32m✓^[[39m useLiveOrders^[[2m > ^[[22morder filtering^[[2m > ^[[22mhandles orders without detailedOrderType when filtering^[[32m 156^[[2mms^[[22m^[[39m
validate-code / unit-tests (test:unit)	UNKNOWN STEP	2026-10-09T00:06:51.2447528Z    ^[[32m✓^[[39m useLiveOrders^[[2m > ^[[22mcaching behavior^[[2m > ^[[22mreads data from React Query cache when WebSocket updates arrive^[[32m 104^[[2mms^[[22m^[[39m
validate-code / unit-tests (test:unit)	UNKNOWN STEP	2026-10-09T00:06:51.2449804Z    ^[[32m✓^[[39m useLiveOrders^[[2m > ^[[22mcaching behavior^[[2m > ^[[22mreturns empty array before WebSocket delivers data^[[32m 4^[[2mms^[[22m^[[39m
validate-code / unit-tests (test:unit)	UNKNOWN STEP	2026-10-09T00:06:51.2452254Z    ^[[32m✓^[[39m useLiveOrders^[[2m > ^[[22mcaching behavior^[[2m > ^[[22muses pre-existing cache when subscribing^[[32m 3^[[2mms^[[22m^[[39m
validate-code / unit-tests (test:unit)	UNKNOWN STEP	2026-10-09T00:06:51.2458758Z    ^[[32m✓^[[39m useLiveOrders^[[2m > ^[[22mstate reset on disable^[[2m > ^[[22mresets connection state when becoming disabled^[[32m 54^[[2mms^[[22m^[[39m
validate-code / unit-tests (test:unit)	UNKNOWN STEP	2026-10-09T00:06:51.2461474Z ^[[31m   ^[[31m×^[[31m useLiveOrders^[[2m > ^[[22mstate reset on disable^[[2m > ^[[22mresets error state when becoming disabled^[[39m^[[33m 1018^[[2mms^[[22m^[[39m
validate-code / unit-tests (test:unit)	UNKNOWN STEP	2026-10-09T00:06:51.2463158Z ^[[31m     → expected false to be true // Object.is equality
validate-code / unit-tests (test:unit)	UNKNOWN STEP	2026-10-09T00:06:51.2463810Z 
validate-code / unit-tests (test:unit)	UNKNOWN STEP	2026-10-09T00:06:51.2464312Z Ignored nodes: comments, script, style
validate-code / unit-tests (test:unit)	UNKNOWN STEP	2026-10-09T00:06:51.2465091Z ^[[36m<html>^[[31m
validate-code / unit-tests (test:unit)	UNKNOWN STEP	2026-10-09T00:06:51.2465751Z   ^[[36m<head />^[[31m
validate-code / unit-tests (test:unit)	UNKNOWN STEP	2026-10-09T00:06:51.2466449Z   ^[[36m<body>^[[31m
validate-code / unit-tests (test:unit)	UNKNOWN STEP	2026-10-09T00:06:51.2467100Z     ^[[36m<div />^[[31m
validate-code / unit-tests (test:unit)	UNKNOWN STEP	2026-10-09T00:06:51.2467751Z   ^[[36m</body>^[[31m
validate-code / unit-tests (test:unit)	UNKNOWN STEP	2026-10-09T00:06:51.2468434Z ^[[36m</html>^[[31m^[[39m
validate-code / unit-tests (test:unit)	UNKNOWN STEP	2026-10-09T00:06:55.5880912Z  ^[[32m✓^[[39m src/components/ui/Table/Table.test.tsx ^[[2m(^[[22m^[[2m21 tests^[[22m^[[2m)^[[22m^[[33m 1658^[[2mms^[[22m^[[39m
validate-code / unit-tests (test:unit)	UNKNOWN STEP	2026-10-09T00:07:01.0884293Z  ^[[32m✓^[[39m src/features/perpetuals/order/components/OrderBook/OrderBookFilters.test.tsx ^[[2m(^[[22m^[[2m24 tests^[[22m^[[2m)^[[22m^[[33m 2745^[[2mms^[[22m^[[39m
validate-code / unit-tests (test:unit)	UNKNOWN STEP	2026-10-09T00:07:03.6312909Z  ^[[32m✓^[[39m src/features/perpetuals/queries/close-position-mutation.test.tsx ^[[2m(^[[22m^[[2m16 tests^[[22m^[[2m)^[[22m^[[32m 250^[[2mms^[[22m^[[39m
validate-code / unit-tests (test:unit)	UNKNOWN STEP	2026-10-09T00:07:05.7646192Z ^[[90mstderr^[[2m | src/features/perpetuals/infra/perps-controller/controller-host.test.ts^[[2m > ^[[22m^[[2mPerpsControllerHost^[[2m > ^[[22m^[[2mretries prepareTradingWallet while it is not ready
validate-code / unit-tests (test:unit)	UNKNOWN STEP	2026-10-09T00:07:05.7651085Z ^[[22m^[[39m[perps] prepareTradingWallet not ready: ^[[90mundefined^[[39m
validate-code / unit-tests (test:unit)	UNKNOWN STEP	2026-10-09T00:07:05.7652637Z 
validate-code / unit-tests (test:unit)	UNKNOWN STEP	2026-10-09T00:07:05.7654700Z ^[[90mstderr^[[2m | src/features/perpetuals/infra/perps-controller/controller-host.test.ts^[[2m > ^[[22m^[[2mPerpsControllerHost^[[2m > ^[[22m^[[2mretries prepareTradingWallet while it is not ready
validate-code / unit-tests (test:unit)	UNKNOWN STEP	2026-10-09T00:07:05.7657000Z ^[[22m^[[39m[perps] prepareTradingWallet not ready: ^[[90mundefined^[[39m
validate-code / unit-tests (test:unit)	UNKNOWN STEP	2026-10-09T00:07:05.7658040Z 
validate-code / unit-tests (test:unit)	UNKNOWN STEP	2026-10-09T00:07:05.8785177Z  ^[[32m✓^[[39m src/features/perpetuals/infra/perps-controller/controller-host.test.ts ^[[2m(^[[22m^[[2m19 tests^[[22m^[[2m)^[[22m^[[32m 48^[[2mms^[[22m^[[39m
validate-code / unit-tests (test:unit)	UNKNOWN STEP	2026-10-09T00:07:11.0487000Z  ^[[32m✓^[[39m src/components/layout/HeaderNav.test.tsx ^[[2m(^[[22m^[[2m27 tests^[[22m^[[2m)^[[22m^[[33m 2373^[[2mms^[[22m^[[39m
validate-code / unit-tests (test:unit)	UNKNOWN STEP	2026-10-09T00:07:12.7675841Z  ^[[32m✓^[[39m src/core/clients/rewards-api/RewardsApiClient.test.ts ^[[2m(^[[22m^[[2m34 tests^[[22m^[[2m)^[[22m^[[33m 537^[[2mms^[[22m^[[39m
validate-code / unit-tests (test:unit)	UNKNOWN STEP	2026-10-09T00:07:15.6110574Z  ^[[32m✓^[[39m src/components/ui/Modal/Modal.test.tsx ^[[2m(^[[22m^[[2m25 tests^[[22m^[[2m)^[[22m^[[33m 1096^[[2mms^[[22m^[[39m
validate-code / unit-tests (test:unit)	UNKNOWN STEP	2026-10-09T00:07:18.1010897Z  ^[[32m✓^[[39m src/features/perpetuals/queries/live-trades-query.test.tsx ^[[2m(^[[22m^[[2m20 tests^[[22m^[[2m)^[[22m^[[32m 133^[[2mms^[[22m^[[39m
validate-code / unit-tests (test:unit)	UNKNOWN STEP	2026-10-09T00:07:22.3826447Z  ^[[32m✓^[[39m src/features/perpetuals/order/components/UserPositions/CurrentPosition.test.tsx ^[[2m(^[[22m^[[2m27 tests^[[22m^[[2m)^[[22m^[[33m 1382^[[2mms^[[22m^[[39m
validate-code / unit-tests (test:unit)	UNKNOWN STEP	2026-10-09T00:07:26.3935428Z  ^[[32m✓^[[39m src/components/ui/Tooltip/Tooltip.test.tsx ^[[2m(^[[22m^[[2m19 tests^[[22m^[[2m)^[[22m^[[33m 1370^[[2mms^[[22m^[[39m
validate-code / unit-tests (test:unit)	UNKNOWN STEP	2026-10-09T00:07:29.9482677Z  ^[[32m✓^[[39m src/features/perpetuals/order/components/OrderForm/OrderFormInner/OrderFormInner.test.tsx ^[[2m(^[[22m^[[2m21 tests^[[22m^[[2m)^[[22m^[[33m 907^[[2mms^[[22m^[[39m
validate-code / unit-tests (test:unit)	UNKNOWN STEP	2026-10-09T00:07:32.1886000Z  ^[[32m✓^[[39m src/features/charting/components/TradingViewChart/TradingViewChart.test.tsx ^[[2m(^[[22m^[[2m15 tests^[[22m^[[2m | ^[[22m^[[33m7 skipped^[[39m^[[2m)^[[22m^[[32m 196^[[2mms^[[22m^[[39m
validate-code / unit-tests (test:unit)	UNKNOWN STEP	2026-10-09T00:07:34.5938477Z  ^[[32m✓^[[39m src/features/perpetuals/queries/live-orderbook-query.test.tsx ^[[2m(^[[22m^[[2m15 tests^[[22m^[[2m)^[[22m^[[32m 106^[[2mms^[[22m^[[39m
validate-code / unit-tests (test:unit)	UNKNOWN STEP	2026-10-09T00:07:35.7508270Z  ^[[32m✓^[[39m src/features/perpetuals/infra/hyperliquid/market-data/aggregation.test.ts ^[[2m(^[[22m^[[2m51 tests^[[22m^[[2m)^[[22m^[[32m 19^[[2mms^[[22m^[[39m
validate-code / unit-tests (test:unit)	UNKNOWN STEP	2026-10-09T00:07:39.3649732Z  ^[[32m✓^[[39m src/features/perpetuals/order/components/OrderForm/OrderFormEditors/OrderFormEditors.test.tsx ^[[2m(^[[22m^[[2m25 tests^[[22m^[[2m)^[[22m^[[33m 879^[[2mms^[[22m^[[39m
validate-code / unit-tests (test:unit)	UNKNOWN STEP	2026-10-09T00:07:42.6433876Z  ^[[32m✓^[[39m src/features/perpetuals/order/components/PaneErrorBoundary/PaneErrorBoundary.test.tsx ^[[2m(^[[22m^[[2m15 tests^[[22m^[[2m)^[[22m^[[33m 739^[[2mms^[[22m^[[39m
validate-code / unit-tests (test:unit)	UNKNOWN STEP	2026-10-09T00:07:43.9229556Z  ^[[32m✓^[[39m electron/services/bot-store.test.ts ^[[2m(^[[22m^[[2m5 tests^[[22m^[[2m)^[[22m^[[32m 12^[[2mms^[[22m^[[39m
validate-code / unit-tests (test:unit)	UNKNOWN STEP	2026-10-09T00:07:45.0724418Z  ^[[32m✓^[[39m src/features/charting/overlays/ChartOverlayManager.test.ts ^[[2m(^[[22m^[[2m7 tests^[[22m^[[2m)^[[22m^[[32m 20^[[2mms^[[22m^[[39m
validate-code / unit-tests (test:unit)	UNKNOWN STEP	2026-10-09T00:07:48.8649334Z  ^[[32m✓^[[39m src/features/perpetuals/order/components/BotStrategyPanel/BotStrategyPanel.test.tsx ^[[2m(^[[22m^[[2m7 tests^[[22m^[[2m)^[[22m^[[33m 1086^[[2mms^[[22m^[[39m
validate-code / unit-tests (test:unit)	UNKNOWN STEP	2026-10-09T00:07:48.8650942Z    ^[[33m^[[2m✓^[[22m^[[39m BotStrategyPanel^[[2m > ^[[22mshows a delete action in the overflow menu ^[[33m 372^[[2mms^[[22m^[[39m
validate-code / unit-tests (test:unit)	UNKNOWN STEP	2026-10-09T00:07:52.0908718Z  ^[[32m✓^[[39m src/features/bots/components/StrategyConfigurator/StrategyConfigurator.test.tsx ^[[2m(^[[22m^[[2m10 tests^[[22m^[[2m)^[[22m^[[33m 1440^[[2mms^[[22m^[[39m
validate-code / unit-tests (test:unit)	UNKNOWN STEP	2026-10-09T00:07:55.8918307Z  ^[[32m✓^[[39m src/features/perpetuals/order/components/OrderForm/AmountInput/AmountInput.test.tsx ^[[2m(^[[22m^[[2m19 tests^[[22m^[[2m)^[[22m^[[33m 1006^[[2mms^[[22m^[[39m
validate-code / unit-tests (test:unit)	UNKNOWN STEP	2026-10-09T00:07:59.6386558Z  ^[[32m✓^[[39m src/features/perpetuals/order/components/UserPositions/LimitOrders.test.tsx ^[[2m(^[[22m^[[2m18 tests^[[22m^[[2m)^[[22m^[[33m 993^[[2mms^[[22m^[[39m
validate-code / unit-tests (test:unit)	UNKNOWN STEP	2026-10-09T00:08:02.2082659Z  ^[[32m✓^[[39m src/features/perpetuals/queries/live-positions-query.test.tsx ^[[2m(^[[22m^[[2m14 tests^[[22m^[[2m)^[[22m^[[33m 373^[[2mms^[[22m^[[39m
validate-code / unit-tests (test:unit)	UNKNOWN STEP	2026-10-09T00:08:05.7737741Z  ^[[32m✓^[[39m src/components/ButtonToggle/ButtonToggle.test.tsx ^[[2m(^[[22m^[[2m18 tests^[[22m^[[2m)^[[22m^[[33m 890^[[2mms^[[22m^[[39m
validate-code / unit-tests (test:unit)	UNKNOWN STEP	2026-10-09T00:08:06.8646022Z ^[[90mstderr^[[2m | src/features/perpetuals/infra/hyperliquid/market-data/trades.test.ts^[[2m > ^[[22m^[[2madaptRecentTradesResponse^[[2m > ^[[22m^[[2mmalformed data handling^[[2m > ^[[22m^[[2mskips trades with invalid price (NaN)
validate-code / unit-tests (test:unit)	UNKNOWN STEP	2026-10-09T00:08:06.8663225Z ^[[22m^[[39mSkipping malformed trade: ***"coin":"BTC","side":"B","px":"not-a-number","sz":"1.5","time":1234567890,"hash":"0xabc123","tid":1,"users":["0xmaker","0xtaker"]***
validate-code / unit-tests (test:unit)	UNKNOWN STEP	2026-10-09T00:08:06.8673024Z 
validate-code / unit-tests (test:unit)	UNKNOWN STEP	2026-10-09T00:08:06.8675390Z ^[[90mstderr^[[2m | src/features/perpetuals/infra/hyperliquid/market-data/trades.test.ts^[[2m > ^[[22m^[[2madaptRecentTradesResponse^[[2m > ^[[22m^[[2mmalformed data handling^[[2m > ^[[22m^[[2mskips trades with zero price
validate-code / unit-tests (test:unit)	UNKNOWN STEP	2026-10-09T00:08:06.8678804Z ^[[22m^[[39mSkipping malformed trade: ***"coin":"BTC","side":"B","px":"0","sz":"1.5","time":1234567890,"hash":"0xabc123","tid":1,"users":["0xmaker","0xtaker"]***
validate-code / unit-tests (test:unit)	UNKNOWN STEP	2026-10-09T00:08:06.8681933Z 
validate-code / unit-tests (test:unit)	UNKNOWN STEP	2026-10-09T00:08:06.8684432Z ^[[90mstderr^[[2m | src/features/perpetuals/infra/hyperliquid/market-data/trades.test.ts^[[2m > ^[[22m^[[2madaptRecentTradesResponse^[[2m > ^[[22m^[[2mmalformed data handling^[[2m > ^[[22m^[[2mskips trades with negative price
validate-code / unit-tests (test:unit)	UNKNOWN STEP	2026-10-09T00:08:06.8689128Z ^[[22m^[[39mSkipping malformed trade: ***"coin":"BTC","side":"B","px":"-100","sz":"1.5","time":1234567890,"hash":"0xabc123","tid":1,"users":["0xmaker","0xtaker"]***
validate-code / unit-tests (test:unit)	UNKNOWN STEP	2026-10-09T00:08:06.8690745Z 
validate-code / unit-tests (test:unit)	UNKNOWN STEP	2026-10-09T00:08:06.8693110Z ^[[90mstderr^[[2m | src/features/perpetuals/infra/hyperliquid/market-data/trades.test.ts^[[2m > ^[[22m^[[2madaptRecentTradesResponse^[[2m > ^[[22m^[[2mmalformed data handling^[[2m > ^[[22m^[[2mskips trades with invalid size (NaN)
validate-code / unit-tests (test:unit)	UNKNOWN STEP	2026-10-09T00:08:06.8696571Z ^[[22m^[[39mSkipping malformed trade: ***"coin":"BTC","side":"B","px":"50000","sz":"invalid","time":1234567890,"hash":"0xabc123","tid":1,"users":["0xmaker","0xtaker"]***
validate-code / unit-tests (test:unit)	UNKNOWN STEP	2026-10-09T00:08:06.8698009Z 
validate-code / unit-tests (test:unit)	UNKNOWN STEP	2026-10-09T00:08:06.8700568Z ^[[90mstderr^[[2m | src/features/perpetuals/infra/hyperliquid/market-data/trades.test.ts^[[2m > ^[[22m^[[2madaptRecentTradesResponse^[[2m > ^[[22m^[[2mmalformed data handling^[[2m > ^[[22m^[[2mskips trades with zero size
validate-code / unit-tests (test:unit)	UNKNOWN STEP	2026-10-09T00:08:06.8704075Z ^[[22m^[[39mSkipping malformed trade: ***"coin":"BTC","side":"B","px":"50000","sz":"0","time":1234567890,"hash":"0xabc123","tid":1,"users":["0xmaker","0xtaker"]***
validate-code / unit-tests (test:unit)	UNKNOWN STEP	2026-10-09T00:08:06.8705455Z 
validate-code / unit-tests (test:unit)	UNKNOWN STEP	2026-10-09T00:08:06.8707786Z ^[[90mstderr^[[2m | src/features/perpetuals/infra/hyperliquid/market-data/trades.test.ts^[[2m > ^[[22m^[[2madaptRecentTradesResponse^[[2m > ^[[22m^[[2mmalformed data handling^[[2m > ^[[22m^[[2mskips trades with negative size
validate-code / unit-tests (test:unit)	UNKNOWN STEP	2026-10-09T00:08:06.8711425Z ^[[22m^[[39mSkipping malformed trade: ***"coin":"BTC","side":"B","px":"50000","sz":"-1.5","time":1234567890,"hash":"0xabc123","tid":1,"users":["0xmaker","0xtaker"]***
validate-code / unit-tests (test:unit)	UNKNOWN STEP	2026-10-09T00:08:06.8712826Z 
validate-code / unit-tests (test:unit)	UNKNOWN STEP	2026-10-09T00:08:06.8715155Z ^[[90mstderr^[[2m | src/features/perpetuals/infra/hyperliquid/market-data/trades.test.ts^[[2m > ^[[22m^[[2madaptRecentTradesResponse^[[2m > ^[[22m^[[2mmalformed data handling^[[2m > ^[[22m^[[2mskips trades with invalid side
validate-code / unit-tests (test:unit)	UNKNOWN STEP	2026-10-09T00:08:06.8719802Z ^[[22m^[[39mSkipping malformed trade: ***"coin":"BTC","side":"X","px":"50000","sz":"1.5","time":1234567890,"hash":"0xabc123","tid":1,"users":["0xmaker","0xtaker"]***
validate-code / unit-tests (test:unit)	UNKNOWN STEP	2026-10-09T00:08:06.8721440Z 
validate-code / unit-tests (test:unit)	UNKNOWN STEP	2026-10-09T00:08:06.8723811Z ^[[90mstderr^[[2m | src/features/perpetuals/infra/hyperliquid/market-data/trades.test.ts^[[2m > ^[[22m^[[2madaptRecentTradesResponse^[[2m > ^[[22m^[[2mmalformed data handling^[[2m > ^[[22m^[[2mskips trades with non-numeric tid
validate-code / unit-tests (test:unit)	UNKNOWN STEP	2026-10-09T00:08:06.8727275Z ^[[22m^[[39mSkipping malformed trade: ***"coin":"BTC","side":"B","px":"50000","sz":"1.5","time":1234567890,"hash":"0xabc123","tid":"not-a-number","users":["0xmaker","0xtaker"]***
validate-code / unit-tests (test:unit)	UNKNOWN STEP	2026-10-09T00:08:06.8728727Z 
validate-code / unit-tests (test:unit)	UNKNOWN STEP	2026-10-09T00:08:06.8731430Z ^[[90mstderr^[[2m | src/features/perpetuals/infra/hyperliquid/market-data/trades.test.ts^[[2m > ^[[22m^[[2madaptRecentTradesResponse^[[2m > ^[[22m^[[2mmalformed data handling^[[2m > ^[[22m^[[2mreturns empty array when all trades are malformed
validate-code / unit-tests (test:unit)	UNKNOWN STEP	2026-10-09T00:08:06.8736552Z ^[[22m^[[39mSkipping malformed trade: ***"coin":"BTC","side":"B","px":"invalid","sz":"1.5","time":1234567890,"hash":"0xabc123","tid":1,"users":["0xmaker","0xtaker"]***
validate-code / unit-tests (test:unit)	UNKNOWN STEP	2026-10-09T00:08:06.8739082Z Skipping malformed trade: ***"coin":"BTC","side":"B","px":"50000","sz":"0","time":1234567890,"hash":"0xabc123","tid":2,"users":["0xmaker","0xtaker"]***
validate-code / unit-tests (test:unit)	UNKNOWN STEP	2026-10-09T00:08:06.8748039Z Skipping malformed trade: ***"coin":"BTC","side":"X","px":"50000","sz":"1.5","time":1234567890,"hash":"0xabc123","tid":3,"users":["0xmaker","0xtaker"]***
validate-code / unit-tests (test:unit)	UNKNOWN STEP	2026-10-09T00:08:06.8749358Z 
validate-code / unit-tests (test:unit)	UNKNOWN STEP	2026-10-09T00:08:06.8752039Z ^[[90mstderr^[[2m | src/features/perpetuals/infra/hyperliquid/market-data/trades.test.ts^[[2m > ^[[22m^[[2madaptTradesEvent^[[2m > ^[[22m^[[2mmalformed data handling^[[2m > ^[[22m^[[2mskips malformed trades gracefully
validate-code / unit-tests (test:unit)	UNKNOWN STEP	2026-10-09T00:08:06.8754944Z ^[[22m^[[39mSkipping malformed trade: ***"coin":"BTC","side":"B","px":"invalid","sz":"1.5","time":1234567890,"hash":"0xabc123","tid":1,"users":["0xmaker","0xtaker"]***
validate-code / unit-tests (test:unit)	UNKNOWN STEP	2026-10-09T00:08:06.8755993Z 
validate-code / unit-tests (test:unit)	UNKNOWN STEP	2026-10-09T00:08:06.9319431Z  ^[[32m✓^[[39m src/features/perpetuals/infra/hyperliquid/market-data/trades.test.ts ^[[2m(^[[22m^[[2m25 tests^[[22m^[[2m)^[[22m^[[32m 20^[[2mms^[[22m^[[39m
validate-code / unit-tests (test:unit)	UNKNOWN STEP	2026-10-09T00:08:10.3980584Z  ^[[32m✓^[[39m src/features/perpetuals/order/components/OrderForm/OrderFormSummary/OrderFormSummary.test.tsx ^[[2m(^[[22m^[[2m16 tests^[[22m^[[2m)^[[22m^[[33m 712^[[2mms^[[22m^[[39m
validate-code / unit-tests (test:unit)	UNKNOWN STEP	2026-10-09T00:08:15.0556785Z  ^[[32m✓^[[39m src/features/perpetuals/order/components/MarketDataTabs/MarketDataTabs.test.tsx ^[[2m(^[[22m^[[2m22 tests^[[22m^[[2m)^[[22m^[[33m 1798^[[2mms^[[22m^[[39m
validate-code / unit-tests (test:unit)	UNKNOWN STEP	2026-10-09T00:08:17.9818049Z  ^[[32m✓^[[39m src/features/perpetuals/order/hooks/use-order-bot-strategy.test.tsx ^[[2m(^[[22m^[[2m3 tests^[[22m^[[2m)^[[22m^[[32m 216^[[2mms^[[22m^[[39m
validate-code / unit-tests (test:unit)	UNKNOWN STEP	2026-10-09T00:08:22.4466333Z  ^[[32m✓^[[39m src/features/perpetuals/order/components/OrderPage/OrderPage.streaming.test.tsx ^[[2m(^[[22m^[[2m6 tests^[[22m^[[2m)^[[22m^[[33m 749^[[2mms^[[22m^[[39m
validate-code / unit-tests (test:unit)	UNKNOWN STEP	2026-10-09T00:08:23.5972644Z  ^[[32m✓^[[39m src/features/perpetuals/infra/hyperliquid/market-data/orderBook.test.ts ^[[2m(^[[22m^[[2m22 tests^[[22m^[[2m)^[[22m^[[32m 13^[[2mms^[[22m^[[39m
validate-code / unit-tests (test:unit)	UNKNOWN STEP	2026-10-09T00:08:24.7422817Z  ^[[32m✓^[[39m src/features/perpetuals/queries/live-trading-cache.test.ts ^[[2m(^[[22m^[[2m7 tests^[[22m^[[2m)^[[22m^[[32m 12^[[2mms^[[22m^[[39m
validate-code / unit-tests (test:unit)	UNKNOWN STEP	2026-10-09T00:08:27.1089044Z  ^[[32m✓^[[39m src/features/perpetuals/queries/cancel-order-mutation.test.tsx ^[[2m(^[[22m^[[2m11 tests^[[22m^[[2m)^[[22m^[[32m 187^[[2mms^[[22m^[[39m
validate-code / unit-tests (test:unit)	UNKNOWN STEP	2026-10-09T00:08:28.2459578Z  ^[[32m✓^[[39m src/features/perpetuals/infra/perps-controller/mappers.test.ts ^[[2m(^[[22m^[[2m17 tests^[[22m^[[2m)^[[22m^[[32m 13^[[2mms^[[22m^[[39m
validate-code / unit-tests (test:unit)	UNKNOWN STEP	2026-10-09T00:08:29.3894641Z  ^[[32m✓^[[39m electron/services/agentic-cli-service.test.ts ^[[2m(^[[22m^[[2m7 tests^[[22m^[[2m)^[[22m^[[32m 23^[[2mms^[[22m^[[39m
validate-code / unit-tests (test:unit)	UNKNOWN STEP	2026-10-09T00:08:32.7731167Z  ^[[32m✓^[[39m src/features/perpetuals/order/components/OrderForm/OrderFormAmountField/OrderFormAmountField.test.tsx ^[[2m(^[[22m^[[2m11 tests^[[22m^[[2m)^[[22m^[[33m 659^[[2mms^[[22m^[[39m
validate-code / unit-tests (test:unit)	UNKNOWN STEP	2026-10-09T00:08:37.1117501Z ^[[90mstderr^[[2m | src/features/perpetuals/order/components/OrderForm/OrderParametersModals/OrderFormLimitPriceEditor.test.tsx^[[2m > ^[[22m^[[2mOrderFormLimitPriceEditor^[[2m > ^[[22m^[[2mreverts price to the initial value when closing without confirming
validate-code / unit-tests (test:unit)	UNKNOWN STEP	2026-10-09T00:08:37.1125421Z ^[[22m^[[39m[MSW] Warning: intercepted a request without a matching request handler:
validate-code / unit-tests (test:unit)	UNKNOWN STEP	2026-10-09T00:08:37.1126364Z 
validate-code / unit-tests (test:unit)	UNKNOWN STEP	2026-10-09T00:08:37.1127118Z   • GET wss://api.hyperliquid.xyz/ws
validate-code / unit-tests (test:unit)	UNKNOWN STEP	2026-10-09T00:08:37.1127866Z 
validate-code / unit-tests (test:unit)	UNKNOWN STEP	2026-10-09T00:08:37.1128869Z If you still wish to intercept this unhandled request, please create a request handler for it.
validate-code / unit-tests (test:unit)	UNKNOWN STEP	2026-10-09T00:08:37.1130741Z Read more: https://mswjs.io/docs/http/intercepting-requests
validate-code / unit-tests (test:unit)	UNKNOWN STEP	2026-10-09T00:08:37.1131677Z 
validate-code / unit-tests (test:unit)	UNKNOWN STEP	2026-10-09T00:08:37.1523277Z ^[[90mstderr^[[2m | src/features/perpetuals/order/components/OrderForm/OrderParametersModals/OrderFormLimitPriceEditor.test.tsx^[[2m > ^[[22m^[[2mOrderFormLimitPriceEditor^[[2m > ^[[22m^[[2mreverts price to the initial value when closing without confirming
validate-code / unit-tests (test:unit)	UNKNOWN STEP	2026-10-09T00:08:37.1527059Z ^[[22m^[[39m[MSW] Warning: intercepted a request without a matching request handler:
validate-code / unit-tests (test:unit)	UNKNOWN STEP	2026-10-09T00:08:37.1528483Z 
validate-code / unit-tests (test:unit)	UNKNOWN STEP	2026-10-09T00:08:37.1529143Z   • GET https://api.hyperliquid.xyz/ws
validate-code / unit-tests (test:unit)	UNKNOWN STEP	2026-10-09T00:08:37.1529735Z 
validate-code / unit-tests (test:unit)	UNKNOWN STEP	2026-10-09T00:08:37.1530889Z If you still wish to intercept this unhandled request, please create a request handler for it.
validate-code / unit-tests (test:unit)	UNKNOWN STEP	2026-10-09T00:08:37.1532350Z Read more: https://mswjs.io/docs/http/intercepting-requests
validate-code / unit-tests (test:unit)	UNKNOWN STEP	2026-10-09T00:08:37.1533412Z 
validate-code / unit-tests (test:unit)	UNKNOWN STEP	2026-10-09T00:08:38.0647676Z  ^[[31m❯^[[39m src/features/perpetuals/order/components/OrderForm/OrderParametersModals/OrderFormLimitPriceEditor.test.tsx ^[[2m(^[[22m^[[2m11 tests^[[22m^[[2m | ^[[22m^[[31m2 failed^[[39m^[[2m)^[[22m^[[33m 2312^[[2mms^[[22m^[[39m
validate-code / unit-tests (test:unit)	UNKNOWN STEP	2026-10-09T00:08:38.0651416Z ^[[31m   ^[[31m×^[[31m OrderFormLimitPriceEditor^[[2m > ^[[22mpasses symbol + leverage to useLeverageMetrics^[[39m^[[32m 130^[[2mms^[[22m^[[39m
validate-code / unit-tests (test:unit)	UNKNOWN STEP	2026-10-09T00:08:38.0654367Z ^[[31m     → expected "spy" to be called with arguments: [ 'SOL', 3 ]^[[90m
validate-code / unit-tests (test:unit)	UNKNOWN STEP	2026-10-09T00:08:38.0655219Z 
validate-code / unit-tests (test:unit)	UNKNOWN STEP	2026-10-09T00:08:38.0655784Z Number of calls: ^[[1m0^[[22m
validate-code / unit-tests (test:unit)	UNKNOWN STEP	2026-10-09T00:08:38.0656605Z ^[[31m^[[39m
validate-code / unit-tests (test:unit)	UNKNOWN STEP	2026-10-09T00:08:38.0658389Z ^[[31m   ^[[31m×^[[31m OrderFormLimitPriceEditor^[[2m > ^[[22mrenders leverage metrics returned by the hook^[[39m^[[32m 70^[[2mms^[[22m^[[39m
validate-code / unit-tests (test:unit)	UNKNOWN STEP	2026-10-09T00:08:38.0661916Z ^[[31m     → Unable to find an element with the text: $123.46. This could be because the text is broken up by multiple elements. In this case, you can provide a function for your text matcher to make your matcher more flexible.
validate-code / unit-tests (test:unit)	UNKNOWN STEP	2026-10-09T00:08:38.0663536Z 
validate-code / unit-tests (test:unit)	UNKNOWN STEP	2026-10-09T00:08:38.0664046Z Ignored nodes: comments, script, style
validate-code / unit-tests (test:unit)	UNKNOWN STEP	2026-10-09T00:08:38.0664874Z ^[[36m<body>^[[31m
validate-code / unit-tests (test:unit)	UNKNOWN STEP	2026-10-09T00:08:38.0665587Z   ^[[36m<div>^[[31m
validate-code / unit-tests (test:unit)	UNKNOWN STEP	2026-10-09T00:08:38.0666277Z     ^[[36m<div^[[31m
validate-code / unit-tests (test:unit)	UNKNOWN STEP	2026-10-09T00:08:38.0667429Z       ^[[33mclass^[[31m=^[[32m"bg-alternative text-default flex flex-col gap-6 rounded-none p-6"^[[31m
validate-code / unit-tests (test:unit)	UNKNOWN STEP	2026-10-09T00:08:38.0668619Z     ^[[36m>^[[31m
validate-code / unit-tests (test:unit)	UNKNOWN STEP	2026-10-09T00:08:38.0669389Z       ^[[36m<div^[[31m
validate-code / unit-tests (test:unit)	UNKNOWN STEP	2026-10-09T00:08:38.0671092Z         ^[[33mclass^[[31m=^[[32m"rounded-md bg-alternative text-default flex flex-row justify-between items-center"^[[31m
validate-code / unit-tests (test:unit)	UNKNOWN STEP	2026-10-09T00:08:38.0672512Z       ^[[36m>^[[31m
validate-code / unit-tests (test:unit)	UNKNOWN STEP	2026-10-09T00:08:38.0673347Z         ^[[36m<div^[[31m
validate-code / unit-tests (test:unit)	UNKNOWN STEP	2026-10-09T00:08:38.0674275Z           ^[[33mclass^[[31m=^[[32m"w-6"^[[31m
validate-code / unit-tests (test:unit)	UNKNOWN STEP	2026-10-09T00:08:38.0675187Z         ^[[36m/>^[[31m
validate-code / unit-tests (test:unit)	UNKNOWN STEP	2026-10-09T00:08:38.0675972Z         ^[[0m ^[[0m
validate-code / unit-tests (test:unit)	UNKNOWN STEP	2026-10-09T00:08:38.0676796Z         ^[[36m<p^[[31m
validate-code / unit-tests (test:unit)	UNKNOWN STEP	2026-10-09T00:08:38.0679051Z           ^[[33mclass^[[31m=^[[32m"leading-s-heading-sm tracking-s-heading-sm text-default font-bold md:text-l-heading-sm md:leading-l-heading-sm md:tracking-l-heading-sm md:font-semibold"^[[31m
validate-code / unit-tests (test:unit)	UNKNOWN STEP	2026-10-09T00:08:38.0681241Z         ^[[36m>^[[31m
validate-code / unit-tests (test:unit)	UNKNOWN STEP	2026-10-09T00:08:38.0682027Z           ^[[0mSet limit price^[[0m
validate-code / unit-tests (test:unit)	UNKNOWN STEP	2026-10-09T00:08:38.0682791Z         ^[[36m</p>^[[31m
validate-code / unit-tests (test:unit)	UNKNOWN STEP	2026-10-09T00:08:38.0683479Z         ^[[36m<button^[[31m
validate-code / unit-tests (test:unit)	UNKNOWN STEP	2026-10-09T00:08:38.0684480Z           ^[[33maria-label^[[31m=^[[32m"Close parameter editor"^[[31m
validate-code / unit-tests (test:unit)	UNKNOWN STEP	2026-10-09T00:08:38.0685965Z           ^[[33mclass^[[31m=^[[32m"bg-transparent border-none p-0 cursor-pointer"^[[31m
validate-code / unit-tests (test:unit)	UNKNOWN STEP	2026-10-09T00:08:38.0687263Z           ^[[33mdata-rac^[[31m=^[[32m""^[[31m
validate-code / unit-tests (test:unit)	UNKNOWN STEP	2026-10-09T00:08:38.0688414Z           ^[[33mdata-react-aria-pressable^[[31m=^[[32m"true"^[[31m
validate-code / unit-tests (test:unit)	UNKNOWN STEP	2026-10-09T00:08:38.0689483Z           ^[[33mid^[[31m=^[[32m"react-aria-_r_k_"^[[31m
validate-code / unit-tests (test:unit)	UNKNOWN STEP	2026-10-09T00:08:38.0690797Z           ^[[33mtabindex^[[31m=^[[32m"0"^[[31m
validate-code / unit-tests (test:unit)	UNKNOWN STEP	2026-10-09T00:08:38.0691890Z           ^[[33mtype^[[31m=^[[32m"button"^[[31m
validate-code / unit-tests (test:unit)	UNKNOWN STEP	2026-10-09T00:08:38.0692864Z         ^[[36m>^[[31m
validate-code / unit-tests (test:unit)	UNKNOWN STEP	2026-10-09T00:08:38.0693792Z           ^[[36m<close-icon^[[31m
validate-code / unit-tests (test:unit)	UNKNOWN STEP	2026-10-09T00:08:38.0694824Z             ^[[33maria-hidden^[[31m=^[[32m""^[[31m
validate-code / unit-tests (test:unit)	UNKNOWN STEP	2026-10-09T00:08:38.0696522Z             ^[[33mclass^[[31m=^[[32m"block shrink-0 self-center overflow-visible w-6 h-6 text-white icon-fill-current"^[[31m
validate-code / unit-tests (test:unit)	UNKNOWN STEP	2026-10-09T00:08:38.0698031Z             ^[[33mfocusable^[[31m=^[[32m"false"^[[31m
validate-code / unit-tests (test:unit)	UNKNOWN STEP	2026-10-09T00:08:38.0698959Z           ^[[36m/>^[[31m
validate-code / unit-tests (test:unit)	UNKNOWN STEP	2026-10-09T00:08:38.0699782Z         ^[[36m</button>^[[31m
validate-code / unit-tests (test:unit)	UNKNOWN STEP	2026-10-09T00:08:38.0703737Z       ^[[36m</div>^[[31m
validate-code / unit-tests (test:unit)	UNKNOWN STEP	2026-10-09T00:08:38.0704546Z       ^[[36m<div^[[31m
validate-code / unit-tests (test:unit)	UNKNOWN STEP	2026-10-09T00:08:38.0705883Z         ^[[33mclass^[[31m=^[[32m"rounded-md text-default flex flex-col gap-2 bg-transparent p-0"^[[31m
validate-code / unit-tests (test:unit)	UNKNOWN STEP	2026-10-09T00:08:38.0707469Z       ^[[36m>^[[31m
validate-code / unit-tests (test:unit)	UNKNOWN STEP	2026-10-09T00:08:38.0708218Z         ^[[36m<div^[[31m
validate-code / unit-tests (test:unit)	UNKNOWN STEP	2026-10-09T00:08:38.0709548Z           ^[[33mclass^[[31m=^[[32m"rounded-md text-default flex flex-row bg-section justify-between"^[[31m
validate-code / unit-tests (test:unit)	UNKNOWN STEP	2026-10-09T00:08:38.0711122Z         ^[[36m>^[[31m
validate-code / unit-tests (test:unit)	UNKNOWN STEP	2026-10-09T00:08:38.0712160Z           ^[[36m<div^[[31m
validate-code / unit-tests (test:unit)	UNKNOWN STEP	2026-10-09T00:08:38.0713299Z             ^[[33mclass^[[31m=^[[32m"react-aria-NumberField"^[[31m
validate-code / unit-tests (test:unit)	UNKNOWN STEP	2026-10-09T00:08:38.0714419Z             ^[[33mdata-rac^[[31m=^[[32m""^[[31m
validate-code / unit-tests (test:unit)	UNKNOWN STEP	2026-10-09T00:08:38.0715318Z           ^[[36m>^[[31m
validate-code / unit-tests (test:unit)	UNKNOWN STEP	2026-10-09T00:08:38.0716107Z             ^[[36m<input^[[31m
validate-code / unit-tests (test:unit)	UNKNOWN STEP	2026-10-09T00:08:38.0717133Z               ^[[33maria-label^[[31m=^[[32m"limit price"^[[31m
validate-code / unit-tests (test:unit)	UNKNOWN STEP	2026-10-09T00:08:38.0718381Z               ^[[33maria-roledescription^[[31m=^[[32m"Number field"^[[31m
validate-code / unit-tests (test:unit)	UNKNOWN STEP	2026-10-09T00:08:38.0719591Z               ^[[33mautocomplete^[[31m=^[[32m"off"^[[31m
validate-code / unit-tests (test:unit)	UNKNOWN STEP	2026-10-09T00:08:38.0721006Z               ^[[33mautocorrect^[[31m=^[[32m"off"^[[31m
validate-code / unit-tests (test:unit)	UNKNOWN STEP	2026-10-09T00:08:38.0724792Z               ^[[33mclass^[[31m=^[[32m"w-full rounded-xl bg-section text-default px-4 py-3 placeholder:text-muted outline-none transition-colors border border-muted hover:bg-input-hover data-[hovered]:bg-input-hover focus-visible:border-focus data-[invalid]:border-[--color-error-alternative] data-[disabled]:opacity-50 data-[disabled]:cursor-not-allowed"^[[31m
validate-code / unit-tests (test:unit)	UNKNOWN STEP	2026-10-09T00:08:38.0727903Z               ^[[33mdata-rac^[[31m=^[[32m""^[[31m
validate-code / unit-tests (test:unit)	UNKNOWN STEP	2026-10-09T00:08:38.0728805Z               ^[[33mid^[[31m=^[[32m"react-aria-_r_m_"^[[31m
validate-code / unit-tests (test:unit)	UNKNOWN STEP	2026-10-09T00:08:38.0729722Z               ^[[33minputmode^[[31m=^[[32m"numeric"^[[31m
validate-code / unit-tests (test:unit)	UNKNOWN STEP	2026-10-09T00:08:38.0731037Z               ^[[33mplaceholder^[[31m=^[[32m"$104,750.50"^[[31m
validate-code / unit-tests (test:unit)	UNKNOWN STEP	2026-10-09T00:08:38.0732226Z               ^[[33mspellcheck^[[31m=^[[32m"false"^[[31m
validate-code / unit-tests (test:unit)	UNKNOWN STEP	2026-10-09T00:08:38.0733332Z               ^[[33mtabindex^[[31m=^[[32m"0"^[[31m
validate-code / unit-tests (test:unit)	UNKNOWN STEP	2026-10-09T00:08:38.0734367Z               ^[[33mtitle^[[31m=^[[32m""^[[31m
validate-code / unit-tests (test:unit)	UNKNOWN STEP	2026-10-09T00:08:38.0735587Z               ^[[33mtype^[[31m=^[[32m"text"^[[31m
validate-code / unit-tests (test:unit)	UNKNOWN STEP	2026-10-09T00:08:38.0736745Z               ^[[33mvalue^[[31m=^[[32m"$104,750.50"^[[31m
validate-code / unit-tests (test:unit)	UNKNOWN STEP	2026-10-09T00:08:38.0737738Z             ^[[36m/>^[[31m
validate-code / unit-tests (test:unit)	UNKNOWN STEP	2026-10-09T00:08:38.0738681Z           ^[[36m</div>^[[31m
validate-code / unit-tests (test:unit)	UNKNOWN STEP	2026-10-09T00:08:38.0739471Z           ^[[36m<button^[[31m
validate-code / unit-tests (test:unit)	UNKNOWN STEP	2026-10-09T00:08:38.0740626Z             ^[[33maria-label^[[31m=^[[32m"Use mid price"^[[31m
validate-code / unit-tests (test:unit)	UNKNOWN STEP	2026-10-09T00:08:38.0748904Z             ^[[33mclass^[[31m=^[[32m"leading-s-body-xs tracking-s-body-xs md:text-l-body-xs md:leading-l-body-xs md:tracking-l-body-xs font-normal text-alternative bg-muted px-2 py-1 mr-3 rounded-sm my-auto cursor-pointer border-none"^[[31m
validate-code / unit-tests (test:unit)	UNKNOWN STEP	2026-10-09T00:08:38.0751364Z             ^[[33mdata-rac^[[31m=^[[32m""^[[31m
validate-code / unit-tests (test:unit)	UNKNOWN STEP	2026-10-09T00:08:38.0752451Z             ^[[33mdata-react-aria-pressable^[[31m=^[[32m"true"^[[31m
validate-code / unit-tests (test:unit)	UNKNOWN STEP	2026-10-09T00:08:38.0753459Z             ^[[33mid^[[31m=^[[32m"react-aria-_r_u_"^[[31m
validate-code / unit-tests (test:unit)	UNKNOWN STEP	2026-10-09T00:08:38.0754327Z             ^[[33mtabindex^[[31m=^[[32m"0"^[[31m
validate-code / unit-tests (test:unit)	UNKNOWN STEP	2026-10-09T00:08:38.0755150Z             ^[[33mtype^[[31m=^[[32m"button"^[[31m
validate-code / unit-tests (test:unit)	UNKNOWN STEP	2026-10-09T00:08:38.0755907Z           ^[[36m>^[[31m
validate-code / unit-tests (test:unit)	UNKNOWN STEP	2026-10-09T00:08:38.0756558Z             ^[[0mMid^[[0m
validate-code / unit-tests (test:unit)	UNKNOWN STEP	2026-10-09T00:08:38.0757255Z           ^[[36m</button>^[[31m
validate-code / unit-tests (test:unit)	UNKNOWN STEP	2026-10-09T00:08:38.0757942Z         ^[[36m</div>^[[31m
validate-code / unit-tests (test:unit)	UNKNOWN STEP	2026-10-09T00:08:38.0758589Z         ^[[36m<div^[[31m
validate-code / unit-tests (test:unit)	UNKNOWN STEP	2026-10-09T00:08:38.0759819Z           ^[[33mclass^[[31m=^[[32m"text-default grid grid-cols-3 gap-3 bg-transparent shadow-none rounded-none p-0"^[[31m
validate-code / unit-tests (test:unit)	UNKNOWN STEP	2026-10-09T00:08:38.0761174Z         ^[[36m>^[[31m
validate-code / unit-tests (test:unit)	UNKNOWN STEP	2026-10-09T00:08:38.0761803Z           ^[[36m<button^[[31m
validate-code / unit-tests (test:unit)	UNKNOWN STEP	2026-10-09T00:08:38.0767806Z             ^[[33mclass^[[31m=^[[32m"inline-flex items-center rounded-xl overflow-hidden relative outline-none duration-100 ease-linear data-[disabled]:opacity-50 data-[disabled]:cursor-not-allowed bg-muted data-[hovered]:bg-muted-hover data-[pressed]:bg-muted-pressed h-btn-md px-4 gap-2 text-s-body-md leading-s-body-md tracking-s-body-md md:text-l-body-md md:leading-l-body-md md:tracking-l-body-md font-medium justify-center transition cursor-pointer focus-visible:border-transparent focus-visible:outline focus-visible:outline-2 focus-visible:outline-white focus-visible:outline-offset-0 focus:border-transparent focus:outline focus:outline-2 focus:outline-white focus:outline-offset-0"^[[31m
validate-code / unit-tests (test:unit)	UNKNOWN STEP	2026-10-09T00:08:38.0773475Z             ^[[33mdata-rac^[[31m=^[[32m""^[[31m
validate-code / unit-tests (test:unit)	UNKNOWN STEP	2026-10-09T00:08:38.0774575Z             ^[[33mdata-react-aria-pressable^[[31m=^[[32m"true"^[[31m
validate-code / unit-tests (test:unit)	UNKNOWN STEP	2026-10-09T00:08:38.0775565Z             ^[[33mid^[[31m=^[[32m"react-aria-_r_10_"^[[31m
validate-code / unit-tests (test:unit)	UNKNOWN STEP	2026-10-09T00:08:38.0776417Z             ^[[33mtabindex^[[31m=^[[32m"0"^[[31m
validate-code / unit-tests (test:unit)	UNKNOWN STEP	2026-10-09T00:08:38.0777232Z             ^[[33mtype^[[31m=^[[32m"button"^[[31m
validate-code / unit-tests (test:unit)	UNKNOWN STEP	2026-10-09T00:08:38.0777968Z           ^[[36m>^[[31m
validate-code / unit-tests (test:unit)	UNKNOWN STEP	2026-10-09T00:08:38.0778578Z             ^[[0m-1%^[[0m
validate-code / unit-tests (test:unit)	UNKNOWN STEP	2026-10-09T00:08:38.0779212Z           ^[[36m</button>^[[31m
validate-code / unit-tests (test:unit)	UNKNOWN STEP	2026-10-09T00:08:38.0780222Z           ^[[36m<button^[[31m
validate-code / unit-tests (test:unit)	UNKNOWN STEP	2026-10-09T00:08:38.0786175Z             ^[[33mclass^[[31m=^[[32m"inline-flex items-center rounded-xl overflow-hidden relative outline-none duration-100 ease-linear data-[disabled]:opacity-50 data-[disabled]:cursor-not-allowed bg-muted data-[hovered]:bg-muted-hover data-[pressed]:bg-muted-pressed h-btn-md px-4 gap-2 text-s-body-md leading-s-body-md tracking-s-body-md md:text-l-body-md md:leading-l-body-md md:tracking-l-body-md font-medium justify-center transition cursor-pointer focus-visible:border-transparent focus-visible:outline focus-visible:outline-2 focus-visible:outline-white focus-visible:outline-offset-0 focus:border-transparent focus:outline focus:outline-2 focus:outline-white focus:outline-offset-0"^[[31m
validate-code / unit-tests (test:unit)	UNKNOWN STEP	2026-10-09T00:08:38.0791431Z             ^[[33mdata-rac^[[31m=^[[32m""^[[31m
validate-code / unit-tests (test:unit)	UNKNOWN STEP	2026-10-09T00:08:38.0792403Z             ^[[33mdata-react-aria-pressable^[[31m=^[[32m"true"^[[31m
validate-code / unit-tests (test:unit)	UNKNOWN STEP	2026-10-09T00:08:38.0793432Z             ^[[33mid^[[31m=^[[32m"react-aria-_r_12_"^[[31m
validate-code / unit-tests (test:unit)	UNKNOWN STEP	2026-10-09T00:08:38.0794313Z             ^[[33mtabindex^[[31m=^[[32m"0"^[[31m
validate-code / unit-tests (test:unit)	UNKNOWN STEP	2026-10-09T00:08:38.0795185Z             ^[[33mtype^[[31m=^[[32m"button"^[[31m
validate-code / unit-tests (test:unit)	UNKNOWN STEP	2026-10-09T00:08:38.0795931Z           ^[[36m>^[[31m
validate-code / unit-tests (test:unit)	UNKNOWN STEP	2026-10-09T00:08:38.0796548Z             ^[[0m-2%^[[0m
validate-code / unit-tests (test:unit)	UNKNOWN STEP	2026-10-09T00:08:38.0797220Z           ^[[36m</button>^[[31m
validate-code / unit-tests (test:unit)	UNKNOWN STEP	2026-10-09T00:08:38.0797872Z           ^[[36m<button^[[31m
validate-code / unit-tests (test:unit)	UNKNOWN STEP	2026-10-09T00:08:38.0804252Z             ^[[33mclass^[[31m=^[[32m"inline-flex items-center rounded-xl overflow-hidden relative outline-none duration-100 ease-linear data-[disabled]:opacity-50 data-[disabled]:cursor-not-allowed bg-muted data-[hovered]:bg-muted-hover data-[pressed]:bg-muted-pressed h-btn-md px-4 gap-2 text-s-body-md leading-s-body-md tracking-s-body-md md:text-l-body-md md:leading-l-body-md md:tracking-l-body-md font-medium justify-center transition cursor-pointer focus-visible:border-transparent focus-visible:outline focus-visible:outline-2 focus-visible:outline-white focus-visible:outline-offset-0 focus:border-transparent focus:outline focus:outline-2 focus:outline-white focus:outline-offset-0"^[[31m
validate-code / unit-tests (test:unit)	UNKNOWN STEP	2026-10-09T00:08:38.0809192Z             ^[[33mdata-rac^[[31m=^[[32m""^[[31m
validate-code / unit-tests (test:unit)	UNKNOWN STEP	2026-10-09T00:08:38.0810322Z             ^[[33mdata-react-aria-pressable^[[31m=^[[32m"true"^[[31m
validate-code / unit-tests (test:unit)	UNKNOWN STEP	2026-10-09T00:08:38.0811322Z             ^[[33mid^[[31m=^[[32m"react-aria-_r_14_"^[[31m
validate-code / unit-tests (test:unit)	UNKNOWN STEP	2026-10-09T00:08:38.0812197Z             ^[[33mtabindex^[[31m=^[[32m"0"^[[31m
validate-code / unit-tests (test:unit)	UNKNOWN STEP	2026-10-09T00:08:38.0813048Z             ^[[33mtype^[[31m=^[[32m"button"^[[31m
validate-code / unit-tests (test:unit)	UNKNOWN STEP	2026-10-09T00:08:38.0813738Z           ^[[36m>^[[31m
validate-code / unit-tests (test:unit)	UNKNOWN STEP	2026-10-09T00:08:38.0814361Z             ^[[0m-5%^[[0m
validate-code / unit-tests (test:unit)	UNKNOWN STEP	2026-10-09T00:08:38.0815027Z           ^[[36m</button>^[[31m
validate-code / unit-tests (test:unit)	UNKNOWN STEP	2026-10-09T00:08:38.0815739Z         ^[[36m</div>^[[31m
validate-code / unit-tests (test:unit)	UNKNOWN STEP	2026-10-09T00:08:38.0816404Z       ^[[36m</div>^[[31m
validate-code / unit-tests (test:unit)	UNKNOWN STEP	2026-10-09T00:08:38.0817043Z       ^[[36m<div^[[31m
validate-code / unit-tests (test:unit)	UNKNOWN STEP	2026-10-09T00:08:38.0818102Z         ^[[33mclass^[[31m=^[[32m"rounded-md bg-alternative text-default flex flex-col gap-2"^[[31m
validate-code / unit-tests (test:unit)	UNKNOWN STEP	2026-10-09T00:08:38.0819145Z       ^[[36m>^[[31m
validate-code / unit-tests (test:unit)	UNKNOWN STEP	2026-10-09T00:08:38.0819773Z         ^[[36m<div^[[31m
validate-code / unit-tests (test:unit)	UNKNOWN STEP	2026-10-09T00:08:38.0821449Z           ^[[33mclass^[[31m=^[[32m"text-default flex flex-row items-center justify-between bg-transparent shadow-none rounded-none p-0"^[[31m
validate-code / unit-tests (test:unit)	UNKNOWN STEP	2026-10-09T00:08:38.0822747Z         ^[[36m>^[[31m
validate-code / unit-tests (test:unit)	UNKNOWN STEP	2026-10-09T00:08:38.0823347Z           ^[[36m<p^[[31m
validate-code / unit-tests (test:unit)	UNKNOWN STEP	2026-10-09T00:08:38.0825380Z             ^[[33mclass^[[31m=^[[32m"leading-s-body-sm tracking-s-body-sm md:text-l-body-sm md:leading-l-body-sm md:tracking-l-body-sm font-normal text-alternative"^[[31m
validate-code / unit-tests (test:unit)	UNKNOWN STEP	2026-10-09T00:08:38.0826832Z           ^[[36m>^[[31m
validate-code / unit-tests (test:unit)	UNKNOWN STEP	2026-10-09T00:08:38.0827569Z             ^[[0mLiquidation price^[[0m
validate-code / unit-tests (test:unit)	UNKNOWN STEP	2026-10-09T00:08:38.0828589Z           ^[[36m</p>^[[31m
validate-code / unit-tests (test:unit)	UNKNOWN STEP	2026-10-09T00:08:38.0829263Z           ^[[36m<div^[[31m
validate-code / unit-tests (test:unit)	UNKNOWN STEP	2026-10-09T00:08:38.0831395Z             ^[[33mclass^[[31m=^[[32m"rounded-md bg-alternative leading-s-body-sm tracking-s-body-sm md:text-l-body-sm md:leading-l-body-sm md:tracking-l-body-sm font-normal text-alternative"^[[31m
validate-code / unit-tests (test:unit)	UNKNOWN STEP	2026-10-09T00:08:38.0833031Z           ^[[36m>^[[31m
validate-code / unit-tests (test:unit)	UNKNOWN STEP	2026-10-09T00:08:38.0833874Z             ^[[36m<div^[[31m
validate-code / unit-tests (test:unit)	UNKNOWN STEP	2026-10-09T00:08:38.0834900Z               ^[[33mclass^[[31m=^[[32m"rounded-lg skeleton-gradient animate-pulse h-6 w-16"^[[31m
validate-code / unit-tests (test:unit)	UNKNOWN STEP	2026-10-09T00:08:38.0835860Z             ^[[36m/>^[[31m
validate-code / unit-tests (test:unit)	UNKNOWN STEP	2026-10-09T00:08:38.0836473Z           ^[[36m</div>^[[31m
validate-code / unit-tests (test:unit)	UNKNOWN STEP	2026-10-09T00:08:38.0837139Z         ^[[36m</div>^[[31m
validate-code / unit-tests (test:unit)	UNKNOWN STEP	2026-10-09T00:08:38.0837838Z         ^[[36m<div^[[31m
validate-code / unit-tests (test:unit)	UNKNOWN STEP	2026-10-09T00:08:38.0839113Z           ^[[33mclass^[[31m=^[[32m"text-default flex flex-row items-center justify-between bg-transparent shadow-none rounded-none p-0"^[[31m
validate-code / unit-tests (test:unit)	UNKNOWN STEP	2026-10-09T00:08:38.0840520Z         ^[[36m>^[[31m
validate-code / unit-tests (test:unit)	UNKNOWN STEP	2026-10-09T00:08:38.0841096Z           ^[[36m<p^[[31m
validate-code / unit-tests (test:unit)	UNKNOWN STEP	2026-10-09T00:08:38.0842647Z             ^[[33mclass^[[31m=^[[32m"leading-s-body-sm tracking-s-body-sm md:text-l-body-sm md:leading-l-body-sm md:tracking-l-body-sm font-normal text-alternative"^[[31m
validate-code / unit-tests (test:unit)	UNKNOWN STEP	2026-10-09T00:08:38.0844039Z           ^[[36m>^[[31m
validate-code / unit-tests (test:unit)	UNKNOWN STEP	2026-10-09T00:08:38.0844655Z             ^[[0mCurrent price^[[0m
validate-code / unit-tests (test:unit)	UNKNOWN STEP	2026-10-09T00:08:38.0845335Z           ^[[36m</p>^[[31m
validate-code / unit-tests (test:unit)	UNKNOWN STEP	2026-10-09T00:08:38.0845962Z           ^[[36m<div^[[31m
validate-code / unit-tests (test:unit)	UNKNOWN STEP	2026-10-09T00:08:38.0847781Z             ^[[33mclass^[[31m=^[[32m"rounded-md bg-alternative leading-s-body-sm tracking-s-body-sm md:text-l-body-sm md:leading-l-body-sm md:tracking-l-body-sm font-normal text-alternative"^[[31m
validate-code / unit-tests (test:unit)	UNKNOWN STEP	2026-10-09T00:08:38.0849301Z           ^[[36m>^[[31m
validate-code / unit-tests (test:unit)	UNKNOWN STEP	2026-10-09T00:08:38.0849891Z             ^[[36m<div^[[31m
validate-code / unit-tests (test:unit)	UNKNOWN STEP	2026-10-09T00:08:38.0851161Z               ^[[33mclass^[[31m=^[[32m"rounded-lg skeleton-gradient animate-pulse h-6 w-16"^[[31m
validate-code / unit-tests (test:unit)	UNKNOWN STEP	2026-10-09T00:08:38.0852115Z             ^[[36m/>^[[31m
validate-code / unit-tests (test:unit)	UNKNOWN STEP	2026-10-09T00:08:38.0852710Z           ^[[36m</div>^[[31m
validate-code / unit-tests (test:unit)	UNKNOWN STEP	2026-10-09T00:08:38.0853312Z         ^[[36m</div>^[[31m
validate-code / unit-tests (test:unit)	UNKNOWN STEP	2026-10-09T00:08:38.0853891Z       ^[[36m</div>^[[31m
validate-code / unit-tests (test:unit)	UNKNOWN STEP	2026-10-09T00:08:38.0854461Z       ^[[36m<div^[[31m
validate-code / unit-tests (test:unit)	UNKNOWN STEP	2026-10-09T00:08:38.0855606Z         ^[[33mclass^[[31m=^[[32m"text-default flex flex-col bg-transparent shadow-none rounded-none p-0 gap-3"^[[31m
validate-code / unit-tests (test:unit)	UNKNOWN STEP	2026-10-09T00:08:38.0856722Z       ^[[36m>^[[31m
validate-code / unit-tests (test:unit)	UNKNOWN STEP	2026-10-09T00:08:38.0857299Z         ^[[36m<button^[[31m
validate-code / unit-tests (test:unit)	UNKNOWN STEP	2026-10-09T00:08:38.0862667Z           ^[[33mclass^[[31m=^[[32m"inline-flex items-center justify-center rounded-xl overflow-hidden relative outline-none transition-all duration-100 ease-linear cursor-pointer data-[disabled]:opacity-50 data-[disabled]:cursor-not-allowed focus-visible:outline-2 focus-visible:outline-[var(--color-primary-default)] focus-visible:outline-offset-2 btn-contrast data-[hovered]:bg-icon-default-hover data-[pressed]:bg-icon-default-pressed h-btn-md px-4 gap-2 text-s-body-md leading-s-body-md tracking-s-body-md md:text-l-body-md md:leading-l-body-md md:tracking-l-body-md font-medium"^[[31m
validate-code / unit-tests (test:unit)	UNKNOWN STEP	2026-10-09T00:08:38.0866662Z           ^[[33mdata-rac^[[31m=^[[32m""^[[31m
validate-code / unit-tests (test:unit)	UNKNOWN STEP	2026-10-09T00:08:38.0867558Z           ^[[33mdata-react-aria-pressable^[[31m=^[[32m"true"^[[31m
validate-code / unit-tests (test:unit)	UNKNOWN STEP	2026-10-09T00:08:38.0868480Z           ^[[33mid^[[31m=^[[32m"react-aria-_r_16_"^[[31m
validate-code / unit-tests (test:unit)	UNKNOWN STEP	2026-10-09T00:08:38.0869275Z           ^[[33mtabindex^[[31m=^[[32m"0"^[[31m
validate-code / unit-tests (test:unit)	UNKNOWN STEP	2026-10-09T00:08:38.0870233Z           ^[[33mtype^[[31m=^[[32m"button"^[[31m
validate-code / unit-tests (test:unit)	UNKNOWN STEP	2026-10-09T00:08:38.0870949Z         ^[[36m>^[[31m
validate-code / unit-tests (test:unit)	UNKNOWN STEP	2026-10-09T00:08:38.0871526Z           ^[[0mSet^[[0m
validate-code / unit-tests (test:unit)	UNKNOWN STEP	2026-10-09T00:08:38.0872122Z         ^[[36m</button>^[[31m
validate-code / unit-tests (test:unit)	UNKNOWN STEP	2026-10-09T00:08:38.0872746Z       ^[[36m</div>^[[31m
validate-code / unit-tests (test:unit)	UNKNOWN STEP	2026-10-09T00:08:38.0873335Z     ^[[36m</div>^[[31m
validate-code / unit-tests (test:unit)	UNKNOWN STEP	2026-10-09T00:08:38.0873910Z   ^[[36m</div>^[[31m
validate-code / unit-tests (test:unit)	UNKNOWN STEP	2026-10-09T00:08:38.0874891Z ^[[36m</body>^[[31m^[[39m
validate-code / unit-tests (test:unit)	UNKNOWN STEP	2026-10-09T00:08:38.0876298Z    ^[[33m^[[2m✓^[[22m^[[39m OrderFormLimitPriceEditor^[[2m > ^[[22mapplies selected percentage to the mid price ^[[33m 980^[[2mms^[[22m^[[39m
validate-code / unit-tests (test:unit)	UNKNOWN STEP	2026-10-09T00:08:38.0878299Z    ^[[32m✓^[[39m OrderFormLimitPriceEditor^[[2m > ^[[22mapplies poitive percentage to the mid price when shorting^[[32m 156^[[2mms^[[22m^[[39m
validate-code / unit-tests (test:unit)	UNKNOWN STEP	2026-10-09T00:08:38.0880749Z    ^[[32m✓^[[39m OrderFormLimitPriceEditor^[[2m > ^[[22mignores percentage buttons when price is not set^[[32m 99^[[2mms^[[22m^[[39m
validate-code / unit-tests (test:unit)	UNKNOWN STEP	2026-10-09T00:08:38.0882824Z    ^[[32m✓^[[39m OrderFormLimitPriceEditor^[[2m > ^[[22mreverts price to the initial value when closing without confirming^[[32m 201^[[2mms^[[22m^[[39m
validate-code / unit-tests (test:unit)	UNKNOWN STEP	2026-10-09T00:08:38.0884687Z    ^[[32m✓^[[39m OrderFormLimitPriceEditor^[[2m > ^[[22mkeeps the updated price when confirming^[[32m 165^[[2mms^[[22m^[[39m
validate-code / unit-tests (test:unit)	UNKNOWN STEP	2026-10-09T00:08:38.0886400Z    ^[[32m✓^[[39m OrderFormLimitPriceEditor^[[2m > ^[[22mapplies the mid price when Mid is clicked^[[32m 143^[[2mms^[[22m^[[39m
validate-code / unit-tests (test:unit)	UNKNOWN STEP	2026-10-09T00:08:38.0888362Z    ^[[32m✓^[[39m OrderFormLimitPriceEditor^[[2m > ^[[22mupdates the editor when the form price changes from the order book^[[32m 122^[[2mms^[[22m^[[39m
validate-code / unit-tests (test:unit)	UNKNOWN STEP	2026-10-09T00:08:38.0890492Z    ^[[32m✓^[[39m OrderFormLimitPriceEditor^[[2m > ^[[22muses the mid price as placeholder when price is not set^[[32m 34^[[2mms^[[22m^[[39m
validate-code / unit-tests (test:unit)	UNKNOWN STEP	2026-10-09T00:08:38.0892333Z    ^[[32m✓^[[39m OrderFormLimitPriceEditor^[[2m > ^[[22mallows manual price entry before confirmation^[[32m 194^[[2mms^[[22m^[[39m
validate-code / unit-tests (test:unit)	UNKNOWN STEP	2026-10-09T00:08:39.3154260Z  ^[[32m✓^[[39m electron/strategies/simple-buy-sell.test.ts ^[[2m(^[[22m^[[2m11 tests^[[22m^[[2m)^[[22m^[[32m 14^[[2mms^[[22m^[[39m
validate-code / unit-tests (test:unit)	UNKNOWN STEP	2026-10-09T00:08:43.2557505Z  ^[[32m✓^[[39m src/features/perpetuals/order/components/OrderForm/OrderParametersModals/OrderFormLeverageEditor.test.tsx ^[[2m(^[[22m^[[2m10 tests^[[22m^[[2m)^[[22m^[[33m 1111^[[2mms^[[22m^[[39m
validate-code / unit-tests (test:unit)	UNKNOWN STEP	2026-10-09T00:08:47.2562133Z  ^[[32m✓^[[39m src/features/perpetuals/order/components/OrderForm/OrderFormManualPanel/OrderFormManualPanel.test.tsx ^[[2m(^[[22m^[[2m11 tests^[[22m^[[2m)^[[22m^[[33m 1074^[[2mms^[[22m^[[39m
validate-code / unit-tests (test:unit)	UNKNOWN STEP	2026-10-09T00:08:49.9857992Z  ^[[32m✓^[[39m src/features/perpetuals/queries/live-prices-query.test.tsx ^[[2m(^[[22m^[[2m11 tests^[[22m^[[2m)^[[22m^[[32m 133^[[2mms^[[22m^[[39m
validate-code / unit-tests (test:unit)	UNKNOWN STEP	2026-10-09T00:08:51.1804537Z  ^[[32m✓^[[39m src/features/perpetuals/infra/PerpsProviderRegistry.test.ts ^[[2m(^[[22m^[[2m17 tests^[[22m^[[2m)^[[22m^[[32m 17^[[2mms^[[22m^[[39m
validate-code / unit-tests (test:unit)	UNKNOWN STEP	2026-10-09T00:08:55.4636363Z  ^[[32m✓^[[39m src/features/tokens/components/TokenDetailView/TokenDetailView.test.tsx ^[[2m(^[[22m^[[2m8 tests^[[22m^[[2m)^[[22m^[[33m 995^[[2mms^[[22m^[[39m
validate-code / unit-tests (test:unit)	UNKNOWN STEP	2026-10-09T00:08:56.6253267Z  ^[[32m✓^[[39m src/features/bots/utils/simple-buy-sell-defaults.test.ts ^[[2m(^[[22m^[[2m10 tests^[[22m^[[2m)^[[22m^[[32m 12^[[2mms^[[22m^[[39m
validate-code / unit-tests (test:unit)	UNKNOWN STEP	2026-10-09T00:08:59.9921449Z  ^[[32m✓^[[39m src/features/perpetuals/order/components/UserPositions/OtherPositions.test.tsx ^[[2m(^[[22m^[[2m11 tests^[[22m^[[2m)^[[22m^[[33m 599^[[2mms^[[22m^[[39m
validate-code / unit-tests (test:unit)	UNKNOWN STEP	2026-10-09T00:09:03.8394414Z  ^[[32m✓^[[39m src/features/perpetuals/order/components/OrderBook/stacked/OrderBookLevelsStacked.test.tsx ^[[2m(^[[22m^[[2m12 tests^[[22m^[[2m)^[[22m^[[33m 906^[[2mms^[[22m^[[39m
validate-code / unit-tests (test:unit)	UNKNOWN STEP	2026-10-09T00:09:06.3422076Z  ^[[32m✓^[[39m src/features/perpetuals/infra/perps-controller/ControllerPerpsProvider.agent-refusal.test.ts ^[[2m(^[[22m^[[2m3 tests^[[22m^[[2m)^[[22m^[[33m 946^[[2mms^[[22m^[[39m
validate-code / unit-tests (test:unit)	UNKNOWN STEP	2026-10-09T00:09:09.8346930Z  ^[[32m✓^[[39m src/features/perpetuals/order/components/OrderBook/OrderBookRow.test.tsx ^[[2m(^[[22m^[[2m16 tests^[[22m^[[2m)^[[22m^[[33m 773^[[2mms^[[22m^[[39m
validate-code / unit-tests (test:unit)	UNKNOWN STEP	2026-10-09T00:09:13.9479512Z  ^[[32m✓^[[39m src/features/perpetuals/order/components/OrderForm/OrderParametersModals/OrderFormAutoCloseEditor.test.tsx ^[[2m(^[[22m^[[2m7 tests^[[22m^[[2m)^[[22m^[[33m 1343^[[2mms^[[22m^[[39m
validate-code / unit-tests (test:unit)	UNKNOWN STEP	2026-10-09T00:09:13.9483333Z    ^[[33m^[[2m✓^[[22m^[[39m OrderFormAutoCloseEditor^[[2m > ^[[22mapplies quick percentage buttons based on the live market price ^[[33m 404^[[2mms^[[22m^[[39m
validate-code / unit-tests (test:unit)	UNKNOWN STEP	2026-10-09T00:09:15.1637203Z  ^[[32m✓^[[39m electron/services/mm-perps-executor.test.ts ^[[2m(^[[22m^[[2m7 tests^[[22m^[[2m)^[[22m^[[32m 67^[[2mms^[[22m^[[39m
validate-code / unit-tests (test:unit)	UNKNOWN STEP	2026-10-09T00:09:16.4591222Z  ^[[32m✓^[[39m src/features/perpetuals/order/components/OrderBook/useOrderBookLayout.test.ts ^[[2m(^[[22m^[[2m14 tests^[[22m^[[2m)^[[22m^[[32m 50^[[2mms^[[22m^[[39m
validate-code / unit-tests (test:unit)	UNKNOWN STEP	2026-10-09T00:09:19.7408287Z  ^[[32m✓^[[39m src/features/portfolio/components/PortfolioBreakdown/PortfolioBreakdown.test.tsx ^[[2m(^[[22m^[[2m6 tests^[[22m^[[2m)^[[22m^[[33m 410^[[2mms^[[22m^[[39m
validate-code / unit-tests (test:unit)	UNKNOWN STEP	2026-10-09T00:09:26.6571899Z  ^[[32m✓^[[39m src/features/perpetuals/components/MarketsDrawer/MarketsDrawer.test.tsx ^[[2m(^[[22m^[[2m9 tests^[[22m^[[2m)^[[22m^[[33m 4138^[[2mms^[[22m^[[39m
validate-code / unit-tests (test:unit)	UNKNOWN STEP	2026-10-09T00:09:26.6574212Z    ^[[33m^[[2m✓^[[22m^[[39m MarketsDrawer^[[2m > ^[[22mopens with search focused, tabs, sort options and markets by volume ^[[33m 563^[[2mms^[[22m^[[39m
validate-code / unit-tests (test:unit)	UNKNOWN STEP	2026-10-09T00:09:26.6587391Z    ^[[33m^[[2m✓^[[22m^[[39m MarketsDrawer^[[2m > ^[[22mfilters by search and sorts by top movers ^[[33m 550^[[2mms^[[22m^[[39m
validate-code / unit-tests (test:unit)	UNKNOWN STEP	2026-10-09T00:09:26.6589801Z    ^[[33m^[[2m✓^[[22m^[[39m MarketsDrawer^[[2m > ^[[22mshows losers only on the Losers tab ^[[33m 327^[[2mms^[[22m^[[39m
validate-code / unit-tests (test:unit)	UNKNOWN STEP	2026-10-09T00:09:26.6611513Z    ^[[33m^[[2m✓^[[22m^[[39m MarketsDrawer^[[2m > ^[[22mkeeps starred markets in a persisted watchlist ^[[33m 912^[[2mms^[[22m^[[39m
validate-code / unit-tests (test:unit)	UNKNOWN STEP	2026-10-09T00:09:26.6631464Z    ^[[33m^[[2m✓^[[22m^[[39m MarketsDrawer^[[2m > ^[[22mswitches market client-side and closes on select ^[[33m 322^[[2mms^[[22m^[[39m
validate-code / unit-tests (test:unit)	UNKNOWN STEP	2026-10-09T00:09:26.6651476Z    ^[[33m^[[2m✓^[[22m^[[39m MarketsDrawer^[[2m > ^[[22mcloses from the close button and with Escape ^[[33m 482^[[2mms^[[22m^[[39m
validate-code / unit-tests (test:unit)	UNKNOWN STEP	2026-10-09T00:09:26.6671381Z    ^[[33m^[[2m✓^[[22m^[[39m MarketsDrawer^[[2m > ^[[22mhas no accessibility violations ^[[33m 617^[[2mms^[[22m^[[39m
validate-code / unit-tests (test:unit)	UNKNOWN STEP	2026-10-09T00:09:29.3607742Z ^[[90mstderr^[[2m | src/features/perpetuals/infra/perps-controller/controller-host.console.test.ts^[[2m > ^[[22m^[[2mPerpsControllerHost with the real controller^[[2m > ^[[22m^[[2mplaces an order without the controller logging an error
validate-code / unit-tests (test:unit)	UNKNOWN STEP	2026-10-09T00:09:29.3611035Z ^[[22m^[[39m[MSW] Warning: intercepted a request without a matching request handler:
validate-code / unit-tests (test:unit)	UNKNOWN STEP	2026-10-09T00:09:29.3611950Z 
validate-code / unit-tests (test:unit)	UNKNOWN STEP	2026-10-09T00:09:29.3612597Z   • GET wss://api.hyperliquid-testnet.xyz/ws
validate-code / unit-tests (test:unit)	UNKNOWN STEP	2026-10-09T00:09:29.3613203Z 
validate-code / unit-tests (test:unit)	UNKNOWN STEP	2026-10-09T00:09:29.3614088Z If you still wish to intercept this unhandled request, please create a request handler for it.
validate-code / unit-tests (test:unit)	UNKNOWN STEP	2026-10-09T00:09:29.3615622Z Read more: https://mswjs.io/docs/http/intercepting-requests
validate-code / unit-tests (test:unit)	UNKNOWN STEP	2026-10-09T00:09:29.3616464Z 
validate-code / unit-tests (test:unit)	UNKNOWN STEP	2026-10-09T00:09:29.4617959Z ^[[90mstderr^[[2m | src/features/perpetuals/infra/perps-controller/controller-host.console.test.ts^[[2m > ^[[22m^[[2mPerpsControllerHost with the real controller^[[2m > ^[[22m^[[2mplaces an order without the controller logging an error
validate-code / unit-tests (test:unit)	UNKNOWN STEP	2026-10-09T00:09:29.4622050Z ^[[22m^[[39m[MSW] Warning: intercepted a request without a matching request handler:
validate-code / unit-tests (test:unit)	UNKNOWN STEP	2026-10-09T00:09:29.4623088Z 
validate-code / unit-tests (test:unit)	UNKNOWN STEP	2026-10-09T00:09:29.4623840Z   • GET https://api.hyperliquid-testnet.xyz/ws
validate-code / unit-tests (test:unit)	UNKNOWN STEP	2026-10-09T00:09:29.4624553Z 
validate-code / unit-tests (test:unit)	UNKNOWN STEP	2026-10-09T00:09:29.4625531Z If you still wish to intercept this unhandled request, please create a request handler for it.
validate-code / unit-tests (test:unit)	UNKNOWN STEP	2026-10-09T00:09:29.4627061Z Read more: https://mswjs.io/docs/http/intercepting-requests
validate-code / unit-tests (test:unit)	UNKNOWN STEP	2026-10-09T00:09:29.4627778Z 
validate-code / unit-tests (test:unit)	UNKNOWN STEP	2026-10-09T00:09:31.0046554Z ^[[90mstderr^[[2m | src/features/perpetuals/infra/perps-controller/controller-host.console.test.ts^[[2m > ^[[22m^[[2mPerpsControllerHost with the real controller^[[2m > ^[[22m^[[2mquotes a fee preview without the controller logging an error
validate-code / unit-tests (test:unit)	UNKNOWN STEP	2026-10-09T00:09:31.0050414Z ^[[22m^[[39m[MSW] Warning: intercepted a request without a matching request handler:
validate-code / unit-tests (test:unit)	UNKNOWN STEP	2026-10-09T00:09:31.0051597Z 
validate-code / unit-tests (test:unit)	UNKNOWN STEP	2026-10-09T00:09:31.0052323Z   • GET wss://api.hyperliquid-testnet.xyz/ws
validate-code / unit-tests (test:unit)	UNKNOWN STEP	2026-10-09T00:09:31.0053068Z 
validate-code / unit-tests (test:unit)	UNKNOWN STEP	2026-10-09T00:09:31.0054063Z If you still wish to intercept this unhandled request, please create a request handler for it.
validate-code / unit-tests (test:unit)	UNKNOWN STEP	2026-10-09T00:09:31.0055574Z Read more: https://mswjs.io/docs/http/intercepting-requests
validate-code / unit-tests (test:unit)	UNKNOWN STEP	2026-10-09T00:09:31.0056368Z 
validate-code / unit-tests (test:unit)	UNKNOWN STEP	2026-10-09T00:09:31.0537022Z ^[[90mstderr^[[2m | src/features/perpetuals/infra/perps-controller/controller-host.console.test.ts^[[2m > ^[[22m^[[2mPerpsControllerHost with the real controller^[[2m > ^[[22m^[[2mquotes a fee preview without the controller logging an error
validate-code / unit-tests (test:unit)	UNKNOWN STEP	2026-10-09T00:09:31.0551633Z ^[[22m^[[39m[MSW] Warning: intercepted a request without a matching request handler:
validate-code / unit-tests (test:unit)	UNKNOWN STEP	2026-10-09T00:09:31.0553262Z 
validate-code / unit-tests (test:unit)	UNKNOWN STEP	2026-10-09T00:09:31.0553955Z   • GET https://api.hyperliquid-testnet.xyz/ws
validate-code / unit-tests (test:unit)	UNKNOWN STEP	2026-10-09T00:09:31.0554434Z 
validate-code / unit-tests (test:unit)	UNKNOWN STEP	2026-10-09T00:09:31.0555175Z If you still wish to intercept this unhandled request, please create a request handler for it.
validate-code / unit-tests (test:unit)	UNKNOWN STEP	2026-10-09T00:09:31.0556369Z Read more: https://mswjs.io/docs/http/intercepting-requests
validate-code / unit-tests (test:unit)	UNKNOWN STEP	2026-10-09T00:09:31.0556896Z 
validate-code / unit-tests (test:unit)	UNKNOWN STEP	2026-10-09T00:09:32.2537803Z ^[[90mstderr^[[2m | src/features/perpetuals/infra/perps-controller/controller-host.console.test.ts^[[2m > ^[[22m^[[2mPerpsControllerHost with the real controller^[[2m > ^[[22m^[[2manswers a venue refusal of the agent as this order's own KEYRING_LOCKED and drops the agent
validate-code / unit-tests (test:unit)	UNKNOWN STEP	2026-10-09T00:09:32.2541951Z ^[[22m^[[39m[MSW] Warning: intercepted a request without a matching request handler:
validate-code / unit-tests (test:unit)	UNKNOWN STEP	2026-10-09T00:09:32.2542927Z 
validate-code / unit-tests (test:unit)	UNKNOWN STEP	2026-10-09T00:09:32.2543613Z   • GET wss://api.hyperliquid-testnet.xyz/ws
validate-code / unit-tests (test:unit)	UNKNOWN STEP	2026-10-09T00:09:32.2544290Z 
validate-code / unit-tests (test:unit)	UNKNOWN STEP	2026-10-09T00:09:32.2545240Z If you still wish to intercept this unhandled request, please create a request handler for it.
validate-code / unit-tests (test:unit)	UNKNOWN STEP	2026-10-09T00:09:32.2546709Z Read more: https://mswjs.io/docs/http/intercepting-requests
validate-code / unit-tests (test:unit)	UNKNOWN STEP	2026-10-09T00:09:32.2547553Z 
validate-code / unit-tests (test:unit)	UNKNOWN STEP	2026-10-09T00:09:32.2920511Z ^[[90mstderr^[[2m | src/features/perpetuals/infra/perps-controller/controller-host.console.test.ts^[[2m > ^[[22m^[[2mPerpsControllerHost with the real controller^[[2m > ^[[22m^[[2manswers a venue refusal of the agent as this order's own KEYRING_LOCKED and drops the agent
validate-code / unit-tests (test:unit)	UNKNOWN STEP	2026-10-09T00:09:32.2930866Z ^[[22m^[[39m[MSW] Warning: intercepted a request without a matching request handler:
validate-code / unit-tests (test:unit)	UNKNOWN STEP	2026-10-09T00:09:32.2931537Z 
validate-code / unit-tests (test:unit)	UNKNOWN STEP	2026-10-09T00:09:32.2932260Z   • GET https://api.hyperliquid-testnet.xyz/ws
validate-code / unit-tests (test:unit)	UNKNOWN STEP	2026-10-09T00:09:32.2932751Z 
validate-code / unit-tests (test:unit)	UNKNOWN STEP	2026-10-09T00:09:32.2933412Z If you still wish to intercept this unhandled request, please create a request handler for it.
validate-code / unit-tests (test:unit)	UNKNOWN STEP	2026-10-09T00:09:32.2934141Z Read more: https://mswjs.io/docs/http/intercepting-requests
validate-code / unit-tests (test:unit)	UNKNOWN STEP	2026-10-09T00:09:32.2934612Z 
validate-code / unit-tests (test:unit)	UNKNOWN STEP	2026-10-09T00:09:33.6492964Z ^[[90mstderr^[[2m | src/features/perpetuals/infra/perps-controller/controller-host.console.test.ts^[[2m > ^[[22m^[[2mPerpsControllerHost with the real controller^[[2m > ^[[22m^[[2mreports a successful mainnet order without a sign-in token quietly
validate-code / unit-tests (test:unit)	UNKNOWN STEP	2026-10-09T00:09:33.6495839Z ^[[22m^[[39m[MSW] Warning: intercepted a request without a matching request handler:
validate-code / unit-tests (test:unit)	UNKNOWN STEP	2026-10-09T00:09:33.6496655Z 
validate-code / unit-tests (test:unit)	UNKNOWN STEP	2026-10-09T00:09:33.6497178Z   • GET wss://api.hyperliquid.xyz/ws
validate-code / unit-tests (test:unit)	UNKNOWN STEP	2026-10-09T00:09:33.6497722Z 
validate-code / unit-tests (test:unit)	UNKNOWN STEP	2026-10-09T00:09:33.6498563Z If you still wish to intercept this unhandled request, please create a request handler for it.
validate-code / unit-tests (test:unit)	UNKNOWN STEP	2026-10-09T00:09:33.6500194Z Read more: https://mswjs.io/docs/http/intercepting-requests
validate-code / unit-tests (test:unit)	UNKNOWN STEP	2026-10-09T00:09:33.6500962Z 
validate-code / unit-tests (test:unit)	UNKNOWN STEP	2026-10-09T00:09:33.6860481Z ^[[90mstderr^[[2m | src/features/perpetuals/infra/perps-controller/controller-host.console.test.ts^[[2m > ^[[22m^[[2mPerpsControllerHost with the real controller^[[2m > ^[[22m^[[2mreports a successful mainnet order without a sign-in token quietly
validate-code / unit-tests (test:unit)	UNKNOWN STEP	2026-10-09T00:09:33.6863174Z ^[[22m^[[39m[MSW] Warning: intercepted a request without a matching request handler:
validate-code / unit-tests (test:unit)	UNKNOWN STEP	2026-10-09T00:09:33.6864020Z 
validate-code / unit-tests (test:unit)	UNKNOWN STEP	2026-10-09T00:09:33.6864565Z   • GET https://api.hyperliquid.xyz/ws
validate-code / unit-tests (test:unit)	UNKNOWN STEP	2026-10-09T00:09:33.6865100Z 
validate-code / unit-tests (test:unit)	UNKNOWN STEP	2026-10-09T00:09:33.6865928Z If you still wish to intercept this unhandled request, please create a request handler for it.
validate-code / unit-tests (test:unit)	UNKNOWN STEP	2026-10-09T00:09:33.6867253Z Read more: https://mswjs.io/docs/http/intercepting-requests
validate-code / unit-tests (test:unit)	UNKNOWN STEP	2026-10-09T00:09:33.6867919Z 
validate-code / unit-tests (test:unit)	UNKNOWN STEP	2026-10-09T00:09:36.0804349Z  ^[[32m✓^[[39m src/features/perpetuals/infra/perps-controller/controller-host.console.test.ts ^[[2m(^[[22m^[[2m4 tests^[[22m^[[2m)^[[22m^[[33m 7146^[[2mms^[[22m^[[39m
validate-code / unit-tests (test:unit)	UNKNOWN STEP	2026-10-09T00:09:36.0807451Z    ^[[33m^[[2m✓^[[22m^[[39m PerpsControllerHost with the real controller^[[2m > ^[[22mplaces an order without the controller logging an error ^[[33m 1665^[[2mms^[[22m^[[39m
validate-code / unit-tests (test:unit)	UNKNOWN STEP	2026-10-09T00:09:36.0810796Z    ^[[33m^[[2m✓^[[22m^[[39m PerpsControllerHost with the real controller^[[2m > ^[[22mquotes a fee preview without the controller logging an error ^[[33m 1250^[[2mms^[[22m^[[39m
validate-code / unit-tests (test:unit)	UNKNOWN STEP	2026-10-09T00:09:36.0813580Z    ^[[33m^[[2m✓^[[22m^[[39m PerpsControllerHost with the real controller^[[2m > ^[[22manswers a venue refusal of the agent as this order's own KEYRING_LOCKED and drops the agent ^[[33m 1398^[[2mms^[[22m^[[39m
validate-code / unit-tests (test:unit)	UNKNOWN STEP	2026-10-09T00:09:36.0829232Z    ^[[33m^[[2m✓^[[22m^[[39m PerpsControllerHost with the real controller^[[2m > ^[[22mreports a successful mainnet order without a sign-in token quietly ^[[33m 2828^[[2mms^[[22m^[[39m
validate-code / unit-tests (test:unit)	UNKNOWN STEP	2026-10-09T00:09:37.2145904Z  ^[[32m✓^[[39m src/features/charting/tradingview/providers/HyperliquidTradingDataProvider.test.ts ^[[2m(^[[22m^[[2m6 tests^[[22m^[[2m)^[[22m^[[32m 14^[[2mms^[[22m^[[39m
validate-code / unit-tests (test:unit)	UNKNOWN STEP	2026-10-09T00:09:40.4517649Z  ^[[32m✓^[[39m src/features/ecosystems/components/EcosystemCard/EcosystemCard.test.tsx ^[[2m(^[[22m^[[2m14 tests^[[22m^[[2m)^[[22m^[[33m 664^[[2mms^[[22m^[[39m
validate-code / unit-tests (test:unit)	UNKNOWN STEP	2026-10-09T00:09:43.8765699Z  ^[[32m✓^[[39m src/core/hooks/useCurrency.test.tsx ^[[2m(^[[22m^[[2m15 tests^[[22m^[[2m)^[[22m^[[33m 627^[[2mms^[[22m^[[39m
validate-code / unit-tests (test:unit)	UNKNOWN STEP	2026-10-09T00:09:45.0321650Z  ^[[32m✓^[[39m src/features/perpetuals/domain/OrderBook/helpers/OrderBookLevelHelper.test.ts ^[[2m(^[[22m^[[2m19 tests^[[22m^[[2m)^[[22m^[[32m 11^[[2mms^[[22m^[[39m
validate-code / unit-tests (test:unit)	UNKNOWN STEP	2026-10-09T00:09:46.1755326Z  ^[[32m✓^[[39m src/features/charting/components/TradingViewChart/chart-order-lines.test.ts ^[[2m(^[[22m^[[2m5 tests^[[22m^[[2m)^[[22m^[[32m 13^[[2mms^[[22m^[[39m
validate-code / unit-tests (test:unit)	UNKNOWN STEP	2026-10-09T00:09:49.9390355Z  ^[[32m✓^[[39m src/features/perpetuals/components/PerpetualsTable/PerpetualsTable.test.tsx ^[[2m(^[[22m^[[2m10 tests^[[22m^[[2m)^[[22m^[[33m 1029^[[2mms^[[22m^[[39m
validate-code / unit-tests (test:unit)	UNKNOWN STEP	2026-10-09T00:09:53.3363642Z  ^[[32m✓^[[39m src/features/portfolio/components/PortfolioTotalValue/PortfolioTotalValue.test.tsx ^[[2m(^[[22m^[[2m11 tests^[[22m^[[2m)^[[22m^[[33m 613^[[2mms^[[22m^[[39m
validate-code / unit-tests (test:unit)	UNKNOWN STEP	2026-10-09T00:09:56.5095680Z  ^[[32m✓^[[39m src/features/perpetuals/order/components/Trades/Trades.test.tsx ^[[2m(^[[22m^[[2m7 tests^[[22m^[[2m)^[[22m^[[33m 383^[[2mms^[[22m^[[39m
validate-code / unit-tests (test:unit)	UNKNOWN STEP	2026-10-09T00:09:59.9095418Z  ^[[32m✓^[[39m src/features/perpetuals/order/components/OrderForm/OrderFormSubmitButton/OrderFormSubmitButton.test.tsx ^[[2m(^[[22m^[[2m14 tests^[[22m^[[2m)^[[22m^[[33m 693^[[2mms^[[22m^[[39m
validate-code / unit-tests (test:unit)	UNKNOWN STEP	2026-10-09T00:10:02.6749634Z  ^[[32m✓^[[39m src/features/ecosystems/services/ecosystem.service.test.ts ^[[2m(^[[22m^[[2m6 tests^[[22m^[[2m)^[[22m^[[32m 55^[[2mms^[[22m^[[39m
validate-code / unit-tests (test:unit)	UNKNOWN STEP	2026-10-09T00:10:03.9773229Z  ^[[32m✓^[[39m src/features/charting/components/TradingViewChart/useChartOrderLines.test.tsx ^[[2m(^[[22m^[[2m4 tests^[[22m^[[2m)^[[22m^[[32m 36^[[2mms^[[22m^[[39m
validate-code / unit-tests (test:unit)	UNKNOWN STEP	2026-10-09T00:10:07.6543757Z  ^[[32m✓^[[39m src/features/auth/components/AccountMenu.test.tsx ^[[2m(^[[22m^[[2m6 tests^[[22m^[[2m)^[[22m^[[33m 747^[[2mms^[[22m^[[39m
validate-code / unit-tests (test:unit)	UNKNOWN STEP	2026-10-09T00:10:10.6987061Z  ^[[32m✓^[[39m src/features/accounts/AccountSessionProvider.test.tsx ^[[2m(^[[22m^[[2m6 tests^[[22m^[[2m)^[[22m^[[33m 340^[[2mms^[[22m^[[39m
validate-code / unit-tests (test:unit)	UNKNOWN STEP	2026-10-09T00:10:14.5592468Z  ^[[32m✓^[[39m src/components/ui/Menu/Menu.test.tsx ^[[2m(^[[22m^[[2m8 tests^[[22m^[[2m)^[[22m^[[33m 1135^[[2mms^[[22m^[[39m
validate-code / unit-tests (test:unit)	UNKNOWN STEP	2026-10-09T00:10:14.5594268Z    ^[[33m^[[2m✓^[[22m^[[39m Menu^[[2m > ^[[22mrenders menu items ^[[33m 317^[[2mms^[[22m^[[39m
validate-code / unit-tests (test:unit)	UNKNOWN STEP	2026-10-09T00:10:17.4397847Z  ^[[32m✓^[[39m src/features/card/components/CardPage/CardPage.test.tsx ^[[2m(^[[22m^[[2m2 tests^[[22m^[[2m)^[[22m^[[32m 112^[[2mms^[[22m^[[39m
validate-code / unit-tests (test:unit)	UNKNOWN STEP	2026-10-09T00:10:20.8833213Z  ^[[32m✓^[[39m src/features/perpetuals/order/components/OrderForm/OrderParametersModals/ParameterEditor.test.tsx ^[[2m(^[[22m^[[2m12 tests^[[22m^[[2m)^[[22m^[[33m 694^[[2mms^[[22m^[[39m
validate-code / unit-tests (test:unit)	UNKNOWN STEP	2026-10-09T00:10:24.0547538Z  ^[[32m✓^[[39m src/features/explorer/components/TransactionDetailView/TransactionDetailView.test.tsx ^[[2m(^[[22m^[[2m2 tests^[[22m^[[2m)^[[22m^[[33m 446^[[2mms^[[22m^[[39m
validate-code / unit-tests (test:unit)	UNKNOWN STEP	2026-10-09T00:10:24.0567319Z    ^[[33m^[[2m✓^[[22m^[[39m TransactionDetailView^[[2m > ^[[22mrenders overview, gas, transfers, and logs with Terminal table chrome ^[[33m 375^[[2mms^[[22m^[[39m
validate-code / unit-tests (test:unit)	UNKNOWN STEP	2026-10-09T00:10:27.3098059Z  ^[[32m✓^[[39m src/features/perpetuals/order/components/OrderForm/OrderFormWrapper/OrderFormWrapper.test.tsx ^[[2m(^[[22m^[[2m7 tests^[[22m^[[2m)^[[22m^[[33m 342^[[2mms^[[22m^[[39m
validate-code / unit-tests (test:unit)	UNKNOWN STEP	2026-10-09T00:10:28.8388894Z  ^[[32m✓^[[39m src/features/perpetuals/infra/perps-controller/agent-approval.test.ts ^[[2m(^[[22m^[[2m5 tests^[[22m^[[2m)^[[22m^[[32m 102^[[2mms^[[22m^[[39m
validate-code / unit-tests (test:unit)	UNKNOWN STEP	2026-10-09T00:10:33.1857152Z  ^[[32m✓^[[39m src/features/portfolio/components/AccountsPane.test.tsx ^[[2m(^[[22m^[[2m6 tests^[[22m^[[2m)^[[22m^[[33m 1248^[[2mms^[[22m^[[39m
validate-code / unit-tests (test:unit)	UNKNOWN STEP	2026-10-09T00:10:33.1859648Z    ^[[33m^[[2m✓^[[22m^[[39m AccountsPane^[[2m > ^[[22mkeeps a deselected account's sidebar balance ^[[33m 484^[[2mms^[[22m^[[39m
validate-code / unit-tests (test:unit)	UNKNOWN STEP	2026-10-09T00:10:35.4630478Z  ^[[32m✓^[[39m src/features/perpetuals/queries/modify-order-mutation.test.tsx ^[[2m(^[[22m^[[2m4 tests^[[22m^[[2m)^[[22m^[[32m 48^[[2mms^[[22m^[[39m
validate-code / unit-tests (test:unit)	UNKNOWN STEP	2026-10-09T00:10:36.7272877Z  ^[[32m✓^[[39m src/core/hooks/useViewportTier.test.ts ^[[2m(^[[22m^[[2m6 tests^[[22m^[[2m)^[[22m^[[32m 45^[[2mms^[[22m^[[39m
validate-code / unit-tests (test:unit)	UNKNOWN STEP	2026-10-09T00:10:38.8746862Z  ^[[32m✓^[[39m src/features/perpetuals/infra/perps-controller/account-signer.test.ts ^[[2m(^[[22m^[[2m6 tests^[[22m^[[2m)^[[22m^[[32m 21^[[2mms^[[22m^[[39m
validate-code / unit-tests (test:unit)	UNKNOWN STEP	2026-10-09T00:10:40.0074393Z  ^[[32m✓^[[39m electron/strategies/bollinger-band.test.ts ^[[2m(^[[22m^[[2m5 tests^[[22m^[[2m)^[[22m^[[32m 12^[[2mms^[[22m^[[39m
validate-code / unit-tests (test:unit)	UNKNOWN STEP	2026-10-09T00:10:43.4455752Z  ^[[32m✓^[[39m src/components/ui/Skeleton/Skeleton.test.tsx ^[[2m(^[[22m^[[2m19 tests^[[22m^[[2m)^[[22m^[[33m 760^[[2mms^[[22m^[[39m
validate-code / unit-tests (test:unit)	UNKNOWN STEP	2026-10-09T00:10:44.6102760Z  ^[[32m✓^[[39m electron/services/app-updater.test.ts ^[[2m(^[[22m^[[2m6 tests^[[22m^[[2m)^[[22m^[[32m 11^[[2mms^[[22m^[[39m
validate-code / unit-tests (test:unit)	UNKNOWN STEP	2026-10-09T00:10:47.2965297Z ^[[90mstderr^[[2m | src/features/tokens/components/TokenSearchBar/TokenSearchBar.test.tsx^[[2m > ^[[22m^[[2mTokenSearchBar^[[2m > ^[[22m^[[2msubmits the query to the search results page
validate-code / unit-tests (test:unit)	UNKNOWN STEP	2026-10-09T00:10:47.2982400Z ^[[22m^[[39mThe tag <search> is unrecognized in this browser. If you meant to render a React component, start its name with an uppercase letter.
validate-code / unit-tests (test:unit)	UNKNOWN STEP	2026-10-09T00:10:47.2983790Z 
validate-code / unit-tests (test:unit)	UNKNOWN STEP	2026-10-09T00:10:49.6007650Z  ^[[32m✓^[[39m src/features/tokens/components/TokenSearchBar/TokenSearchBar.test.tsx ^[[2m(^[[22m^[[2m6 tests^[[22m^[[2m)^[[22m^[[33m 2278^[[2mms^[[22m^[[39m
validate-code / unit-tests (test:unit)	UNKNOWN STEP	2026-10-09T00:10:49.6010233Z    ^[[33m^[[2m✓^[[22m^[[39m TokenSearchBar^[[2m > ^[[22mshows token results that link to network-specific pages ^[[33m 614^[[2mms^[[22m^[[39m
validate-code / unit-tests (test:unit)	UNKNOWN STEP	2026-10-09T00:10:49.6012286Z    ^[[33m^[[2m✓^[[22m^[[39m TokenSearchBar^[[2m > ^[[22mkeeps one market request alive while a zero-hit search is pending ^[[33m 586^[[2mms^[[22m^[[39m
validate-code / unit-tests (test:unit)	UNKNOWN STEP	2026-10-09T00:10:49.6014269Z    ^[[33m^[[2m✓^[[22m^[[39m TokenSearchBar^[[2m > ^[[22mstill shows markets when the focus prefetch fails ^[[33m 460^[[2mms^[[22m^[[39m
validate-code / unit-tests (test:unit)	UNKNOWN STEP	2026-10-09T00:10:49.6016161Z    ^[[33m^[[2m✓^[[22m^[[39m TokenSearchBar^[[2m > ^[[22mroutes a transaction hash to the transaction details page ^[[33m 343^[[2mms^[[22m^[[39m
validate-code / unit-tests (test:unit)	UNKNOWN STEP	2026-10-09T00:10:52.7552172Z  ^[[32m✓^[[39m src/features/card/components/CardHeroSection/CardHeroSection.test.tsx ^[[2m(^[[22m^[[2m4 tests^[[22m^[[2m)^[[22m^[[33m 384^[[2mms^[[22m^[[39m
validate-code / unit-tests (test:unit)	UNKNOWN STEP	2026-10-09T00:10:56.0139741Z  ^[[32m✓^[[39m src/features/perpetuals/order/components/OrderForm/OrderFormParameters/OrderFormParameters.test.tsx ^[[2m(^[[22m^[[2m4 tests^[[22m^[[2m)^[[22m^[[33m 529^[[2mms^[[22m^[[39m
validate-code / unit-tests (test:unit)	UNKNOWN STEP	2026-10-09T00:10:56.0142820Z    ^[[33m^[[2m✓^[[22m^[[39m OrderFormParameters^[[2m > ^[[22mcalls onOpenParameterModal with the correct parameter keys ^[[33m 336^[[2mms^[[22m^[[39m
validate-code / unit-tests (test:unit)	UNKNOWN STEP	2026-10-09T00:10:58.8752625Z  ^[[32m✓^[[39m src/features/ecosystems/components/EcosystemsNetworkPage/EcosystemsNetworkPage.test.tsx ^[[2m(^[[22m^[[2m2 tests^[[22m^[[2m)^[[22m^[[32m 203^[[2mms^[[22m^[[39m
validate-code / unit-tests (test:unit)	UNKNOWN STEP	2026-10-09T00:11:01.6744638Z  ^[[32m✓^[[39m src/features/perpetuals/order/components/UserPositions/UserPositionsWrapper.test.tsx ^[[2m(^[[22m^[[2m3 tests^[[22m^[[2m)^[[22m^[[32m 154^[[2mms^[[22m^[[39m
validate-code / unit-tests (test:unit)	UNKNOWN STEP	2026-10-09T00:11:04.2654776Z ^[[90mstderr^[[2m | src/features/perpetuals/order/components/OrderHeader/OrderHeader.integration.test.tsx^[[2m > ^[[22m^[[2mOrderHeader Integration Tests^[[2m > ^[[22m^[[2muses cached perpetuals data from trade page without refetching
validate-code / unit-tests (test:unit)	UNKNOWN STEP	2026-10-09T00:11:04.2683501Z ^[[22m^[[39mReceived `true` for a non-boolean attribute `unoptimized`.
validate-code / unit-tests (test:unit)	UNKNOWN STEP	2026-10-09T00:11:04.2684262Z 
validate-code / unit-tests (test:unit)	UNKNOWN STEP	2026-10-09T00:11:04.2685358Z If you want to write it to the DOM, pass a string instead: unoptimized="true" or unoptimized=***value.toString()***.
validate-code / unit-tests (test:unit)	UNKNOWN STEP	2026-10-09T00:11:04.2686415Z 
validate-code / unit-tests (test:unit)	UNKNOWN STEP	2026-10-09T00:11:04.4428196Z  ^[[32m✓^[[39m src/features/perpetuals/order/components/OrderHeader/OrderHeader.integration.test.tsx ^[[2m(^[[22m^[[2m3 tests^[[22m^[[2m)^[[22m^[[32m 129^[[2mms^[[22m^[[39m
validate-code / unit-tests (test:unit)	UNKNOWN STEP	2026-10-09T00:11:07.0408220Z  ^[[32m✓^[[39m src/features/card/components/HubspotForm/HubspotWaitlistModal.test.tsx ^[[2m(^[[22m^[[2m3 tests^[[22m^[[2m)^[[22m^[[33m 316^[[2mms^[[22m^[[39m
validate-code / unit-tests (test:unit)	UNKNOWN STEP	2026-10-09T00:11:08.1862671Z  ^[[32m✓^[[39m src/features/perpetuals/domain/OrderBook/helpers/OrderBookSpreadHelper.test.ts ^[[2m(^[[22m^[[2m14 tests^[[22m^[[2m)^[[22m^[[32m 11^[[2mms^[[22m^[[39m
validate-code / unit-tests (test:unit)	UNKNOWN STEP	2026-10-09T00:11:09.3091490Z  ^[[32m✓^[[39m src/features/bots/utils/bot-chart.test.ts ^[[2m(^[[22m^[[2m5 tests^[[22m^[[2m)^[[22m^[[32m 11^[[2mms^[[22m^[[39m
validate-code / unit-tests (test:unit)	UNKNOWN STEP	2026-10-09T00:11:12.2952994Z ^[[90mstderr^[[2m | src/features/perpetuals/order/components/OrderHeader/OrderHeader.test.tsx^[[2m > ^[[22m^[[2mOrderHeader^[[2m > ^[[22m^[[2mrenders the header stats when data is available
validate-code / unit-tests (test:unit)	UNKNOWN STEP	2026-10-09T00:11:12.2961264Z ^[[22m^[[39mReceived `true` for a non-boolean attribute `unoptimized`.
validate-code / unit-tests (test:unit)	UNKNOWN STEP	2026-10-09T00:11:12.2993398Z 
validate-code / unit-tests (test:unit)	UNKNOWN STEP	2026-10-09T00:11:12.2994678Z If you want to write it to the DOM, pass a string instead: unoptimized="true" or unoptimized=***value.toString()***.
validate-code / unit-tests (test:unit)	UNKNOWN STEP	2026-10-09T00:11:12.2995971Z 
validate-code / unit-tests (test:unit)	UNKNOWN STEP	2026-10-09T00:11:12.6039647Z  ^[[32m✓^[[39m src/features/perpetuals/order/components/OrderHeader/OrderHeader.test.tsx ^[[2m(^[[22m^[[2m5 tests^[[22m^[[2m)^[[22m^[[33m 378^[[2mms^[[22m^[[39m
validate-code / unit-tests (test:unit)	UNKNOWN STEP	2026-10-09T00:11:13.8892871Z  ^[[32m✓^[[39m src/features/perpetuals/order/components/OrderBook/useHasConnected.test.ts ^[[2m(^[[22m^[[2m8 tests^[[22m^[[2m)^[[22m^[[32m 33^[[2mms^[[22m^[[39m
validate-code / unit-tests (test:unit)	UNKNOWN STEP	2026-10-09T00:11:15.0412130Z  ^[[32m✓^[[39m src/features/charting/tradingview/MockTradingViewDatafeed.test.ts ^[[2m(^[[22m^[[2m5 tests^[[22m^[[2m)^[[22m^[[32m 13^[[2mms^[[22m^[[39m
validate-code / unit-tests (test:unit)	UNKNOWN STEP	2026-10-09T00:11:21.6634322Z  ^[[32m✓^[[39m src/features/trade/components/TradePage/TradePage.test.tsx ^[[2m(^[[22m^[[2m5 tests^[[22m^[[2m)^[[22m^[[33m 3778^[[2mms^[[22m^[[39m
validate-code / unit-tests (test:unit)	UNKNOWN STEP	2026-10-09T00:11:21.6636769Z    ^[[33m^[[2m✓^[[22m^[[39m TradePage^[[2m > ^[[22mrenders trending perps, discovery, and explore tokens ^[[33m 1126^[[2mms^[[22m^[[39m
validate-code / unit-tests (test:unit)	UNKNOWN STEP	2026-10-09T00:11:21.6640256Z    ^[[33m^[[2m✓^[[22m^[[39m TradePage^[[2m > ^[[22mdeep-links spot tokens to in-app token detail ^[[33m 767^[[2mms^[[22m^[[39m
validate-code / unit-tests (test:unit)	UNKNOWN STEP	2026-10-09T00:11:21.6642627Z    ^[[33m^[[2m✓^[[22m^[[39m TradePage^[[2m > ^[[22mopens a wallet swap deep link from the quick buy icon ^[[33m 726^[[2mms^[[22m^[[39m
validate-code / unit-tests (test:unit)	UNKNOWN STEP	2026-10-09T00:11:21.6644507Z    ^[[33m^[[2m✓^[[22m^[[39m TradePage^[[2m > ^[[22mnavigates trending perpetual cards to the order page ^[[33m 660^[[2mms^[[22m^[[39m
validate-code / unit-tests (test:unit)	UNKNOWN STEP	2026-10-09T00:11:21.6646387Z    ^[[33m^[[2m✓^[[22m^[[39m TradePage^[[2m > ^[[22mshows watched tokens in the first row ^[[33m 493^[[2mms^[[22m^[[39m
validate-code / unit-tests (test:unit)	UNKNOWN STEP	2026-10-09T00:11:24.5352372Z  ^[[32m✓^[[39m src/features/ecosystems/components/FeaturedSitesSection.test.tsx ^[[2m(^[[22m^[[2m2 tests^[[22m^[[2m)^[[22m^[[32m 114^[[2mms^[[22m^[[39m
validate-code / unit-tests (test:unit)	UNKNOWN STEP	2026-10-09T00:11:27.6631543Z  ^[[32m✓^[[39m src/features/explorer/components/BlockDetailView/BlockDetailView.test.tsx ^[[2m(^[[22m^[[2m3 tests^[[22m^[[2m)^[[22m^[[33m 320^[[2mms^[[22m^[[39m
validate-code / unit-tests (test:unit)	UNKNOWN STEP	2026-10-09T00:11:30.8962672Z  ^[[32m✓^[[39m src/features/tokens/components/TokenActivity/TokenActivity.test.tsx ^[[2m(^[[22m^[[2m3 tests^[[22m^[[2m)^[[22m^[[33m 491^[[2mms^[[22m^[[39m
validate-code / unit-tests (test:unit)	UNKNOWN STEP	2026-10-09T00:11:32.2604956Z  ^[[32m✓^[[39m src/features/portfolio/domain/derive-portfolio.test.ts ^[[2m(^[[22m^[[2m2 tests^[[22m^[[2m)^[[22m^[[32m 10^[[2mms^[[22m^[[39m
validate-code / unit-tests (test:unit)	UNKNOWN STEP	2026-10-09T00:11:33.3996224Z  ^[[32m✓^[[39m src/features/charting/components/TradingViewMarketChart/depthChart.test.ts ^[[2m(^[[22m^[[2m7 tests^[[22m^[[2m)^[[22m^[[32m 10^[[2mms^[[22m^[[39m
validate-code / unit-tests (test:unit)	UNKNOWN STEP	2026-10-09T00:11:34.5230539Z  ^[[32m✓^[[39m src/features/perpetuals/domain/Position/helpers/tpslFromOrders.test.ts ^[[2m(^[[22m^[[2m5 tests^[[22m^[[2m)^[[22m^[[32m 9^[[2mms^[[22m^[[39m
validate-code / unit-tests (test:unit)	UNKNOWN STEP	2026-10-09T00:11:35.6661925Z  ^[[32m✓^[[39m src/lib/throttled-callback.test.ts ^[[2m(^[[22m^[[2m10 tests^[[22m^[[2m)^[[22m^[[32m 17^[[2mms^[[22m^[[39m
validate-code / unit-tests (test:unit)	UNKNOWN STEP	2026-10-09T00:11:37.4806108Z  ^[[32m✓^[[39m src/features/perpetuals/infra/perps-controller/trigger-edit.test.ts ^[[2m(^[[22m^[[2m14 tests^[[22m^[[2m)^[[22m^[[32m 25^[[2mms^[[22m^[[39m
validate-code / unit-tests (test:unit)	UNKNOWN STEP	2026-10-09T00:11:40.7099827Z  ^[[32m✓^[[39m src/features/bots/components/TradeHistoryTable/TradeHistoryTable.test.tsx ^[[2m(^[[22m^[[2m5 tests^[[22m^[[2m)^[[22m^[[33m 494^[[2mms^[[22m^[[39m
validate-code / unit-tests (test:unit)	UNKNOWN STEP	2026-10-09T00:11:43.7357878Z  ^[[32m✓^[[39m src/features/card/components/MetalCardSection/MetalCardSection.test.tsx ^[[2m(^[[22m^[[2m3 tests^[[22m^[[2m)^[[22m^[[33m 323^[[2mms^[[22m^[[39m
validate-code / unit-tests (test:unit)	UNKNOWN STEP	2026-10-09T00:11:46.6693023Z  ^[[32m✓^[[39m src/features/ecosystems/components/ExploreSitesSection.test.tsx ^[[2m(^[[22m^[[2m2 tests^[[22m^[[2m)^[[22m^[[32m 117^[[2mms^[[22m^[[39m
validate-code / unit-tests (test:unit)	UNKNOWN STEP	2026-10-09T00:11:49.6323454Z  ^[[32m✓^[[39m src/features/card/hooks/useSupportedRegions.test.tsx ^[[2m(^[[22m^[[2m3 tests^[[22m^[[2m)^[[22m^[[32m 145^[[2mms^[[22m^[[39m
validate-code / unit-tests (test:unit)	UNKNOWN STEP	2026-10-09T00:11:52.5051875Z  ^[[32m✓^[[39m src/features/perpetuals/order/components/FeedStatus/FeedStatus.test.tsx ^[[2m(^[[22m^[[2m6 tests^[[22m^[[2m)^[[22m^[[32m 291^[[2mms^[[22m^[[39m
validate-code / unit-tests (test:unit)	UNKNOWN STEP	2026-10-09T00:11:55.4824919Z  ^[[32m✓^[[39m src/features/ecosystems/components/EventsSection.test.tsx ^[[2m(^[[22m^[[2m2 tests^[[22m^[[2m)^[[22m^[[32m 120^[[2mms^[[22m^[[39m
validate-code / unit-tests (test:unit)	UNKNOWN STEP	2026-10-09T00:11:58.3197591Z  ^[[32m✓^[[39m src/features/ecosystems/components/PremiumPartnersSection.test.tsx ^[[2m(^[[22m^[[2m2 tests^[[22m^[[2m)^[[22m^[[32m 109^[[2mms^[[22m^[[39m
validate-code / unit-tests (test:unit)	UNKNOWN STEP	2026-10-09T00:12:01.4281015Z ^[[90mstderr^[[2m | src/core/providers/client.ssr.test.tsx^[[2m > ^[[22m^[[2mAppProviders server render^[[2m > ^[[22m^[[2mdoes not carry one request's wallet connection into the next
validate-code / unit-tests (test:unit)	UNKNOWN STEP	2026-10-09T00:12:01.4284375Z ^[[22m^[[39mThe current testing environment is not configured to support act(...)
validate-code / unit-tests (test:unit)	UNKNOWN STEP	2026-10-09T00:12:01.4285941Z The current testing environment is not configured to support act(...)
validate-code / unit-tests (test:unit)	UNKNOWN STEP	2026-10-09T00:12:01.4287461Z The current testing environment is not configured to support act(...)
validate-code / unit-tests (test:unit)	UNKNOWN STEP	2026-10-09T00:12:01.4288975Z The current testing environment is not configured to support act(...)
validate-code / unit-tests (test:unit)	UNKNOWN STEP	2026-10-09T00:12:01.4290703Z The current testing environment is not configured to support act(...)
validate-code / unit-tests (test:unit)	UNKNOWN STEP	2026-10-09T00:12:01.4292177Z The current testing environment is not configured to support act(...)
validate-code / unit-tests (test:unit)	UNKNOWN STEP	2026-10-09T00:12:01.4293634Z The current testing environment is not configured to support act(...)
validate-code / unit-tests (test:unit)	UNKNOWN STEP	2026-10-09T00:12:01.4295070Z The current testing environment is not configured to support act(...)
validate-code / unit-tests (test:unit)	UNKNOWN STEP	2026-10-09T00:12:01.4296497Z The current testing environment is not configured to support act(...)
validate-code / unit-tests (test:unit)	UNKNOWN STEP	2026-10-09T00:12:01.4297935Z The current testing environment is not configured to support act(...)
validate-code / unit-tests (test:unit)	UNKNOWN STEP	2026-10-09T00:12:01.4299414Z The current testing environment is not configured to support act(...)
validate-code / unit-tests (test:unit)	UNKNOWN STEP	2026-10-09T00:12:01.4301198Z The current testing environment is not configured to support act(...)
validate-code / unit-tests (test:unit)	UNKNOWN STEP	2026-10-09T00:12:01.4302122Z 
validate-code / unit-tests (test:unit)	UNKNOWN STEP	2026-10-09T00:12:01.4329825Z ^[[90mstderr^[[2m | src/core/providers/client.ssr.test.tsx^[[2m > ^[[22m^[[2mAppProviders server render^[[2m > ^[[22m^[[2mdoes not carry one request's wallet connection into the next
validate-code / unit-tests (test:unit)	UNKNOWN STEP	2026-10-09T00:12:01.4333029Z ^[[22m^[[39mThe current testing environment is not configured to support act(...)
validate-code / unit-tests (test:unit)	UNKNOWN STEP	2026-10-09T00:12:01.4334043Z 
validate-code / unit-tests (test:unit)	UNKNOWN STEP	2026-10-09T00:12:01.5840595Z  ^[[32m✓^[[39m src/core/providers/client.ssr.test.tsx ^[[2m(^[[22m^[[2m1 test^[[22m^[[2m)^[[22m^[[32m 188^[[2mms^[[22m^[[39m
validate-code / unit-tests (test:unit)	UNKNOWN STEP	2026-10-09T00:12:02.9084063Z  ^[[32m✓^[[39m electron/services/wallet-signer.test.ts ^[[2m(^[[22m^[[2m5 tests^[[22m^[[2m)^[[22m^[[32m 9^[[2mms^[[22m^[[39m
validate-code / unit-tests (test:unit)	UNKNOWN STEP	2026-10-09T00:12:04.0248651Z  ^[[32m✓^[[39m src/core/services/featureFlag.server.test.ts ^[[2m(^[[22m^[[2m5 tests^[[22m^[[2m)^[[22m^[[32m 26^[[2mms^[[22m^[[39m
validate-code / unit-tests (test:unit)	UNKNOWN STEP	2026-10-09T00:12:05.1309781Z  ^[[32m✓^[[39m src/features/perpetuals/domain/Order/order-line.test.ts ^[[2m(^[[22m^[[2m11 tests^[[22m^[[2m)^[[22m^[[32m 10^[[2mms^[[22m^[[39m
validate-code / unit-tests (test:unit)	UNKNOWN STEP	2026-10-09T00:12:08.2867516Z  ^[[32m✓^[[39m src/features/portfolio/components/tabs/TokensTab.hyperliquid.test.tsx ^[[2m(^[[22m^[[2m3 tests^[[22m^[[2m)^[[22m^[[33m 420^[[2mms^[[22m^[[39m
validate-code / unit-tests (test:unit)	UNKNOWN STEP	2026-10-09T00:12:11.5642505Z  ^[[32m✓^[[39m src/components/ui/Popover/Popover.test.tsx ^[[2m(^[[22m^[[2m4 tests^[[22m^[[2m)^[[22m^[[33m 673^[[2mms^[[22m^[[39m
validate-code / unit-tests (test:unit)	UNKNOWN STEP	2026-10-09T00:12:11.5650939Z    ^[[33m^[[2m✓^[[22m^[[39m Popover^[[2m > ^[[22mrenders with content ^[[33m 319^[[2mms^[[22m^[[39m
validate-code / unit-tests (test:unit)	UNKNOWN STEP	2026-10-09T00:12:12.7160681Z  ^[[32m✓^[[39m src/features/accounts/other-networks.test.ts ^[[2m(^[[22m^[[2m6 tests^[[22m^[[2m)^[[22m^[[32m 13^[[2mms^[[22m^[[39m
validate-code / unit-tests (test:unit)	UNKNOWN STEP	2026-10-09T00:12:13.8733775Z  ^[[32m✓^[[39m src/features/charting/tradingview/providers/PriceApiTradingDataProvider.test.ts ^[[2m(^[[22m^[[2m2 tests^[[22m^[[2m)^[[22m^[[32m 48^[[2mms^[[22m^[[39m
validate-code / unit-tests (test:unit)	UNKNOWN STEP	2026-10-09T00:12:16.9642227Z  ^[[32m✓^[[39m src/features/perpetuals/order/components/OrderForm/OrderFormTabs/OrderFormTabs.test.tsx ^[[2m(^[[22m^[[2m5 tests^[[22m^[[2m)^[[22m^[[33m 505^[[2mms^[[22m^[[39m
validate-code / unit-tests (test:unit)	UNKNOWN STEP	2026-10-09T00:12:18.3850558Z  ^[[32m✓^[[39m src/core/shortcuts/useTradingShortcuts.test.tsx ^[[2m(^[[22m^[[2m6 tests^[[22m^[[2m)^[[22m^[[32m 52^[[2mms^[[22m^[[39m
validate-code / unit-tests (test:unit)	UNKNOWN STEP	2026-10-09T00:12:21.1243349Z  ^[[32m✓^[[39m src/features/card/components/CardGeoAvailableSection/CardGeoAvailableSection.test.tsx ^[[2m(^[[22m^[[2m2 tests^[[22m^[[2m)^[[22m^[[32m 179^[[2mms^[[22m^[[39m
validate-code / unit-tests (test:unit)	UNKNOWN STEP	2026-10-09T00:12:24.2611394Z  ^[[32m✓^[[39m src/features/perpetuals/order/components/OrderForm/OrderFormDirectionToggle/OrderFormDirectionToggle.test.tsx ^[[2m(^[[22m^[[2m3 tests^[[22m^[[2m)^[[22m^[[33m 317^[[2mms^[[22m^[[39m
validate-code / unit-tests (test:unit)	UNKNOWN STEP	2026-10-09T00:12:25.3961596Z  ^[[32m✓^[[39m src/core/integrations/launchdarkly.server.test.ts ^[[2m(^[[22m^[[2m3 tests^[[22m^[[2m)^[[22m^[[32m 17^[[2mms^[[22m^[[39m
validate-code / unit-tests (test:unit)	UNKNOWN STEP	2026-10-09T00:12:28.3926935Z  ^[[32m✓^[[39m src/components/layout/AppUpdateButton.test.tsx ^[[2m(^[[22m^[[2m4 tests^[[22m^[[2m)^[[22m^[[33m 358^[[2mms^[[22m^[[39m
validate-code / unit-tests (test:unit)	UNKNOWN STEP	2026-10-09T00:12:31.3318016Z  ^[[32m✓^[[39m src/features/ecosystems/components/NetworkSelector/NetworkSelector.test.tsx ^[[2m(^[[22m^[[2m3 tests^[[22m^[[2m)^[[22m^[[32m 249^[[2mms^[[22m^[[39m
validate-code / unit-tests (test:unit)	UNKNOWN STEP	2026-10-09T00:12:32.6751706Z  ^[[32m✓^[[39m src/features/accounts/wallet-accounts.test.ts ^[[2m(^[[22m^[[2m6 tests^[[22m^[[2m)^[[22m^[[32m 13^[[2mms^[[22m^[[39m
validate-code / unit-tests (test:unit)	UNKNOWN STEP	2026-10-09T00:12:33.7925623Z  ^[[32m✓^[[39m src/features/perpetuals/order/utils/buildOrderHeaderStats.test.ts ^[[2m(^[[22m^[[2m3 tests^[[22m^[[2m)^[[22m^[[32m 24^[[2mms^[[22m^[[39m
validate-code / unit-tests (test:unit)	UNKNOWN STEP	2026-10-09T00:12:34.9278696Z  ^[[31m❯^[[39m src/features/perpetuals/domain/Order/helpers/OrderBuilder.test.ts ^[[2m(^[[22m^[[2m6 tests^[[22m^[[2m | ^[[22m^[[31m1 failed^[[39m^[[2m)^[[22m^[[32m 17^[[2mms^[[22m^[[39m
validate-code / unit-tests (test:unit)	UNKNOWN STEP	2026-10-09T00:12:34.9281712Z ^[[31m   ^[[31m×^[[31m OrderBuilder^[[2m > ^[[22mbuilds a market order intent without price^[[39m^[[32m 10^[[2mms^[[22m^[[39m
validate-code / unit-tests (test:unit)	UNKNOWN STEP	2026-10-09T00:12:34.9284625Z ^[[31m     → expected *** symbol: 'ETH-PERP', …(14) *** to deeply equal *** symbol: 'ETH-PERP', …(8) ***^[[39m
validate-code / unit-tests (test:unit)	UNKNOWN STEP	2026-10-09T00:12:34.9286645Z    ^[[32m✓^[[39m OrderBuilder^[[2m > ^[[22mbuilds a limit order intent including price^[[32m 1^[[2mms^[[22m^[[39m
validate-code / unit-tests (test:unit)	UNKNOWN STEP	2026-10-09T00:12:34.9288378Z    ^[[32m✓^[[39m OrderBuilder^[[2m > ^[[22mthrows when amount is missing^[[32m 1^[[2mms^[[22m^[[39m
validate-code / unit-tests (test:unit)	UNKNOWN STEP	2026-10-09T00:12:34.9290251Z    ^[[32m✓^[[39m OrderBuilder^[[2m > ^[[22mthrows when amount is not positive^[[32m 0^[[2mms^[[22m^[[39m
validate-code / unit-tests (test:unit)	UNKNOWN STEP	2026-10-09T00:12:34.9291874Z    ^[[32m✓^[[39m OrderBuilder^[[2m > ^[[22mthrows when limit price is missing^[[32m 0^[[2mms^[[22m^[[39m
validate-code / unit-tests (test:unit)	UNKNOWN STEP	2026-10-09T00:12:34.9293477Z    ^[[32m✓^[[39m OrderBuilder^[[2m > ^[[22mthrows when limit price is invalid^[[32m 0^[[2mms^[[22m^[[39m
validate-code / unit-tests (test:unit)	UNKNOWN STEP	2026-10-09T00:12:36.0442589Z  ^[[32m✓^[[39m src/features/portfolio/domain/resolve-trade-market.test.ts ^[[2m(^[[22m^[[2m8 tests^[[22m^[[2m)^[[22m^[[32m 8^[[2mms^[[22m^[[39m
validate-code / unit-tests (test:unit)	UNKNOWN STEP	2026-10-09T00:12:39.0087051Z  ^[[32m✓^[[39m src/features/accounts/components/AddAccountModal.test.tsx ^[[2m(^[[22m^[[2m2 tests^[[22m^[[2m)^[[22m^[[33m 402^[[2mms^[[22m^[[39m
validate-code / unit-tests (test:unit)	UNKNOWN STEP	2026-10-09T00:12:39.0111629Z    ^[[33m^[[2m✓^[[22m^[[39m AddAccountModal^[[2m > ^[[22moffers Coinbase and Binance connect actions without writing tokens to localStorage ^[[33m 324^[[2mms^[[22m^[[39m
validate-code / unit-tests (test:unit)	UNKNOWN STEP	2026-10-09T00:12:40.2477239Z  ^[[32m✓^[[39m src/features/accounts/storage.test.ts ^[[2m(^[[22m^[[2m5 tests^[[22m^[[2m)^[[22m^[[32m 9^[[2mms^[[22m^[[39m
validate-code / unit-tests (test:unit)	UNKNOWN STEP	2026-10-09T00:12:41.5690391Z  ^[[32m✓^[[39m src/features/perpetuals/order/queries/order-queries.open-orders.test.tsx ^[[2m(^[[22m^[[2m1 test^[[22m^[[2m)^[[22m^[[32m 81^[[2mms^[[22m^[[39m
validate-code / unit-tests (test:unit)	UNKNOWN STEP	2026-10-09T00:12:42.6785648Z  ^[[32m✓^[[39m electron/services/app-update-state.test.ts ^[[2m(^[[22m^[[2m6 tests^[[22m^[[2m)^[[22m^[[32m 8^[[2mms^[[22m^[[39m
validate-code / unit-tests (test:unit)	UNKNOWN STEP	2026-10-09T00:12:46.2673484Z ^[[90mstderr^[[2m | src/features/portfolio/components/PortfolioDashboard.test.tsx^[[2m > ^[[22m^[[2mPortfolioDashboard^[[2m > ^[[22m^[[2mshows connect empty state and action buttons
validate-code / unit-tests (test:unit)	UNKNOWN STEP	2026-10-09T00:12:46.2691985Z ^[[22m^[[39mA PressResponder was rendered without a pressable child. Either call the usePress hook, or wrap your DOM node with <Pressable> component.
validate-code / unit-tests (test:unit)	UNKNOWN STEP	2026-10-09T00:12:46.2711628Z A PressResponder was rendered without a pressable child. Either call the usePress hook, or wrap your DOM node with <Pressable> component.
validate-code / unit-tests (test:unit)	UNKNOWN STEP	2026-10-09T00:12:46.2730388Z 
validate-code / unit-tests (test:unit)	UNKNOWN STEP	2026-10-09T00:12:46.5299834Z ^[[90mstderr^[[2m | src/features/portfolio/components/PortfolioDashboard.test.tsx^[[2m > ^[[22m^[[2mPortfolioDashboard^[[2m > ^[[22m^[[2mshows a unified total after a watched address is imported
validate-code / unit-tests (test:unit)	UNKNOWN STEP	2026-10-09T00:12:46.5312531Z ^[[22m^[[39mA PressResponder was rendered without a pressable child. Either call the usePress hook, or wrap your DOM node with <Pressable> component.
validate-code / unit-tests (test:unit)	UNKNOWN STEP	2026-10-09T00:12:46.5315429Z A PressResponder was rendered without a pressable child. Either call the usePress hook, or wrap your DOM node with <Pressable> component.
validate-code / unit-tests (test:unit)	UNKNOWN STEP	2026-10-09T00:12:46.5360670Z 
validate-code / unit-tests (test:unit)	UNKNOWN STEP	2026-10-09T00:12:47.3164066Z ^[[90mstderr^[[2m | src/features/portfolio/components/PortfolioDashboard.test.tsx^[[2m > ^[[22m^[[2mPortfolioDashboard^[[2m > ^[[22m^[[2mhides balances when the visibility toggle is pressed
validate-code / unit-tests (test:unit)	UNKNOWN STEP	2026-10-09T00:12:47.3166789Z ^[[22m^[[39mA PressResponder was rendered without a pressable child. Either call the usePress hook, or wrap your DOM node with <Pressable> component.
validate-code / unit-tests (test:unit)	UNKNOWN STEP	2026-10-09T00:12:47.3168833Z A PressResponder was rendered without a pressable child. Either call the usePress hook, or wrap your DOM node with <Pressable> component.
validate-code / unit-tests (test:unit)	UNKNOWN STEP	2026-10-09T00:12:47.3169768Z 
validate-code / unit-tests (test:unit)	UNKNOWN STEP	2026-10-09T00:12:48.1179775Z  ^[[32m✓^[[39m src/features/portfolio/components/PortfolioDashboard.test.tsx ^[[2m(^[[22m^[[2m3 tests^[[22m^[[2m)^[[22m^[[33m 2217^[[2mms^[[22m^[[39m
validate-code / unit-tests (test:unit)	UNKNOWN STEP	2026-10-09T00:12:48.1183959Z    ^[[33m^[[2m✓^[[22m^[[39m PortfolioDashboard^[[2m > ^[[22mshows connect empty state and action buttons ^[[33m 571^[[2mms^[[22m^[[39m
validate-code / unit-tests (test:unit)	UNKNOWN STEP	2026-10-09T00:12:48.1186745Z    ^[[33m^[[2m✓^[[22m^[[39m PortfolioDashboard^[[2m > ^[[22mshows a unified total after a watched address is imported ^[[33m 721^[[2mms^[[22m^[[39m
validate-code / unit-tests (test:unit)	UNKNOWN STEP	2026-10-09T00:12:48.1188915Z    ^[[33m^[[2m✓^[[22m^[[39m PortfolioDashboard^[[2m > ^[[22mhides balances when the visibility toggle is pressed ^[[33m 917^[[2mms^[[22m^[[39m
validate-code / unit-tests (test:unit)	UNKNOWN STEP	2026-10-09T00:12:49.2498053Z  ^[[32m✓^[[39m src/features/perpetuals/domain/select-drawer-markets.test.ts ^[[2m(^[[22m^[[2m6 tests^[[22m^[[2m)^[[22m^[[32m 8^[[2mms^[[22m^[[39m
validate-code / unit-tests (test:unit)	UNKNOWN STEP	2026-10-09T00:12:52.0794544Z  ^[[32m✓^[[39m src/features/ecosystems/components/Hero.test.tsx ^[[2m(^[[22m^[[2m2 tests^[[22m^[[2m)^[[22m^[[32m 119^[[2mms^[[22m^[[39m
validate-code / unit-tests (test:unit)	UNKNOWN STEP	2026-10-09T00:12:53.2340763Z  ^[[32m✓^[[39m src/features/ramps/ramps-client.test.ts ^[[2m(^[[22m^[[2m2 tests^[[22m^[[2m)^[[22m^[[32m 9^[[2mms^[[22m^[[39m
validate-code / unit-tests (test:unit)	UNKNOWN STEP	2026-10-09T00:12:56.2285024Z  ^[[32m✓^[[39m src/features/perpetuals/order/components/OrderForm/AmountToggleButton/AmountToggleButton.test.tsx ^[[2m(^[[22m^[[2m6 tests^[[22m^[[2m)^[[22m^[[33m 379^[[2mms^[[22m^[[39m
validate-code / unit-tests (test:unit)	UNKNOWN STEP	2026-10-09T00:12:59.1139235Z  ^[[32m✓^[[39m src/features/card/hooks/useCardData.test.tsx ^[[2m(^[[22m^[[2m4 tests^[[22m^[[2m)^[[22m^[[32m 278^[[2mms^[[22m^[[39m
validate-code / unit-tests (test:unit)	UNKNOWN STEP	2026-10-09T00:13:00.4047364Z  ^[[32m✓^[[39m src/features/portfolio/domain/derive-hyperliquid-portfolio.test.ts ^[[2m(^[[22m^[[2m2 tests^[[22m^[[2m)^[[22m^[[32m 8^[[2mms^[[22m^[[39m
validate-code / unit-tests (test:unit)	UNKNOWN STEP	2026-10-09T00:13:03.6210248Z  ^[[32m✓^[[39m src/features/send/components/TransferPage.test.tsx ^[[2m(^[[22m^[[2m2 tests^[[22m^[[2m)^[[22m^[[33m 488^[[2mms^[[22m^[[39m
validate-code / unit-tests (test:unit)	UNKNOWN STEP	2026-10-09T00:13:06.4287779Z  ^[[32m✓^[[39m src/features/card/components/HubspotForm/HubSpotScript.test.tsx ^[[2m(^[[22m^[[2m2 tests^[[22m^[[2m)^[[22m^[[32m 171^[[2mms^[[22m^[[39m
validate-code / unit-tests (test:unit)	UNKNOWN STEP	2026-10-09T00:13:07.6665471Z  ^[[32m✓^[[39m src/features/perpetuals/infra/perps-controller/PerpsControllerSession.test.tsx ^[[2m(^[[22m^[[2m4 tests^[[22m^[[2m)^[[22m^[[32m 29^[[2mms^[[22m^[[39m
validate-code / unit-tests (test:unit)	UNKNOWN STEP	2026-10-09T00:13:10.0800507Z ^[[90mstderr^[[2m | src/features/perpetuals/order/components/OrderHeader/OrderHeader.hydration.test.tsx^[[2m > ^[[22m^[[2mOrderHeader hydration^[[2m > ^[[22m^[[2mrenders the prefetched price on the server and hydrates without a mismatch
validate-code / unit-tests (test:unit)	UNKNOWN STEP	2026-10-09T00:13:10.0803331Z ^[[22m^[[39mDetected multiple renderers concurrently rendering the same context provider. This is currently unsupported.
validate-code / unit-tests (test:unit)	UNKNOWN STEP	2026-10-09T00:13:10.0833749Z Detected multiple renderers concurrently rendering the same context provider. This is currently unsupported.
validate-code / unit-tests (test:unit)	UNKNOWN STEP	2026-10-09T00:13:10.0836908Z Detected multiple renderers concurrently rendering the same context provider. This is currently unsupported.
validate-code / unit-tests (test:unit)	UNKNOWN STEP	2026-10-09T00:13:10.0841037Z Detected multiple renderers concurrently rendering the same context provider. This is currently unsupported.
validate-code / unit-tests (test:unit)	UNKNOWN STEP	2026-10-09T00:13:10.0842962Z Detected multiple renderers concurrently rendering the same context provider. This is currently unsupported.
validate-code / unit-tests (test:unit)	UNKNOWN STEP	2026-10-09T00:13:10.0861420Z Detected multiple renderers concurrently rendering the same context provider. This is currently unsupported.
validate-code / unit-tests (test:unit)	UNKNOWN STEP	2026-10-09T00:13:10.0863609Z Detected multiple renderers concurrently rendering the same context provider. This is currently unsupported.
validate-code / unit-tests (test:unit)	UNKNOWN STEP	2026-10-09T00:13:10.0887544Z Detected multiple renderers concurrently rendering the same context provider. This is currently unsupported.
validate-code / unit-tests (test:unit)	UNKNOWN STEP	2026-10-09T00:13:10.0891617Z Detected multiple renderers concurrently rendering the same context provider. This is currently unsupported.
validate-code / unit-tests (test:unit)	UNKNOWN STEP	2026-10-09T00:13:10.0893657Z Detected multiple renderers concurrently rendering the same context provider. This is currently unsupported.
validate-code / unit-tests (test:unit)	UNKNOWN STEP	2026-10-09T00:13:10.0895699Z Detected multiple renderers concurrently rendering the same context provider. This is currently unsupported.
validate-code / unit-tests (test:unit)	UNKNOWN STEP	2026-10-09T00:13:10.0897733Z Detected multiple renderers concurrently rendering the same context provider. This is currently unsupported.
validate-code / unit-tests (test:unit)	UNKNOWN STEP	2026-10-09T00:13:10.0899777Z Detected multiple renderers concurrently rendering the same context provider. This is currently unsupported.
validate-code / unit-tests (test:unit)	UNKNOWN STEP	2026-10-09T00:13:10.0902244Z Detected multiple renderers concurrently rendering the same context provider. This is currently unsupported.
validate-code / unit-tests (test:unit)	UNKNOWN STEP	2026-10-09T00:13:10.0904020Z Detected multiple renderers concurrently rendering the same context provider. This is currently unsupported.
validate-code / unit-tests (test:unit)	UNKNOWN STEP	2026-10-09T00:13:10.0905715Z Detected multiple renderers concurrently rendering the same context provider. This is currently unsupported.
validate-code / unit-tests (test:unit)	UNKNOWN STEP	2026-10-09T00:13:10.0907406Z Detected multiple renderers concurrently rendering the same context provider. This is currently unsupported.
validate-code / unit-tests (test:unit)	UNKNOWN STEP	2026-10-09T00:13:10.0909083Z Detected multiple renderers concurrently rendering the same context provider. This is currently unsupported.
validate-code / unit-tests (test:unit)	UNKNOWN STEP	2026-10-09T00:13:10.0909908Z 
validate-code / unit-tests (test:unit)	UNKNOWN STEP	2026-10-09T00:13:10.1116260Z ^[[90mstderr^[[2m | src/features/perpetuals/order/components/OrderHeader/OrderHeader.hydration.test.tsx^[[2m > ^[[22m^[[2mOrderHeader hydration^[[2m > ^[[22m^[[2mrenders the prefetched price on the server and hydrates without a mismatch
validate-code / unit-tests (test:unit)	UNKNOWN STEP	2026-10-09T00:13:10.1119031Z ^[[22m^[[39mThe current testing environment is not configured to support act(...)
validate-code / unit-tests (test:unit)	UNKNOWN STEP	2026-10-09T00:13:10.1121002Z The current testing environment is not configured to support act(...)
validate-code / unit-tests (test:unit)	UNKNOWN STEP	2026-10-09T00:13:10.1122718Z The current testing environment is not configured to support act(...)
validate-code / unit-tests (test:unit)	UNKNOWN STEP	2026-10-09T00:13:10.1124194Z The current testing environment is not configured to support act(...)
validate-code / unit-tests (test:unit)	UNKNOWN STEP	2026-10-09T00:13:10.1125574Z The current testing environment is not configured to support act(...)
validate-code / unit-tests (test:unit)	UNKNOWN STEP	2026-10-09T00:13:10.1150694Z The current testing environment is not configured to support act(...)
validate-code / unit-tests (test:unit)	UNKNOWN STEP	2026-10-09T00:13:10.1159662Z The current testing environment is not configured to support act(...)
validate-code / unit-tests (test:unit)	UNKNOWN STEP	2026-10-09T00:13:10.1178435Z The current testing environment is not configured to support act(...)
validate-code / unit-tests (test:unit)	UNKNOWN STEP	2026-10-09T00:13:10.1179901Z The current testing environment is not configured to support act(...)
validate-code / unit-tests (test:unit)	UNKNOWN STEP	2026-10-09T00:13:10.1181534Z The current testing environment is not configured to support act(...)
validate-code / unit-tests (test:unit)	UNKNOWN STEP	2026-10-09T00:13:10.1182889Z The current testing environment is not configured to support act(...)
validate-code / unit-tests (test:unit)	UNKNOWN STEP	2026-10-09T00:13:10.1184151Z The current testing environment is not configured to support act(...)
validate-code / unit-tests (test:unit)	UNKNOWN STEP	2026-10-09T00:13:10.1201065Z The current testing environment is not configured to support act(...)
validate-code / unit-tests (test:unit)	UNKNOWN STEP	2026-10-09T00:13:10.1205663Z The current testing environment is not configured to support act(...)
validate-code / unit-tests (test:unit)	UNKNOWN STEP	2026-10-09T00:13:10.1207105Z The current testing environment is not configured to support act(...)
validate-code / unit-tests (test:unit)	UNKNOWN STEP	2026-10-09T00:13:10.1208436Z The current testing environment is not configured to support act(...)
validate-code / unit-tests (test:unit)	UNKNOWN STEP	2026-10-09T00:13:10.1210363Z Detected multiple renderers concurrently rendering the same context provider. This is currently unsupported.
validate-code / unit-tests (test:unit)	UNKNOWN STEP	2026-10-09T00:13:10.1212389Z Detected multiple renderers concurrently rendering the same context provider. This is currently unsupported.
validate-code / unit-tests (test:unit)	UNKNOWN STEP	2026-10-09T00:13:10.1214677Z Detected multiple renderers concurrently rendering the same context provider. This is currently unsupported.
validate-code / unit-tests (test:unit)	UNKNOWN STEP	2026-10-09T00:13:10.1216666Z Detected multiple renderers concurrently rendering the same context provider. This is currently unsupported.
validate-code / unit-tests (test:unit)	UNKNOWN STEP	2026-10-09T00:13:10.1218815Z Detected multiple renderers concurrently rendering the same context provider. This is currently unsupported.
validate-code / unit-tests (test:unit)	UNKNOWN STEP	2026-10-09T00:13:10.1221026Z Detected multiple renderers concurrently rendering the same context provider. This is currently unsupported.
validate-code / unit-tests (test:unit)	UNKNOWN STEP	2026-10-09T00:13:10.1223011Z Detected multiple renderers concurrently rendering the same context provider. This is currently unsupported.
validate-code / unit-tests (test:unit)	UNKNOWN STEP	2026-10-09T00:13:10.1224897Z Detected multiple renderers concurrently rendering the same context provider. This is currently unsupported.
validate-code / unit-tests (test:unit)	UNKNOWN STEP	2026-10-09T00:13:10.1241415Z Detected multiple renderers concurrently rendering the same context provider. This is currently unsupported.
validate-code / unit-tests (test:unit)	UNKNOWN STEP	2026-10-09T00:13:10.1258520Z Detected multiple renderers concurrently rendering the same context provider. This is currently unsupported.
validate-code / unit-tests (test:unit)	UNKNOWN STEP	2026-10-09T00:13:10.1260876Z Detected multiple renderers concurrently rendering the same context provider. This is currently unsupported.
validate-code / unit-tests (test:unit)	UNKNOWN STEP	2026-10-09T00:13:10.1262998Z Detected multiple renderers concurrently rendering the same context provider. This is currently unsupported.
validate-code / unit-tests (test:unit)	UNKNOWN STEP	2026-10-09T00:13:10.1265146Z Detected multiple renderers concurrently rendering the same context provider. This is currently unsupported.
validate-code / unit-tests (test:unit)	UNKNOWN STEP	2026-10-09T00:13:10.1267245Z Detected multiple renderers concurrently rendering the same context provider. This is currently unsupported.
validate-code / unit-tests (test:unit)	UNKNOWN STEP	2026-10-09T00:13:10.1269321Z Detected multiple renderers concurrently rendering the same context provider. This is currently unsupported.
validate-code / unit-tests (test:unit)	UNKNOWN STEP	2026-10-09T00:13:10.1271672Z Detected multiple renderers concurrently rendering the same context provider. This is currently unsupported.
validate-code / unit-tests (test:unit)	UNKNOWN STEP	2026-10-09T00:13:10.1273725Z Detected multiple renderers concurrently rendering the same context provider. This is currently unsupported.
validate-code / unit-tests (test:unit)	UNKNOWN STEP	2026-10-09T00:13:10.1275735Z Detected multiple renderers concurrently rendering the same context provider. This is currently unsupported.
validate-code / unit-tests (test:unit)	UNKNOWN STEP	2026-10-09T00:13:10.1277709Z Detected multiple renderers concurrently rendering the same context provider. This is currently unsupported.
validate-code / unit-tests (test:unit)	UNKNOWN STEP	2026-10-09T00:13:10.1278798Z 
validate-code / unit-tests (test:unit)	UNKNOWN STEP	2026-10-09T00:13:10.1366189Z ^[[90mstderr^[[2m | src/features/perpetuals/order/components/OrderHeader/OrderHeader.hydration.test.tsx^[[2m > ^[[22m^[[2mOrderHeader hydration^[[2m > ^[[22m^[[2mrenders the prefetched price on the server and hydrates without a mismatch
validate-code / unit-tests (test:unit)	UNKNOWN STEP	2026-10-09T00:13:10.1369633Z ^[[22m^[[39mThe current testing environment is not configured to support act(...)
validate-code / unit-tests (test:unit)	UNKNOWN STEP	2026-10-09T00:13:10.1375931Z 
validate-code / unit-tests (test:unit)	UNKNOWN STEP	2026-10-09T00:13:10.2579755Z  ^[[32m✓^[[39m src/features/perpetuals/order/components/OrderHeader/OrderHeader.hydration.test.tsx ^[[2m(^[[22m^[[2m1 test^[[22m^[[2m)^[[22m^[[32m 152^[[2mms^[[22m^[[39m
validate-code / unit-tests (test:unit)	UNKNOWN STEP	2026-10-09T00:13:11.4106480Z  ^[[32m✓^[[39m src/features/perpetuals/order/utils/orderSizing.test.ts ^[[2m(^[[22m^[[2m9 tests^[[22m^[[2m)^[[22m^[[32m 9^[[2mms^[[22m^[[39m
validate-code / unit-tests (test:unit)	UNKNOWN STEP	2026-10-09T00:13:12.5713938Z  ^[[32m✓^[[39m src/features/perpetuals/domain/market-watchlist-storage.test.ts ^[[2m(^[[22m^[[2m5 tests^[[22m^[[2m)^[[22m^[[32m 11^[[2mms^[[22m^[[39m
validate-code / unit-tests (test:unit)	UNKNOWN STEP	2026-10-09T00:13:15.4280606Z  ^[[32m✓^[[39m src/components/layout/ElectronMasterBalance.test.tsx ^[[2m(^[[22m^[[2m3 tests^[[22m^[[2m)^[[22m^[[32m 186^[[2mms^[[22m^[[39m
validate-code / unit-tests (test:unit)	UNKNOWN STEP	2026-10-09T00:13:16.6026878Z  ^[[32m✓^[[39m src/features/card/hooks/useEligibleCountries.test.ts ^[[2m(^[[22m^[[2m2 tests^[[22m^[[2m)^[[22m^[[32m 20^[[2mms^[[22m^[[39m
validate-code / unit-tests (test:unit)	UNKNOWN STEP	2026-10-09T00:13:17.7108540Z  ^[[32m✓^[[39m electron/strategies/ema-crossover.test.ts ^[[2m(^[[22m^[[2m2 tests^[[22m^[[2m)^[[22m^[[32m 7^[[2mms^[[22m^[[39m
validate-code / unit-tests (test:unit)	UNKNOWN STEP	2026-10-09T00:13:18.8224501Z  ^[[32m✓^[[39m src/features/tokens/domain/watchlist-storage.test.ts ^[[2m(^[[22m^[[2m3 tests^[[22m^[[2m)^[[22m^[[32m 9^[[2mms^[[22m^[[39m
validate-code / unit-tests (test:unit)	UNKNOWN STEP	2026-10-09T00:13:21.4148517Z  ^[[32m✓^[[39m src/features/tokens/api/token-holders.test.ts ^[[2m(^[[22m^[[2m3 tests^[[22m^[[2m)^[[22m^[[32m 90^[[2mms^[[22m^[[39m
validate-code / unit-tests (test:unit)	UNKNOWN STEP	2026-10-09T00:13:24.4654868Z  ^[[32m✓^[[39m src/features/perpetuals/order/components/OrderHeaderItem/OrderHeaderItem.test.tsx ^[[2m(^[[22m^[[2m4 tests^[[22m^[[2m)^[[22m^[[32m 267^[[2mms^[[22m^[[39m
validate-code / unit-tests (test:unit)	UNKNOWN STEP	2026-10-09T00:13:25.5841428Z  ^[[32m✓^[[39m src/features/perpetuals/infra/perps-controller/agent-key-store.test.ts ^[[2m(^[[22m^[[2m2 tests^[[22m^[[2m)^[[22m^[[32m 8^[[2mms^[[22m^[[39m
validate-code / unit-tests (test:unit)	UNKNOWN STEP	2026-10-09T00:13:26.6975669Z  ^[[32m✓^[[39m electron/services/hyperliquid-order-intents.test.ts ^[[2m(^[[22m^[[2m2 tests^[[22m^[[2m)^[[22m^[[32m 7^[[2mms^[[22m^[[39m
validate-code / unit-tests (test:unit)	UNKNOWN STEP	2026-10-09T00:13:30.2080820Z  ^[[32m✓^[[39m src/features/portfolio/components/tabs/TokensTab.test.tsx ^[[2m(^[[22m^[[2m2 tests^[[22m^[[2m)^[[22m^[[33m 744^[[2mms^[[22m^[[39m
validate-code / unit-tests (test:unit)	UNKNOWN STEP	2026-10-09T00:13:30.2091775Z    ^[[33m^[[2m✓^[[22m^[[39m TokensTab^[[2m > ^[[22mshows aggregated token rows for a watched account ^[[33m 414^[[2mms^[[22m^[[39m
validate-code / unit-tests (test:unit)	UNKNOWN STEP	2026-10-09T00:13:30.2093909Z    ^[[33m^[[2m✓^[[22m^[[39m TokensTab^[[2m > ^[[22mnavigates to the network token page when a token row is activated ^[[33m 325^[[2mms^[[22m^[[39m
validate-code / unit-tests (test:unit)	UNKNOWN STEP	2026-10-09T00:13:32.8983386Z  ^[[32m✓^[[39m src/features/explorer/api/block-detail.test.ts ^[[2m(^[[22m^[[2m3 tests^[[22m^[[2m)^[[22m^[[32m 77^[[2mms^[[22m^[[39m
validate-code / unit-tests (test:unit)	UNKNOWN STEP	2026-10-09T00:13:35.7564928Z  ^[[32m✓^[[39m src/features/ecosystems/components/MobileDetectionButton/MobileDetectionButton.test.tsx ^[[2m(^[[22m^[[2m2 tests^[[22m^[[2m)^[[22m^[[32m 229^[[2mms^[[22m^[[39m
validate-code / unit-tests (test:unit)	UNKNOWN STEP	2026-10-09T00:13:38.8050637Z  ^[[32m✓^[[39m src/features/perpetuals/order/components/OrderForm/TradingAccountCard.test.tsx ^[[2m(^[[22m^[[2m2 tests^[[22m^[[2m)^[[22m^[[32m 112^[[2mms^[[22m^[[39m
validate-code / unit-tests (test:unit)	UNKNOWN STEP	2026-10-09T00:13:39.9241698Z  ^[[32m✓^[[39m src/core/config/pilot-routes.test.ts ^[[2m(^[[22m^[[2m4 tests^[[22m^[[2m)^[[22m^[[32m 8^[[2mms^[[22m^[[39m
validate-code / unit-tests (test:unit)	UNKNOWN STEP	2026-10-09T00:13:41.0185941Z  ^[[32m✓^[[39m src/features/perpetuals/domain/filter-and-sort-markets.test.ts ^[[2m(^[[22m^[[2m2 tests^[[22m^[[2m)^[[22m^[[32m 8^[[2mms^[[22m^[[39m
validate-code / unit-tests (test:unit)	UNKNOWN STEP	2026-10-09T00:13:42.7583557Z  ^[[32m✓^[[39m src/features/portfolio/queries/use-unified-portfolio.test.ts ^[[2m(^[[22m^[[2m2 tests^[[22m^[[2m)^[[22m^[[32m 7^[[2mms^[[22m^[[39m
validate-code / unit-tests (test:unit)	UNKNOWN STEP	2026-10-09T00:13:43.8802306Z  ^[[32m✓^[[39m src/features/perpetuals/order/components/FeedStatus/feed-status.test.ts ^[[2m(^[[22m^[[2m7 tests^[[22m^[[2m)^[[22m^[[32m 8^[[2mms^[[22m^[[39m
validate-code / unit-tests (test:unit)	UNKNOWN STEP	2026-10-09T00:13:46.7435399Z  ^[[32m✓^[[39m src/features/cex/components/CexTransferPanel.test.tsx ^[[2m(^[[22m^[[2m1 test^[[22m^[[2m)^[[22m^[[32m 239^[[2mms^[[22m^[[39m
validate-code / unit-tests (test:unit)	UNKNOWN STEP	2026-10-09T00:13:50.5272376Z  ^[[32m✓^[[39m src/features/portfolio/components/PortfolioFilters.test.tsx ^[[2m(^[[22m^[[2m1 test^[[22m^[[2m)^[[22m^[[33m 704^[[2mms^[[22m^[[39m
validate-code / unit-tests (test:unit)	UNKNOWN STEP	2026-10-09T00:13:50.5274545Z    ^[[33m^[[2m✓^[[22m^[[39m PortfolioFilters^[[2m > ^[[22mopens account and network menus with Portfolio-style labels ^[[33m 699^[[2mms^[[22m^[[39m
validate-code / unit-tests (test:unit)	UNKNOWN STEP	2026-10-09T00:13:53.2733639Z  ^[[32m✓^[[39m src/features/tokens/api/trending-tokens.test.ts ^[[2m(^[[22m^[[2m3 tests^[[22m^[[2m)^[[22m^[[32m 84^[[2mms^[[22m^[[39m
validate-code / unit-tests (test:unit)	UNKNOWN STEP	2026-10-09T00:13:54.4135242Z  ^[[32m✓^[[39m src/features/cex/domain/derive-cex-portfolio.test.ts ^[[2m(^[[22m^[[2m1 test^[[22m^[[2m)^[[22m^[[32m 7^[[2mms^[[22m^[[39m
validate-code / unit-tests (test:unit)	UNKNOWN STEP	2026-10-09T00:13:57.2382675Z  ^[[32m✓^[[39m src/features/perpetuals/order/components/OrderBook/OrderBookSpread.test.tsx ^[[2m(^[[22m^[[2m6 tests^[[22m^[[2m)^[[22m^[[32m 278^[[2mms^[[22m^[[39m
validate-code / unit-tests (test:unit)	UNKNOWN STEP	2026-10-09T00:13:58.4953381Z  ^[[32m✓^[[39m src/features/card/services/card.service.test.ts ^[[2m(^[[22m^[[2m3 tests^[[22m^[[2m)^[[22m^[[32m 10^[[2mms^[[22m^[[39m
validate-code / unit-tests (test:unit)	UNKNOWN STEP	2026-10-09T00:14:01.1221832Z  ^[[32m✓^[[39m src/features/explorer/api/decode-input.test.ts ^[[2m(^[[22m^[[2m3 tests^[[22m^[[2m)^[[22m^[[32m 28^[[2mms^[[22m^[[39m
validate-code / unit-tests (test:unit)	UNKNOWN STEP	2026-10-09T00:14:02.2691389Z  ^[[32m✓^[[39m src/features/perpetuals/order/utils/persist-order-draft.test.ts ^[[2m(^[[22m^[[2m3 tests^[[22m^[[2m)^[[22m^[[32m 9^[[2mms^[[22m^[[39m
validate-code / unit-tests (test:unit)	UNKNOWN STEP	2026-10-09T00:14:05.2513964Z  ^[[32m✓^[[39m src/features/stake/components/StakePage.test.tsx ^[[2m(^[[22m^[[2m1 test^[[22m^[[2m)^[[22m^[[33m 327^[[2mms^[[22m^[[39m
validate-code / unit-tests (test:unit)	UNKNOWN STEP	2026-10-09T00:14:05.2520310Z    ^[[33m^[[2m✓^[[22m^[[39m StakePage^[[2m > ^[[22mopens a review dialog and continues in MetaMask ^[[33m 323^[[2mms^[[22m^[[39m
validate-code / unit-tests (test:unit)	UNKNOWN STEP	2026-10-09T00:14:06.3882689Z  ^[[32m✓^[[39m src/features/tokens/domain/format-token-market.test.ts ^[[2m(^[[22m^[[2m9 tests^[[22m^[[2m)^[[22m^[[32m 22^[[2mms^[[22m^[[39m
validate-code / unit-tests (test:unit)	UNKNOWN STEP	2026-10-09T00:14:07.6251837Z  ^[[32m✓^[[39m src/features/perpetuals/order/hooks/useFundingCountdown.test.ts ^[[2m(^[[22m^[[2m4 tests^[[22m^[[2m)^[[22m^[[32m 32^[[2mms^[[22m^[[39m
validate-code / unit-tests (test:unit)	UNKNOWN STEP	2026-10-09T00:14:10.4382694Z  ^[[32m✓^[[39m src/features/tokens/components/TokenSearchPage/TokenSearchPage.test.tsx ^[[2m(^[[22m^[[2m2 tests^[[22m^[[2m)^[[22m^[[32m 216^[[2mms^[[22m^[[39m
validate-code / unit-tests (test:unit)	UNKNOWN STEP	2026-10-09T00:14:13.6657712Z  ^[[32m✓^[[39m src/features/perpetuals/order/components/OrderForm/OrderParametersModals/OrderFormMarginModeEditor.test.tsx ^[[2m(^[[22m^[[2m2 tests^[[22m^[[2m)^[[22m^[[33m 370^[[2mms^[[22m^[[39m
validate-code / unit-tests (test:unit)	UNKNOWN STEP	2026-10-09T00:14:14.9326146Z  ^[[32m✓^[[39m src/core/cex/session-crypto.test.ts ^[[2m(^[[22m^[[2m2 tests^[[22m^[[2m)^[[22m^[[32m 123^[[2mms^[[22m^[[39m
validate-code / unit-tests (test:unit)	UNKNOWN STEP	2026-10-09T00:14:18.2131701Z  ^[[32m✓^[[39m src/features/portfolio/components/PortfolioActionBar.test.tsx ^[[2m(^[[22m^[[2m2 tests^[[22m^[[2m)^[[22m^[[33m 606^[[2mms^[[22m^[[39m
validate-code / unit-tests (test:unit)	UNKNOWN STEP	2026-10-09T00:14:18.2133955Z    ^[[33m^[[2m✓^[[22m^[[39m PortfolioActionBar^[[2m > ^[[22mopens the wallet deeplink for swap and routes MetaMask buy ^[[33m 416^[[2mms^[[22m^[[39m
validate-code / unit-tests (test:unit)	UNKNOWN STEP	2026-10-09T00:14:21.0857078Z  ^[[32m✓^[[39m src/features/auth/components/login-button.test.tsx ^[[2m(^[[22m^[[2m2 tests^[[22m^[[2m)^[[22m^[[32m 171^[[2mms^[[22m^[[39m
validate-code / unit-tests (test:unit)	UNKNOWN STEP	2026-10-09T00:14:23.8411241Z  ^[[32m✓^[[39m src/features/explorer/api/transaction-detail.test.ts ^[[2m(^[[22m^[[2m3 tests^[[22m^[[2m)^[[22m^[[32m 164^[[2mms^[[22m^[[39m
validate-code / unit-tests (test:unit)	UNKNOWN STEP	2026-10-09T00:14:26.0632122Z ^[[90mstderr^[[2m | src/features/trade/components/TrendingPerpsRow/TrendingPerpsRow.hydration.test.tsx^[[2m > ^[[22m^[[2mTrendingPerpsRow hydration^[[2m > ^[[22m^[[2mserver-renders the prefetched markets and hydrates without a mismatch
validate-code / unit-tests (test:unit)	UNKNOWN STEP	2026-10-09T00:14:26.0642860Z ^[[22m^[[39mDetected multiple renderers concurrently rendering the same context provider. This is currently unsupported.
validate-code / unit-tests (test:unit)	UNKNOWN STEP	2026-10-09T00:14:26.0651012Z 
validate-code / unit-tests (test:unit)	UNKNOWN STEP	2026-10-09T00:14:26.0728156Z ^[[90mstderr^[[2m | src/features/trade/components/TrendingPerpsRow/TrendingPerpsRow.hydration.test.tsx^[[2m > ^[[22m^[[2mTrendingPerpsRow hydration^[[2m > ^[[22m^[[2mserver-renders the prefetched markets and hydrates without a mismatch
validate-code / unit-tests (test:unit)	UNKNOWN STEP	2026-10-09T00:14:26.0751524Z ^[[22m^[[39mDetected multiple renderers concurrently rendering the same context provider. This is currently unsupported.
validate-code / unit-tests (test:unit)	UNKNOWN STEP	2026-10-09T00:14:26.0767714Z 
validate-code / unit-tests (test:unit)	UNKNOWN STEP	2026-10-09T00:14:26.0831222Z ^[[90mstderr^[[2m | src/features/trade/components/TrendingPerpsRow/TrendingPerpsRow.hydration.test.tsx^[[2m > ^[[22m^[[2mTrendingPerpsRow hydration^[[2m > ^[[22m^[[2mserver-renders the prefetched markets and hydrates without a mismatch
validate-code / unit-tests (test:unit)	UNKNOWN STEP	2026-10-09T00:14:26.0843377Z ^[[22m^[[39mThe current testing environment is not configured to support act(...)
validate-code / unit-tests (test:unit)	UNKNOWN STEP	2026-10-09T00:14:26.0844393Z 
validate-code / unit-tests (test:unit)	UNKNOWN STEP	2026-10-09T00:14:26.1927449Z  ^[[32m✓^[[39m src/features/trade/components/TrendingPerpsRow/TrendingPerpsRow.hydration.test.tsx ^[[2m(^[[22m^[[2m1 test^[[22m^[[2m)^[[22m^[[32m 102^[[2mms^[[22m^[[39m
validate-code / unit-tests (test:unit)	UNKNOWN STEP	2026-10-09T00:14:27.4572168Z  ^[[32m✓^[[39m src/features/perpetuals/infra/useActivePerpsProvider.test.ts ^[[2m(^[[22m^[[2m3 tests^[[22m^[[2m)^[[22m^[[32m 35^[[2mms^[[22m^[[39m
validate-code / unit-tests (test:unit)	UNKNOWN STEP	2026-10-09T00:14:28.5693547Z  ^[[32m✓^[[39m src/features/tokens/domain/token-page-query.test.ts ^[[2m(^[[22m^[[2m3 tests^[[22m^[[2m)^[[22m^[[32m 9^[[2mms^[[22m^[[39m
validate-code / unit-tests (test:unit)	UNKNOWN STEP	2026-10-09T00:14:29.6786276Z  ^[[32m✓^[[39m src/features/perpetuals/order/utils/deriveOrderMetrics.test.ts ^[[2m(^[[22m^[[2m2 tests^[[22m^[[2m)^[[22m^[[32m 7^[[2mms^[[22m^[[39m
validate-code / unit-tests (test:unit)	UNKNOWN STEP	2026-10-09T00:14:33.0083835Z  ^[[32m✓^[[39m src/app/settings/page.test.tsx ^[[2m(^[[22m^[[2m2 tests^[[22m^[[2m)^[[22m^[[33m 433^[[2mms^[[22m^[[39m
validate-code / unit-tests (test:unit)	UNKNOWN STEP	2026-10-09T00:14:35.9045225Z  ^[[32m✓^[[39m src/features/explorer/components/TxInputData/TxInputData.test.tsx ^[[2m(^[[22m^[[2m1 test^[[22m^[[2m)^[[22m^[[32m 228^[[2mms^[[22m^[[39m
validate-code / unit-tests (test:unit)	UNKNOWN STEP	2026-10-09T00:14:38.6857472Z  ^[[32m✓^[[39m src/features/card/components/CardFeatureCard/CardFeatureCard.test.tsx ^[[2m(^[[22m^[[2m3 tests^[[22m^[[2m)^[[22m^[[32m 213^[[2mms^[[22m^[[39m
validate-code / unit-tests (test:unit)	UNKNOWN STEP	2026-10-09T00:14:39.9643365Z  ^[[32m✓^[[39m src/features/perpetuals/order/components/OrderBook/getDecimalPlaces.test.ts ^[[2m(^[[22m^[[2m8 tests^[[22m^[[2m)^[[22m^[[32m 7^[[2mms^[[22m^[[39m
validate-code / unit-tests (test:unit)	UNKNOWN STEP	2026-10-09T00:14:42.8686146Z  ^[[32m✓^[[39m src/components/ui/SegmentedControl/SegmentedControl.test.tsx ^[[2m(^[[22m^[[2m2 tests^[[22m^[[2m)^[[22m^[[32m 248^[[2mms^[[22m^[[39m
validate-code / unit-tests (test:unit)	UNKNOWN STEP	2026-10-09T00:14:45.7588493Z  ^[[32m✓^[[39m src/features/tokens/components/TokenHoldersTable/TokenHoldersTable.test.tsx ^[[2m(^[[22m^[[2m1 test^[[22m^[[2m)^[[22m^[[32m 275^[[2mms^[[22m^[[39m
validate-code / unit-tests (test:unit)	UNKNOWN STEP	2026-10-09T00:14:46.8976691Z  ^[[32m✓^[[39m src/app/api/accounts/[...path]/route.test.ts ^[[2m(^[[22m^[[2m1 test^[[22m^[[2m)^[[22m^[[32m 15^[[2mms^[[22m^[[39m
validate-code / unit-tests (test:unit)	UNKNOWN STEP	2026-10-09T00:14:49.5550583Z  ^[[32m✓^[[39m src/features/tokens/api/token-search.test.ts ^[[2m(^[[22m^[[2m3 tests^[[22m^[[2m)^[[22m^[[32m 72^[[2mms^[[22m^[[39m
validate-code / unit-tests (test:unit)	UNKNOWN STEP	2026-10-09T00:14:51.1766103Z  ^[[32m✓^[[39m src/core/clients/accounts-api/AccountsApiClient.test.ts ^[[2m(^[[22m^[[2m4 tests^[[22m^[[2m)^[[22m^[[33m 323^[[2mms^[[22m^[[39m
validate-code / unit-tests (test:unit)	UNKNOWN STEP	2026-10-09T00:14:54.0360699Z  ^[[32m✓^[[39m src/components/ui/InlineOptionTabs/InlineOptionTabs.test.tsx ^[[2m(^[[22m^[[2m2 tests^[[22m^[[2m)^[[22m^[[32m 284^[[2mms^[[22m^[[39m
validate-code / unit-tests (test:unit)	UNKNOWN STEP	2026-10-09T00:14:55.1469878Z  ^[[32m✓^[[39m src/features/tokens/domain/decode-transfer.test.ts ^[[2m(^[[22m^[[2m6 tests^[[22m^[[2m)^[[22m^[[32m 20^[[2mms^[[22m^[[39m
validate-code / unit-tests (test:unit)	UNKNOWN STEP	2026-10-09T00:14:56.2263077Z  ^[[32m✓^[[39m src/features/explorer/api/internal-transactions.test.ts ^[[2m(^[[22m^[[2m2 tests^[[22m^[[2m)^[[22m^[[32m 9^[[2mms^[[22m^[[39m
validate-code / unit-tests (test:unit)	UNKNOWN STEP	2026-10-09T00:14:57.3471542Z  ^[[32m✓^[[39m src/features/perpetuals/order/utils/calculateLiquidationPrice.test.ts ^[[2m(^[[22m^[[2m4 tests^[[22m^[[2m)^[[22m^[[32m 11^[[2mms^[[22m^[[39m
validate-code / unit-tests (test:unit)	UNKNOWN STEP	2026-10-09T00:14:58.4349326Z  ^[[32m✓^[[39m src/features/explorer/domain/address-routes.test.ts ^[[2m(^[[22m^[[2m4 tests^[[22m^[[2m)^[[22m^[[32m 8^[[2mms^[[22m^[[39m
validate-code / unit-tests (test:unit)	UNKNOWN STEP	2026-10-09T00:14:59.5488174Z  ^[[32m✓^[[39m src/features/portfolio/token-icon.test.ts ^[[2m(^[[22m^[[2m4 tests^[[22m^[[2m)^[[22m^[[32m 7^[[2mms^[[22m^[[39m
validate-code / unit-tests (test:unit)	UNKNOWN STEP	2026-10-09T00:15:00.6508846Z  ^[[32m✓^[[39m src/features/ecosystems/utils/isValidNextImageSrc.test.ts ^[[2m(^[[22m^[[2m5 tests^[[22m^[[2m)^[[22m^[[32m 7^[[2mms^[[22m^[[39m
validate-code / unit-tests (test:unit)	UNKNOWN STEP	2026-10-09T00:15:01.7611638Z  ^[[32m✓^[[39m src/features/tokens/domain/wallet-swap-url.test.ts ^[[2m(^[[22m^[[2m3 tests^[[22m^[[2m)^[[22m^[[32m 8^[[2mms^[[22m^[[39m
validate-code / unit-tests (test:unit)	UNKNOWN STEP	2026-10-09T00:15:04.9205299Z  ^[[32m✓^[[39m src/features/bots/components/RenameBotButton.test.tsx ^[[2m(^[[22m^[[2m1 test^[[22m^[[2m)^[[22m^[[33m 533^[[2mms^[[22m^[[39m
validate-code / unit-tests (test:unit)	UNKNOWN STEP	2026-10-09T00:15:04.9207301Z    ^[[33m^[[2m✓^[[22m^[[39m RenameBotButton^[[2m > ^[[22mrenames a bot with trimmed input ^[[33m 528^[[2mms^[[22m^[[39m
validate-code / unit-tests (test:unit)	UNKNOWN STEP	2026-10-09T00:15:07.7321242Z  ^[[32m✓^[[39m src/features/perpetuals/order/components/OrderForm/OrderFormErrorBoundary/OrderFormErrorBoundary.test.tsx ^[[2m(^[[22m^[[2m2 tests^[[22m^[[2m)^[[22m^[[32m 182^[[2mms^[[22m^[[39m
validate-code / unit-tests (test:unit)	UNKNOWN STEP	2026-10-09T00:15:08.9667298Z  ^[[32m✓^[[39m src/features/tokens/api/explore-snapshot.test.ts ^[[2m(^[[22m^[[2m2 tests^[[22m^[[2m)^[[22m^[[32m 113^[[2mms^[[22m^[[39m
validate-code / unit-tests (test:unit)	UNKNOWN STEP	2026-10-09T00:15:11.8416715Z  ^[[32m✓^[[39m src/features/tokens/components/TokenPriceChart/TokenPriceChart.test.tsx ^[[2m(^[[22m^[[2m2 tests^[[22m^[[2m)^[[22m^[[32m 105^[[2mms^[[22m^[[39m
validate-code / unit-tests (test:unit)	UNKNOWN STEP	2026-10-09T00:15:12.9959307Z  ^[[32m✓^[[39m src/features/explorer/domain/block-routes.test.ts ^[[2m(^[[22m^[[2m3 tests^[[22m^[[2m)^[[22m^[[32m 7^[[2mms^[[22m^[[39m
validate-code / unit-tests (test:unit)	UNKNOWN STEP	2026-10-09T00:15:14.2776849Z  ^[[32m✓^[[39m src/features/tokens/api/token-activity.test.ts ^[[2m(^[[22m^[[2m2 tests^[[22m^[[2m)^[[22m^[[32m 146^[[2mms^[[22m^[[39m
validate-code / unit-tests (test:unit)	UNKNOWN STEP	2026-10-09T00:15:17.4004418Z  ^[[32m✓^[[39m src/components/ui/AvatarAccount/AvatarAccount.test.tsx ^[[2m(^[[22m^[[2m2 tests^[[22m^[[2m)^[[22m^[[32m 231^[[2mms^[[22m^[[39m
validate-code / unit-tests (test:unit)	UNKNOWN STEP	2026-10-09T00:15:18.6932432Z  ^[[32m✓^[[39m src/lib/hyperliquid/account-balances.test.ts ^[[2m(^[[22m^[[2m3 tests^[[22m^[[2m)^[[22m^[[32m 9^[[2mms^[[22m^[[39m
validate-code / unit-tests (test:unit)	UNKNOWN STEP	2026-10-09T00:15:19.8186828Z  ^[[32m✓^[[39m src/features/tokens/domain/token-routes.test.ts ^[[2m(^[[22m^[[2m4 tests^[[22m^[[2m)^[[22m^[[32m 7^[[2mms^[[22m^[[39m
validate-code / unit-tests (test:unit)	UNKNOWN STEP	2026-10-09T00:15:20.9537068Z  ^[[32m✓^[[39m src/features/tokens/domain/token-security.test.ts ^[[2m(^[[22m^[[2m3 tests^[[22m^[[2m)^[[22m^[[32m 7^[[2mms^[[22m^[[39m
validate-code / unit-tests (test:unit)	UNKNOWN STEP	2026-10-09T00:15:22.0781138Z  ^[[32m✓^[[39m src/features/tokens/domain/parse-token-route.test.ts ^[[2m(^[[22m^[[2m3 tests^[[22m^[[2m)^[[22m^[[32m 7^[[2mms^[[22m^[[39m
validate-code / unit-tests (test:unit)	UNKNOWN STEP	2026-10-09T00:15:24.9000880Z  ^[[32m✓^[[39m src/features/tokens/components/WalletSwapLink/WalletSwapLink.test.tsx ^[[2m(^[[22m^[[2m1 test^[[22m^[[2m)^[[22m^[[32m 193^[[2mms^[[22m^[[39m
validate-code / unit-tests (test:unit)	UNKNOWN STEP	2026-10-09T00:15:26.0442725Z  ^[[32m✓^[[39m src/features/perpetuals/utils/deriveChangeMeta.test.ts ^[[2m(^[[22m^[[2m3 tests^[[22m^[[2m)^[[22m^[[32m 21^[[2mms^[[22m^[[39m
validate-code / unit-tests (test:unit)	UNKNOWN STEP	2026-10-09T00:15:27.1673360Z  ^[[32m✓^[[39m src/features/perpetuals/order/utils/orderFormatters.test.ts ^[[2m(^[[22m^[[2m5 tests^[[22m^[[2m)^[[22m^[[32m 20^[[2mms^[[22m^[[39m
validate-code / unit-tests (test:unit)	UNKNOWN STEP	2026-10-09T00:15:28.3077090Z  ^[[32m✓^[[39m src/features/tokens/domain/search-perpetual-markets.test.ts ^[[2m(^[[22m^[[2m3 tests^[[22m^[[2m)^[[22m^[[32m 7^[[2mms^[[22m^[[39m
validate-code / unit-tests (test:unit)	UNKNOWN STEP	2026-10-09T00:15:29.4274764Z  ^[[32m✓^[[39m src/features/portfolio/hide-balances.test.ts ^[[2m(^[[22m^[[2m2 tests^[[22m^[[2m)^[[22m^[[32m 7^[[2mms^[[22m^[[39m
validate-code / unit-tests (test:unit)	UNKNOWN STEP	2026-10-09T00:15:30.5556662Z  ^[[32m✓^[[39m src/features/explorer/domain/tx-routes.test.ts ^[[2m(^[[22m^[[2m3 tests^[[22m^[[2m)^[[22m^[[32m 7^[[2mms^[[22m^[[39m
validate-code / unit-tests (test:unit)	UNKNOWN STEP	2026-10-09T00:15:31.6958684Z  ^[[32m✓^[[39m src/features/perpetuals/utils/deriveFundingMeta.test.ts ^[[2m(^[[22m^[[2m3 tests^[[22m^[[2m)^[[22m^[[32m 21^[[2mms^[[22m^[[39m
validate-code / unit-tests (test:unit)	UNKNOWN STEP	2026-10-09T00:15:32.8135221Z  ^[[32m✓^[[39m src/lib/open-external-url.test.ts ^[[2m(^[[22m^[[2m2 tests^[[22m^[[2m)^[[22m^[[32m 8^[[2mms^[[22m^[[39m
validate-code / unit-tests (test:unit)	UNKNOWN STEP	2026-10-09T00:15:35.8418621Z  ^[[32m✓^[[39m src/features/perpetuals/order/components/OrderForm/BotStrategyCta/BotStrategyCta.test.tsx ^[[2m(^[[22m^[[2m3 tests^[[22m^[[2m)^[[22m^[[32m 251^[[2mms^[[22m^[[39m
validate-code / unit-tests (test:unit)	UNKNOWN STEP	2026-10-09T00:15:37.7116684Z  ^[[32m✓^[[39m src/features/tokens/api/token-detail.test.ts ^[[2m(^[[22m^[[2m2 tests^[[22m^[[2m)^[[22m^[[32m 115^[[2mms^[[22m^[[39m
validate-code / unit-tests (test:unit)	UNKNOWN STEP	2026-10-09T00:15:38.8457840Z  ^[[32m✓^[[39m src/features/explorer/domain/format-tx.test.ts ^[[2m(^[[22m^[[2m3 tests^[[22m^[[2m)^[[22m^[[32m 21^[[2mms^[[22m^[[39m
validate-code / unit-tests (test:unit)	UNKNOWN STEP	2026-10-09T00:15:41.7833864Z  ^[[32m✓^[[39m src/features/tax/TaxHubPage.test.tsx ^[[2m(^[[22m^[[2m1 test^[[22m^[[2m)^[[22m^[[32m 244^[[2mms^[[22m^[[39m
validate-code / unit-tests (test:unit)	UNKNOWN STEP	2026-10-09T00:15:42.9427570Z  ^[[32m✓^[[39m src/features/tokens/domain/token-description.test.ts ^[[2m(^[[22m^[[2m4 tests^[[22m^[[2m)^[[22m^[[32m 6^[[2mms^[[22m^[[39m
validate-code / unit-tests (test:unit)	UNKNOWN STEP	2026-10-09T00:15:44.0686068Z  ^[[32m✓^[[39m src/features/perpetuals/utils/formatPercentage.test.ts ^[[2m(^[[22m^[[2m5 tests^[[22m^[[2m)^[[22m^[[32m 20^[[2mms^[[22m^[[39m
validate-code / unit-tests (test:unit)	UNKNOWN STEP	2026-10-09T00:15:45.1952329Z  ^[[32m✓^[[39m src/features/tokens/domain/parse-asset-id.test.ts ^[[2m(^[[22m^[[2m3 tests^[[22m^[[2m)^[[22m^[[32m 7^[[2mms^[[22m^[[39m
validate-code / unit-tests (test:unit)	UNKNOWN STEP	2026-10-09T00:15:46.3480694Z  ^[[32m✓^[[39m src/features/ecosystems/utils/formatDateRange.test.ts ^[[2m(^[[22m^[[2m3 tests^[[22m^[[2m)^[[22m^[[32m 6^[[2mms^[[22m^[[39m
validate-code / unit-tests (test:unit)	UNKNOWN STEP	2026-10-09T00:15:47.4647264Z  ^[[32m✓^[[39m src/features/perpetuals/order/components/TradeActivityPanel/close-all-mark-price.test.ts ^[[2m(^[[22m^[[2m5 tests^[[22m^[[2m)^[[22m^[[32m 7^[[2mms^[[22m^[[39m
validate-code / unit-tests (test:unit)	UNKNOWN STEP	2026-10-09T00:15:48.6373979Z  ^[[32m✓^[[39m src/features/tokens/api/token-history.test.ts ^[[2m(^[[22m^[[2m2 tests^[[22m^[[2m)^[[22m^[[32m 50^[[2mms^[[22m^[[39m
validate-code / unit-tests (test:unit)	UNKNOWN STEP	2026-10-09T00:15:49.7729397Z  ^[[32m✓^[[39m src/app/api/cex/origin.test.ts ^[[2m(^[[22m^[[2m2 tests^[[22m^[[2m)^[[22m^[[32m 11^[[2mms^[[22m^[[39m
validate-code / unit-tests (test:unit)	UNKNOWN STEP	2026-10-09T00:15:52.3710652Z  ^[[32m✓^[[39m src/features/send/components/ReceiveAddressQr.test.tsx ^[[2m(^[[22m^[[2m1 test^[[22m^[[2m)^[[22m^[[32m 79^[[2mms^[[22m^[[39m
validate-code / unit-tests (test:unit)	UNKNOWN STEP	2026-10-09T00:15:53.6963364Z  ^[[32m✓^[[39m src/features/tokens/api/watchlist-tokens.test.ts ^[[2m(^[[22m^[[2m2 tests^[[22m^[[2m)^[[22m^[[32m 64^[[2mms^[[22m^[[39m
validate-code / unit-tests (test:unit)	UNKNOWN STEP	2026-10-09T00:15:54.7994455Z  ^[[32m✓^[[39m src/features/perpetuals/utils/toNumber.test.ts ^[[2m(^[[22m^[[2m5 tests^[[22m^[[2m)^[[22m^[[32m 8^[[2mms^[[22m^[[39m
validate-code / unit-tests (test:unit)	UNKNOWN STEP	2026-10-09T00:15:55.9228080Z  ^[[32m✓^[[39m src/features/perpetuals/utils/formatUsd.test.ts ^[[2m(^[[22m^[[2m4 tests^[[22m^[[2m)^[[22m^[[32m 21^[[2mms^[[22m^[[39m
validate-code / unit-tests (test:unit)	UNKNOWN STEP	2026-10-09T00:15:57.0256175Z  ^[[32m✓^[[39m src/features/tokens/domain/explore-movers.test.ts ^[[2m(^[[22m^[[2m1 test^[[22m^[[2m)^[[22m^[[32m 7^[[2mms^[[22m^[[39m
validate-code / unit-tests (test:unit)	UNKNOWN STEP	2026-10-09T00:15:59.9809784Z  ^[[32m✓^[[39m src/features/ramps/components/RampPage.test.tsx ^[[2m(^[[22m^[[2m1 test^[[22m^[[2m)^[[22m^[[32m 225^[[2mms^[[22m^[[39m
validate-code / unit-tests (test:unit)	UNKNOWN STEP	2026-10-09T00:16:01.2170810Z  ^[[32m✓^[[39m src/features/tokens/api/token-insights.test.ts ^[[2m(^[[22m^[[2m1 test^[[22m^[[2m)^[[22m^[[32m 76^[[2mms^[[22m^[[39m
validate-code / unit-tests (test:unit)	UNKNOWN STEP	2026-10-09T00:16:02.3279892Z  ^[[32m✓^[[39m src/features/perpetuals/order/utils/limit-price.test.ts ^[[2m(^[[22m^[[2m2 tests^[[22m^[[2m)^[[22m^[[32m 6^[[2mms^[[22m^[[39m
validate-code / unit-tests (test:unit)	UNKNOWN STEP	2026-10-09T00:16:03.4320191Z  ^[[32m✓^[[39m src/features/ecosystems/utils/isValidNetwork.test.ts ^[[2m(^[[22m^[[2m4 tests^[[22m^[[2m)^[[22m^[[32m 7^[[2mms^[[22m^[[39m
validate-code / unit-tests (test:unit)	UNKNOWN STEP	2026-10-09T00:16:05.2459204Z  ^[[32m✓^[[39m src/core/shortcuts/ShortcutsProvider.test.tsx ^[[2m(^[[22m^[[2m1 test^[[22m^[[2m)^[[22m^[[32m 152^[[2mms^[[22m^[[39m
validate-code / unit-tests (test:unit)	UNKNOWN STEP	2026-10-09T00:16:06.3744456Z  ^[[32m✓^[[39m electron/cex-session-store.test.ts ^[[2m(^[[22m^[[2m2 tests^[[22m^[[2m)^[[22m^[[32m 8^[[2mms^[[22m^[[39m
validate-code / unit-tests (test:unit)	UNKNOWN STEP	2026-10-09T00:16:08.4170407Z  ^[[32m✓^[[39m src/core/config/wagmi-config.test.ts ^[[2m(^[[22m^[[2m1 test^[[22m^[[2m)^[[22m^[[32m 7^[[2mms^[[22m^[[39m
validate-code / unit-tests (test:unit)	UNKNOWN STEP	2026-10-09T00:16:09.5221222Z  ^[[32m✓^[[39m src/features/perpetuals/order/utils/order-direction-param.test.ts ^[[2m(^[[22m^[[2m2 tests^[[22m^[[2m)^[[22m^[[32m 6^[[2mms^[[22m^[[39m
validate-code / unit-tests (test:unit)	UNKNOWN STEP	2026-10-09T00:16:11.2311117Z  ^[[32m✓^[[39m src/features/explorer/domain/explorer-networks.test.ts ^[[2m(^[[22m^[[2m2 tests^[[22m^[[2m)^[[22m^[[32m 9^[[2mms^[[22m^[[39m
validate-code / unit-tests (test:unit)	UNKNOWN STEP	2026-10-09T00:16:12.5194660Z  ^[[32m✓^[[39m src/features/perpetuals/order/queries/order-queries.keys.test.ts ^[[2m(^[[22m^[[2m1 test^[[22m^[[2m)^[[22m^[[32m 6^[[2mms^[[22m^[[39m
validate-code / unit-tests (test:unit)	UNKNOWN STEP	2026-10-09T00:16:13.6551748Z  ^[[32m✓^[[39m src/features/accounts/networks.test.ts ^[[2m(^[[22m^[[2m1 test^[[22m^[[2m)^[[22m^[[32m 7^[[2mms^[[22m^[[39m
validate-code / unit-tests (test:unit)	UNKNOWN STEP	2026-10-09T00:16:14.8313793Z  ^[[32m✓^[[39m src/features/tokens/api/token-security.test.ts ^[[2m(^[[22m^[[2m1 test^[[22m^[[2m)^[[22m^[[32m 89^[[2mms^[[22m^[[39m
validate-code / unit-tests (test:unit)	UNKNOWN STEP	2026-10-09T00:16:15.9196289Z  ^[[32m✓^[[39m src/features/tokens/domain/token-asset-id.test.ts ^[[2m(^[[22m^[[2m1 test^[[22m^[[2m)^[[22m^[[32m 6^[[2mms^[[22m^[[39m
validate-code / unit-tests (test:unit)	UNKNOWN STEP	2026-10-09T00:16:17.0171824Z  ^[[32m✓^[[39m src/features/tokens/domain/network-icon.test.ts ^[[2m(^[[22m^[[2m1 test^[[22m^[[2m)^[[22m^[[32m 6^[[2mms^[[22m^[[39m
validate-code / unit-tests (test:unit)	UNKNOWN STEP	2026-10-09T00:16:18.1079299Z  ^[[32m✓^[[39m src/features/tokens/domain/native-token.test.ts ^[[2m(^[[22m^[[2m1 test^[[22m^[[2m)^[[22m^[[32m 6^[[2mms^[[22m^[[39m
validate-code / unit-tests (test:unit)	UNKNOWN STEP	2026-10-09T00:16:28.5564883Z 
validate-code / unit-tests (test:unit)	UNKNOWN STEP	2026-10-09T00:16:28.5566093Z ^[[31m⎯⎯⎯⎯⎯⎯⎯^[[39m^[[1m^[[41m Failed Tests 4 ^[[49m^[[22m^[[31m⎯⎯⎯⎯⎯⎯⎯^[[39m
validate-code / unit-tests (test:unit)	UNKNOWN STEP	2026-10-09T00:16:28.5567567Z 
validate-code / unit-tests (test:unit)	UNKNOWN STEP	2026-10-09T00:16:28.5572697Z ^[[41m^[[1m FAIL ^[[22m^[[49m src/features/perpetuals/queries/live-orders-query.test.tsx^[[2m > ^[[22museLiveOrders^[[2m > ^[[22mstate reset on disable^[[2m > ^[[22mresets error state when becoming disabled
validate-code / unit-tests (test:unit)	UNKNOWN STEP	2026-10-09T00:16:28.5592204Z ^[[31m^[[1mAssertionError^[[22m: expected false to be true // Object.is equality
validate-code / unit-tests (test:unit)	UNKNOWN STEP	2026-10-09T00:16:28.5593298Z 
validate-code / unit-tests (test:unit)	UNKNOWN STEP	2026-10-09T00:16:28.5594426Z Ignored nodes: comments, script, style
validate-code / unit-tests (test:unit)	UNKNOWN STEP	2026-10-09T00:16:28.5595580Z ^[[36m<html>^[[31m
validate-code / unit-tests (test:unit)	UNKNOWN STEP	2026-10-09T00:16:28.5596445Z   ^[[36m<head />^[[31m
validate-code / unit-tests (test:unit)	UNKNOWN STEP	2026-10-09T00:16:28.5597294Z   ^[[36m<body>^[[31m
validate-code / unit-tests (test:unit)	UNKNOWN STEP	2026-10-09T00:16:28.5598239Z     ^[[36m<div />^[[31m
validate-code / unit-tests (test:unit)	UNKNOWN STEP	2026-10-09T00:16:28.5599067Z   ^[[36m</body>^[[31m
validate-code / unit-tests (test:unit)	UNKNOWN STEP	2026-10-09T00:16:28.5599851Z ^[[36m</html>^[[31m^[[39m
validate-code / unit-tests (test:unit)	UNKNOWN STEP	2026-10-09T00:16:28.5600738Z 
validate-code / unit-tests (test:unit)	UNKNOWN STEP	2026-10-09T00:16:28.5601259Z ^[[32m- Expected^[[39m
validate-code / unit-tests (test:unit)	UNKNOWN STEP	2026-10-09T00:16:28.5602106Z ^[[31m+ Received^[[39m
validate-code / unit-tests (test:unit)	UNKNOWN STEP	2026-10-09T00:16:28.5602610Z 
validate-code / unit-tests (test:unit)	UNKNOWN STEP	2026-10-09T00:16:28.5603065Z ^[[32m- true^[[39m
validate-code / unit-tests (test:unit)	UNKNOWN STEP	2026-10-09T00:16:28.5603874Z ^[[31m+ false^[[39m
validate-code / unit-tests (test:unit)	UNKNOWN STEP	2026-10-09T00:16:28.5604392Z 
validate-code / unit-tests (test:unit)	UNKNOWN STEP	2026-10-09T00:16:28.5605574Z ^[[36m ^[[2m❯^[[22m src/features/perpetuals/queries/live-orders-query.test.tsx:^[[2m716:40^[[22m^[[39m
validate-code / unit-tests (test:unit)	UNKNOWN STEP	2026-10-09T00:16:28.5697979Z     ^[[90m714| ^[[39m      ^[[90m// Wait for error state^[[39m
validate-code / unit-tests (test:unit)	UNKNOWN STEP	2026-10-09T00:16:28.5741492Z     ^[[90m715| ^[[39m      ^[[35mawait^[[39m ^[[34mwaitFor^[[39m(() ^[[33m=>^[[39m ***
validate-code / unit-tests (test:unit)	UNKNOWN STEP	2026-10-09T00:16:28.5781569Z     ^[[90m716| ^[[39m        ^[[34mexpect^[[39m(result^[[33m.^[[39mcurrent^[[33m.^[[39misError)^[[33m.^[[39m^[[34mtoBe^[[39m(^[[35mtrue^[[39m)^[[33m;^[[39m
validate-code / unit-tests (test:unit)	UNKNOWN STEP	2026-10-09T00:16:28.5800893Z     ^[[90m   | ^[[39m                                       ^[[31m^^[[39m
validate-code / unit-tests (test:unit)	UNKNOWN STEP	2026-10-09T00:16:28.5801442Z 
validate-code / unit-tests (test:unit)	UNKNOWN STEP	2026-10-09T00:16:28.5841128Z     ^[[90m717| ^[[39m      ***)^[[33m;^[[39m
validate-code / unit-tests (test:unit)	UNKNOWN STEP	2026-10-09T00:16:28.5842470Z ^[[2m Test Files ^[[22m ^[[1m^[[31m3 failed^[[39m^[[22m^[[2m | ^[[22m^[[1m^[[32m251 passed^[[39m^[[22m^[[90m (254)^[[39m
validate-code / unit-tests (test:unit)	UNKNOWN STEP	2026-10-09T00:16:28.5844336Z ^[[2m      Tests ^[[22m ^[[1m^[[31m4 failed^[[39m^[[22m^[[2m | ^[[22m^[[1m^[[32m1822 passed^[[39m^[[22m^[[2m | ^[[22m^[[33m7 skipped^[[39m^[[90m (1833)^[[39m
validate-code / unit-tests (test:unit)	UNKNOWN STEP	2026-10-09T00:16:28.5870957Z ^[[2m   Start at ^[[22m 00:06:25
validate-code / unit-tests (test:unit)	UNKNOWN STEP	2026-10-09T00:16:28.5875492Z     ^[[90m718| ^[[39m
validate-code / unit-tests (test:unit)	UNKNOWN STEP	2026-10-09T00:16:28.5891904Z ^[[2m   Duration ^[[22m 603.13s^[[2m (transform 5.84s, setup 74.72s, collect 202.48s, tests 95.43s, environment 120.59s, prepare 27.94s)^[[22m
validate-code / unit-tests (test:unit)	UNKNOWN STEP	2026-10-09T00:16:28.5944644Z ^[[90m ^[[2m❯^[[22m runWithExpensiveErrorDiagnosticsDisabled node_modules/@testing-library/dom/dist/config.js:^[[2m47:12^[[22m^[[39m
validate-code / unit-tests (test:unit)	UNKNOWN STEP	2026-10-09T00:16:28.5945960Z 
validate-code / unit-tests (test:unit)	UNKNOWN STEP	2026-10-09T00:16:28.5949140Z ^[[90m ^[[2m❯^[[22m checkCallback node_modules/@testing-library/dom/dist/wait-for.js:^[[2m124:77^[[22m^[[39m
validate-code / unit-tests (test:unit)	UNKNOWN STEP	2026-10-09T00:16:28.5955258Z ^[[90m ^[[2m❯^[[22m Timeout.checkRealTimersCallback node_modules/@testing-library/dom/dist/wait-for.js:^[[2m118:16^[[22m^[[39m
validate-code / unit-tests (test:unit)	UNKNOWN STEP	2026-10-09T00:16:28.5956370Z 
validate-code / unit-tests (test:unit)	UNKNOWN STEP	2026-10-09T00:16:28.5957384Z ^[[31m^[[2m⎯⎯⎯⎯⎯⎯⎯⎯⎯⎯⎯⎯⎯⎯⎯⎯⎯⎯⎯⎯⎯⎯⎯⎯[1/4]⎯^[[22m^[[39m
validate-code / unit-tests (test:unit)	UNKNOWN STEP	2026-10-09T00:16:28.5958036Z 
validate-code / unit-tests (test:unit)	UNKNOWN STEP	2026-10-09T00:16:28.5959664Z ^[[41m^[[1m FAIL ^[[22m^[[49m src/features/perpetuals/domain/Order/helpers/OrderBuilder.test.ts^[[2m > ^[[22mOrderBuilder^[[2m > ^[[22mbuilds a market order intent without price
validate-code / unit-tests (test:unit)	UNKNOWN STEP	2026-10-09T00:16:28.5961085Z 
validate-code / unit-tests (test:unit)	UNKNOWN STEP	2026-10-09T00:16:28.5962572Z ^[[31m^[[1mAssertionError^[[22m: expected *** symbol: 'ETH-PERP', …(14) *** to deeply equal *** symbol: 'ETH-PERP', …(8) ***^[[39m
validate-code / unit-tests (test:unit)	UNKNOWN STEP	2026-10-09T00:16:28.5963666Z 
validate-code / unit-tests (test:unit)	UNKNOWN STEP	2026-10-09T00:16:28.5964143Z ^[[32m- Expected^[[39m
validate-code / unit-tests (test:unit)	UNKNOWN STEP	2026-10-09T00:16:28.5965086Z ^[[31m+ Received^[[39m
validate-code / unit-tests (test:unit)	UNKNOWN STEP	2026-10-09T00:16:28.5965580Z 
validate-code / unit-tests (test:unit)	UNKNOWN STEP	2026-10-09T00:16:28.5966059Z ^[[33m@@ -2,10 +2,16 @@^[[39m
validate-code / unit-tests (test:unit)	UNKNOWN STEP	2026-10-09T00:16:28.5966822Z ^[[2m    "amount": 100,^[[22m
validate-code / unit-tests (test:unit)	UNKNOWN STEP	2026-10-09T00:16:28.5986305Z ##[error]AssertionError: expected false to be true // Object.is equality
validate-code / unit-tests (test:unit)	UNKNOWN STEP	
validate-code / unit-tests (test:unit)	UNKNOWN STEP	Ignored nodes: comments, script, style
validate-code / unit-tests (test:unit)	UNKNOWN STEP	<html>
validate-code / unit-tests (test:unit)	UNKNOWN STEP	  <head />
validate-code / unit-tests (test:unit)	UNKNOWN STEP	  <body>
validate-code / unit-tests (test:unit)	UNKNOWN STEP	    <div />
validate-code / unit-tests (test:unit)	UNKNOWN STEP	  </body>
validate-code / unit-tests (test:unit)	UNKNOWN STEP	</html>
validate-code / unit-tests (test:unit)	UNKNOWN STEP	
validate-code / unit-tests (test:unit)	UNKNOWN STEP	- Expected
validate-code / unit-tests (test:unit)	UNKNOWN STEP	+ Received
validate-code / unit-tests (test:unit)	UNKNOWN STEP	
validate-code / unit-tests (test:unit)	UNKNOWN STEP	- true
validate-code / unit-tests (test:unit)	UNKNOWN STEP	+ false
validate-code / unit-tests (test:unit)	UNKNOWN STEP	
validate-code / unit-tests (test:unit)	UNKNOWN STEP	 ❯ src/features/perpetuals/queries/live-orders-query.test.tsx:716:40
validate-code / unit-tests (test:unit)	UNKNOWN STEP	 ❯ runWithExpensiveErrorDiagnosticsDisabled node_modules/@testing-library/dom/dist/config.js:47:12
validate-code / unit-tests (test:unit)	UNKNOWN STEP	 ❯ checkCallback node_modules/@testing-library/dom/dist/wait-for.js:124:77
validate-code / unit-tests (test:unit)	UNKNOWN STEP	 ❯ Timeout.checkRealTimersCallback node_modules/@testing-library/dom/dist/wait-for.js:118:16
validate-code / unit-tests (test:unit)	UNKNOWN STEP	
validate-code / unit-tests (test:unit)	UNKNOWN STEP	
validate-code / unit-tests (test:unit)	UNKNOWN STEP	2026-10-09T00:16:28.5991314Z 
validate-code / unit-tests (test:unit)	UNKNOWN STEP	2026-10-09T00:16:28.5999313Z ##[error]AssertionError: expected *** symbol: 'ETH-PERP', …(14) *** to deeply equal *** symbol: 'ETH-PERP', …(8) ***
validate-code / unit-tests (test:unit)	UNKNOWN STEP	
validate-code / unit-tests (test:unit)	UNKNOWN STEP	- Expected
validate-code / unit-tests (test:unit)	UNKNOWN STEP	+ Received
validate-code / unit-tests (test:unit)	UNKNOWN STEP	
validate-code / unit-tests (test:unit)	UNKNOWN STEP	@@ -2,10 +2,16 @@
validate-code / unit-tests (test:unit)	UNKNOWN STEP	    "amount": 100,
validate-code / unit-tests (test:unit)	UNKNOWN STEP	    "direction": "long",
validate-code / unit-tests (test:unit)	UNKNOWN STEP	    "leverage": 3,
validate-code / unit-tests (test:unit)	UNKNOWN STEP	    "marginMode": "isolated",
validate-code / unit-tests (test:unit)	UNKNOWN STEP	    "price": undefined,
validate-code / unit-tests (test:unit)	UNKNOWN STEP	+   "reduceOnly": false,
validate-code / unit-tests (test:unit)	UNKNOWN STEP	+   "slippage": 0.01,
validate-code / unit-tests (test:unit)	UNKNOWN STEP	    "stopLoss": undefined,
validate-code / unit-tests (test:unit)	UNKNOWN STEP	    "symbol": "ETH-PERP",
validate-code / unit-tests (test:unit)	UNKNOWN STEP	    "takeProfit": undefined,
validate-code / unit-tests (test:unit)	UNKNOWN STEP	+   "timeInForce": "GTC",
validate-code / unit-tests (test:unit)	UNKNOWN STEP	+   "triggerPrice": undefined,
validate-code / unit-tests (test:unit)	UNKNOWN STEP	+   "twapDurationMinutes": undefined,
validate-code / unit-tests (test:unit)	UNKNOWN STEP	+   "twapRandomize": false,
validate-code / unit-tests (test:unit)	UNKNOWN STEP	    "type": "market",
validate-code / unit-tests (test:unit)	UNKNOWN STEP	  ***
validate-code / unit-tests (test:unit)	UNKNOWN STEP	
validate-code / unit-tests (test:unit)	UNKNOWN STEP	 ❯ src/features/perpetuals/domain/Order/helpers/OrderBuilder.test.ts:49:20
validate-code / unit-tests (test:unit)	UNKNOWN STEP	
validate-code / unit-tests (test:unit)	UNKNOWN STEP	
validate-code / unit-tests (test:unit)	UNKNOWN STEP	2026-10-09T00:16:28.6004143Z 
validate-code / unit-tests (test:unit)	UNKNOWN STEP	2026-10-09T00:16:28.6008219Z ##[error]AssertionError: expected "spy" to be called with arguments: [ 'SOL', 3 ]
validate-code / unit-tests (test:unit)	UNKNOWN STEP	
validate-code / unit-tests (test:unit)	UNKNOWN STEP	Number of calls: 0
validate-code / unit-tests (test:unit)	UNKNOWN STEP	
validate-code / unit-tests (test:unit)	UNKNOWN STEP	 ❯ src/features/perpetuals/order/components/OrderForm/OrderParametersModals/OrderFormLimitPriceEditor.test.tsx:86:36
validate-code / unit-tests (test:unit)	UNKNOWN STEP	
validate-code / unit-tests (test:unit)	UNKNOWN STEP	
validate-code / unit-tests (test:unit)	UNKNOWN STEP	2026-10-09T00:16:28.6011079Z 
validate-code / unit-tests (test:unit)	UNKNOWN STEP	2026-10-09T00:16:28.6108314Z ##[error]TestingLibraryElementError: Unable to find an element with the text: $123.46. This could be because the text is broken up by multiple elements. In this case, you can provide a function for your text matcher to make your matcher more flexible.
validate-code / unit-tests (test:unit)	UNKNOWN STEP	
validate-code / unit-tests (test:unit)	UNKNOWN STEP	Ignored nodes: comments, script, style
validate-code / unit-tests (test:unit)	UNKNOWN STEP	<body>
validate-code / unit-tests (test:unit)	UNKNOWN STEP	  <div>
validate-code / unit-tests (test:unit)	UNKNOWN STEP	    <div
validate-code / unit-tests (test:unit)	UNKNOWN STEP	      class="bg-alternative text-default flex flex-col gap-6 rounded-none p-6"
validate-code / unit-tests (test:unit)	UNKNOWN STEP	    >
validate-code / unit-tests (test:unit)	UNKNOWN STEP	      <div
validate-code / unit-tests (test:unit)	UNKNOWN STEP	        class="rounded-md bg-alternative text-default flex flex-row justify-between items-center"
validate-code / unit-tests (test:unit)	UNKNOWN STEP	      >
validate-code / unit-tests (test:unit)	UNKNOWN STEP	        <div
validate-code / unit-tests (test:unit)	UNKNOWN STEP	          class="w-6"
validate-code / unit-tests (test:unit)	UNKNOWN STEP	        />
validate-code / unit-tests (test:unit)	UNKNOWN STEP	         
validate-code / unit-tests (test:unit)	UNKNOWN STEP	        <p
validate-code / unit-tests (test:unit)	UNKNOWN STEP	          class="leading-s-heading-sm tracking-s-heading-sm text-default font-bold md:text-l-heading-sm md:leading-l-heading-sm md:tracking-l-heading-sm md:font-semibold"
validate-code / unit-tests (test:unit)	UNKNOWN STEP	        >
validate-code / unit-tests (test:unit)	UNKNOWN STEP	          Set limit price
validate-code / unit-tests (test:unit)	UNKNOWN STEP	        </p>
validate-code / unit-tests (test:unit)	UNKNOWN STEP	        <button
validate-code / unit-tests (test:unit)	UNKNOWN STEP	          aria-label="Close parameter editor"
validate-code / unit-tests (test:unit)	UNKNOWN STEP	          class="bg-transparent border-none p-0 cursor-pointer"
validate-code / unit-tests (test:unit)	UNKNOWN STEP	          data-rac=""
validate-code / unit-tests (test:unit)	UNKNOWN STEP	          data-react-aria-pressable="true"
validate-code / unit-tests (test:unit)	UNKNOWN STEP	          id="react-aria-_r_k_"
validate-code / unit-tests (test:unit)	UNKNOWN STEP	          tabindex="0"
validate-code / unit-tests (test:unit)	UNKNOWN STEP	          type="button"
validate-code / unit-tests (test:unit)	UNKNOWN STEP	        >
validate-code / unit-tests (test:unit)	UNKNOWN STEP	          <close-icon
validate-code / unit-tests (test:unit)	UNKNOWN STEP	            aria-hidden=""
validate-code / unit-tests (test:unit)	UNKNOWN STEP	            class="block shrink-0 self-center overflow-visible w-6 h-6 text-white icon-fill-current"
validate-code / unit-tests (test:unit)	UNKNOWN STEP	            focusable="false"
validate-code / unit-tests (test:unit)	UNKNOWN STEP	          />
validate-code / unit-tests (test:unit)	UNKNOWN STEP	        </button>
validate-code / unit-tests (test:unit)	UNKNOWN STEP	      </div>
validate-code / unit-tests (test:unit)	UNKNOWN STEP	      <div
validate-code / unit-tests (test:unit)	UNKNOWN STEP	        class="rounded-md text-default flex flex-col gap-2 bg-transparent p-0"
validate-code / unit-tests (test:unit)	UNKNOWN STEP	      >
validate-code / unit-tests (test:unit)	UNKNOWN STEP	        <div
validate-code / unit-tests (test:unit)	UNKNOWN STEP	          class="rounded-md text-default flex flex-row bg-section justify-between"
validate-code / unit-tests (test:unit)	UNKNOWN STEP	        >
validate-code / unit-tests (test:unit)	UNKNOWN STEP	          <div
validate-code / unit-tests (test:unit)	UNKNOWN STEP	            class="react-aria-NumberField"
validate-code / unit-tests (test:unit)	UNKNOWN STEP	            data-rac=""
validate-code / unit-tests (test:unit)	UNKNOWN STEP	          >
validate-code / unit-tests (test:unit)	UNKNOWN STEP	            <input
validate-code / unit-tests (test:unit)	UNKNOWN STEP	              aria-label="limit price"
validate-code / unit-tests (test:unit)	UNKNOWN STEP	              aria-roledescription="Number field"
validate-code / unit-tests (test:unit)	UNKNOWN STEP	              autocomplete="off"
validate-code / unit-tests (test:unit)	UNKNOWN STEP	              autocorrect="off"
validate-code / unit-tests (test:unit)	UNKNOWN STEP	              class="w-full rounded-xl bg-section text-default px-4 py-3 placeholder:text-muted outline-none transition-colors border border-muted hover:bg-input-hover data-[hovered]:bg-input-hover focus-visible:border-focus data-[invalid]:border-[--color-error-alternative] data-[disabled]:opacity-50 data-[disabled]:cursor-not-allowed"
validate-code / unit-tests (test:unit)	UNKNOWN STEP	              data-rac=""
validate-code / unit-tests (test:unit)	UNKNOWN STEP	              id="react-aria-_r_m_"
validate-code / unit-tests (test:unit)	UNKNOWN STEP	              inputmode="numeric"
validate-code / unit-tests (test:unit)	UNKNOWN STEP	              placeholder="$104,750.50"
validate-code / unit-tests (test:unit)	UNKNOWN STEP	              spellcheck="false"
validate-code / unit-tests (test:unit)	UNKNOWN STEP	              tabindex="0"
validate-code / unit-tests (test:unit)	UNKNOWN STEP	              title=""
validate-code / unit-tests (test:unit)	UNKNOWN STEP	              type="text"
validate-code / unit-tests (test:unit)	UNKNOWN STEP	              value="$104,750.50"
validate-code / unit-tests (test:unit)	UNKNOWN STEP	            />
validate-code / unit-tests (test:unit)	UNKNOWN STEP	          </div>
validate-code / unit-tests (test:unit)	UNKNOWN STEP	          <button
validate-code / unit-tests (test:unit)	UNKNOWN STEP	            aria-label="Use mid price"
validate-code / unit-tests (test:unit)	UNKNOWN STEP	            class="leading-s-body-xs tracking-s-body-xs md:text-l-body-xs md:leading-l-body-xs md:tracking-l-body-xs font-normal text-alternative bg-muted px-2 py-1 mr-3 rounded-sm my-auto cursor-pointer border-none"
validate-code / unit-tests (test:unit)	UNKNOWN STEP	            data-rac=""
validate-code / unit-tests (test:unit)	UNKNOWN STEP	            data-react-aria-pressable="true"
validate-code / unit-tests (test:unit)	UNKNOWN STEP	            id="react-aria-_r_u_"
validate-code / unit-tests (test:unit)	UNKNOWN STEP	            tabindex="0"
validate-code / unit-tests (test:unit)	UNKNOWN STEP	            type="button"
validate-code / unit-tests (test:unit)	UNKNOWN STEP	          >
validate-code / unit-tests (test:unit)	UNKNOWN STEP	            Mid
validate-code / unit-tests (test:unit)	UNKNOWN STEP	          </button>
validate-code / unit-tests (test:unit)	UNKNOWN STEP	        </div>
validate-code / unit-tests (test:unit)	UNKNOWN STEP	        <div
validate-code / unit-tests (test:unit)	UNKNOWN STEP	          class="text-default grid grid-cols-3 gap-3 bg-transparent shadow-none rounded-none p-0"
validate-code / unit-tests (test:unit)	UNKNOWN STEP	        >
validate-code / unit-tests (test:unit)	UNKNOWN STEP	          <button
validate-code / unit-tests (test:unit)	UNKNOWN STEP	            class="inline-flex items-center rounded-xl overflow-hidden relative outline-none duration-100 ease-linear data-[disabled]:opacity-50 data-[disabled]:cursor-not-allowed bg-muted data-[hovered]:bg-muted-hover data-[pressed]:bg-muted-pressed h-btn-md px-4 gap-2 text-s-body-md leading-s-body-md tracking-s-body-md md:text-l-body-md md:leading-l-body-md md:tracking-l-body-md font-medium justify-center transition cursor-pointer focus-visible:border-transparent focus-visible:outline focus-visible:outline-2 focus-visible:outline-white focus-visible:outline-offset-0 focus:border-transparent focus:outline focus:outline-2 focus:outline-white focus:outline-offset-0"
validate-code / unit-tests (test:unit)	UNKNOWN STEP	            data-rac=""
validate-code / unit-tests (test:unit)	UNKNOWN STEP	            data-react-aria-pressable="true"
validate-code / unit-tests (test:unit)	UNKNOWN STEP	            id="react-aria-_r_10_"
validate-code / unit-tests (test:unit)	UNKNOWN STEP	            tabindex="0"
validate-code / unit-tests (test:unit)	UNKNOWN STEP	            type="button"
validate-code / unit-tests (test:unit)	UNKNOWN STEP	          >
validate-code / unit-tests (test:unit)	UNKNOWN STEP	            -1%
validate-code / unit-tests (test:unit)	UNKNOWN STEP	          </button>
validate-code / unit-tests (test:unit)	UNKNOWN STEP	          <button
validate-code / unit-tests (test:unit)	UNKNOWN STEP	            class="inline-flex items-center rounded-xl overflow-hidden relative outline-none duration-100 ease-linear data-[disabled]:opacity-50 data-[
validate-code / unit-tests (test:unit)	UNKNOWN STEP	2026-10-09T00:16:28.6135019Z ^[[2m    "direction": "long",^[[22m
validate-code / unit-tests (test:unit)	UNKNOWN STEP	2026-10-09T00:16:28.6135727Z ^[[2m    "leverage": 3,^[[22m
validate-code / unit-tests (test:unit)	UNKNOWN STEP	2026-10-09T00:16:28.6136450Z ^[[2m    "marginMode": "isolated",^[[22m
validate-code / unit-tests (test:unit)	UNKNOWN STEP	2026-10-09T00:16:28.6137201Z ^[[2m    "price": undefined,^[[22m
validate-code / unit-tests (test:unit)	UNKNOWN STEP	2026-10-09T00:16:28.6137947Z ^[[31m+   "reduceOnly": false,^[[39m
validate-code / unit-tests (test:unit)	UNKNOWN STEP	2026-10-09T00:16:28.6138690Z ^[[31m+   "slippage": 0.01,^[[39m
validate-code / unit-tests (test:unit)	UNKNOWN STEP	2026-10-09T00:16:28.6139401Z ^[[2m    "stopLoss": undefined,^[[22m
validate-code / unit-tests (test:unit)	UNKNOWN STEP	2026-10-09T00:16:28.6145578Z ^[[2m    "symbol": "ETH-PERP",^[[22m
validate-code / unit-tests (test:unit)	UNKNOWN STEP	2026-10-09T00:16:28.6146408Z ^[[2m    "takeProfit": undefined,^[[22m
validate-code / unit-tests (test:unit)	UNKNOWN STEP	2026-10-09T00:16:28.6147164Z ^[[31m+   "timeInForce": "GTC",^[[39m
validate-code / unit-tests (test:unit)	UNKNOWN STEP	2026-10-09T00:16:28.6147922Z ^[[31m+   "triggerPrice": undefined,^[[39m
validate-code / unit-tests (test:unit)	UNKNOWN STEP	2026-10-09T00:16:28.6148786Z ^[[31m+   "twapDurationMinutes": undefined,^[[39m
validate-code / unit-tests (test:unit)	UNKNOWN STEP	2026-10-09T00:16:28.6149603Z ^[[31m+   "twapRandomize": false,^[[39m
validate-code / unit-tests (test:unit)	UNKNOWN STEP	2026-10-09T00:16:28.6184895Z ^[[2m    "type": "market",^[[22m
validate-code / unit-tests (test:unit)	UNKNOWN STEP	2026-10-09T00:16:28.6185652Z ^[[2m  ***^[[22m
validate-code / unit-tests (test:unit)	UNKNOWN STEP	2026-10-09T00:16:28.6185949Z 
validate-code / unit-tests (test:unit)	UNKNOWN STEP	2026-10-09T00:16:28.6187006Z ^[[36m ^[[2m❯^[[22m src/features/perpetuals/domain/Order/helpers/OrderBuilder.test.ts:^[[2m49:20^[[22m^[[39m
validate-code / unit-tests (test:unit)	UNKNOWN STEP	2026-10-09T00:16:28.6189061Z     ^[[90m 47| ^[[39m    ^[[35mconst^[[39m intent ^[[33m=^[[39m builder^[[33m.^[[39m^[[34mbuildOrderIntent^[[39m(^[[32m"ETH-PERP"^[[39m^[[33m,^[[39m draft)^[[33m;^[[39m
validate-code / unit-tests (test:unit)	UNKNOWN STEP	2026-10-09T00:16:28.6190630Z     ^[[90m 48| ^[[39m
validate-code / unit-tests (test:unit)	UNKNOWN STEP	2026-10-09T00:16:28.6191899Z     ^[[90m 49| ^[[39m    ^[[34mexpect^[[39m(intent)^[[33m.^[[39m^[[34mtoEqual^[[39m(***
validate-code / unit-tests (test:unit)	UNKNOWN STEP	2026-10-09T00:16:28.6192921Z     ^[[90m   | ^[[39m                   ^[[31m^^[[39m
validate-code / unit-tests (test:unit)	UNKNOWN STEP	2026-10-09T00:16:28.6193905Z     ^[[90m 50| ^[[39m      symbol^[[33m:^[[39m ^[[32m"ETH-PERP"^[[39m^[[33m,^[[39m
validate-code / unit-tests (test:unit)	UNKNOWN STEP	2026-10-09T00:16:28.6195231Z     ^[[90m 51| ^[[39m      direction^[[33m:^[[39m ^[[32m"long"^[[39m^[[33m,^[[39m
validate-code / unit-tests (test:unit)	UNKNOWN STEP	2026-10-09T00:16:28.6195804Z 
validate-code / unit-tests (test:unit)	UNKNOWN STEP	2026-10-09T00:16:28.6196359Z ^[[31m^[[2m⎯⎯⎯⎯⎯⎯⎯⎯⎯⎯⎯⎯⎯⎯⎯⎯⎯⎯⎯⎯⎯⎯⎯⎯[2/4]⎯^[[22m^[[39m
validate-code / unit-tests (test:unit)	UNKNOWN STEP	2026-10-09T00:16:28.6196790Z 
validate-code / unit-tests (test:unit)	UNKNOWN STEP	2026-10-09T00:16:28.6199137Z ^[[41m^[[1m FAIL ^[[22m^[[49m src/features/perpetuals/order/components/OrderForm/OrderParametersModals/OrderFormLimitPriceEditor.test.tsx^[[2m > ^[[22mOrderFormLimitPriceEditor^[[2m > ^[[22mpasses symbol + leverage to useLeverageMetrics
validate-code / unit-tests (test:unit)	UNKNOWN STEP	2026-10-09T00:16:28.6212066Z ^[[31m^[[1mAssertionError^[[22m: expected "spy" to be called with arguments: [ 'SOL', 3 ]^[[90m
validate-code / unit-tests (test:unit)	UNKNOWN STEP	2026-10-09T00:16:28.6212797Z 
validate-code / unit-tests (test:unit)	UNKNOWN STEP	2026-10-09T00:16:28.6213160Z Number of calls: ^[[1m0^[[22m
validate-code / unit-tests (test:unit)	UNKNOWN STEP	2026-10-09T00:16:28.6213790Z ^[[31m^[[39m
validate-code / unit-tests (test:unit)	UNKNOWN STEP	2026-10-09T00:16:28.6215537Z ^[[36m ^[[2m❯^[[22m src/features/perpetuals/order/components/OrderForm/OrderParametersModals/OrderFormLimitPriceEditor.test.tsx:^[[2m86:36^[[22m^[[39m
validate-code / unit-tests (test:unit)	UNKNOWN STEP	2026-10-09T00:16:28.6217048Z     ^[[90m 84| ^[[39m    )^[[33m;^[[39m
validate-code / unit-tests (test:unit)	UNKNOWN STEP	2026-10-09T00:16:28.6217707Z     ^[[90m 85| ^[[39m
validate-code / unit-tests (test:unit)	UNKNOWN STEP	2026-10-09T00:16:28.6218751Z     ^[[90m 86| ^[[39m    expect(mockUseLeverageMetrics).toHaveBeenCalledWith("SOL", 3); // …
validate-code / unit-tests (test:unit)	UNKNOWN STEP	2026-10-09T00:16:28.6220157Z     ^[[90m   | ^[[39m                                   ^[[31m^^[[39m
validate-code / unit-tests (test:unit)	UNKNOWN STEP	2026-10-09T00:16:28.6221858Z     ^[[90m 87| ^[[39m  ***)^[[33m;^[[39m
validate-code / unit-tests (test:unit)	UNKNOWN STEP	2026-10-09T00:16:28.6222794Z     ^[[90m 88| ^[[39m
validate-code / unit-tests (test:unit)	UNKNOWN STEP	2026-10-09T00:16:28.6223320Z 
validate-code / unit-tests (test:unit)	UNKNOWN STEP	2026-10-09T00:16:28.6224130Z ^[[31m^[[2m⎯⎯⎯⎯⎯⎯⎯⎯⎯⎯⎯⎯⎯⎯⎯⎯⎯⎯⎯⎯⎯⎯⎯⎯[3/4]⎯^[[22m^[[39m
validate-code / unit-tests (test:unit)	UNKNOWN STEP	2026-10-09T00:16:28.6224607Z 
validate-code / unit-tests (test:unit)	UNKNOWN STEP	2026-10-09T00:16:28.6226876Z ^[[41m^[[1m FAIL ^[[22m^[[49m src/features/perpetuals/order/components/OrderForm/OrderParametersModals/OrderFormLimitPriceEditor.test.tsx^[[2m > ^[[22mOrderFormLimitPriceEditor^[[2m > ^[[22mrenders leverage metrics returned by the hook
validate-code / unit-tests (test:unit)	UNKNOWN STEP	2026-10-09T00:16:28.6231539Z ^[[31m^[[1mTestingLibraryElementError^[[22m^[[39m: Unable to find an element with the text: $123.46. This could be because the text is broken up by multiple elements. In this case, you can provide a function for your text matcher to make your matcher more flexible.
validate-code / unit-tests (test:unit)	UNKNOWN STEP	2026-10-09T00:16:28.6233291Z 
validate-code / unit-tests (test:unit)	UNKNOWN STEP	2026-10-09T00:16:28.6233673Z Ignored nodes: comments, script, style
validate-code / unit-tests (test:unit)	UNKNOWN STEP	2026-10-09T00:16:28.6234379Z ^[[36m<body>^[[39m
validate-code / unit-tests (test:unit)	UNKNOWN STEP	2026-10-09T00:16:28.6234928Z   ^[[36m<div>^[[39m
validate-code / unit-tests (test:unit)	UNKNOWN STEP	2026-10-09T00:16:28.6235499Z     ^[[36m<div^[[39m
validate-code / unit-tests (test:unit)	UNKNOWN STEP	2026-10-09T00:16:28.6236583Z       ^[[33mclass^[[39m=^[[32m"bg-alternative text-default flex flex-col gap-6 rounded-none p-6"^[[39m
validate-code / unit-tests (test:unit)	UNKNOWN STEP	2026-10-09T00:16:28.6237604Z     ^[[36m>^[[39m
validate-code / unit-tests (test:unit)	UNKNOWN STEP	2026-10-09T00:16:28.6238156Z       ^[[36m<div^[[39m
validate-code / unit-tests (test:unit)	UNKNOWN STEP	2026-10-09T00:16:28.6239428Z         ^[[33mclass^[[39m=^[[32m"rounded-md bg-alternative text-default flex flex-row justify-between items-center"^[[39m
validate-code / unit-tests (test:unit)	UNKNOWN STEP	2026-10-09T00:16:28.6241379Z       ^[[36m>^[[39m
validate-code / unit-tests (test:unit)	UNKNOWN STEP	2026-10-09T00:16:28.6241958Z         ^[[36m<div^[[39m
validate-code / unit-tests (test:unit)	UNKNOWN STEP	2026-10-09T00:16:28.6242638Z           ^[[33mclass^[[39m=^[[32m"w-6"^[[39m
validate-code / unit-tests (test:unit)	UNKNOWN STEP	2026-10-09T00:16:28.6243304Z         ^[[36m/>^[[39m
validate-code / unit-tests (test:unit)	UNKNOWN STEP	2026-10-09T00:16:28.6243862Z         ^[[0m ^[[0m
validate-code / unit-tests (test:unit)	UNKNOWN STEP	2026-10-09T00:16:28.6244407Z         ^[[36m<p^[[39m
validate-code / unit-tests (test:unit)	UNKNOWN STEP	2026-10-09T00:16:28.6246338Z           ^[[33mclass^[[39m=^[[32m"leading-s-heading-sm tracking-s-heading-sm text-default font-bold md:text-l-heading-sm md:leading-l-heading-sm md:tracking-l-heading-sm md:font-semibold"^[[39m
validate-code / unit-tests (test:unit)	UNKNOWN STEP	2026-10-09T00:16:28.6247974Z         ^[[36m>^[[39m
validate-code / unit-tests (test:unit)	UNKNOWN STEP	2026-10-09T00:16:28.6248597Z           ^[[0mSet limit price^[[0m
validate-code / unit-tests (test:unit)	UNKNOWN STEP	2026-10-09T00:16:28.6249233Z         ^[[36m</p>^[[39m
validate-code / unit-tests (test:unit)	UNKNOWN STEP	2026-10-09T00:16:28.6249819Z         ^[[36m<button^[[39m
validate-code / unit-tests (test:unit)	UNKNOWN STEP	2026-10-09T00:16:28.6283728Z           ^[[33maria-label^[[39m=^[[32m"Close parameter editor"^[[39m
validate-code / unit-tests (test:unit)	UNKNOWN STEP	2026-10-09T00:16:28.6285294Z           ^[[33mclass^[[39m=^[[32m"bg-transparent border-none p-0 cursor-pointer"^[[39m
validate-code / unit-tests (test:unit)	UNKNOWN STEP	2026-10-09T00:16:28.6286496Z           ^[[33mdata-rac^[[39m=^[[32m""^[[39m
validate-code / unit-tests (test:unit)	UNKNOWN STEP	2026-10-09T00:16:28.6287589Z           ^[[33mdata-react-aria-pressable^[[39m=^[[32m"true"^[[39m
validate-code / unit-tests (test:unit)	UNKNOWN STEP	2026-10-09T00:16:28.6289103Z           ^[[33mid^[[39m=^[[32m"react-aria-_r_k_"^[[39m
validate-code / unit-tests (test:unit)	UNKNOWN STEP	2026-10-09T00:16:28.6290407Z           ^[[33mtabindex^[[39m=^[[32m"0"^[[39m
validate-code / unit-tests (test:unit)	UNKNOWN STEP	2026-10-09T00:16:28.6291373Z           ^[[33mtype^[[39m=^[[32m"button"^[[39m
validate-code / unit-tests (test:unit)	UNKNOWN STEP	2026-10-09T00:16:28.6292193Z         ^[[36m>^[[39m
validate-code / unit-tests (test:unit)	UNKNOWN STEP	2026-10-09T00:16:28.6292956Z           ^[[36m<close-icon^[[39m
validate-code / unit-tests (test:unit)	UNKNOWN STEP	2026-10-09T00:16:28.6293957Z             ^[[33maria-hidden^[[39m=^[[32m""^[[39m
validate-code / unit-tests (test:unit)	UNKNOWN STEP	2026-10-09T00:16:28.6295677Z             ^[[33mclass^[[39m=^[[32m"block shrink-0 self-center overflow-visible w-6 h-6 text-white icon-fill-current"^[[39m
validate-code / unit-tests (test:unit)	UNKNOWN STEP	2026-10-09T00:16:28.6297233Z             ^[[33mfocusable^[[39m=^[[32m"false"^[[39m
validate-code / unit-tests (test:unit)	UNKNOWN STEP	2026-10-09T00:16:28.6298174Z           ^[[36m/>^[[39m
validate-code / unit-tests (test:unit)	UNKNOWN STEP	2026-10-09T00:16:28.6298921Z         ^[[36m</button>^[[39m
validate-code / unit-tests (test:unit)	UNKNOWN STEP	2026-10-09T00:16:28.6299564Z       ^[[36m</div>^[[39m
validate-code / unit-tests (test:unit)	UNKNOWN STEP	2026-10-09T00:16:28.6300785Z       ^[[36m<div^[[39m
validate-code / unit-tests (test:unit)	UNKNOWN STEP	2026-10-09T00:16:28.6302130Z         ^[[33mclass^[[39m=^[[32m"rounded-md text-default flex flex-col gap-2 bg-transparent p-0"^[[39m
validate-code / unit-tests (test:unit)	UNKNOWN STEP	2026-10-09T00:16:28.6303313Z       ^[[36m>^[[39m
validate-code / unit-tests (test:unit)	UNKNOWN STEP	2026-10-09T00:16:28.6304045Z         ^[[36m<div^[[39m
validate-code / unit-tests (test:unit)	UNKNOWN STEP	2026-10-09T00:16:28.6305309Z           ^[[33mclass^[[39m=^[[32m"rounded-md text-default flex flex-row bg-section justify-between"^[[39m
validate-code / unit-tests (test:unit)	UNKNOWN STEP	2026-10-09T00:16:28.6306629Z         ^[[36m>^[[39m
validate-code / unit-tests (test:unit)	UNKNOWN STEP	2026-10-09T00:16:28.6307224Z           ^[[36m<div^[[39m
validate-code / unit-tests (test:unit)	UNKNOWN STEP	2026-10-09T00:16:28.6308178Z             ^[[33mclass^[[39m=^[[32m"react-aria-NumberField"^[[39m
validate-code / unit-tests (test:unit)	UNKNOWN STEP	2026-10-09T00:16:28.6309210Z             ^[[33mdata-rac^[[39m=^[[32m""^[[39m
validate-code / unit-tests (test:unit)	UNKNOWN STEP	2026-10-09T00:16:28.6310394Z           ^[[36m>^[[39m
validate-code / unit-tests (test:unit)	UNKNOWN STEP	2026-10-09T00:16:28.6311155Z             ^[[36m<input^[[39m
validate-code / unit-tests (test:unit)	UNKNOWN STEP	2026-10-09T00:16:28.6312114Z               ^[[33maria-label^[[39m=^[[32m"limit price"^[[39m
validate-code / unit-tests (test:unit)	UNKNOWN STEP	2026-10-09T00:16:28.6313280Z               ^[[33maria-roledescription^[[39m=^[[32m"Number field"^[[39m
validate-code / unit-tests (test:unit)	UNKNOWN STEP	2026-10-09T00:16:28.6314259Z               ^[[33mautocomplete^[[39m=^[[32m"off"^[[39m
validate-code / unit-tests (test:unit)	UNKNOWN STEP	2026-10-09T00:16:28.6315113Z               ^[[33mautocorrect^[[39m=^[[32m"off"^[[39m
validate-code / unit-tests (test:unit)	UNKNOWN STEP	2026-10-09T00:16:28.6318730Z               ^[[33mclass^[[39m=^[[32m"w-full rounded-xl bg-section text-default px-4 py-3 placeholder:text-muted outline-none transition-colors border border-muted hover:bg-input-hover data-[hovered]:bg-input-hover focus-visible:border-focus data-[invalid]:border-[--color-error-alternative] data-[disabled]:opacity-50 data-[disabled]:cursor-not-allowed"^[[39m
validate-code / unit-tests (test:unit)	UNKNOWN STEP	2026-10-09T00:16:28.6322101Z               ^[[33mdata-rac^[[39m=^[[32m""^[[39m
validate-code / unit-tests (test:unit)	UNKNOWN STEP	2026-10-09T00:16:28.6323093Z               ^[[33mid^[[39m=^[[32m"react-aria-_r_m_"^[[39m
validate-code / unit-tests (test:unit)	UNKNOWN STEP	2026-10-09T00:16:28.6324114Z               ^[[33minputmode^[[39m=^[[32m"numeric"^[[39m
validate-code / unit-tests (test:unit)	UNKNOWN STEP	2026-10-09T00:16:28.6325215Z               ^[[33mplaceholder^[[39m=^[[32m"$104,750.50"^[[39m
validate-code / unit-tests (test:unit)	UNKNOWN STEP	2026-10-09T00:16:28.6326257Z               ^[[33mspellcheck^[[39m=^[[32m"false"^[[39m
validate-code / unit-tests (test:unit)	UNKNOWN STEP	2026-10-09T00:16:28.6327458Z               ^[[33mtabindex^[[39m=^[[32m"0"^[[39m
validate-code / unit-tests (test:unit)	UNKNOWN STEP	2026-10-09T00:16:28.6328484Z               ^[[33mtitle^[[39m=^[[32m""^[[39m
validate-code / unit-tests (test:unit)	UNKNOWN STEP	2026-10-09T00:16:28.6329376Z               ^[[33mtype^[[39m=^[[32m"text"^[[39m
validate-code / unit-tests (test:unit)	UNKNOWN STEP	2026-10-09T00:16:28.6330770Z               ^[[33mvalue^[[39m=^[[32m"$104,750.50"^[[39m
validate-code / unit-tests (test:unit)	UNKNOWN STEP	2026-10-09T00:16:28.6331766Z             ^[[36m/>^[[39m
validate-code / unit-tests (test:unit)	UNKNOWN STEP	2026-10-09T00:16:28.6332457Z           ^[[36m</div>^[[39m
validate-code / unit-tests (test:unit)	UNKNOWN STEP	2026-10-09T00:16:28.6333096Z           ^[[36m<button^[[39m
validate-code / unit-tests (test:unit)	UNKNOWN STEP	2026-10-09T00:16:28.6334179Z             ^[[33maria-label^[[39m=^[[32m"Use mid price"^[[39m
validate-code / unit-tests (test:unit)	UNKNOWN STEP	2026-10-09T00:16:28.6337184Z             ^[[33mclass^[[39m=^[[32m"leading-s-body-xs tracking-s-body-xs md:text-l-body-xs md:leading-l-body-xs md:tracking-l-body-xs font-normal text-alternative bg-muted px-2 py-1 mr-3 rounded-sm my-auto cursor-pointer border-none"^[[39m
validate-code / unit-tests (test:unit)	UNKNOWN STEP	2026-10-09T00:16:28.6339486Z             ^[[33mdata-rac^[[39m=^[[32m""^[[39m
validate-code / unit-tests (test:unit)	UNKNOWN STEP	2026-10-09T00:16:28.6340980Z             ^[[33mdata-react-aria-pressable^[[39m=^[[32m"true"^[[39m
validate-code / unit-tests (test:unit)	UNKNOWN STEP	2026-10-09T00:16:28.6341935Z             ^[[33mid^[[39m=^[[32m"react-aria-_r_u_"^[[39m
validate-code / unit-tests (test:unit)	UNKNOWN STEP	2026-10-09T00:16:28.6342919Z             ^[[33mtabindex^[[39m=^[[32m"0"^[[39m
validate-code / unit-tests (test:unit)	UNKNOWN STEP	2026-10-09T00:16:28.6343822Z             ^[[33mtype^[[39m=^[[32m"button"^[[39m
validate-code / unit-tests (test:unit)	UNKNOWN STEP	2026-10-09T00:16:28.6344705Z           ^[[36m>^[[39m
validate-code / unit-tests (test:unit)	UNKNOWN STEP	2026-10-09T00:16:28.6345466Z             ^[[0mMid^[[0m
validate-code / unit-tests (test:unit)	UNKNOWN STEP	2026-10-09T00:16:28.6346185Z           ^[[36m</button>^[[39m
validate-code / unit-tests (test:unit)	UNKNOWN STEP	2026-10-09T00:16:28.6347098Z         ^[[36m</div>^[[39m
validate-code / unit-tests (test:unit)	UNKNOWN STEP	2026-10-09T00:16:28.6347820Z         ^[[36m<div^[[39m
validate-code / unit-tests (test:unit)	UNKNOWN STEP	2026-10-09T00:16:28.6349390Z           ^[[33mclass^[[39m=^[[32m"text-default grid grid-cols-3 gap-3 bg-transparent shadow-none rounded-none p-0"^[[39m
validate-code / unit-tests (test:unit)	UNKNOWN STEP	2026-10-09T00:16:28.6350835Z         ^[[36m>^[[39m
validate-code / unit-tests (test:unit)	UNKNOWN STEP	2026-10-09T00:16:28.6351566Z           ^[[36m<button^[[39m
validate-code / unit-tests (test:unit)	UNKNOWN STEP	2026-10-09T00:16:28.6359040Z             ^[[33mclass^[[39m=^[[32m"inline-flex items-center rounded-xl overflow-hidden relative outline-none duration-100 ease-linear data-[disabled]:opacity-50 data-[disabled]:cursor-not-allowed bg-muted data-[hovered]:bg-muted-hover data-[pressed]:bg-muted-pressed h-btn-md px-4 gap-2 text-s-body-md leading-s-body-md tracking-s-body-md md:text-l-body-md md:leading-l-body-md md:tracking-l-body-md font-medium justify-center transition cursor-pointer focus-visible:border-transparent focus-visible:outline focus-visible:outline-2 focus-visible:outline-white focus-visible:outline-offset-0 focus:border-transparent focus:outline focus:outline-2 focus:outline-white focus:outline-offset-0"^[[39m
validate-code / unit-tests (test:unit)	UNKNOWN STEP	2026-10-09T00:16:28.6365250Z             ^[[33mdata-rac^[[39m=^[[32m""^[[39m
validate-code / unit-tests (test:unit)	UNKNOWN STEP	2026-10-09T00:16:28.6366448Z             ^[[33mdata-react-aria-pressable^[[39m=^[[32m"true"^[[39m
validate-code / unit-tests (test:unit)	UNKNOWN STEP	2026-10-09T00:16:28.6367554Z             ^[[33mid^[[39m=^[[32m"react-aria-_r_10_"^[[39m
validate-code / unit-tests (test:unit)	UNKNOWN STEP	2026-10-09T00:16:28.6368637Z             ^[[33mtabindex^[[39m=^[[32m"0"^[[39m
validate-code / unit-tests (test:unit)	UNKNOWN STEP	2026-10-09T00:16:28.6369555Z             ^[[33mtype^[[39m=^[[32m"button"^[[39m
validate-code / unit-tests (test:unit)	UNKNOWN STEP	2026-10-09T00:16:28.6370565Z           ^[[36m>^[[39m
validate-code / unit-tests (test:unit)	UNKNOWN STEP	2026-10-09T00:16:28.6371261Z             ^[[0m-1%^[[0m
validate-code / unit-tests (test:unit)	UNKNOWN STEP	2026-10-09T00:16:28.6372015Z           ^[[36m</button>^[[39m
validate-code / unit-tests (test:unit)	UNKNOWN STEP	2026-10-09T00:16:28.6372787Z           ^[[36m<button^[[39m
validate-code / unit-tests (test:unit)	UNKNOWN STEP	2026-10-09T00:16:28.6382555Z             ^[[33mclass^[[39m=^[[32m"inline-flex items-center rounded-xl overflow-hidden relative outline-none duration-100 ease-linear data-[disabled]:opacity-50 data-[disabled]:cursor-not-allowed bg-muted data-[hovered]:bg-muted-hover data-[pressed]:bg-muted-pressed h-btn-md px-4 gap-2 text-s-body-md leading-s-body-md tracking-s-body-md md:text-l-body-md md:leading-l-body-md md:tracking-l-body-md font-medium justify-center transition cursor-pointer focus-visible:border-transparent focus-visible:outline focus-visible:outline-2 focus-visible:outline-white focus-visible:outline-offset-0 focus:border-transparent focus:outline focus:outline-2 focus:outline-white focus:outline-offset-0"^[[39m
validate-code / unit-tests (test:unit)	UNKNOWN STEP	2026-10-09T00:16:28.6387984Z             ^[[33mdata-rac^[[39m=^[[32m""^[[39m
validate-code / unit-tests (test:unit)	UNKNOWN STEP	2026-10-09T00:16:28.6388567Z             ^[[33mdata-react-aria-pressable^[[39m=^[[32m"true"^[[39m
validate-code / unit-tests (test:unit)	UNKNOWN STEP	2026-10-09T00:16:28.6389090Z             ^[[33mid^[[39m=^[[32m"react-aria-_r_12_"^[[39m
validate-code / unit-tests (test:unit)	UNKNOWN STEP	2026-10-09T00:16:28.6389540Z             ^[[33mtabindex^[[39m=^[[32m"0"^[[39m
validate-code / unit-tests (test:unit)	UNKNOWN STEP	2026-10-09T00:16:28.6390278Z             ^[[33mtype^[[39m=^[[32m"button"^[[39m
validate-code / unit-tests (test:unit)	UNKNOWN STEP	2026-10-09T00:16:28.6390986Z           ^[[36m>^[[39m
validate-code / unit-tests (test:unit)	UNKNOWN STEP	2026-10-09T00:16:28.6391751Z             ^[[0m-2%^[[0m
validate-code / unit-tests (test:unit)	UNKNOWN STEP	2026-10-09T00:16:28.6392376Z           ^[[36m</button>^[[39m
validate-code / unit-tests (test:unit)	UNKNOWN STEP	2026-10-09T00:16:28.6393218Z           ^[[36m<button^[[39m
validate-code / unit-tests (test:unit)	UNKNOWN STEP	2026-10-09T00:16:28.6405370Z             ^[[33mclass^[[39m=^[[32m"inline-flex items-center rounded-xl overflow-hidden relative outline-none duration-100 ease-linear data-[disabled]:opacity-50 data-[disabled]:cursor-not-allowed bg-muted data-[hovered]:bg-muted-hover data-[pressed]:bg-muted-pressed h-btn-md px-4 gap-2 text-s-body-md leading-s-body-md tracking-s-body-md md:text-l-body-md md:leading-l-body-md md:tracking-l-body-md font-medium justify-center transition cursor-pointer focus-visible:border-transparent focus-visible:outline focus-visible:outline-2 focus-visible:outline-white focus-visible:outline-offset-0 focus:border-transparent focus:outline focus:outline-2 focus:outline-white focus:outline-offset-0"^[[39m
validate-code / unit-tests (test:unit)	UNKNOWN STEP	2026-10-09T00:16:28.6412910Z             ^[[33mdata-rac^[[39m=^[[32m""^[[39m
validate-code / unit-tests (test:unit)	UNKNOWN STEP	2026-10-09T00:16:28.6413842Z             ^[[33mdata-react-aria-pressable^[[39m=^[[32m"true"^[[39m
validate-code / unit-tests (test:unit)	UNKNOWN STEP	2026-10-09T00:16:28.6414807Z             ^[[33mid^[[39m=^[[32m"react-aria-_r_14_"^[[39m
validate-code / unit-tests (test:unit)	UNKNOWN STEP	2026-10-09T00:16:28.6415629Z             ^[[33mtabindex^[[39m=^[[32m"0"^[[39m
validate-code / unit-tests (test:unit)	UNKNOWN STEP	2026-10-09T00:16:28.6416760Z             ^[[33mtype^[[39m=^[[32m"button"^[[39m
validate-code / unit-tests (test:unit)	UNKNOWN STEP	2026-10-09T00:16:28.6417442Z           ^[[36m>^[[39m
validate-code / unit-tests (test:unit)	UNKNOWN STEP	2026-10-09T00:16:28.6418027Z             ^[[0m-5%^[[0m
validate-code / unit-tests (test:unit)	UNKNOWN STEP	2026-10-09T00:16:28.6418652Z           ^[[36m</button>^[[39m
validate-code / unit-tests (test:unit)	UNKNOWN STEP	2026-10-09T00:16:28.6419576Z         ^[[36m</div>^[[39m
validate-code / unit-tests (test:unit)	UNKNOWN STEP	2026-10-09T00:16:28.6420464Z       ^[[36m</div>^[[39m
validate-code / unit-tests (test:unit)	UNKNOWN STEP	2026-10-09T00:16:28.6421270Z       ^[[36m<div^[[39m
validate-code / unit-tests (test:unit)	UNKNOWN STEP	2026-10-09T00:16:28.6422371Z         ^[[33mclass^[[39m=^[[32m"rounded-md bg-alternative text-default flex flex-col gap-2"^[[39m
validate-code / unit-tests (test:unit)	UNKNOWN STEP	2026-10-09T00:16:28.6423315Z       ^[[36m>^[[39m
validate-code / unit-tests (test:unit)	UNKNOWN STEP	2026-10-09T00:16:28.6423815Z         ^[[36m<div^[[39m
validate-code / unit-tests (test:unit)	UNKNOWN STEP	2026-10-09T00:16:28.6425208Z           ^[[33mclass^[[39m=^[[32m"text-default flex flex-row items-center justify-between bg-transparent shadow-none rounded-none p-0"^[[39m
validate-code / unit-tests (test:unit)	UNKNOWN STEP	2026-10-09T00:16:28.6426505Z         ^[[36m>^[[39m
validate-code / unit-tests (test:unit)	UNKNOWN STEP	2026-10-09T00:16:28.6427072Z           ^[[36m<p^[[39m
validate-code / unit-tests (test:unit)	UNKNOWN STEP	2026-10-09T00:16:28.6428743Z             ^[[33mclass^[[39m=^[[32m"leading-s-body-sm tracking-s-body-sm md:text-l-body-sm md:leading-l-body-sm md:tracking-l-body-sm font-normal text-alternative"^[[39m
validate-code / unit-tests (test:unit)	UNKNOWN STEP	2026-10-09T00:16:28.6430477Z           ^[[36m>^[[39m
validate-code / unit-tests (test:unit)	UNKNOWN STEP	2026-10-09T00:16:28.6431149Z             ^[[0mLiquidation price^[[0m
validate-code / unit-tests (test:unit)	UNKNOWN STEP	2026-10-09T00:16:28.6431665Z           ^[[36m</p>^[[39m
validate-code / unit-tests (test:unit)	UNKNOWN STEP	2026-10-09T00:16:28.6431983Z           ^[[36m<div^[[39m
validate-code / unit-tests (test:unit)	UNKNOWN STEP	2026-10-09T00:16:28.6433024Z             ^[[33mclass^[[39m=^[[32m"rounded-md bg-alternative leading-s-body-sm tracking-s-body-sm md:text-l-body-sm md:leading-l-body-sm md:tracking-l-body-sm font-normal text-alternative"^[[39m
validate-code / unit-tests (test:unit)	UNKNOWN STEP	2026-10-09T00:16:28.6433897Z           ^[[36m>^[[39m
validate-code / unit-tests (test:unit)	UNKNOWN STEP	2026-10-09T00:16:28.6434201Z             ^[[36m<div^[[39m
validate-code / unit-tests (test:unit)	UNKNOWN STEP	2026-10-09T00:16:28.6434761Z               ^[[33mclass^[[39m=^[[32m"rounded-lg skeleton-gradient animate-pulse h-6 w-16"^[[39m
validate-code / unit-tests (test:unit)	UNKNOWN STEP	2026-10-09T00:16:28.6435272Z             ^[[36m/>^[[39m
validate-code / unit-tests (test:unit)	UNKNOWN STEP	2026-10-09T00:16:28.6435585Z           ^[[36m</div>^[[39m
validate-code / unit-tests (test:unit)	UNKNOWN STEP	2026-10-09T00:16:28.6435898Z         ^[[36m</div>^[[39m
validate-code / unit-tests (test:unit)	UNKNOWN STEP	2026-10-09T00:16:28.6436202Z         ^[[36m<div^[[39m
validate-code / unit-tests (test:unit)	UNKNOWN STEP	2026-10-09T00:16:28.6436957Z           ^[[33mclass^[[39m=^[[32m"text-default flex flex-row items-center justify-between bg-transparent shadow-none rounded-none p-0"^[[39m
validate-code / unit-tests (test:unit)	UNKNOWN STEP	2026-10-09T00:16:28.6437641Z         ^[[36m>^[[39m
validate-code / unit-tests (test:unit)	UNKNOWN STEP	2026-10-09T00:16:28.6437938Z           ^[[36m<p^[[39m
validate-code / unit-tests (test:unit)	UNKNOWN STEP	2026-10-09T00:16:28.6438815Z             ^[[33mclass^[[39m=^[[32m"leading-s-body-sm tracking-s-body-sm md:text-l-body-sm md:leading-l-body-sm md:tracking-l-body-sm font-normal text-alternative"^[[39m
validate-code / unit-tests (test:unit)	UNKNOWN STEP	2026-10-09T00:16:28.6439565Z           ^[[36m>^[[39m
validate-code / unit-tests (test:unit)	UNKNOWN STEP	2026-10-09T00:16:28.6439904Z             ^[[0mCurrent price^[[0m
validate-code / unit-tests (test:unit)	UNKNOWN STEP	2026-10-09T00:16:28.6441996Z           ^[[36m</p>^[[39m
validate-code / unit-tests (test:unit)	UNKNOWN STEP	2026-10-09T00:16:28.6442556Z           ^[[36m<div^[[39m
validate-code / unit-tests (test:unit)	UNKNOWN STEP	2026-10-09T00:16:28.6444437Z             ^[[33mclass^[[39m=^[[32m"rounded-md bg-alternative leading-s-body-sm tracking-s-body-sm md:text-l-body-sm md:leading-l-body-sm md:tracking-l-body-sm font-normal text-alternative"^[[39m
validate-code / unit-tests (test:unit)	UNKNOWN STEP	2026-10-09T00:16:28.6446052Z           ^[[36m>^[[39m
validate-code / unit-tests (test:unit)	UNKNOWN STEP	2026-10-09T00:16:28.6446603Z             ^[[36m<div^[[39m
validate-code / unit-tests (test:unit)	UNKNOWN STEP	2026-10-09T00:16:28.6447640Z               ^[[33mclass^[[39m=^[[32m"rounded-lg skeleton-gradient animate-pulse h-6 w-16"^[[39m
validate-code / unit-tests (test:unit)	UNKNOWN STEP	2026-10-09T00:16:28.6448599Z             ^[[36m/>^[[39m
validate-code / unit-tests (test:unit)	UNKNOWN STEP	2026-10-09T00:16:28.6449192Z           ^[[36m</div>^[[39m
validate-code / unit-tests (test:unit)	UNKNOWN STEP	2026-10-09T00:16:28.6449807Z         ^[[36m</div>^[[39m
validate-code / unit-tests (test:unit)	UNKNOWN STEP	2026-10-09T00:16:28.6450661Z       ^[[36m</div>^[[39m
validate-code / unit-tests (test:unit)	UNKNOWN STEP	2026-10-09T00:16:28.6451223Z       ^[[36m<div^[[39m
validate-code / unit-tests (test:unit)	UNKNOWN STEP	2026-10-09T00:16:28.6452429Z         ^[[33mclass^[[39m=^[[32m"text-default flex flex-col bg-transparent shadow-none rounded-none p-0 gap-3"^[[39m
validate-code / unit-tests (test:unit)	UNKNOWN STEP	2026-10-09T00:16:28.6453457Z       ^[[36m>^[[39m
validate-code / unit-tests (test:unit)	UNKNOWN STEP	2026-10-09T00:16:28.6453983Z         ^[[36m<button^[[39m
validate-code / unit-tests (test:unit)	UNKNOWN STEP	2026-10-09T00:16:28.6457176Z           ^[[33mclass^[[39m=^[[32m"inline-flex items-center justify-center rounded-xl overflow-hidden relative outline-none transition-all duration-100 ease-linear cursor-pointer data-[disabled]:opacity-50 data-[disabled]:cursor-not-allowed focus-visible:outline-2 focus-visible:outline-[var(--color-primary-default)] focus-visible:outline-offset-2 btn-contrast data-[hovered]:bg-icon-default-hover data-[pressed]:bg-icon-default-pressed h-btn-md px-4 gap-2 text-s-body-md leading-s-body-md tracking-s-body-md md:text-l-body-md md:leading-l-body-md md:tracking-l-body-md font-medium"^[[39m
validate-code / unit-tests (test:unit)	UNKNOWN STEP	2026-10-09T00:16:28.6459776Z           ^[[33mdata-rac^[[39m=^[[32m""^[[39m
validate-code / unit-tests (test:unit)	UNKNOWN STEP	2026-10-09T00:16:28.6473192Z           ^[[33mdata-react-aria-pressable^[[39m=^[[32m"true"^[[39m
validate-code / unit-tests (test:unit)	UNKNOWN STEP	2026-10-09T00:16:28.6474354Z           ^[[33mid^[[39m=^[[32m"react-aria-_r_16_"^[[39m
validate-code / unit-tests (test:unit)	UNKNOWN STEP	2026-10-09T00:16:28.6475127Z           ^[[33mtabindex^[[39m=^[[32m"0"^[[39m
validate-code / unit-tests (test:unit)	UNKNOWN STEP	2026-10-09T00:16:28.6475864Z           ^[[33mtype^[[39m=^[[32m"button"^[[39m
validate-code / unit-tests (test:unit)	UNKNOWN STEP	2026-10-09T00:16:28.6476453Z         ^[[36m>^[[39m
validate-code / unit-tests (test:unit)	UNKNOWN STEP	2026-10-09T00:16:28.6476905Z           ^[[0mSet^[[0m
validate-code / unit-tests (test:unit)	UNKNOWN STEP	2026-10-09T00:16:28.6477377Z         ^[[36m</button>^[[39m
validate-code / unit-tests (test:unit)	UNKNOWN STEP	2026-10-09T00:16:28.6477857Z       ^[[36m</div>^[[39m
validate-code / unit-tests (test:unit)	UNKNOWN STEP	2026-10-09T00:16:28.6478308Z     ^[[36m</div>^[[39m
validate-code / unit-tests (test:unit)	UNKNOWN STEP	2026-10-09T00:16:28.6478758Z   ^[[36m</div>^[[39m
validate-code / unit-tests (test:unit)	UNKNOWN STEP	2026-10-09T00:16:28.6479219Z ^[[36m</body>^[[39m
validate-code / unit-tests (test:unit)	UNKNOWN STEP	2026-10-09T00:16:28.6480632Z ^[[90m ^[[2m❯^[[22m Object.getElementError node_modules/@testing-library/dom/dist/config.js:^[[2m37:19^[[22m^[[39m
validate-code / unit-tests (test:unit)	UNKNOWN STEP	2026-10-09T00:16:28.6482130Z ^[[90m ^[[2m❯^[[22m node_modules/@testing-library/dom/dist/query-helpers.js:^[[2m76:38^[[22m^[[39m
validate-code / unit-tests (test:unit)	UNKNOWN STEP	2026-10-09T00:16:28.6483466Z ^[[90m ^[[2m❯^[[22m node_modules/@testing-library/dom/dist/query-helpers.js:^[[2m52:17^[[22m^[[39m
validate-code / unit-tests (test:unit)	UNKNOWN STEP	2026-10-09T00:16:28.6484779Z ^[[90m ^[[2m❯^[[22m node_modules/@testing-library/dom/dist/query-helpers.js:^[[2m95:19^[[22m^[[39m
validate-code / unit-tests (test:unit)	UNKNOWN STEP	2026-10-09T00:16:28.6486779Z ^[[36m ^[[2m❯^[[22m src/features/perpetuals/order/components/OrderForm/OrderParametersModals/OrderFormLimitPriceEditor.test.tsx:^[[2m99:19^[[22m^[[39m
validate-code / unit-tests (test:unit)	UNKNOWN STEP	2026-10-09T00:16:28.6488168Z     ^[[90m 97| ^[[39m    )^[[33m;^[[39m
validate-code / unit-tests (test:unit)	UNKNOWN STEP	2026-10-09T00:16:28.6488729Z     ^[[90m 98| ^[[39m
validate-code / unit-tests (test:unit)	UNKNOWN STEP	2026-10-09T00:16:28.6505492Z     ^[[90m 99| ^[[39m    ^[[34mexpect^[[39m(screen^[[33m.^[[39m^[[34mgetByText^[[39m(^[[32m"$123.46"^[[39m))^[[33m.^[[39m^[[34mtoBeInTheDocument^[[39m()^[[33m;^[[39m
validate-code / unit-tests (test:unit)	UNKNOWN STEP	2026-10-09T00:16:28.6506994Z     ^[[90m   | ^[[39m                  ^[[31m^^[[39m
validate-code / unit-tests (test:unit)	UNKNOWN STEP	2026-10-09T00:16:28.6508523Z     ^[[90m100| ^[[39m    ^[[34mexpect^[[39m(screen^[[33m.^[[39m^[[34mgetByText^[[39m(^[[32m"$789.12"^[[39m))^[[33m.^[[39m^[[34mtoBeInTheDocument^[[39m()^[[33m;^[[39m
validate-code / unit-tests (test:unit)	UNKNOWN STEP	2026-10-09T00:16:28.6509915Z     ^[[90m101| ^[[39m  ***)^[[33m;^[[39m
validate-code / unit-tests (test:unit)	UNKNOWN STEP	2026-10-09T00:16:28.6510575Z 
validate-code / unit-tests (test:unit)	UNKNOWN STEP	2026-10-09T00:16:28.6511115Z ^[[31m^[[2m⎯⎯⎯⎯⎯⎯⎯⎯⎯⎯⎯⎯⎯⎯⎯⎯⎯⎯⎯⎯⎯⎯⎯⎯[4/4]⎯^[[22m^[[39m
validate-code / unit-tests (test:unit)	UNKNOWN STEP	2026-10-09T00:16:28.6511551Z 
validate-code / unit-tests (test:unit)	UNKNOWN STEP	2026-10-09T00:16:28.8542148Z ##[error]Process completed with exit code 1.
validate-code / unit-tests (test:unit)	UNKNOWN STEP	2026-10-09T00:16:28.8629612Z ##[group]Run dorny/test-reporter@a43b3a5f7366b97d083190328d2c652e1a8b6aa2
validate-code / unit-tests (test:unit)	UNKNOWN STEP	2026-10-09T00:16:28.8630546Z with:
validate-code / unit-tests (test:unit)	UNKNOWN STEP	2026-10-09T00:16:28.8630845Z   name: 📝 Tests report (test unit)
validate-code / unit-tests (test:unit)	UNKNOWN STEP	2026-10-09T00:16:28.8631182Z   path: junit.xml
validate-code / unit-tests (test:unit)	UNKNOWN STEP	2026-10-09T00:16:28.8631465Z   reporter: jest-junit
validate-code / unit-tests (test:unit)	UNKNOWN STEP	2026-10-09T00:16:28.8631751Z   fail-on-empty: false
validate-code / unit-tests (test:unit)	UNKNOWN STEP	2026-10-09T00:16:28.8632060Z   path-replace-backslashes: false
validate-code / unit-tests (test:unit)	UNKNOWN STEP	2026-10-09T00:16:28.8632430Z   list-suites: all
validate-code / unit-tests (test:unit)	UNKNOWN STEP	2026-10-09T00:16:28.8632700Z   list-tests: all
validate-code / unit-tests (test:unit)	UNKNOWN STEP	2026-10-09T00:16:28.8632967Z   max-annotations: 10
validate-code / unit-tests (test:unit)	UNKNOWN STEP	2026-10-09T00:16:28.8633247Z   fail-on-error: true
validate-code / unit-tests (test:unit)	UNKNOWN STEP	2026-10-09T00:16:28.8633519Z   only-summary: false
validate-code / unit-tests (test:unit)	UNKNOWN STEP	2026-10-09T00:16:28.8633825Z   use-actions-summary: true
validate-code / unit-tests (test:unit)	UNKNOWN STEP	2026-10-09T00:16:28.8634120Z   badge-title: tests
validate-code / unit-tests (test:unit)	UNKNOWN STEP	2026-10-09T00:16:28.8634392Z   collapsed: auto
validate-code / unit-tests (test:unit)	UNKNOWN STEP	2026-10-09T00:16:28.8636749Z   token: ***
validate-code / unit-tests (test:unit)	UNKNOWN STEP	2026-10-09T00:16:28.8637011Z env:
validate-code / unit-tests (test:unit)	UNKNOWN STEP	2026-10-09T00:16:28.8637597Z   JFROG_CLI_ENV_EXCLUDE: *password*;*secret*;*key*;*token*;*auth*;JF_ARTIFACTORY_*;JF_ENV_*;JF_URL;JF_USER;JF_PASSWORD;JF_ACCESS_TOKEN
validate-code / unit-tests (test:unit)	UNKNOWN STEP	2026-10-09T00:16:28.8638251Z   JFROG_CLI_OFFER_CONFIG: false
validate-code / unit-tests (test:unit)	UNKNOWN STEP	2026-10-09T00:16:28.8638581Z   JFROG_CLI_AVOID_NEW_VERSION_WARNING: true
validate-code / unit-tests (test:unit)	UNKNOWN STEP	2026-10-09T00:16:28.8639048Z   JFROG_CLI_SOURCECODE_REPOSITORY: consensys-vertical-apps/va-mmcx-terminal
validate-code / unit-tests (test:unit)	UNKNOWN STEP	2026-10-09T00:16:28.8639521Z   JFROG_CLI_CI_JOB_ID: Validate PR
validate-code / unit-tests (test:unit)	UNKNOWN STEP	2026-10-09T00:16:28.8639849Z   JFROG_CLI_CI_RUN_ID: 37862886654
validate-code / unit-tests (test:unit)	UNKNOWN STEP	2026-10-09T00:16:28.8640520Z   JFROG_CLI_GITHUB_TOKEN: 
validate-code / unit-tests (test:unit)	UNKNOWN STEP	2026-10-09T00:16:28.8640928Z   JFROG_CLI_CI_VCS_REVISION: 63df858e52e0c0394da9bc2f99689a5b9247adba
validate-code / unit-tests (test:unit)	UNKNOWN STEP	2026-10-09T00:16:28.8641369Z   JFROG_CLI_CI_BRANCH: 176/merge
validate-code / unit-tests (test:unit)	UNKNOWN STEP	2026-10-09T00:16:28.8641837Z   JFROG_CLI_CI_VCS_URL: https://github.com/consensys-vertical-apps/va-mmcx-terminal
validate-code / unit-tests (test:unit)	UNKNOWN STEP	2026-10-09T00:16:28.8642591Z   JFROG_CLI_BUILD_NAME: Validate PR
validate-code / unit-tests (test:unit)	UNKNOWN STEP	2026-10-09T00:16:28.8642933Z   JFROG_CLI_BUILD_NUMBER: 806
validate-code / unit-tests (test:unit)	UNKNOWN STEP	2026-10-09T00:16:28.8643489Z   JFROG_CLI_BUILD_URL: https://github.com/consensys-vertical-apps/va-mmcx-terminal/actions/runs/37862886654
validate-code / unit-tests (test:unit)	UNKNOWN STEP	2026-10-09T00:16:28.8644157Z   JFROG_CLI_USER_AGENT: setup-jfrog-cli-github-action/5.1.0
validate-code / unit-tests (test:unit)	UNKNOWN STEP	2026-10-09T00:16:28.8644633Z   JFROG_CLI_COMMAND_SUMMARY_OUTPUT_DIR: /home/runner/work/_temp
validate-code / unit-tests (test:unit)	UNKNOWN STEP	2026-10-09T00:16:28.8645107Z   JFROG_CLI_USAGE_GH_TOKEN_FOR_CODE_SCANNING_ALERTS_PROVIDED: 
validate-code / unit-tests (test:unit)	UNKNOWN STEP	2026-10-09T00:16:28.8645559Z   SETUP_JFROG_CLI_SERVER_IDS: setup-jfrog-cli-server
validate-code / unit-tests (test:unit)	UNKNOWN STEP	2026-10-09T00:16:28.8645926Z   TEST_NAME: test unit
validate-code / unit-tests (test:unit)	UNKNOWN STEP	2026-10-09T00:16:28.8646210Z   TEST_ARTEFACT_NAME: test-unit
validate-code / unit-tests (test:unit)	UNKNOWN STEP	2026-10-09T00:16:28.8646510Z ##[endgroup]
validate-code / unit-tests (test:unit)	UNKNOWN STEP	2026-10-09T00:16:29.1555965Z Action was triggered by pull_request: using SHA from head of source branch
validate-code / unit-tests (test:unit)	UNKNOWN STEP	2026-10-09T00:16:29.1634800Z Check runs will be created with SHA=6039010e4e060650bc52be16d5de3a93605e23d5
validate-code / unit-tests (test:unit)	UNKNOWN STEP	2026-10-09T00:16:29.1636382Z ##[group]Listing all files tracked by git
validate-code / unit-tests (test:unit)	UNKNOWN STEP	2026-10-09T00:16:29.1637539Z [command]/usr/bin/git ls-files -z
