build / build-image (linux/amd64, ubuntu-latest, false)	UNKNOWN STEP	﻿2026-10-09T10:00:25.8849102Z Current runner version: '2.337.0'
build / build-image (linux/amd64, ubuntu-latest, false)	UNKNOWN STEP	2026-10-09T10:00:25.8867784Z ##[group]Runner Image Provisioner
build / build-image (linux/amd64, ubuntu-latest, false)	UNKNOWN STEP	2026-10-09T10:00:25.8868524Z Hosted Compute Agent
build / build-image (linux/amd64, ubuntu-latest, false)	UNKNOWN STEP	2026-10-09T10:00:25.8868988Z Version: 20261002.596
build / build-image (linux/amd64, ubuntu-latest, false)	UNKNOWN STEP	2026-10-09T10:00:25.8869639Z Commit: c3d12f3313a95f25162a1503be624f3b0617f8c0
build / build-image (linux/amd64, ubuntu-latest, false)	UNKNOWN STEP	2026-10-09T10:00:25.8870261Z Build Date: 2026-10-02T22:28:27Z
build / build-image (linux/amd64, ubuntu-latest, false)	UNKNOWN STEP	2026-10-09T10:00:25.8871158Z Worker ID: ***bcdcbb6c-a76d-47c6-9c40-c495cebab44d***
build / build-image (linux/amd64, ubuntu-latest, false)	UNKNOWN STEP	2026-10-09T10:00:25.8871832Z Region: centralus
build / build-image (linux/amd64, ubuntu-latest, false)	UNKNOWN STEP	2026-10-09T10:00:25.8872308Z Cloud: Azure
build / build-image (linux/amd64, ubuntu-latest, false)	UNKNOWN STEP	2026-10-09T10:00:25.8872815Z ##[endgroup]
build / build-image (linux/amd64, ubuntu-latest, false)	UNKNOWN STEP	2026-10-09T10:00:25.8873847Z ##[group]Operating System
build / build-image (linux/amd64, ubuntu-latest, false)	UNKNOWN STEP	2026-10-09T10:00:25.8874318Z Ubuntu
build / build-image (linux/amd64, ubuntu-latest, false)	UNKNOWN STEP	2026-10-09T10:00:25.8874785Z 24.04.5
build / build-image (linux/amd64, ubuntu-latest, false)	UNKNOWN STEP	2026-10-09T10:00:25.8875205Z LTS
build / build-image (linux/amd64, ubuntu-latest, false)	UNKNOWN STEP	2026-10-09T10:00:25.8875702Z ##[endgroup]
build / build-image (linux/amd64, ubuntu-latest, false)	UNKNOWN STEP	2026-10-09T10:00:25.8876161Z ##[group]Runner Image
build / build-image (linux/amd64, ubuntu-latest, false)	UNKNOWN STEP	2026-10-09T10:00:25.8876644Z Image: ubuntu-24.04
build / build-image (linux/amd64, ubuntu-latest, false)	UNKNOWN STEP	2026-10-09T10:00:25.8877178Z Version: 20261004.327.1
build / build-image (linux/amd64, ubuntu-latest, false)	UNKNOWN STEP	2026-10-09T10:00:25.8878080Z Included Software: https://github.com/actions/runner-images/blob/ubuntu24/20261004.327/images/ubuntu/Ubuntu2404-Readme.md
build / build-image (linux/amd64, ubuntu-latest, false)	UNKNOWN STEP	2026-10-09T10:00:25.8879104Z Image Release: https://github.com/actions/runner-images/releases/tag/ubuntu24%2F20261004.327
build / build-image (linux/amd64, ubuntu-latest, false)	UNKNOWN STEP	2026-10-09T10:00:25.8879854Z ##[endgroup]
build / build-image (linux/amd64, ubuntu-latest, false)	UNKNOWN STEP	2026-10-09T10:00:25.8880935Z ##[group]GITHUB_TOKEN Permissions
build / build-image (linux/amd64, ubuntu-latest, false)	UNKNOWN STEP	2026-10-09T10:00:25.8882382Z Actions: read
build / build-image (linux/amd64, ubuntu-latest, false)	UNKNOWN STEP	2026-10-09T10:00:25.8882851Z Contents: read
build / build-image (linux/amd64, ubuntu-latest, false)	UNKNOWN STEP	2026-10-09T10:00:25.8883512Z Metadata: read
build / build-image (linux/amd64, ubuntu-latest, false)	UNKNOWN STEP	2026-10-09T10:00:25.8883975Z SecurityEvents: write
build / build-image (linux/amd64, ubuntu-latest, false)	UNKNOWN STEP	2026-10-09T10:00:25.8884476Z ##[endgroup]
build / build-image (linux/amd64, ubuntu-latest, false)	UNKNOWN STEP	2026-10-09T10:00:25.8885989Z Secret source: Actions
build / build-image (linux/amd64, ubuntu-latest, false)	UNKNOWN STEP	2026-10-09T10:00:25.8886725Z Cache mode: write
build / build-image (linux/amd64, ubuntu-latest, false)	UNKNOWN STEP	2026-10-09T10:00:25.8887278Z Prepare workflow directory
build / build-image (linux/amd64, ubuntu-latest, false)	UNKNOWN STEP	2026-10-09T10:00:26.1283594Z Prepare all required actions
build / build-image (linux/amd64, ubuntu-latest, false)	UNKNOWN STEP	2026-10-09T10:00:26.1315754Z Getting action download info
build / build-image (linux/amd64, ubuntu-latest, false)	UNKNOWN STEP	2026-10-09T10:00:26.3725872Z Download action repository 'consensys-vertical-apps/shared-services-workflows@ee5456cf63f32f96987af955f66bd6b1b8b5cbd8' (SHA:ee5456cf63f32f96987af955f66bd6b1b8b5cbd8)
build / build-image (linux/amd64, ubuntu-latest, false)	UNKNOWN STEP	2026-10-09T10:00:27.3951748Z Download action repository 'jfrog/setup-jfrog-cli@deda456d982fc5e9a7a020b63eb0d2968aedd33e' (SHA:deda456d982fc5e9a7a020b63eb0d2968aedd33e)
build / build-image (linux/amd64, ubuntu-latest, false)	UNKNOWN STEP	2026-10-09T10:00:28.8347681Z Download action repository 'consensys-vertical-apps/shared-services-workflows@12e9fcee43ceeee884f51d3e7817380a409fd20f' (SHA:12e9fcee43ceeee884f51d3e7817380a409fd20f)
build / build-image (linux/amd64, ubuntu-latest, false)	UNKNOWN STEP	2026-10-09T10:00:29.3107156Z Download action repository 'consensys-vertical-apps/shared-services-workflows@0ad0566241bddeb4f6b3b5f310b368a89283e7df' (SHA:0ad0566241bddeb4f6b3b5f310b368a89283e7df)
build / build-image (linux/amd64, ubuntu-latest, false)	UNKNOWN STEP	2026-10-09T10:00:29.8971373Z Getting action download info
build / build-image (linux/amd64, ubuntu-latest, false)	UNKNOWN STEP	2026-10-09T10:00:29.9893430Z Download action repository 'wiz-sec-public/wiz-sensor-github-action@2f72488477988739561233bbc10ceff0c53273fd' (SHA:2f72488477988739561233bbc10ceff0c53273fd)
build / build-image (linux/amd64, ubuntu-latest, false)	UNKNOWN STEP	2026-10-09T10:00:30.3293817Z Getting action download info
build / build-image (linux/amd64, ubuntu-latest, false)	UNKNOWN STEP	2026-10-09T10:00:30.4607964Z Download action repository 'actions/checkout@df4cb1c069e1874edd31b4311f1884172cec0e10' (SHA:df4cb1c069e1874edd31b4311f1884172cec0e10)
build / build-image (linux/amd64, ubuntu-latest, false)	UNKNOWN STEP	2026-10-09T10:00:30.4971290Z Download action repository 'docker/setup-qemu-action@96fe6ef7f33517b61c61be40b68a1882f3264fb8' (SHA:96fe6ef7f33517b61c61be40b68a1882f3264fb8)
build / build-image (linux/amd64, ubuntu-latest, false)	UNKNOWN STEP	2026-10-09T10:00:30.9292221Z Download action repository 'docker/setup-buildx-action@bb05f3f5519dd87d3ba754cc423b652a5edd6d2c' (SHA:bb05f3f5519dd87d3ba754cc423b652a5edd6d2c)
build / build-image (linux/amd64, ubuntu-latest, false)	UNKNOWN STEP	2026-10-09T10:00:31.3851302Z Download action repository 'aws-actions/configure-aws-credentials@e7f100cf4c008499ea8adda475de1042d6975c7b' (SHA:e7f100cf4c008499ea8adda475de1042d6975c7b)
build / build-image (linux/amd64, ubuntu-latest, false)	UNKNOWN STEP	2026-10-09T10:00:31.7498014Z Download action repository 'aws-actions/amazon-ecr-login@d539f0932e70871a027e9d5a9d8fc38589180a64' (SHA:d539f0932e70871a027e9d5a9d8fc38589180a64)
build / build-image (linux/amd64, ubuntu-latest, false)	UNKNOWN STEP	2026-10-09T10:00:32.0882485Z Download action repository 'docker/build-push-action@53b7df96c91f9c12dcc8a07bcb9ccacbed38856a' (SHA:53b7df96c91f9c12dcc8a07bcb9ccacbed38856a)
build / build-image (linux/amd64, ubuntu-latest, false)	UNKNOWN STEP	2026-10-09T10:00:32.6776775Z Download action repository 'actions/upload-artifact@043fb46d1a93c77aae656e7c1c64a875d1fc6a0a' (SHA:043fb46d1a93c77aae656e7c1c64a875d1fc6a0a)
build / build-image (linux/amd64, ubuntu-latest, false)	UNKNOWN STEP	2026-10-09T10:00:32.8598234Z Uses: consensys-vertical-apps/shared-services-workflows/.github/workflows/docker-build-and-validate.yml@refs/tags/v1.19.1 (ee5456cf63f32f96987af955f66bd6b1b8b5cbd8)
build / build-image (linux/amd64, ubuntu-latest, false)	UNKNOWN STEP	2026-10-09T10:00:32.8601278Z ##[group] Inputs
build / build-image (linux/amd64, ubuntu-latest, false)	UNKNOWN STEP	2026-10-09T10:00:32.8601681Z   trivy_enabled: true
build / build-image (linux/amd64, ubuntu-latest, false)	UNKNOWN STEP	2026-10-09T10:00:32.8601883Z   trivy_ignore_failure: true
build / build-image (linux/amd64, ubuntu-latest, false)	UNKNOWN STEP	2026-10-09T10:00:32.8602085Z   trivy_severity: CRITICAL
build / build-image (linux/amd64, ubuntu-latest, false)	UNKNOWN STEP	2026-10-09T10:00:32.8602277Z   trivy_skip_db_updates: false
build / build-image (linux/amd64, ubuntu-latest, false)	UNKNOWN STEP	2026-10-09T10:00:32.8602478Z   trivy_skip_java_db_updates: false
build / build-image (linux/amd64, ubuntu-latest, false)	UNKNOWN STEP	2026-10-09T10:00:32.8602678Z   kics_enabled: true
build / build-image (linux/amd64, ubuntu-latest, false)	UNKNOWN STEP	2026-10-09T10:00:32.8602856Z   kics_fails_on: critical,high
build / build-image (linux/amd64, ubuntu-latest, false)	UNKNOWN STEP	2026-10-09T10:00:32.8603049Z   kics_ignore_failure: false
build / build-image (linux/amd64, ubuntu-latest, false)	UNKNOWN STEP	2026-10-09T10:00:32.8603291Z   checkout_repository: consensys-vertical-apps/va-mmcx-terminal
build / build-image (linux/amd64, ubuntu-latest, false)	UNKNOWN STEP	2026-10-09T10:00:32.8603548Z   checkout_ref: 
build / build-image (linux/amd64, ubuntu-latest, false)	UNKNOWN STEP	2026-10-09T10:00:32.8603722Z   docker_build_context: .
build / build-image (linux/amd64, ubuntu-latest, false)	UNKNOWN STEP	2026-10-09T10:00:32.8603897Z   file: 
build / build-image (linux/amd64, ubuntu-latest, false)	UNKNOWN STEP	2026-10-09T10:00:32.8604062Z   artifact_path: build.tar
build / build-image (linux/amd64, ubuntu-latest, false)	UNKNOWN STEP	2026-10-09T10:00:32.8604253Z   artifact_name: build
build / build-image (linux/amd64, ubuntu-latest, false)	UNKNOWN STEP	2026-10-09T10:00:32.8604457Z   artifact_suffix: 
build / build-image (linux/amd64, ubuntu-latest, false)	UNKNOWN STEP	2026-10-09T10:00:32.8604675Z   github_advanced_security_enabled: true
build / build-image (linux/amd64, ubuntu-latest, false)	UNKNOWN STEP	2026-10-09T10:00:32.8604943Z   aws_role: arn:aws:iam::471636589850:role/ecr-github-public-cache-pull
build / build-image (linux/amd64, ubuntu-latest, false)	UNKNOWN STEP	2026-10-09T10:00:32.8605206Z   aws_region: us-east-2
build / build-image (linux/amd64, ubuntu-latest, false)	UNKNOWN STEP	2026-10-09T10:00:32.8605382Z   aws_registries: 
build / build-image (linux/amd64, ubuntu-latest, false)	UNKNOWN STEP	2026-10-09T10:00:32.8605547Z   version: 
build / build-image (linux/amd64, ubuntu-latest, false)	UNKNOWN STEP	2026-10-09T10:00:32.8605713Z   jfrog_auth_enabled: true
build / build-image (linux/amd64, ubuntu-latest, false)	UNKNOWN STEP	2026-10-09T10:00:32.8605917Z   jfrog_url: https://consensys.jfrog.io
build / build-image (linux/amd64, ubuntu-latest, false)	UNKNOWN STEP	2026-10-09T10:00:32.8606134Z   jfrog_oidc_provider_name: github
build / build-image (linux/amd64, ubuntu-latest, false)	UNKNOWN STEP	2026-10-09T10:00:32.8606340Z   jfrog_audience: consensys.jfrog.io
build / build-image (linux/amd64, ubuntu-latest, false)	UNKNOWN STEP	2026-10-09T10:00:32.8606543Z   git_submodules: false
build / build-image (linux/amd64, ubuntu-latest, false)	UNKNOWN STEP	2026-10-09T10:00:32.8606723Z   platforms: linux/amd64
build / build-image (linux/amd64, ubuntu-latest, false)	UNKNOWN STEP	2026-10-09T10:00:32.8606904Z   native_build: false
build / build-image (linux/amd64, ubuntu-latest, false)	UNKNOWN STEP	2026-10-09T10:00:32.8607085Z   token_exchange_url: 
build / build-image (linux/amd64, ubuntu-latest, false)	UNKNOWN STEP	2026-10-09T10:00:32.8607257Z   target_repos: 
build / build-image (linux/amd64, ubuntu-latest, false)	UNKNOWN STEP	2026-10-09T10:00:32.8607436Z ##[endgroup]
build / build-image (linux/amd64, ubuntu-latest, false)	UNKNOWN STEP	2026-10-09T10:00:32.8607774Z Complete job name: build / build-image (linux/amd64, ubuntu-latest, false)
build / build-image (linux/amd64, ubuntu-latest, false)	UNKNOWN STEP	2026-10-09T10:00:32.9060496Z ##[group]Run consensys-vertical-apps/shared-services-workflows/.github/actions/wiz-sensor@ee5456cf63f32f96987af955f66bd6b1b8b5cbd8
build / build-image (linux/amd64, ubuntu-latest, false)	UNKNOWN STEP	2026-10-09T10:00:32.9061209Z with:
build / build-image (linux/amd64, ubuntu-latest, false)	UNKNOWN STEP	2026-10-09T10:00:32.9061383Z   enabled: false
build / build-image (linux/amd64, ubuntu-latest, false)	UNKNOWN STEP	2026-10-09T10:00:32.9062296Z   token: ***
build / build-image (linux/amd64, ubuntu-latest, false)	UNKNOWN STEP	2026-10-09T10:00:32.9062514Z ##[endgroup]
build / build-image (linux/amd64, ubuntu-latest, false)	UNKNOWN STEP	2026-10-09T10:00:32.9109104Z ##[start-action display=Skip Wiz sensor;id=__self.__run]
build / build-image (linux/amd64, ubuntu-latest, false)	UNKNOWN STEP	2026-10-09T10:00:32.9148007Z ##[group]Run if [ "$WIZ_RUNNER_OS" != "Linux" ]; then
build / build-image (linux/amd64, ubuntu-latest, false)	UNKNOWN STEP	2026-10-09T10:00:32.9148357Z ^[[36;1mif [ "$WIZ_RUNNER_OS" != "Linux" ]; then^[[0m
build / build-image (linux/amd64, ubuntu-latest, false)	UNKNOWN STEP	2026-10-09T10:00:32.9148739Z ^[[36;1m  echo "::notice title=Wiz sensor::Skipped because the runner OS is $***WIZ_RUNNER_OS***."^[[0m
build / build-image (linux/amd64, ubuntu-latest, false)	UNKNOWN STEP	2026-10-09T10:00:32.9149066Z ^[[36;1melif [ "$WIZ_SENSOR_ENABLED" != "true" ]; then^[[0m
build / build-image (linux/amd64, ubuntu-latest, false)	UNKNOWN STEP	2026-10-09T10:00:32.9149382Z ^[[36;1m  echo "::notice title=Wiz sensor::Skipped because WIZ_SENSOR_ENABLED is not true."^[[0m
build / build-image (linux/amd64, ubuntu-latest, false)	UNKNOWN STEP	2026-10-09T10:00:32.9149666Z ^[[36;1melse^[[0m
build / build-image (linux/amd64, ubuntu-latest, false)	UNKNOWN STEP	2026-10-09T10:00:32.9149962Z ^[[36;1m  echo "::notice title=Wiz sensor::Skipped because WIZ_SENSOR_TOKEN is not set."^[[0m
build / build-image (linux/amd64, ubuntu-latest, false)	UNKNOWN STEP	2026-10-09T10:00:32.9150249Z ^[[36;1mfi^[[0m
build / build-image (linux/amd64, ubuntu-latest, false)	UNKNOWN STEP	2026-10-09T10:00:32.9364352Z shell: /usr/bin/bash --noprofile --norc -e -o pipefail ***0***
build / build-image (linux/amd64, ubuntu-latest, false)	UNKNOWN STEP	2026-10-09T10:00:32.9364684Z env:
build / build-image (linux/amd64, ubuntu-latest, false)	UNKNOWN STEP	2026-10-09T10:00:32.9364860Z   WIZ_SENSOR_ENABLED: false
build / build-image (linux/amd64, ubuntu-latest, false)	UNKNOWN STEP	2026-10-09T10:00:32.9365055Z   WIZ_SENSOR_TOKEN_SET: true
build / build-image (linux/amd64, ubuntu-latest, false)	UNKNOWN STEP	2026-10-09T10:00:32.9365242Z   WIZ_RUNNER_OS: Linux
build / build-image (linux/amd64, ubuntu-latest, false)	UNKNOWN STEP	2026-10-09T10:00:32.9365421Z ##[endgroup]
build / build-image (linux/amd64, ubuntu-latest, false)	UNKNOWN STEP	2026-10-09T10:00:32.9508914Z ##[notice]Skipped because WIZ_SENSOR_ENABLED is not true.
build / build-image (linux/amd64, ubuntu-latest, false)	UNKNOWN STEP	2026-10-09T10:00:32.9547265Z ##[end-action id=__self.__run;outcome=success;conclusion=success;duration_ms=43]
build / build-image (linux/amd64, ubuntu-latest, false)	UNKNOWN STEP	2026-10-09T10:00:32.9550665Z ##[start-action display=Mask Wiz sensor token fields;id=__self.mask-wiz-sensor-token]
build / build-image (linux/amd64, ubuntu-latest, false)	UNKNOWN STEP	2026-10-09T10:00:32.9558179Z ##[end-action id=__self.mask-wiz-sensor-token;outcome=skipped;conclusion=skipped;duration_ms=0]
build / build-image (linux/amd64, ubuntu-latest, false)	UNKNOWN STEP	2026-10-09T10:00:32.9559664Z ##[start-action display=Start Wiz sensor;id=__self.__wiz-sec-public_wiz-sensor-github-action]
build / build-image (linux/amd64, ubuntu-latest, false)	UNKNOWN STEP	2026-10-09T10:00:32.9563879Z ##[end-action id=__self.__wiz-sec-public_wiz-sensor-github-action;outcome=skipped;conclusion=skipped;duration_ms=0]
build / build-image (linux/amd64, ubuntu-latest, false)	UNKNOWN STEP	2026-10-09T10:00:32.9617655Z ##[group]Run SUFFIX=""
build / build-image (linux/amd64, ubuntu-latest, false)	UNKNOWN STEP	2026-10-09T10:00:32.9617890Z ^[[36;1mSUFFIX=""^[[0m
build / build-image (linux/amd64, ubuntu-latest, false)	UNKNOWN STEP	2026-10-09T10:00:32.9618061Z ^[[36;1mNATIVE='false'^[[0m
build / build-image (linux/amd64, ubuntu-latest, false)	UNKNOWN STEP	2026-10-09T10:00:32.9618245Z ^[[36;1mif [ -n "" ]; then^[[0m
build / build-image (linux/amd64, ubuntu-latest, false)	UNKNOWN STEP	2026-10-09T10:00:32.9618503Z ^[[36;1m  [ -n "$SUFFIX" ] && SUFFIX="$***SUFFIX***-" || SUFFIX=""^[[0m
build / build-image (linux/amd64, ubuntu-latest, false)	UNKNOWN STEP	2026-10-09T10:00:32.9618759Z ^[[36;1mfi^[[0m
build / build-image (linux/amd64, ubuntu-latest, false)	UNKNOWN STEP	2026-10-09T10:00:32.9618927Z ^[[36;1mif [ -n "$SUFFIX" ]; then^[[0m
build / build-image (linux/amd64, ubuntu-latest, false)	UNKNOWN STEP	2026-10-09T10:00:32.9619178Z ^[[36;1m  echo "artifact_name=build-$***SUFFIX***" >> $GITHUB_OUTPUT^[[0m
build / build-image (linux/amd64, ubuntu-latest, false)	UNKNOWN STEP	2026-10-09T10:00:32.9619439Z ^[[36;1m  ARTIFACT_PATH="build.tar"^[[0m
build / build-image (linux/amd64, ubuntu-latest, false)	UNKNOWN STEP	2026-10-09T10:00:32.9619658Z ^[[36;1m  if [[ "$ARTIFACT_PATH" == *.tar ]]; then^[[0m
build / build-image (linux/amd64, ubuntu-latest, false)	UNKNOWN STEP	2026-10-09T10:00:32.9619969Z ^[[36;1m    echo "artifact_path=$***ARTIFACT_PATH%.tar***-$***SUFFIX***.tar" >> $GITHUB_OUTPUT^[[0m
build / build-image (linux/amd64, ubuntu-latest, false)	UNKNOWN STEP	2026-10-09T10:00:32.9620256Z ^[[36;1m  else^[[0m
build / build-image (linux/amd64, ubuntu-latest, false)	UNKNOWN STEP	2026-10-09T10:00:32.9620499Z ^[[36;1m    echo "artifact_path=$***ARTIFACT_PATH***-$***SUFFIX***" >> $GITHUB_OUTPUT^[[0m
build / build-image (linux/amd64, ubuntu-latest, false)	UNKNOWN STEP	2026-10-09T10:00:32.9621005Z ^[[36;1m  fi^[[0m
build / build-image (linux/amd64, ubuntu-latest, false)	UNKNOWN STEP	2026-10-09T10:00:32.9621197Z ^[[36;1melse^[[0m
build / build-image (linux/amd64, ubuntu-latest, false)	UNKNOWN STEP	2026-10-09T10:00:32.9621387Z ^[[36;1m  echo "artifact_name=build" >> $GITHUB_OUTPUT^[[0m
build / build-image (linux/amd64, ubuntu-latest, false)	UNKNOWN STEP	2026-10-09T10:00:32.9621643Z ^[[36;1m  echo "artifact_path=build.tar" >> $GITHUB_OUTPUT^[[0m
build / build-image (linux/amd64, ubuntu-latest, false)	UNKNOWN STEP	2026-10-09T10:00:32.9621870Z ^[[36;1mfi^[[0m
build / build-image (linux/amd64, ubuntu-latest, false)	UNKNOWN STEP	2026-10-09T10:00:32.9622112Z ^[[36;1m# Emulated: upload as -raw to avoid 409 conflict with merge-artifacts upload^[[0m
build / build-image (linux/amd64, ubuntu-latest, false)	UNKNOWN STEP	2026-10-09T10:00:32.9622396Z ^[[36;1mif [ "$NATIVE" != "true" ]; then^[[0m
build / build-image (linux/amd64, ubuntu-latest, false)	UNKNOWN STEP	2026-10-09T10:00:32.9622630Z ^[[36;1m  echo "upload_name=build-raw" >> $GITHUB_OUTPUT^[[0m
build / build-image (linux/amd64, ubuntu-latest, false)	UNKNOWN STEP	2026-10-09T10:00:32.9622856Z ^[[36;1melse^[[0m
build / build-image (linux/amd64, ubuntu-latest, false)	UNKNOWN STEP	2026-10-09T10:00:32.9623169Z ^[[36;1m  [ -n "$SUFFIX" ] && echo "upload_name=build-$***SUFFIX***" >> $GITHUB_OUTPUT || echo "upload_name=build" >> $GITHUB_OUTPUT^[[0m
build / build-image (linux/amd64, ubuntu-latest, false)	UNKNOWN STEP	2026-10-09T10:00:32.9623509Z ^[[36;1mfi^[[0m
build / build-image (linux/amd64, ubuntu-latest, false)	UNKNOWN STEP	2026-10-09T10:00:32.9673231Z shell: /usr/bin/bash --noprofile --norc -e -o pipefail ***0***
build / build-image (linux/amd64, ubuntu-latest, false)	UNKNOWN STEP	2026-10-09T10:00:32.9673485Z ##[endgroup]
build / build-image (linux/amd64, ubuntu-latest, false)	UNKNOWN STEP	2026-10-09T10:00:32.9809357Z ##[group]Run jfrog/setup-jfrog-cli@deda456d982fc5e9a7a020b63eb0d2968aedd33e
build / build-image (linux/amd64, ubuntu-latest, false)	UNKNOWN STEP	2026-10-09T10:00:32.9809659Z with:
build / build-image (linux/amd64, ubuntu-latest, false)	UNKNOWN STEP	2026-10-09T10:00:32.9809834Z   oidc-provider-name: github
build / build-image (linux/amd64, ubuntu-latest, false)	UNKNOWN STEP	2026-10-09T10:00:32.9810033Z   oidc-audience: consensys.jfrog.io
build / build-image (linux/amd64, ubuntu-latest, false)	UNKNOWN STEP	2026-10-09T10:00:32.9810232Z   version: 2.91.0
build / build-image (linux/amd64, ubuntu-latest, false)	UNKNOWN STEP	2026-10-09T10:00:32.9810411Z   disable-job-summary: false
build / build-image (linux/amd64, ubuntu-latest, false)	UNKNOWN STEP	2026-10-09T10:00:32.9810610Z   disable-auto-build-publish: false
build / build-image (linux/amd64, ubuntu-latest, false)	UNKNOWN STEP	2026-10-09T10:00:32.9811106Z   disable-auto-evidence-collection: false
build / build-image (linux/amd64, ubuntu-latest, false)	UNKNOWN STEP	2026-10-09T10:00:32.9811333Z   enable-package-alias: false
build / build-image (linux/amd64, ubuntu-latest, false)	UNKNOWN STEP	2026-10-09T10:00:32.9811518Z env:
build / build-image (linux/amd64, ubuntu-latest, false)	UNKNOWN STEP	2026-10-09T10:00:32.9811695Z   JF_URL: https://consensys.jfrog.io
build / build-image (linux/amd64, ubuntu-latest, false)	UNKNOWN STEP	2026-10-09T10:00:32.9811898Z ##[endgroup]
build / build-image (linux/amd64, ubuntu-latest, false)	UNKNOWN STEP	2026-10-09T10:00:33.0806277Z ##[group]Setup JFrog CLI
build / build-image (linux/amd64, ubuntu-latest, false)	UNKNOWN STEP	2026-10-09T10:00:33.0836669Z Downloading JFrog CLI from https://releases.jfrog.io/artifactory/jfrog-cli/v2/2.91.0/jfrog-cli-linux-amd64/jfrog
build / build-image (linux/amd64, ubuntu-latest, false)	UNKNOWN STEP	2026-10-09T10:00:36.0080477Z [command]/opt/hostedtoolcache/jf/2.91.0/x64/jf config add setup-jfrog-cli-server --url https://consensys.jfrog.io --interactive=false --overwrite=true --access-token ***
build / build-image (linux/amd64, ubuntu-latest, false)	UNKNOWN STEP	2026-10-09T10:00:36.0208580Z ##[endgroup]
build / build-image (linux/amd64, ubuntu-latest, false)	UNKNOWN STEP	2026-10-09T10:00:36.1332839Z ##[group]Run if [ -n "" ]; then
build / build-image (linux/amd64, ubuntu-latest, false)	UNKNOWN STEP	2026-10-09T10:00:36.1333244Z ^[[36;1mif [ -n "" ]; then^[[0m
build / build-image (linux/amd64, ubuntu-latest, false)	UNKNOWN STEP	2026-10-09T10:00:36.1333561Z ^[[36;1m  echo "FILE=" >> $GITHUB_ENV^[[0m
build / build-image (linux/amd64, ubuntu-latest, false)	UNKNOWN STEP	2026-10-09T10:00:36.1333892Z ^[[36;1melse^[[0m
build / build-image (linux/amd64, ubuntu-latest, false)	UNKNOWN STEP	2026-10-09T10:00:36.1334199Z ^[[36;1m  echo "FILE=./Dockerfile" >> $GITHUB_ENV^[[0m
build / build-image (linux/amd64, ubuntu-latest, false)	UNKNOWN STEP	2026-10-09T10:00:36.1334555Z ^[[36;1mfi^[[0m
build / build-image (linux/amd64, ubuntu-latest, false)	UNKNOWN STEP	2026-10-09T10:00:36.1393923Z shell: /usr/bin/bash -e ***0***
build / build-image (linux/amd64, ubuntu-latest, false)	UNKNOWN STEP	2026-10-09T10:00:36.1394157Z env:
build / build-image (linux/amd64, ubuntu-latest, false)	UNKNOWN STEP	2026-10-09T10:00:36.1394509Z   JFROG_CLI_ENV_EXCLUDE: *password*;*secret*;*key*;*token*;*auth*;JF_ARTIFACTORY_*;JF_ENV_*;JF_URL;JF_USER;JF_PASSWORD;JF_ACCESS_TOKEN
build / build-image (linux/amd64, ubuntu-latest, false)	UNKNOWN STEP	2026-10-09T10:00:36.1394891Z   JFROG_CLI_OFFER_CONFIG: false
build / build-image (linux/amd64, ubuntu-latest, false)	UNKNOWN STEP	2026-10-09T10:00:36.1395107Z   JFROG_CLI_AVOID_NEW_VERSION_WARNING: true
build / build-image (linux/amd64, ubuntu-latest, false)	UNKNOWN STEP	2026-10-09T10:00:36.1395398Z   JFROG_CLI_SOURCECODE_REPOSITORY: consensys-vertical-apps/va-mmcx-terminal
build / build-image (linux/amd64, ubuntu-latest, false)	UNKNOWN STEP	2026-10-09T10:00:36.1395704Z   JFROG_CLI_CI_JOB_ID: Release
build / build-image (linux/amd64, ubuntu-latest, false)	UNKNOWN STEP	2026-10-09T10:00:36.1396138Z   JFROG_CLI_CI_RUN_ID: 37913592023
build / build-image (linux/amd64, ubuntu-latest, false)	UNKNOWN STEP	2026-10-09T10:00:36.1396396Z   JFROG_CLI_GITHUB_TOKEN: 
build / build-image (linux/amd64, ubuntu-latest, false)	UNKNOWN STEP	2026-10-09T10:00:36.1396642Z   JFROG_CLI_CI_VCS_REVISION: a0c70d313b0b14786b9738dec5a9ccba8653d1bf
build / build-image (linux/amd64, ubuntu-latest, false)	UNKNOWN STEP	2026-10-09T10:00:36.1396907Z   JFROG_CLI_CI_BRANCH: main
build / build-image (linux/amd64, ubuntu-latest, false)	UNKNOWN STEP	2026-10-09T10:00:36.1397199Z   JFROG_CLI_CI_VCS_URL: https://github.com/consensys-vertical-apps/va-mmcx-terminal
build / build-image (linux/amd64, ubuntu-latest, false)	UNKNOWN STEP	2026-10-09T10:00:36.1397499Z   JFROG_CLI_BUILD_NAME: Release
build / build-image (linux/amd64, ubuntu-latest, false)	UNKNOWN STEP	2026-10-09T10:00:36.1397698Z   JFROG_CLI_BUILD_NUMBER: 85
build / build-image (linux/amd64, ubuntu-latest, false)	UNKNOWN STEP	2026-10-09T10:00:36.1398027Z   JFROG_CLI_BUILD_URL: https://github.com/consensys-vertical-apps/va-mmcx-terminal/actions/runs/37913592023
build / build-image (linux/amd64, ubuntu-latest, false)	UNKNOWN STEP	2026-10-09T10:00:36.1398415Z   JFROG_CLI_USER_AGENT: setup-jfrog-cli-github-action/5.1.0
build / build-image (linux/amd64, ubuntu-latest, false)	UNKNOWN STEP	2026-10-09T10:00:36.1398716Z   JFROG_CLI_COMMAND_SUMMARY_OUTPUT_DIR: /home/runner/work/_temp
build / build-image (linux/amd64, ubuntu-latest, false)	UNKNOWN STEP	2026-10-09T10:00:36.1399016Z   JFROG_CLI_USAGE_GH_TOKEN_FOR_CODE_SCANNING_ALERTS_PROVIDED: 
build / build-image (linux/amd64, ubuntu-latest, false)	UNKNOWN STEP	2026-10-09T10:00:36.1399305Z   SETUP_JFROG_CLI_SERVER_IDS: setup-jfrog-cli-server
build / build-image (linux/amd64, ubuntu-latest, false)	UNKNOWN STEP	2026-10-09T10:00:36.1399544Z ##[endgroup]
build / build-image (linux/amd64, ubuntu-latest, false)	UNKNOWN STEP	2026-10-09T10:00:36.5308780Z ##[group]Run consensys-vertical-apps/shared-services-workflows/.github/actions/docker-build@0ad0566241bddeb4f6b3b5f310b368a89283e7df
build / build-image (linux/amd64, ubuntu-latest, false)	UNKNOWN STEP	2026-10-09T10:00:36.5309441Z with:
build / build-image (linux/amd64, ubuntu-latest, false)	UNKNOWN STEP	2026-10-09T10:00:36.5309817Z   checkout_repository: consensys-vertical-apps/va-mmcx-terminal
build / build-image (linux/amd64, ubuntu-latest, false)	UNKNOWN STEP	2026-10-09T10:00:36.5310218Z   docker_build_context: .
build / build-image (linux/amd64, ubuntu-latest, false)	UNKNOWN STEP	2026-10-09T10:00:36.5310505Z   file: ./Dockerfile
build / build-image (linux/amd64, ubuntu-latest, false)	UNKNOWN STEP	2026-10-09T10:00:36.5321421Z   docker_build_args: ***
build / build-image (linux/amd64, ubuntu-latest, false)	UNKNOWN STEP	
build / build-image (linux/amd64, ubuntu-latest, false)	UNKNOWN STEP	JFROG_ACCESS_TOKEN=***
build / build-image (linux/amd64, ubuntu-latest, false)	UNKNOWN STEP	GITHUB_ACCESS_TOKEN=
build / build-image (linux/amd64, ubuntu-latest, false)	UNKNOWN STEP	
build / build-image (linux/amd64, ubuntu-latest, false)	UNKNOWN STEP	2026-10-09T10:00:36.5321844Z   artifact_path: build.tar
build / build-image (linux/amd64, ubuntu-latest, false)	UNKNOWN STEP	2026-10-09T10:00:36.5322139Z   artifact_name: build-raw
build / build-image (linux/amd64, ubuntu-latest, false)	UNKNOWN STEP	2026-10-09T10:00:36.5322505Z   aws_role: arn:aws:iam::471636589850:role/ecr-github-public-cache-pull
build / build-image (linux/amd64, ubuntu-latest, false)	UNKNOWN STEP	2026-10-09T10:00:36.5322883Z   aws_region: us-east-2
build / build-image (linux/amd64, ubuntu-latest, false)	UNKNOWN STEP	2026-10-09T10:00:36.5323148Z   git_submodules: false
build / build-image (linux/amd64, ubuntu-latest, false)	UNKNOWN STEP	2026-10-09T10:00:36.5323413Z   platforms: linux/amd64
build / build-image (linux/amd64, ubuntu-latest, false)	UNKNOWN STEP	2026-10-09T10:00:36.5323681Z   native_build: false
build / build-image (linux/amd64, ubuntu-latest, false)	UNKNOWN STEP	2026-10-09T10:00:36.5323940Z env:
build / build-image (linux/amd64, ubuntu-latest, false)	UNKNOWN STEP	2026-10-09T10:00:36.5324463Z   JFROG_CLI_ENV_EXCLUDE: *password*;*secret*;*key*;*token*;*auth*;JF_ARTIFACTORY_*;JF_ENV_*;JF_URL;JF_USER;JF_PASSWORD;JF_ACCESS_TOKEN
build / build-image (linux/amd64, ubuntu-latest, false)	UNKNOWN STEP	2026-10-09T10:00:36.5325013Z   JFROG_CLI_OFFER_CONFIG: false
build / build-image (linux/amd64, ubuntu-latest, false)	UNKNOWN STEP	2026-10-09T10:00:36.5325329Z   JFROG_CLI_AVOID_NEW_VERSION_WARNING: true
build / build-image (linux/amd64, ubuntu-latest, false)	UNKNOWN STEP	2026-10-09T10:00:36.5325758Z   JFROG_CLI_SOURCECODE_REPOSITORY: consensys-vertical-apps/va-mmcx-terminal
build / build-image (linux/amd64, ubuntu-latest, false)	UNKNOWN STEP	2026-10-09T10:00:36.5326191Z   JFROG_CLI_CI_JOB_ID: Release
build / build-image (linux/amd64, ubuntu-latest, false)	UNKNOWN STEP	2026-10-09T10:00:36.5326493Z   JFROG_CLI_CI_RUN_ID: 37913592023
build / build-image (linux/amd64, ubuntu-latest, false)	UNKNOWN STEP	2026-10-09T10:00:36.5326797Z   JFROG_CLI_GITHUB_TOKEN: 
build / build-image (linux/amd64, ubuntu-latest, false)	UNKNOWN STEP	2026-10-09T10:00:36.5327157Z   JFROG_CLI_CI_VCS_REVISION: a0c70d313b0b14786b9738dec5a9ccba8653d1bf
build / build-image (linux/amd64, ubuntu-latest, false)	UNKNOWN STEP	2026-10-09T10:00:36.5327552Z   JFROG_CLI_CI_BRANCH: main
build / build-image (linux/amd64, ubuntu-latest, false)	UNKNOWN STEP	2026-10-09T10:00:36.5327961Z   JFROG_CLI_CI_VCS_URL: https://github.com/consensys-vertical-apps/va-mmcx-terminal
build / build-image (linux/amd64, ubuntu-latest, false)	UNKNOWN STEP	2026-10-09T10:00:36.5328403Z   JFROG_CLI_BUILD_NAME: Release
build / build-image (linux/amd64, ubuntu-latest, false)	UNKNOWN STEP	2026-10-09T10:00:36.5328709Z   JFROG_CLI_BUILD_NUMBER: 85
build / build-image (linux/amd64, ubuntu-latest, false)	UNKNOWN STEP	2026-10-09T10:00:36.5329201Z   JFROG_CLI_BUILD_URL: https://github.com/consensys-vertical-apps/va-mmcx-terminal/actions/runs/37913592023
build / build-image (linux/amd64, ubuntu-latest, false)	UNKNOWN STEP	2026-10-09T10:00:36.5329774Z   JFROG_CLI_USER_AGENT: setup-jfrog-cli-github-action/5.1.0
build / build-image (linux/amd64, ubuntu-latest, false)	UNKNOWN STEP	2026-10-09T10:00:36.5330213Z   JFROG_CLI_COMMAND_SUMMARY_OUTPUT_DIR: /home/runner/work/_temp
build / build-image (linux/amd64, ubuntu-latest, false)	UNKNOWN STEP	2026-10-09T10:00:36.5330649Z   JFROG_CLI_USAGE_GH_TOKEN_FOR_CODE_SCANNING_ALERTS_PROVIDED: 
build / build-image (linux/amd64, ubuntu-latest, false)	UNKNOWN STEP	2026-10-09T10:00:36.5331171Z   SETUP_JFROG_CLI_SERVER_IDS: setup-jfrog-cli-server
build / build-image (linux/amd64, ubuntu-latest, false)	UNKNOWN STEP	2026-10-09T10:00:36.5331430Z   FILE: ./Dockerfile
build / build-image (linux/amd64, ubuntu-latest, false)	UNKNOWN STEP	2026-10-09T10:00:36.5331604Z ##[endgroup]
build / build-image (linux/amd64, ubuntu-latest, false)	UNKNOWN STEP	2026-10-09T10:00:36.5337211Z ##[start-action display=Checkout;id=__consensys-vertical-apps_shared-services-workflows.__actions_checkout]
build / build-image (linux/amd64, ubuntu-latest, false)	UNKNOWN STEP	2026-10-09T10:00:36.7028078Z ##[group]Run actions/checkout@df4cb1c069e1874edd31b4311f1884172cec0e10
build / build-image (linux/amd64, ubuntu-latest, false)	UNKNOWN STEP	2026-10-09T10:00:36.7028493Z with:
build / build-image (linux/amd64, ubuntu-latest, false)	UNKNOWN STEP	2026-10-09T10:00:36.7028794Z   repository: consensys-vertical-apps/va-mmcx-terminal
build / build-image (linux/amd64, ubuntu-latest, false)	UNKNOWN STEP	2026-10-09T10:00:36.7029158Z   submodules: false
build / build-image (linux/amd64, ubuntu-latest, false)	UNKNOWN STEP	2026-10-09T10:00:36.7031789Z   token: ***
build / build-image (linux/amd64, ubuntu-latest, false)	UNKNOWN STEP	2026-10-09T10:00:36.7032064Z   ssh-strict: true
build / build-image (linux/amd64, ubuntu-latest, false)	UNKNOWN STEP	2026-10-09T10:00:36.7032330Z   ssh-user: git
build / build-image (linux/amd64, ubuntu-latest, false)	UNKNOWN STEP	2026-10-09T10:00:36.7032895Z   persist-credentials: true
build / build-image (linux/amd64, ubuntu-latest, false)	UNKNOWN STEP	2026-10-09T10:00:36.7033169Z   clean: true
build / build-image (linux/amd64, ubuntu-latest, false)	UNKNOWN STEP	2026-10-09T10:00:36.7033415Z   sparse-checkout-cone-mode: true
build / build-image (linux/amd64, ubuntu-latest, false)	UNKNOWN STEP	2026-10-09T10:00:36.7033711Z   fetch-depth: 1
build / build-image (linux/amd64, ubuntu-latest, false)	UNKNOWN STEP	2026-10-09T10:00:36.7033968Z   fetch-tags: false
build / build-image (linux/amd64, ubuntu-latest, false)	UNKNOWN STEP	2026-10-09T10:00:36.7034226Z   show-progress: true
build / build-image (linux/amd64, ubuntu-latest, false)	UNKNOWN STEP	2026-10-09T10:00:36.7034486Z   lfs: false
build / build-image (linux/amd64, ubuntu-latest, false)	UNKNOWN STEP	2026-10-09T10:00:36.7034741Z   set-safe-directory: true
build / build-image (linux/amd64, ubuntu-latest, false)	UNKNOWN STEP	2026-10-09T10:00:36.7035015Z env:
build / build-image (linux/amd64, ubuntu-latest, false)	UNKNOWN STEP	2026-10-09T10:00:36.7035513Z   JFROG_CLI_ENV_EXCLUDE: *password*;*secret*;*key*;*token*;*auth*;JF_ARTIFACTORY_*;JF_ENV_*;JF_URL;JF_USER;JF_PASSWORD;JF_ACCESS_TOKEN
build / build-image (linux/amd64, ubuntu-latest, false)	UNKNOWN STEP	2026-10-09T10:00:36.7036057Z   JFROG_CLI_OFFER_CONFIG: false
build / build-image (linux/amd64, ubuntu-latest, false)	UNKNOWN STEP	2026-10-09T10:00:36.7036399Z   JFROG_CLI_AVOID_NEW_VERSION_WARNING: true
build / build-image (linux/amd64, ubuntu-latest, false)	UNKNOWN STEP	2026-10-09T10:00:36.7036821Z   JFROG_CLI_SOURCECODE_REPOSITORY: consensys-vertical-apps/va-mmcx-terminal
build / build-image (linux/amd64, ubuntu-latest, false)	UNKNOWN STEP	2026-10-09T10:00:36.7037248Z   JFROG_CLI_CI_JOB_ID: Release
build / build-image (linux/amd64, ubuntu-latest, false)	UNKNOWN STEP	2026-10-09T10:00:36.7037549Z   JFROG_CLI_CI_RUN_ID: 37913592023
build / build-image (linux/amd64, ubuntu-latest, false)	UNKNOWN STEP	2026-10-09T10:00:36.7037849Z   JFROG_CLI_GITHUB_TOKEN: 
build / build-image (linux/amd64, ubuntu-latest, false)	UNKNOWN STEP	2026-10-09T10:00:36.7038477Z   JFROG_CLI_CI_VCS_REVISION: a0c70d313b0b14786b9738dec5a9ccba8653d1bf
build / build-image (linux/amd64, ubuntu-latest, false)	UNKNOWN STEP	2026-10-09T10:00:36.7038878Z   JFROG_CLI_CI_BRANCH: main
build / build-image (linux/amd64, ubuntu-latest, false)	UNKNOWN STEP	2026-10-09T10:00:36.7039297Z   JFROG_CLI_CI_VCS_URL: https://github.com/consensys-vertical-apps/va-mmcx-terminal
build / build-image (linux/amd64, ubuntu-latest, false)	UNKNOWN STEP	2026-10-09T10:00:36.7039745Z   JFROG_CLI_BUILD_NAME: Release
build / build-image (linux/amd64, ubuntu-latest, false)	UNKNOWN STEP	2026-10-09T10:00:36.7040076Z   JFROG_CLI_BUILD_NUMBER: 85
build / build-image (linux/amd64, ubuntu-latest, false)	UNKNOWN STEP	2026-10-09T10:00:36.7040581Z   JFROG_CLI_BUILD_URL: https://github.com/consensys-vertical-apps/va-mmcx-terminal/actions/runs/37913592023
build / build-image (linux/amd64, ubuntu-latest, false)	UNKNOWN STEP	2026-10-09T10:00:36.7041330Z   JFROG_CLI_USER_AGENT: setup-jfrog-cli-github-action/5.1.0
build / build-image (linux/amd64, ubuntu-latest, false)	UNKNOWN STEP	2026-10-09T10:00:36.7042091Z   JFROG_CLI_COMMAND_SUMMARY_OUTPUT_DIR: /home/runner/work/_temp
build / build-image (linux/amd64, ubuntu-latest, false)	UNKNOWN STEP	2026-10-09T10:00:36.7066999Z   JFROG_CLI_USAGE_GH_TOKEN_FOR_CODE_SCANNING_ALERTS_PROVIDED: 
build / build-image (linux/amd64, ubuntu-latest, false)	UNKNOWN STEP	2026-10-09T10:00:36.7067503Z   SETUP_JFROG_CLI_SERVER_IDS: setup-jfrog-cli-server
build / build-image (linux/amd64, ubuntu-latest, false)	UNKNOWN STEP	2026-10-09T10:00:36.7067902Z   FILE: ./Dockerfile
build / build-image (linux/amd64, ubuntu-latest, false)	UNKNOWN STEP	2026-10-09T10:00:36.7068173Z ##[endgroup]
build / build-image (linux/amd64, ubuntu-latest, false)	UNKNOWN STEP	2026-10-09T10:00:36.7754776Z Syncing repository: consensys-vertical-apps/va-mmcx-terminal
build / build-image (linux/amd64, ubuntu-latest, false)	UNKNOWN STEP	2026-10-09T10:00:36.7755652Z ##[group]Getting Git version info
build / build-image (linux/amd64, ubuntu-latest, false)	UNKNOWN STEP	2026-10-09T10:00:36.7756074Z Working directory is '/home/runner/work/va-mmcx-terminal/va-mmcx-terminal'
build / build-image (linux/amd64, ubuntu-latest, false)	UNKNOWN STEP	2026-10-09T10:00:36.7756742Z [command]/usr/bin/git version
build / build-image (linux/amd64, ubuntu-latest, false)	UNKNOWN STEP	2026-10-09T10:00:36.7810318Z git version 2.55.0
build / build-image (linux/amd64, ubuntu-latest, false)	UNKNOWN STEP	2026-10-09T10:00:36.7827112Z ##[endgroup]
build / build-image (linux/amd64, ubuntu-latest, false)	UNKNOWN STEP	2026-10-09T10:00:36.7838454Z Temporarily overriding HOME='/home/runner/work/_temp/723d2c8b-ab4c-428d-93ef-932fc748fbea' before making global git config changes
build / build-image (linux/amd64, ubuntu-latest, false)	UNKNOWN STEP	2026-10-09T10:00:36.7839460Z Adding repository directory to the temporary git global config as a safe directory
build / build-image (linux/amd64, ubuntu-latest, false)	UNKNOWN STEP	2026-10-09T10:00:36.7844920Z [command]/usr/bin/git config --global --add safe.directory /home/runner/work/va-mmcx-terminal/va-mmcx-terminal
build / build-image (linux/amd64, ubuntu-latest, false)	UNKNOWN STEP	2026-10-09T10:00:36.9541790Z Deleting the contents of '/home/runner/work/va-mmcx-terminal/va-mmcx-terminal'
build / build-image (linux/amd64, ubuntu-latest, false)	UNKNOWN STEP	2026-10-09T10:00:36.9546775Z ##[group]Determining repository object format
build / build-image (linux/amd64, ubuntu-latest, false)	UNKNOWN STEP	2026-10-09T10:00:36.9571621Z ##[endgroup]
build / build-image (linux/amd64, ubuntu-latest, false)	UNKNOWN STEP	2026-10-09T10:00:36.9591704Z ##[group]Initializing the repository
build / build-image (linux/amd64, ubuntu-latest, false)	UNKNOWN STEP	2026-10-09T10:00:36.9592452Z [command]/usr/bin/git init /home/runner/work/va-mmcx-terminal/va-mmcx-terminal
build / build-image (linux/amd64, ubuntu-latest, false)	UNKNOWN STEP	2026-10-09T10:00:37.2314197Z hint: Using 'master' as the name for the initial branch. This default branch name
build / build-image (linux/amd64, ubuntu-latest, false)	UNKNOWN STEP	2026-10-09T10:00:37.2314603Z hint: will change to "main" in Git 3.0. To configure the initial branch name
build / build-image (linux/amd64, ubuntu-latest, false)	UNKNOWN STEP	2026-10-09T10:00:37.2314938Z hint: to use in all of your new repositories, which will suppress this warning,
build / build-image (linux/amd64, ubuntu-latest, false)	UNKNOWN STEP	2026-10-09T10:00:37.2315201Z hint: call:
build / build-image (linux/amd64, ubuntu-latest, false)	UNKNOWN STEP	2026-10-09T10:00:37.2315364Z hint:
build / build-image (linux/amd64, ubuntu-latest, false)	UNKNOWN STEP	2026-10-09T10:00:37.2315595Z hint: 	git config --global init.defaultBranch <name>
build / build-image (linux/amd64, ubuntu-latest, false)	UNKNOWN STEP	2026-10-09T10:00:37.2315827Z hint:
build / build-image (linux/amd64, ubuntu-latest, false)	UNKNOWN STEP	2026-10-09T10:00:37.2316047Z hint: Names commonly chosen instead of 'master' are 'main', 'trunk' and
build / build-image (linux/amd64, ubuntu-latest, false)	UNKNOWN STEP	2026-10-09T10:00:37.2316378Z hint: 'development'. The just-created branch can be renamed via this command:
build / build-image (linux/amd64, ubuntu-latest, false)	UNKNOWN STEP	2026-10-09T10:00:37.2316634Z hint:
build / build-image (linux/amd64, ubuntu-latest, false)	UNKNOWN STEP	2026-10-09T10:00:37.2316803Z hint: 	git branch -m <name>
build / build-image (linux/amd64, ubuntu-latest, false)	UNKNOWN STEP	2026-10-09T10:00:37.2317004Z hint:
build / build-image (linux/amd64, ubuntu-latest, false)	UNKNOWN STEP	2026-10-09T10:00:37.2317269Z hint: Disable this message with "git config set advice.defaultBranchName false"
build / build-image (linux/amd64, ubuntu-latest, false)	UNKNOWN STEP	2026-10-09T10:00:37.2317853Z Initialized empty Git repository in /home/runner/work/va-mmcx-terminal/va-mmcx-terminal/.git/
build / build-image (linux/amd64, ubuntu-latest, false)	UNKNOWN STEP	2026-10-09T10:00:37.2329252Z [command]/usr/bin/git remote add origin https://github.com/consensys-vertical-apps/va-mmcx-terminal
build / build-image (linux/amd64, ubuntu-latest, false)	UNKNOWN STEP	2026-10-09T10:00:37.5297522Z ##[endgroup]
build / build-image (linux/amd64, ubuntu-latest, false)	UNKNOWN STEP	2026-10-09T10:00:37.5298098Z ##[group]Disabling automatic garbage collection
build / build-image (linux/amd64, ubuntu-latest, false)	UNKNOWN STEP	2026-10-09T10:00:37.5302017Z [command]/usr/bin/git config --local gc.auto 0
build / build-image (linux/amd64, ubuntu-latest, false)	UNKNOWN STEP	2026-10-09T10:00:37.5441168Z ##[endgroup]
build / build-image (linux/amd64, ubuntu-latest, false)	UNKNOWN STEP	2026-10-09T10:00:37.5441700Z ##[group]Setting up auth
build / build-image (linux/amd64, ubuntu-latest, false)	UNKNOWN STEP	2026-10-09T10:00:37.5460532Z Removing SSH command configuration
build / build-image (linux/amd64, ubuntu-latest, false)	UNKNOWN STEP	2026-10-09T10:00:37.5470040Z [command]/usr/bin/git config --local --name-only --get-regexp core\.sshCommand
build / build-image (linux/amd64, ubuntu-latest, false)	UNKNOWN STEP	2026-10-09T10:00:37.5471598Z [command]/usr/bin/git submodule foreach --recursive sh -c "git config --local --name-only --get-regexp 'core\.sshCommand' && git config --local --unset-all 'core.sshCommand' || :"
build / build-image (linux/amd64, ubuntu-latest, false)	UNKNOWN STEP	2026-10-09T10:00:37.5844982Z Removing HTTP extra header
build / build-image (linux/amd64, ubuntu-latest, false)	UNKNOWN STEP	2026-10-09T10:00:37.5850677Z [command]/usr/bin/git config --local --name-only --get-regexp http\.https\:\/\/github\.com\/\.extraheader
build / build-image (linux/amd64, ubuntu-latest, false)	UNKNOWN STEP	2026-10-09T10:00:37.5879723Z [command]/usr/bin/git submodule foreach --recursive sh -c "git config --local --name-only --get-regexp 'http\.https\:\/\/github\.com\/\.extraheader' && git config --local --unset-all 'http.https://github.com/.extraheader' || :"
build / build-image (linux/amd64, ubuntu-latest, false)	UNKNOWN STEP	2026-10-09T10:00:37.6070114Z Removing includeIf entries pointing to credentials config files
build / build-image (linux/amd64, ubuntu-latest, false)	UNKNOWN STEP	2026-10-09T10:00:37.6070974Z [command]/usr/bin/git config --local --name-only --get-regexp ^includeIf\.gitdir:
build / build-image (linux/amd64, ubuntu-latest, false)	UNKNOWN STEP	2026-10-09T10:00:37.6101946Z [command]/usr/bin/git submodule foreach --recursive git config --local --show-origin --name-only --get-regexp remote.origin.url
build / build-image (linux/amd64, ubuntu-latest, false)	UNKNOWN STEP	2026-10-09T10:00:37.6294008Z [command]/usr/bin/git config --file /home/runner/work/_temp/git-credentials-77fb38ed-bf09-48b1-9ff5-f5535e85e3d1.config http.https://github.com/.extraheader AUTHORIZATION: basic ***
build / build-image (linux/amd64, ubuntu-latest, false)	UNKNOWN STEP	2026-10-09T10:00:37.6379570Z [command]/usr/bin/git config --local includeIf.gitdir:/home/runner/work/va-mmcx-terminal/va-mmcx-terminal/.git.path /home/runner/work/_temp/git-credentials-77fb38ed-bf09-48b1-9ff5-f5535e85e3d1.config
build / build-image (linux/amd64, ubuntu-latest, false)	UNKNOWN STEP	2026-10-09T10:00:37.6504107Z [command]/usr/bin/git config --local includeIf.gitdir:/home/runner/work/va-mmcx-terminal/va-mmcx-terminal/.git/worktrees/*.path /home/runner/work/_temp/git-credentials-77fb38ed-bf09-48b1-9ff5-f5535e85e3d1.config
build / build-image (linux/amd64, ubuntu-latest, false)	UNKNOWN STEP	2026-10-09T10:00:37.6587040Z [command]/usr/bin/git config --local includeIf.gitdir:/github/workspace/.git.path /github/runner_temp/git-credentials-77fb38ed-bf09-48b1-9ff5-f5535e85e3d1.config
build / build-image (linux/amd64, ubuntu-latest, false)	UNKNOWN STEP	2026-10-09T10:00:37.6685135Z [command]/usr/bin/git config --local includeIf.gitdir:/github/workspace/.git/worktrees/*.path /github/runner_temp/git-credentials-77fb38ed-bf09-48b1-9ff5-f5535e85e3d1.config
build / build-image (linux/amd64, ubuntu-latest, false)	UNKNOWN STEP	2026-10-09T10:00:37.6793741Z ##[endgroup]
build / build-image (linux/amd64, ubuntu-latest, false)	UNKNOWN STEP	2026-10-09T10:00:37.6794234Z ##[group]Fetching the repository
build / build-image (linux/amd64, ubuntu-latest, false)	UNKNOWN STEP	2026-10-09T10:00:37.6795710Z [command]/usr/bin/git -c protocol.version=2 fetch --no-tags --prune --no-recurse-submodules --depth=1 origin +a0c70d313b0b14786b9738dec5a9ccba8653d1bf:refs/remotes/origin/main
build / build-image (linux/amd64, ubuntu-latest, false)	UNKNOWN STEP	2026-10-09T10:00:38.8726674Z From https://github.com/consensys-vertical-apps/va-mmcx-terminal
build / build-image (linux/amd64, ubuntu-latest, false)	UNKNOWN STEP	2026-10-09T10:00:38.8733163Z  * [new ref]         a0c70d313b0b14786b9738dec5a9ccba8653d1bf -> origin/main
build / build-image (linux/amd64, ubuntu-latest, false)	UNKNOWN STEP	2026-10-09T10:00:38.8735023Z [command]/usr/bin/git branch --list --remote origin/main
build / build-image (linux/amd64, ubuntu-latest, false)	UNKNOWN STEP	2026-10-09T10:00:38.8748788Z   origin/main
build / build-image (linux/amd64, ubuntu-latest, false)	UNKNOWN STEP	2026-10-09T10:00:38.8761000Z [command]/usr/bin/git rev-parse refs/remotes/origin/main
build / build-image (linux/amd64, ubuntu-latest, false)	UNKNOWN STEP	2026-10-09T10:00:38.8774133Z a0c70d313b0b14786b9738dec5a9ccba8653d1bf
build / build-image (linux/amd64, ubuntu-latest, false)	UNKNOWN STEP	2026-10-09T10:00:38.8792288Z ##[endgroup]
build / build-image (linux/amd64, ubuntu-latest, false)	UNKNOWN STEP	2026-10-09T10:00:38.8804961Z ##[group]Determining the checkout info
build / build-image (linux/amd64, ubuntu-latest, false)	UNKNOWN STEP	2026-10-09T10:00:38.8805531Z ##[endgroup]
build / build-image (linux/amd64, ubuntu-latest, false)	UNKNOWN STEP	2026-10-09T10:00:38.8805900Z [command]/usr/bin/git sparse-checkout disable
build / build-image (linux/amd64, ubuntu-latest, false)	UNKNOWN STEP	2026-10-09T10:00:38.8827390Z [command]/usr/bin/git config --local --unset-all extensions.worktreeConfig
build / build-image (linux/amd64, ubuntu-latest, false)	UNKNOWN STEP	2026-10-09T10:00:38.8850890Z ##[group]Checking out the ref
build / build-image (linux/amd64, ubuntu-latest, false)	UNKNOWN STEP	2026-10-09T10:00:38.8854114Z [command]/usr/bin/git checkout --progress --force -B main refs/remotes/origin/main
build / build-image (linux/amd64, ubuntu-latest, false)	UNKNOWN STEP	2026-10-09T10:00:38.9965942Z Switched to a new branch 'main'
build / build-image (linux/amd64, ubuntu-latest, false)	UNKNOWN STEP	2026-10-09T10:00:38.9969974Z branch 'main' set up to track 'origin/main'.
build / build-image (linux/amd64, ubuntu-latest, false)	UNKNOWN STEP	2026-10-09T10:00:38.9982456Z ##[endgroup]
build / build-image (linux/amd64, ubuntu-latest, false)	UNKNOWN STEP	2026-10-09T10:00:39.0024003Z [command]/usr/bin/git log -1 --format=%H
build / build-image (linux/amd64, ubuntu-latest, false)	UNKNOWN STEP	2026-10-09T10:00:39.0049097Z a0c70d313b0b14786b9738dec5a9ccba8653d1bf
build / build-image (linux/amd64, ubuntu-latest, false)	UNKNOWN STEP	2026-10-09T10:00:39.0155452Z ##[end-action id=__consensys-vertical-apps_shared-services-workflows.__actions_checkout;outcome=success;conclusion=success;duration_ms=2481]
build / build-image (linux/amd64, ubuntu-latest, false)	UNKNOWN STEP	2026-10-09T10:00:39.0157900Z ##[start-action display=Set up QEMU;id=__consensys-vertical-apps_shared-services-workflows.__docker_setup-qemu-action]
build / build-image (linux/amd64, ubuntu-latest, false)	UNKNOWN STEP	2026-10-09T10:00:39.0220037Z ##[group]Run docker/setup-qemu-action@96fe6ef7f33517b61c61be40b68a1882f3264fb8
build / build-image (linux/amd64, ubuntu-latest, false)	UNKNOWN STEP	2026-10-09T10:00:39.0220332Z with:
build / build-image (linux/amd64, ubuntu-latest, false)	UNKNOWN STEP	2026-10-09T10:00:39.0220517Z   image: docker.io/tonistiigi/binfmt:latest
build / build-image (linux/amd64, ubuntu-latest, false)	UNKNOWN STEP	2026-10-09T10:00:39.0220916Z   platforms: all
build / build-image (linux/amd64, ubuntu-latest, false)	UNKNOWN STEP	2026-10-09T10:00:39.0221100Z   reset: false
build / build-image (linux/amd64, ubuntu-latest, false)	UNKNOWN STEP	2026-10-09T10:00:39.0221435Z   cache-image: true
build / build-image (linux/amd64, ubuntu-latest, false)	UNKNOWN STEP	2026-10-09T10:00:39.0221609Z env:
build / build-image (linux/amd64, ubuntu-latest, false)	UNKNOWN STEP	2026-10-09T10:00:39.0221938Z   JFROG_CLI_ENV_EXCLUDE: *password*;*secret*;*key*;*token*;*auth*;JF_ARTIFACTORY_*;JF_ENV_*;JF_URL;JF_USER;JF_PASSWORD;JF_ACCESS_TOKEN
build / build-image (linux/amd64, ubuntu-latest, false)	UNKNOWN STEP	2026-10-09T10:00:39.0222302Z   JFROG_CLI_OFFER_CONFIG: false
build / build-image (linux/amd64, ubuntu-latest, false)	UNKNOWN STEP	2026-10-09T10:00:39.0222514Z   JFROG_CLI_AVOID_NEW_VERSION_WARNING: true
build / build-image (linux/amd64, ubuntu-latest, false)	UNKNOWN STEP	2026-10-09T10:00:39.0222800Z   JFROG_CLI_SOURCECODE_REPOSITORY: consensys-vertical-apps/va-mmcx-terminal
build / build-image (linux/amd64, ubuntu-latest, false)	UNKNOWN STEP	2026-10-09T10:00:39.0223087Z   JFROG_CLI_CI_JOB_ID: Release
build / build-image (linux/amd64, ubuntu-latest, false)	UNKNOWN STEP	2026-10-09T10:00:39.0223288Z   JFROG_CLI_CI_RUN_ID: 37913592023
build / build-image (linux/amd64, ubuntu-latest, false)	UNKNOWN STEP	2026-10-09T10:00:39.0223490Z   JFROG_CLI_GITHUB_TOKEN: 
build / build-image (linux/amd64, ubuntu-latest, false)	UNKNOWN STEP	2026-10-09T10:00:39.0223733Z   JFROG_CLI_CI_VCS_REVISION: a0c70d313b0b14786b9738dec5a9ccba8653d1bf
build / build-image (linux/amd64, ubuntu-latest, false)	UNKNOWN STEP	2026-10-09T10:00:39.0223997Z   JFROG_CLI_CI_BRANCH: main
build / build-image (linux/amd64, ubuntu-latest, false)	UNKNOWN STEP	2026-10-09T10:00:39.0224285Z   JFROG_CLI_CI_VCS_URL: https://github.com/consensys-vertical-apps/va-mmcx-terminal
build / build-image (linux/amd64, ubuntu-latest, false)	UNKNOWN STEP	2026-10-09T10:00:39.0224580Z   JFROG_CLI_BUILD_NAME: Release
build / build-image (linux/amd64, ubuntu-latest, false)	UNKNOWN STEP	2026-10-09T10:00:39.0224785Z   JFROG_CLI_BUILD_NUMBER: 85
build / build-image (linux/amd64, ubuntu-latest, false)	UNKNOWN STEP	2026-10-09T10:00:39.0225111Z   JFROG_CLI_BUILD_URL: https://github.com/consensys-vertical-apps/va-mmcx-terminal/actions/runs/37913592023
build / build-image (linux/amd64, ubuntu-latest, false)	UNKNOWN STEP	2026-10-09T10:00:39.0225499Z   JFROG_CLI_USER_AGENT: setup-jfrog-cli-github-action/5.1.0
build / build-image (linux/amd64, ubuntu-latest, false)	UNKNOWN STEP	2026-10-09T10:00:39.0225795Z   JFROG_CLI_COMMAND_SUMMARY_OUTPUT_DIR: /home/runner/work/_temp
build / build-image (linux/amd64, ubuntu-latest, false)	UNKNOWN STEP	2026-10-09T10:00:39.0226088Z   JFROG_CLI_USAGE_GH_TOKEN_FOR_CODE_SCANNING_ALERTS_PROVIDED: 
build / build-image (linux/amd64, ubuntu-latest, false)	UNKNOWN STEP	2026-10-09T10:00:39.0226367Z   SETUP_JFROG_CLI_SERVER_IDS: setup-jfrog-cli-server
build / build-image (linux/amd64, ubuntu-latest, false)	UNKNOWN STEP	2026-10-09T10:00:39.0226601Z   FILE: ./Dockerfile
build / build-image (linux/amd64, ubuntu-latest, false)	UNKNOWN STEP	2026-10-09T10:00:39.0226780Z ##[endgroup]
build / build-image (linux/amd64, ubuntu-latest, false)	UNKNOWN STEP	2026-10-09T10:00:39.1188937Z ##[group]Docker info
build / build-image (linux/amd64, ubuntu-latest, false)	UNKNOWN STEP	2026-10-09T10:00:39.1215593Z [command]/usr/bin/docker version
build / build-image (linux/amd64, ubuntu-latest, false)	UNKNOWN STEP	2026-10-09T10:00:39.2111971Z Client: Docker Engine - Community
build / build-image (linux/amd64, ubuntu-latest, false)	UNKNOWN STEP	2026-10-09T10:00:39.2116199Z  Version:           28.0.4
build / build-image (linux/amd64, ubuntu-latest, false)	UNKNOWN STEP	2026-10-09T10:00:39.2135403Z  API version:       1.48
build / build-image (linux/amd64, ubuntu-latest, false)	UNKNOWN STEP	2026-10-09T10:00:39.2137100Z  Go version:        go1.23.7
build / build-image (linux/amd64, ubuntu-latest, false)	UNKNOWN STEP	2026-10-09T10:00:39.2138413Z  Git commit:        b8034c0
build / build-image (linux/amd64, ubuntu-latest, false)	UNKNOWN STEP	2026-10-09T10:00:39.2141775Z  Built:             Tue Mar 25 15:07:16 2025
build / build-image (linux/amd64, ubuntu-latest, false)	UNKNOWN STEP	2026-10-09T10:00:39.2142262Z  OS/Arch:           linux/amd64
build / build-image (linux/amd64, ubuntu-latest, false)	UNKNOWN STEP	2026-10-09T10:00:39.2142645Z  Context:           default
build / build-image (linux/amd64, ubuntu-latest, false)	UNKNOWN STEP	2026-10-09T10:00:39.2142896Z 
build / build-image (linux/amd64, ubuntu-latest, false)	UNKNOWN STEP	2026-10-09T10:00:39.2143114Z Server: Docker Engine - Community
build / build-image (linux/amd64, ubuntu-latest, false)	UNKNOWN STEP	2026-10-09T10:00:39.2143495Z  Engine:
build / build-image (linux/amd64, ubuntu-latest, false)	UNKNOWN STEP	2026-10-09T10:00:39.2143815Z   Version:          28.0.4
build / build-image (linux/amd64, ubuntu-latest, false)	UNKNOWN STEP	2026-10-09T10:00:39.2144188Z   API version:      1.48 (minimum version 1.24)
build / build-image (linux/amd64, ubuntu-latest, false)	UNKNOWN STEP	2026-10-09T10:00:39.2144637Z   Go version:       go1.23.7
build / build-image (linux/amd64, ubuntu-latest, false)	UNKNOWN STEP	2026-10-09T10:00:39.2145003Z   Git commit:       6430e49
build / build-image (linux/amd64, ubuntu-latest, false)	UNKNOWN STEP	2026-10-09T10:00:39.2145382Z   Built:            Tue Mar 25 15:07:16 2025
build / build-image (linux/amd64, ubuntu-latest, false)	UNKNOWN STEP	2026-10-09T10:00:39.2145783Z   OS/Arch:          linux/amd64
build / build-image (linux/amd64, ubuntu-latest, false)	UNKNOWN STEP	2026-10-09T10:00:39.2146164Z   Experimental:     false
build / build-image (linux/amd64, ubuntu-latest, false)	UNKNOWN STEP	2026-10-09T10:00:39.2146524Z  containerd:
build / build-image (linux/amd64, ubuntu-latest, false)	UNKNOWN STEP	2026-10-09T10:00:39.2146854Z   Version:          v2.3.6
build / build-image (linux/amd64, ubuntu-latest, false)	UNKNOWN STEP	2026-10-09T10:00:39.2147249Z   GitCommit:        ee2735368117d2eb259779949d5e75cdafec9761
build / build-image (linux/amd64, ubuntu-latest, false)	UNKNOWN STEP	2026-10-09T10:00:39.2147680Z  runc:
build / build-image (linux/amd64, ubuntu-latest, false)	UNKNOWN STEP	2026-10-09T10:00:39.2148000Z   Version:          1.5.1
build / build-image (linux/amd64, ubuntu-latest, false)	UNKNOWN STEP	2026-10-09T10:00:39.2148810Z   GitCommit:        v1.5.1-0-g8f2685a4
build / build-image (linux/amd64, ubuntu-latest, false)	UNKNOWN STEP	2026-10-09T10:00:39.2149197Z  docker-init:
build / build-image (linux/amd64, ubuntu-latest, false)	UNKNOWN STEP	2026-10-09T10:00:39.2149528Z   Version:          0.19.0
build / build-image (linux/amd64, ubuntu-latest, false)	UNKNOWN STEP	2026-10-09T10:00:39.2149885Z   GitCommit:        de40ad0
build / build-image (linux/amd64, ubuntu-latest, false)	UNKNOWN STEP	2026-10-09T10:00:39.2165273Z [command]/usr/bin/docker info
build / build-image (linux/amd64, ubuntu-latest, false)	UNKNOWN STEP	2026-10-09T10:00:39.4049592Z Client: Docker Engine - Community
build / build-image (linux/amd64, ubuntu-latest, false)	UNKNOWN STEP	2026-10-09T10:00:39.4050012Z  Version:    28.0.4
build / build-image (linux/amd64, ubuntu-latest, false)	UNKNOWN STEP	2026-10-09T10:00:39.4050297Z  Context:    default
build / build-image (linux/amd64, ubuntu-latest, false)	UNKNOWN STEP	2026-10-09T10:00:39.4050578Z  Debug Mode: false
build / build-image (linux/amd64, ubuntu-latest, false)	UNKNOWN STEP	2026-10-09T10:00:39.4051097Z  Plugins:
build / build-image (linux/amd64, ubuntu-latest, false)	UNKNOWN STEP	2026-10-09T10:00:39.4051377Z   buildx: Docker Buildx (Docker Inc.)
build / build-image (linux/amd64, ubuntu-latest, false)	UNKNOWN STEP	2026-10-09T10:00:39.4051710Z     Version:  v0.37.2
build / build-image (linux/amd64, ubuntu-latest, false)	UNKNOWN STEP	2026-10-09T10:00:39.4052052Z     Path:     /usr/libexec/docker/cli-plugins/docker-buildx
build / build-image (linux/amd64, ubuntu-latest, false)	UNKNOWN STEP	2026-10-09T10:00:39.4052460Z   compose: Docker Compose (Docker Inc.)
build / build-image (linux/amd64, ubuntu-latest, false)	UNKNOWN STEP	2026-10-09T10:00:39.4052788Z     Version:  v2.38.2
build / build-image (linux/amd64, ubuntu-latest, false)	UNKNOWN STEP	2026-10-09T10:00:39.4053128Z     Path:     /usr/libexec/docker/cli-plugins/docker-compose
build / build-image (linux/amd64, ubuntu-latest, false)	UNKNOWN STEP	2026-10-09T10:00:39.4053309Z 
build / build-image (linux/amd64, ubuntu-latest, false)	UNKNOWN STEP	2026-10-09T10:00:39.4053392Z Server:
build / build-image (linux/amd64, ubuntu-latest, false)	UNKNOWN STEP	2026-10-09T10:00:39.4053944Z  Containers: 0
build / build-image (linux/amd64, ubuntu-latest, false)	UNKNOWN STEP	2026-10-09T10:00:39.4054117Z   Running: 0
build / build-image (linux/amd64, ubuntu-latest, false)	UNKNOWN STEP	2026-10-09T10:00:39.4054294Z   Paused: 0
build / build-image (linux/amd64, ubuntu-latest, false)	UNKNOWN STEP	2026-10-09T10:00:39.4054460Z   Stopped: 0
build / build-image (linux/amd64, ubuntu-latest, false)	UNKNOWN STEP	2026-10-09T10:00:39.4054627Z  Images: 6
build / build-image (linux/amd64, ubuntu-latest, false)	UNKNOWN STEP	2026-10-09T10:00:39.4054797Z  Server Version: 28.0.4
build / build-image (linux/amd64, ubuntu-latest, false)	UNKNOWN STEP	2026-10-09T10:00:39.4054990Z  Storage Driver: overlay2
build / build-image (linux/amd64, ubuntu-latest, false)	UNKNOWN STEP	2026-10-09T10:00:39.4055185Z   Backing Filesystem: extfs
build / build-image (linux/amd64, ubuntu-latest, false)	UNKNOWN STEP	2026-10-09T10:00:39.4055383Z   Supports d_type: true
build / build-image (linux/amd64, ubuntu-latest, false)	UNKNOWN STEP	2026-10-09T10:00:39.4055569Z   Using metacopy: false
build / build-image (linux/amd64, ubuntu-latest, false)	UNKNOWN STEP	2026-10-09T10:00:39.4055758Z   Native Overlay Diff: false
build / build-image (linux/amd64, ubuntu-latest, false)	UNKNOWN STEP	2026-10-09T10:00:39.4055954Z   userxattr: false
build / build-image (linux/amd64, ubuntu-latest, false)	UNKNOWN STEP	2026-10-09T10:00:39.4056170Z  Logging Driver: json-file
build / build-image (linux/amd64, ubuntu-latest, false)	UNKNOWN STEP	2026-10-09T10:00:39.4056365Z  Cgroup Driver: systemd
build / build-image (linux/amd64, ubuntu-latest, false)	UNKNOWN STEP	2026-10-09T10:00:39.4056549Z  Cgroup Version: 2
build / build-image (linux/amd64, ubuntu-latest, false)	UNKNOWN STEP	2026-10-09T10:00:39.4056723Z  Plugins:
build / build-image (linux/amd64, ubuntu-latest, false)	UNKNOWN STEP	2026-10-09T10:00:39.4056893Z   Volume: local
build / build-image (linux/amd64, ubuntu-latest, false)	UNKNOWN STEP	2026-10-09T10:00:39.4057091Z   Network: bridge host ipvlan macvlan null overlay
build / build-image (linux/amd64, ubuntu-latest, false)	UNKNOWN STEP	2026-10-09T10:00:39.4057394Z   Log: awslogs fluentd gcplogs gelf journald json-file local splunk syslog
build / build-image (linux/amd64, ubuntu-latest, false)	UNKNOWN STEP	2026-10-09T10:00:39.4057683Z  Swarm: inactive
build / build-image (linux/amd64, ubuntu-latest, false)	UNKNOWN STEP	2026-10-09T10:00:39.4057873Z  Runtimes: runc io.containerd.runc.v2
build / build-image (linux/amd64, ubuntu-latest, false)	UNKNOWN STEP	2026-10-09T10:00:39.4058092Z  Default Runtime: runc
build / build-image (linux/amd64, ubuntu-latest, false)	UNKNOWN STEP	2026-10-09T10:00:39.4058280Z  Init Binary: docker-init
build / build-image (linux/amd64, ubuntu-latest, false)	UNKNOWN STEP	2026-10-09T10:00:39.4058512Z  containerd version: ee2735368117d2eb259779949d5e75cdafec9761
build / build-image (linux/amd64, ubuntu-latest, false)	UNKNOWN STEP	2026-10-09T10:00:39.4058776Z  runc version: v1.5.1-0-g8f2685a4
build / build-image (linux/amd64, ubuntu-latest, false)	UNKNOWN STEP	2026-10-09T10:00:39.4058980Z  init version: de40ad0
build / build-image (linux/amd64, ubuntu-latest, false)	UNKNOWN STEP	2026-10-09T10:00:39.4059162Z  Security Options:
build / build-image (linux/amd64, ubuntu-latest, false)	UNKNOWN STEP	2026-10-09T10:00:39.4059335Z   apparmor
build / build-image (linux/amd64, ubuntu-latest, false)	UNKNOWN STEP	2026-10-09T10:00:39.4059500Z   seccomp
build / build-image (linux/amd64, ubuntu-latest, false)	UNKNOWN STEP	2026-10-09T10:00:39.4059669Z    Profile: builtin
build / build-image (linux/amd64, ubuntu-latest, false)	UNKNOWN STEP	2026-10-09T10:00:39.4059843Z   cgroupns
build / build-image (linux/amd64, ubuntu-latest, false)	UNKNOWN STEP	2026-10-09T10:00:39.4060021Z  Kernel Version: 6.17.0-1022-azure
build / build-image (linux/amd64, ubuntu-latest, false)	UNKNOWN STEP	2026-10-09T10:00:39.4060236Z  Operating System: Ubuntu 24.04.5 LTS
build / build-image (linux/amd64, ubuntu-latest, false)	UNKNOWN STEP	2026-10-09T10:00:39.4060447Z  OSType: linux
build / build-image (linux/amd64, ubuntu-latest, false)	UNKNOWN STEP	2026-10-09T10:00:39.4060622Z  Architecture: x86_64
build / build-image (linux/amd64, ubuntu-latest, false)	UNKNOWN STEP	2026-10-09T10:00:39.4061030Z  CPUs: 2
build / build-image (linux/amd64, ubuntu-latest, false)	UNKNOWN STEP	2026-10-09T10:00:39.4061284Z  Total Memory: 7.752GiB
build / build-image (linux/amd64, ubuntu-latest, false)	UNKNOWN STEP	2026-10-09T10:00:39.4061538Z  Name: runnervmmprz5
build / build-image (linux/amd64, ubuntu-latest, false)	UNKNOWN STEP	2026-10-09T10:00:39.4061738Z  ID: 07f0e779-c305-4162-b8ec-c48c30f52fbe
build / build-image (linux/amd64, ubuntu-latest, false)	UNKNOWN STEP	2026-10-09T10:00:39.4061971Z  Docker Root Dir: /var/lib/docker
build / build-image (linux/amd64, ubuntu-latest, false)	UNKNOWN STEP	2026-10-09T10:00:39.4062172Z  Debug Mode: false
build / build-image (linux/amd64, ubuntu-latest, false)	UNKNOWN STEP	2026-10-09T10:00:39.4062351Z  Username: githubactions
build / build-image (linux/amd64, ubuntu-latest, false)	UNKNOWN STEP	2026-10-09T10:00:39.4062539Z  Experimental: false
build / build-image (linux/amd64, ubuntu-latest, false)	UNKNOWN STEP	2026-10-09T10:00:39.4062721Z  Insecure Registries:
build / build-image (linux/amd64, ubuntu-latest, false)	UNKNOWN STEP	2026-10-09T10:00:39.4067985Z   ::1/128
build / build-image (linux/amd64, ubuntu-latest, false)	UNKNOWN STEP	2026-10-09T10:00:39.4068171Z   127.0.0.0/8
build / build-image (linux/amd64, ubuntu-latest, false)	UNKNOWN STEP	2026-10-09T10:00:39.4068359Z  Live Restore Enabled: false
build / build-image (linux/amd64, ubuntu-latest, false)	UNKNOWN STEP	2026-10-09T10:00:39.4068486Z 
build / build-image (linux/amd64, ubuntu-latest, false)	UNKNOWN STEP	2026-10-09T10:00:39.4074426Z ##[endgroup]
build / build-image (linux/amd64, ubuntu-latest, false)	UNKNOWN STEP	2026-10-09T10:00:39.4075116Z ##[group]Pulling binfmt Docker image
build / build-image (linux/amd64, ubuntu-latest, false)	UNKNOWN STEP	2026-10-09T10:00:39.5487096Z [command]/usr/bin/docker pull docker.io/tonistiigi/binfmt:latest
build / build-image (linux/amd64, ubuntu-latest, false)	UNKNOWN STEP	2026-10-09T10:00:40.1532483Z latest: Pulling from tonistiigi/binfmt
build / build-image (linux/amd64, ubuntu-latest, false)	UNKNOWN STEP	2026-10-09T10:00:40.3158203Z 56685a25fbf3: Pulling fs layer
build / build-image (linux/amd64, ubuntu-latest, false)	UNKNOWN STEP	2026-10-09T10:00:40.3158820Z 0c46aa6e9c41: Pulling fs layer
build / build-image (linux/amd64, ubuntu-latest, false)	UNKNOWN STEP	2026-10-09T10:00:40.6243069Z 0c46aa6e9c41: Verifying Checksum
build / build-image (linux/amd64, ubuntu-latest, false)	UNKNOWN STEP	2026-10-09T10:00:40.6243764Z 0c46aa6e9c41: Download complete
build / build-image (linux/amd64, ubuntu-latest, false)	UNKNOWN STEP	2026-10-09T10:00:40.6679008Z 56685a25fbf3: Verifying Checksum
build / build-image (linux/amd64, ubuntu-latest, false)	UNKNOWN STEP	2026-10-09T10:00:40.6684408Z 56685a25fbf3: Download complete
build / build-image (linux/amd64, ubuntu-latest, false)	UNKNOWN STEP	2026-10-09T10:00:41.0520339Z 56685a25fbf3: Pull complete
build / build-image (linux/amd64, ubuntu-latest, false)	UNKNOWN STEP	2026-10-09T10:00:45.1043532Z 0c46aa6e9c41: Pull complete
build / build-image (linux/amd64, ubuntu-latest, false)	UNKNOWN STEP	2026-10-09T10:00:45.1075400Z Digest: sha256:400a4873b838d1b89194d982c45e5fb3cda4593fbfd7e08a02e76b03b21166f0
build / build-image (linux/amd64, ubuntu-latest, false)	UNKNOWN STEP	2026-10-09T10:00:45.1090154Z Status: Downloaded newer image for tonistiigi/binfmt:latest
build / build-image (linux/amd64, ubuntu-latest, false)	UNKNOWN STEP	2026-10-09T10:00:45.1099504Z docker.io/tonistiigi/binfmt:latest
build / build-image (linux/amd64, ubuntu-latest, false)	UNKNOWN STEP	2026-10-09T10:00:45.1132357Z [command]/usr/bin/docker save -o /home/runner/work/_temp/docker-actions-toolkit-JOqzZv/749e64100d3fa0c09bdbc8a02e4fb9cb3ee64266f7f661c98371040689abacb3.tar docker.io/tonistiigi/binfmt:latest
build / build-image (linux/amd64, ubuntu-latest, false)	UNKNOWN STEP	2026-10-09T10:00:46.2714136Z Copying /home/runner/work/_temp/docker-actions-toolkit-JOqzZv/749e64100d3fa0c09bdbc8a02e4fb9cb3ee64266f7f661c98371040689abacb3.tar to /home/runner/.docker/.cache/images/docker.io--tonistiigi--binfmt/latest/linux-x64/image.tar
build / build-image (linux/amd64, ubuntu-latest, false)	UNKNOWN STEP	2026-10-09T10:00:47.6779787Z Image cached to /home/runner/.docker/.cache/images/docker.io--tonistiigi--binfmt/latest/linux-x64/image.tar
build / build-image (linux/amd64, ubuntu-latest, false)	UNKNOWN STEP	2026-10-09T10:00:47.6781126Z ##[endgroup]
build / build-image (linux/amd64, ubuntu-latest, false)	UNKNOWN STEP	2026-10-09T10:00:47.6781913Z ##[group]Image info
build / build-image (linux/amd64, ubuntu-latest, false)	UNKNOWN STEP	2026-10-09T10:00:47.6784843Z [command]/usr/bin/docker image inspect docker.io/tonistiigi/binfmt:latest
build / build-image (linux/amd64, ubuntu-latest, false)	UNKNOWN STEP	2026-10-09T10:00:47.6898472Z [
build / build-image (linux/amd64, ubuntu-latest, false)	UNKNOWN STEP	2026-10-09T10:00:47.6899024Z     ***
build / build-image (linux/amd64, ubuntu-latest, false)	UNKNOWN STEP	2026-10-09T10:00:47.6909955Z         "Id": "sha256:15935d0512bf0a8e5afa1df990d971cf97a619ede08fa60f2d5966a62de6d6b7",
build / build-image (linux/amd64, ubuntu-latest, false)	UNKNOWN STEP	2026-10-09T10:00:47.6910658Z         "RepoTags": [
build / build-image (linux/amd64, ubuntu-latest, false)	UNKNOWN STEP	2026-10-09T10:00:47.6911295Z             "tonistiigi/binfmt:latest"
build / build-image (linux/amd64, ubuntu-latest, false)	UNKNOWN STEP	2026-10-09T10:00:47.6911781Z         ],
build / build-image (linux/amd64, ubuntu-latest, false)	UNKNOWN STEP	2026-10-09T10:00:47.6912221Z         "RepoDigests": [
build / build-image (linux/amd64, ubuntu-latest, false)	UNKNOWN STEP	2026-10-09T10:00:47.6912852Z             "tonistiigi/binfmt@sha256:400a4873b838d1b89194d982c45e5fb3cda4593fbfd7e08a02e76b03b21166f0"
build / build-image (linux/amd64, ubuntu-latest, false)	UNKNOWN STEP	2026-10-09T10:00:47.6913530Z         ],
build / build-image (linux/amd64, ubuntu-latest, false)	UNKNOWN STEP	2026-10-09T10:00:47.6913960Z         "Parent": "",
build / build-image (linux/amd64, ubuntu-latest, false)	UNKNOWN STEP	2026-10-09T10:00:47.6914445Z         "Comment": "buildkit.dockerfile.v0",
build / build-image (linux/amd64, ubuntu-latest, false)	UNKNOWN STEP	2026-10-09T10:00:47.6915006Z         "Created": "2026-06-05T19:12:02.167333037Z",
build / build-image (linux/amd64, ubuntu-latest, false)	UNKNOWN STEP	2026-10-09T10:00:47.6915588Z         "DockerVersion": "",
build / build-image (linux/amd64, ubuntu-latest, false)	UNKNOWN STEP	2026-10-09T10:00:47.6916071Z         "Author": "",
build / build-image (linux/amd64, ubuntu-latest, false)	UNKNOWN STEP	2026-10-09T10:00:47.6916564Z         "Config": ***
build / build-image (linux/amd64, ubuntu-latest, false)	UNKNOWN STEP	2026-10-09T10:00:47.6917028Z             "Hostname": "",
build / build-image (linux/amd64, ubuntu-latest, false)	UNKNOWN STEP	2026-10-09T10:00:47.6917509Z             "Domainname": "",
build / build-image (linux/amd64, ubuntu-latest, false)	UNKNOWN STEP	2026-10-09T10:00:47.6917973Z             "User": "",
build / build-image (linux/amd64, ubuntu-latest, false)	UNKNOWN STEP	2026-10-09T10:00:47.6918440Z             "AttachStdin": false,
build / build-image (linux/amd64, ubuntu-latest, false)	UNKNOWN STEP	2026-10-09T10:00:47.6918922Z             "AttachStdout": false,
build / build-image (linux/amd64, ubuntu-latest, false)	UNKNOWN STEP	2026-10-09T10:00:47.6919410Z             "AttachStderr": false,
build / build-image (linux/amd64, ubuntu-latest, false)	UNKNOWN STEP	2026-10-09T10:00:47.6920127Z             "Tty": false,
build / build-image (linux/amd64, ubuntu-latest, false)	UNKNOWN STEP	2026-10-09T10:00:47.6921034Z             "OpenStdin": false,
build / build-image (linux/amd64, ubuntu-latest, false)	UNKNOWN STEP	2026-10-09T10:00:47.6921482Z             "StdinOnce": false,
build / build-image (linux/amd64, ubuntu-latest, false)	UNKNOWN STEP	2026-10-09T10:00:47.6921923Z             "Env": [
build / build-image (linux/amd64, ubuntu-latest, false)	UNKNOWN STEP	2026-10-09T10:00:47.6922455Z                 "PATH=/usr/local/sbin:/usr/local/bin:/usr/sbin:/usr/bin:/sbin:/bin",
build / build-image (linux/amd64, ubuntu-latest, false)	UNKNOWN STEP	2026-10-09T10:00:47.6923057Z                 "QEMU_PRESERVE_ARGV0=1"
build / build-image (linux/amd64, ubuntu-latest, false)	UNKNOWN STEP	2026-10-09T10:00:47.6923522Z             ],
build / build-image (linux/amd64, ubuntu-latest, false)	UNKNOWN STEP	2026-10-09T10:00:47.6923945Z             "Cmd": null,
build / build-image (linux/amd64, ubuntu-latest, false)	UNKNOWN STEP	2026-10-09T10:00:47.6924398Z             "Image": "",
build / build-image (linux/amd64, ubuntu-latest, false)	UNKNOWN STEP	2026-10-09T10:00:47.6924855Z             "Volumes": ***
build / build-image (linux/amd64, ubuntu-latest, false)	UNKNOWN STEP	2026-10-09T10:00:47.6925332Z                 "/tmp": ***
build / build-image (linux/amd64, ubuntu-latest, false)	UNKNOWN STEP	2026-10-09T10:00:47.6925795Z             ***,
build / build-image (linux/amd64, ubuntu-latest, false)	UNKNOWN STEP	2026-10-09T10:00:47.6926231Z             "WorkingDir": "/",
build / build-image (linux/amd64, ubuntu-latest, false)	UNKNOWN STEP	2026-10-09T10:00:47.6926704Z             "Entrypoint": [
build / build-image (linux/amd64, ubuntu-latest, false)	UNKNOWN STEP	2026-10-09T10:00:47.6927170Z                 "/usr/bin/binfmt"
build / build-image (linux/amd64, ubuntu-latest, false)	UNKNOWN STEP	2026-10-09T10:00:47.6927626Z             ],
build / build-image (linux/amd64, ubuntu-latest, false)	UNKNOWN STEP	2026-10-09T10:00:47.6928051Z             "OnBuild": null,
build / build-image (linux/amd64, ubuntu-latest, false)	UNKNOWN STEP	2026-10-09T10:00:47.6928503Z             "Labels": null
build / build-image (linux/amd64, ubuntu-latest, false)	UNKNOWN STEP	2026-10-09T10:00:47.6928941Z         ***,
build / build-image (linux/amd64, ubuntu-latest, false)	UNKNOWN STEP	2026-10-09T10:00:47.6929373Z         "Architecture": "amd64",
build / build-image (linux/amd64, ubuntu-latest, false)	UNKNOWN STEP	2026-10-09T10:00:47.6929852Z         "Os": "linux",
build / build-image (linux/amd64, ubuntu-latest, false)	UNKNOWN STEP	2026-10-09T10:00:47.6931150Z         "Size": 85304497,
build / build-image (linux/amd64, ubuntu-latest, false)	UNKNOWN STEP	2026-10-09T10:00:47.6932007Z         "GraphDriver": ***
build / build-image (linux/amd64, ubuntu-latest, false)	UNKNOWN STEP	2026-10-09T10:00:47.6932542Z             "Data": ***
build / build-image (linux/amd64, ubuntu-latest, false)	UNKNOWN STEP	2026-10-09T10:00:47.6933324Z                 "LowerDir": "/var/lib/docker/overlay2/08a9c812f932365f06d02c99afc28cbc892c0d99fc6a5c3424ba2a7f96db0149/diff",
build / build-image (linux/amd64, ubuntu-latest, false)	UNKNOWN STEP	2026-10-09T10:00:47.6934883Z                 "MergedDir": "/var/lib/docker/overlay2/281543ff41b7a6a6dff636e4fa580bf806908caccaf887c470ab9e77712765c2/merged",
build / build-image (linux/amd64, ubuntu-latest, false)	UNKNOWN STEP	2026-10-09T10:00:47.6935939Z                 "UpperDir": "/var/lib/docker/overlay2/281543ff41b7a6a6dff636e4fa580bf806908caccaf887c470ab9e77712765c2/diff",
build / build-image (linux/amd64, ubuntu-latest, false)	UNKNOWN STEP	2026-10-09T10:00:47.6937399Z                 "WorkDir": "/var/lib/docker/overlay2/281543ff41b7a6a6dff636e4fa580bf806908caccaf887c470ab9e77712765c2/work"
build / build-image (linux/amd64, ubuntu-latest, false)	UNKNOWN STEP	2026-10-09T10:00:47.6938092Z             ***,
build / build-image (linux/amd64, ubuntu-latest, false)	UNKNOWN STEP	2026-10-09T10:00:47.6938526Z             "Name": "overlay2"
build / build-image (linux/amd64, ubuntu-latest, false)	UNKNOWN STEP	2026-10-09T10:00:47.6939056Z         ***,
build / build-image (linux/amd64, ubuntu-latest, false)	UNKNOWN STEP	2026-10-09T10:00:47.6939466Z         "RootFS": ***
build / build-image (linux/amd64, ubuntu-latest, false)	UNKNOWN STEP	2026-10-09T10:00:47.6939894Z             "Type": "layers",
build / build-image (linux/amd64, ubuntu-latest, false)	UNKNOWN STEP	2026-10-09T10:00:47.6940327Z             "Layers": [
build / build-image (linux/amd64, ubuntu-latest, false)	UNKNOWN STEP	2026-10-09T10:00:47.6941444Z                 "sha256:c747b796d990a647df062f87e24f1ef5e4a90a312cd9c4ae8b7d09667d57befb",
build / build-image (linux/amd64, ubuntu-latest, false)	UNKNOWN STEP	2026-10-09T10:00:47.6942169Z                 "sha256:6d831b0f477d9df7afe18e5a65c97e8084fef8fe10c2930b65f728ab68d0bb5b"
build / build-image (linux/amd64, ubuntu-latest, false)	UNKNOWN STEP	2026-10-09T10:00:47.6943025Z             ]
build / build-image (linux/amd64, ubuntu-latest, false)	UNKNOWN STEP	2026-10-09T10:00:47.6943441Z         ***,
build / build-image (linux/amd64, ubuntu-latest, false)	UNKNOWN STEP	2026-10-09T10:00:47.6943845Z         "Metadata": ***
build / build-image (linux/amd64, ubuntu-latest, false)	UNKNOWN STEP	2026-10-09T10:00:47.6944288Z             "LastTagTime": "0001-01-01T00:00:00Z"
build / build-image (linux/amd64, ubuntu-latest, false)	UNKNOWN STEP	2026-10-09T10:00:47.6944769Z         ***
build / build-image (linux/amd64, ubuntu-latest, false)	UNKNOWN STEP	2026-10-09T10:00:47.6945157Z     ***
build / build-image (linux/amd64, ubuntu-latest, false)	UNKNOWN STEP	2026-10-09T10:00:47.6945543Z ]
build / build-image (linux/amd64, ubuntu-latest, false)	UNKNOWN STEP	2026-10-09T10:00:47.6946497Z ##[endgroup]
build / build-image (linux/amd64, ubuntu-latest, false)	UNKNOWN STEP	2026-10-09T10:00:47.6947098Z ##[group]Binfmt version
build / build-image (linux/amd64, ubuntu-latest, false)	UNKNOWN STEP	2026-10-09T10:00:47.6948016Z [command]/usr/bin/docker run --rm --privileged docker.io/tonistiigi/binfmt:latest --version
build / build-image (linux/amd64, ubuntu-latest, false)	UNKNOWN STEP	2026-10-09T10:00:48.8725730Z binfmt/e29e7d7 qemu/v10.2.3 go/1.26.4
build / build-image (linux/amd64, ubuntu-latest, false)	UNKNOWN STEP	2026-10-09T10:00:48.9618791Z ##[endgroup]
build / build-image (linux/amd64, ubuntu-latest, false)	UNKNOWN STEP	2026-10-09T10:00:48.9619385Z ##[group]Installing QEMU static binaries
build / build-image (linux/amd64, ubuntu-latest, false)	UNKNOWN STEP	2026-10-09T10:00:48.9625504Z [command]/usr/bin/docker run --rm --privileged docker.io/tonistiigi/binfmt:latest --install all
build / build-image (linux/amd64, ubuntu-latest, false)	UNKNOWN STEP	2026-10-09T10:00:49.0886218Z installing: loong64 OK
build / build-image (linux/amd64, ubuntu-latest, false)	UNKNOWN STEP	2026-10-09T10:00:49.0886797Z installing: ppc64le OK
build / build-image (linux/amd64, ubuntu-latest, false)	UNKNOWN STEP	2026-10-09T10:00:49.0887153Z installing: arm64 OK
build / build-image (linux/amd64, ubuntu-latest, false)	UNKNOWN STEP	2026-10-09T10:00:49.0887510Z installing: arm OK
build / build-image (linux/amd64, ubuntu-latest, false)	UNKNOWN STEP	2026-10-09T10:00:49.0887826Z installing: s390x OK
build / build-image (linux/amd64, ubuntu-latest, false)	UNKNOWN STEP	2026-10-09T10:00:49.0888144Z installing: riscv64 OK
build / build-image (linux/amd64, ubuntu-latest, false)	UNKNOWN STEP	2026-10-09T10:00:49.0888469Z installing: mips64le OK
build / build-image (linux/amd64, ubuntu-latest, false)	UNKNOWN STEP	2026-10-09T10:00:49.0888780Z installing: mips64 OK
build / build-image (linux/amd64, ubuntu-latest, false)	UNKNOWN STEP	2026-10-09T10:00:49.1055050Z ***
build / build-image (linux/amd64, ubuntu-latest, false)	UNKNOWN STEP	2026-10-09T10:00:49.1055527Z   "supported": [
build / build-image (linux/amd64, ubuntu-latest, false)	UNKNOWN STEP	2026-10-09T10:00:49.1055880Z     "linux/amd64",
build / build-image (linux/amd64, ubuntu-latest, false)	UNKNOWN STEP	2026-10-09T10:00:49.1056206Z     "linux/amd64/v2",
build / build-image (linux/amd64, ubuntu-latest, false)	UNKNOWN STEP	2026-10-09T10:00:49.1056527Z     "linux/amd64/v3",
build / build-image (linux/amd64, ubuntu-latest, false)	UNKNOWN STEP	2026-10-09T10:00:49.1056850Z     "linux/amd64/v4",
build / build-image (linux/amd64, ubuntu-latest, false)	UNKNOWN STEP	2026-10-09T10:00:49.1057170Z     "linux/arm64",
build / build-image (linux/amd64, ubuntu-latest, false)	UNKNOWN STEP	2026-10-09T10:00:49.1057491Z     "linux/riscv64",
build / build-image (linux/amd64, ubuntu-latest, false)	UNKNOWN STEP	2026-10-09T10:00:49.1057812Z     "linux/ppc64le",
build / build-image (linux/amd64, ubuntu-latest, false)	UNKNOWN STEP	2026-10-09T10:00:49.1058216Z     "linux/s390x",
build / build-image (linux/amd64, ubuntu-latest, false)	UNKNOWN STEP	2026-10-09T10:00:49.1058473Z     "linux/386",
build / build-image (linux/amd64, ubuntu-latest, false)	UNKNOWN STEP	2026-10-09T10:00:49.1078074Z     "linux/mips64le",
build / build-image (linux/amd64, ubuntu-latest, false)	UNKNOWN STEP	2026-10-09T10:00:49.1082539Z     "linux/mips64",
build / build-image (linux/amd64, ubuntu-latest, false)	UNKNOWN STEP	2026-10-09T10:00:49.1083077Z     "linux/loong64",
build / build-image (linux/amd64, ubuntu-latest, false)	UNKNOWN STEP	2026-10-09T10:00:49.1083438Z     "linux/arm/v7",
build / build-image (linux/amd64, ubuntu-latest, false)	UNKNOWN STEP	2026-10-09T10:00:49.1083903Z     "linux/arm/v6"
build / build-image (linux/amd64, ubuntu-latest, false)	UNKNOWN STEP	2026-10-09T10:00:49.1084240Z   ],
build / build-image (linux/amd64, ubuntu-latest, false)	UNKNOWN STEP	2026-10-09T10:00:49.1084753Z   "emulators": [
build / build-image (linux/amd64, ubuntu-latest, false)	UNKNOWN STEP	2026-10-09T10:00:49.1085133Z     "llvm-16-runtime.binfmt",
build / build-image (linux/amd64, ubuntu-latest, false)	UNKNOWN STEP	2026-10-09T10:00:49.1085646Z     "llvm-17-runtime.binfmt",
build / build-image (linux/amd64, ubuntu-latest, false)	UNKNOWN STEP	2026-10-09T10:00:49.1086034Z     "llvm-18-runtime.binfmt",
build / build-image (linux/amd64, ubuntu-latest, false)	UNKNOWN STEP	2026-10-09T10:00:49.1086572Z     "python3.12",
build / build-image (linux/amd64, ubuntu-latest, false)	UNKNOWN STEP	2026-10-09T10:00:49.1086982Z     "qemu-aarch64",
build / build-image (linux/amd64, ubuntu-latest, false)	UNKNOWN STEP	2026-10-09T10:00:49.1087397Z     "qemu-arm",
build / build-image (linux/amd64, ubuntu-latest, false)	UNKNOWN STEP	2026-10-09T10:00:49.1087753Z     "qemu-loongarch64",
build / build-image (linux/amd64, ubuntu-latest, false)	UNKNOWN STEP	2026-10-09T10:00:49.1088249Z     "qemu-mips64",
build / build-image (linux/amd64, ubuntu-latest, false)	UNKNOWN STEP	2026-10-09T10:00:49.1088595Z     "qemu-mips64el",
build / build-image (linux/amd64, ubuntu-latest, false)	UNKNOWN STEP	2026-10-09T10:00:49.1089072Z     "qemu-ppc64le",
build / build-image (linux/amd64, ubuntu-latest, false)	UNKNOWN STEP	2026-10-09T10:00:49.1089418Z     "qemu-riscv64",
build / build-image (linux/amd64, ubuntu-latest, false)	UNKNOWN STEP	2026-10-09T10:00:49.1089899Z     "qemu-s390x"
build / build-image (linux/amd64, ubuntu-latest, false)	UNKNOWN STEP	2026-10-09T10:00:49.1090242Z   ]
build / build-image (linux/amd64, ubuntu-latest, false)	UNKNOWN STEP	2026-10-09T10:00:49.1094463Z ***
build / build-image (linux/amd64, ubuntu-latest, false)	UNKNOWN STEP	2026-10-09T10:00:49.1611886Z ##[endgroup]
build / build-image (linux/amd64, ubuntu-latest, false)	UNKNOWN STEP	2026-10-09T10:00:49.1612830Z ##[group]Extracting available platforms
build / build-image (linux/amd64, ubuntu-latest, false)	UNKNOWN STEP	2026-10-09T10:00:49.3806786Z linux/amd64,linux/amd64/v2,linux/amd64/v3,linux/amd64/v4,linux/arm64,linux/riscv64,linux/ppc64le,linux/s390x,linux/386,linux/mips64le,linux/mips64,linux/loong64,linux/arm/v7,linux/arm/v6
build / build-image (linux/amd64, ubuntu-latest, false)	UNKNOWN STEP	2026-10-09T10:00:49.3808382Z ##[endgroup]
build / build-image (linux/amd64, ubuntu-latest, false)	UNKNOWN STEP	2026-10-09T10:00:49.3884292Z ##[end-action id=__consensys-vertical-apps_shared-services-workflows.__docker_setup-qemu-action;outcome=success;conclusion=success;duration_ms=10372]
build / build-image (linux/amd64, ubuntu-latest, false)	UNKNOWN STEP	2026-10-09T10:00:49.3888362Z ##[start-action display=Set up Docker Buildx;id=__consensys-vertical-apps_shared-services-workflows.__docker_setup-buildx-action]
build / build-image (linux/amd64, ubuntu-latest, false)	UNKNOWN STEP	2026-10-09T10:00:49.3935829Z ##[group]Run docker/setup-buildx-action@bb05f3f5519dd87d3ba754cc423b652a5edd6d2c
build / build-image (linux/amd64, ubuntu-latest, false)	UNKNOWN STEP	2026-10-09T10:00:49.3936290Z with:
build / build-image (linux/amd64, ubuntu-latest, false)	UNKNOWN STEP	2026-10-09T10:00:49.3936567Z   driver: docker-container
build / build-image (linux/amd64, ubuntu-latest, false)	UNKNOWN STEP	2026-10-09T10:00:49.3936863Z   use: true
build / build-image (linux/amd64, ubuntu-latest, false)	UNKNOWN STEP	2026-10-09T10:00:49.3937128Z   keep-state: false
build / build-image (linux/amd64, ubuntu-latest, false)	UNKNOWN STEP	2026-10-09T10:00:49.3937409Z   cache-binary: true
build / build-image (linux/amd64, ubuntu-latest, false)	UNKNOWN STEP	2026-10-09T10:00:49.3937689Z   cleanup: true
build / build-image (linux/amd64, ubuntu-latest, false)	UNKNOWN STEP	2026-10-09T10:00:49.3937956Z env:
build / build-image (linux/amd64, ubuntu-latest, false)	UNKNOWN STEP	2026-10-09T10:00:49.3938480Z   JFROG_CLI_ENV_EXCLUDE: *password*;*secret*;*key*;*token*;*auth*;JF_ARTIFACTORY_*;JF_ENV_*;JF_URL;JF_USER;JF_PASSWORD;JF_ACCESS_TOKEN
build / build-image (linux/amd64, ubuntu-latest, false)	UNKNOWN STEP	2026-10-09T10:00:49.3939310Z   JFROG_CLI_OFFER_CONFIG: false
build / build-image (linux/amd64, ubuntu-latest, false)	UNKNOWN STEP	2026-10-09T10:00:49.3939659Z   JFROG_CLI_AVOID_NEW_VERSION_WARNING: true
build / build-image (linux/amd64, ubuntu-latest, false)	UNKNOWN STEP	2026-10-09T10:00:49.3940124Z   JFROG_CLI_SOURCECODE_REPOSITORY: consensys-vertical-apps/va-mmcx-terminal
build / build-image (linux/amd64, ubuntu-latest, false)	UNKNOWN STEP	2026-10-09T10:00:49.3940583Z   JFROG_CLI_CI_JOB_ID: Release
build / build-image (linux/amd64, ubuntu-latest, false)	UNKNOWN STEP	2026-10-09T10:00:49.3941126Z   JFROG_CLI_CI_RUN_ID: 37913592023
build / build-image (linux/amd64, ubuntu-latest, false)	UNKNOWN STEP	2026-10-09T10:00:49.3941451Z   JFROG_CLI_GITHUB_TOKEN: 
build / build-image (linux/amd64, ubuntu-latest, false)	UNKNOWN STEP	2026-10-09T10:00:49.3941840Z   JFROG_CLI_CI_VCS_REVISION: a0c70d313b0b14786b9738dec5a9ccba8653d1bf
build / build-image (linux/amd64, ubuntu-latest, false)	UNKNOWN STEP	2026-10-09T10:00:49.3942259Z   JFROG_CLI_CI_BRANCH: main
build / build-image (linux/amd64, ubuntu-latest, false)	UNKNOWN STEP	2026-10-09T10:00:49.3942711Z   JFROG_CLI_CI_VCS_URL: https://github.com/consensys-vertical-apps/va-mmcx-terminal
build / build-image (linux/amd64, ubuntu-latest, false)	UNKNOWN STEP	2026-10-09T10:00:49.3943195Z   JFROG_CLI_BUILD_NAME: Release
build / build-image (linux/amd64, ubuntu-latest, false)	UNKNOWN STEP	2026-10-09T10:00:49.3943519Z   JFROG_CLI_BUILD_NUMBER: 85
build / build-image (linux/amd64, ubuntu-latest, false)	UNKNOWN STEP	2026-10-09T10:00:49.3944057Z   JFROG_CLI_BUILD_URL: https://github.com/consensys-vertical-apps/va-mmcx-terminal/actions/runs/37913592023
build / build-image (linux/amd64, ubuntu-latest, false)	UNKNOWN STEP	2026-10-09T10:00:49.3944681Z   JFROG_CLI_USER_AGENT: setup-jfrog-cli-github-action/5.1.0
build / build-image (linux/amd64, ubuntu-latest, false)	UNKNOWN STEP	2026-10-09T10:00:49.3945164Z   JFROG_CLI_COMMAND_SUMMARY_OUTPUT_DIR: /home/runner/work/_temp
build / build-image (linux/amd64, ubuntu-latest, false)	UNKNOWN STEP	2026-10-09T10:00:49.3945639Z   JFROG_CLI_USAGE_GH_TOKEN_FOR_CODE_SCANNING_ALERTS_PROVIDED: 
build / build-image (linux/amd64, ubuntu-latest, false)	UNKNOWN STEP	2026-10-09T10:00:49.3946080Z   SETUP_JFROG_CLI_SERVER_IDS: setup-jfrog-cli-server
build / build-image (linux/amd64, ubuntu-latest, false)	UNKNOWN STEP	2026-10-09T10:00:49.3946459Z   FILE: ./Dockerfile
build / build-image (linux/amd64, ubuntu-latest, false)	UNKNOWN STEP	2026-10-09T10:00:49.3946742Z ##[endgroup]
build / build-image (linux/amd64, ubuntu-latest, false)	UNKNOWN STEP	2026-10-09T10:00:49.5207987Z ##[group]Docker info
build / build-image (linux/amd64, ubuntu-latest, false)	UNKNOWN STEP	2026-10-09T10:00:49.5223973Z [command]/usr/bin/docker version
build / build-image (linux/amd64, ubuntu-latest, false)	UNKNOWN STEP	2026-10-09T10:00:49.5380684Z Client: Docker Engine - Community
build / build-image (linux/amd64, ubuntu-latest, false)	UNKNOWN STEP	2026-10-09T10:00:49.5391906Z  Version:           28.0.4
build / build-image (linux/amd64, ubuntu-latest, false)	UNKNOWN STEP	2026-10-09T10:00:49.5392349Z  API version:       1.48
build / build-image (linux/amd64, ubuntu-latest, false)	UNKNOWN STEP	2026-10-09T10:00:49.5392737Z  Go version:        go1.23.7
build / build-image (linux/amd64, ubuntu-latest, false)	UNKNOWN STEP	2026-10-09T10:00:49.5393140Z  Git commit:        b8034c0
build / build-image (linux/amd64, ubuntu-latest, false)	UNKNOWN STEP	2026-10-09T10:00:49.5393544Z  Built:             Tue Mar 25 15:07:16 2025
build / build-image (linux/amd64, ubuntu-latest, false)	UNKNOWN STEP	2026-10-09T10:00:49.5394942Z  OS/Arch:           linux/amd64
build / build-image (linux/amd64, ubuntu-latest, false)	UNKNOWN STEP	2026-10-09T10:00:49.5395351Z  Context:           default
build / build-image (linux/amd64, ubuntu-latest, false)	UNKNOWN STEP	2026-10-09T10:00:49.5395620Z 
build / build-image (linux/amd64, ubuntu-latest, false)	UNKNOWN STEP	2026-10-09T10:00:49.5395840Z Server: Docker Engine - Community
build / build-image (linux/amd64, ubuntu-latest, false)	UNKNOWN STEP	2026-10-09T10:00:49.5396280Z  Engine:
build / build-image (linux/amd64, ubuntu-latest, false)	UNKNOWN STEP	2026-10-09T10:00:49.5396624Z   Version:          28.0.4
build / build-image (linux/amd64, ubuntu-latest, false)	UNKNOWN STEP	2026-10-09T10:00:49.5397721Z   API version:      1.48 (minimum version 1.24)
build / build-image (linux/amd64, ubuntu-latest, false)	UNKNOWN STEP	2026-10-09T10:00:49.5398179Z   Go version:       go1.23.7
build / build-image (linux/amd64, ubuntu-latest, false)	UNKNOWN STEP	2026-10-09T10:00:49.5398563Z   Git commit:       6430e49
build / build-image (linux/amd64, ubuntu-latest, false)	UNKNOWN STEP	2026-10-09T10:00:49.5398957Z   Built:            Tue Mar 25 15:07:16 2025
build / build-image (linux/amd64, ubuntu-latest, false)	UNKNOWN STEP	2026-10-09T10:00:49.5399401Z   OS/Arch:          linux/amd64
build / build-image (linux/amd64, ubuntu-latest, false)	UNKNOWN STEP	2026-10-09T10:00:49.5399784Z   Experimental:     false
build / build-image (linux/amd64, ubuntu-latest, false)	UNKNOWN STEP	2026-10-09T10:00:49.5400162Z  containerd:
build / build-image (linux/amd64, ubuntu-latest, false)	UNKNOWN STEP	2026-10-09T10:00:49.5400502Z   Version:          v2.3.6
build / build-image (linux/amd64, ubuntu-latest, false)	UNKNOWN STEP	2026-10-09T10:00:49.5401153Z   GitCommit:        ee2735368117d2eb259779949d5e75cdafec9761
build / build-image (linux/amd64, ubuntu-latest, false)	UNKNOWN STEP	2026-10-09T10:00:49.5401620Z  runc:
build / build-image (linux/amd64, ubuntu-latest, false)	UNKNOWN STEP	2026-10-09T10:00:49.5401954Z   Version:          1.5.1
build / build-image (linux/amd64, ubuntu-latest, false)	UNKNOWN STEP	2026-10-09T10:00:49.5402327Z   GitCommit:        v1.5.1-0-g8f2685a4
build / build-image (linux/amd64, ubuntu-latest, false)	UNKNOWN STEP	2026-10-09T10:00:49.5402731Z  docker-init:
build / build-image (linux/amd64, ubuntu-latest, false)	UNKNOWN STEP	2026-10-09T10:00:49.5403074Z   Version:          0.19.0
build / build-image (linux/amd64, ubuntu-latest, false)	UNKNOWN STEP	2026-10-09T10:00:49.5403447Z   GitCommit:        de40ad0
build / build-image (linux/amd64, ubuntu-latest, false)	UNKNOWN STEP	2026-10-09T10:00:49.5419471Z [command]/usr/bin/docker info
build / build-image (linux/amd64, ubuntu-latest, false)	UNKNOWN STEP	2026-10-09T10:00:49.5804674Z Client: Docker Engine - Community
build / build-image (linux/amd64, ubuntu-latest, false)	UNKNOWN STEP	2026-10-09T10:00:49.5805240Z  Version:    28.0.4
build / build-image (linux/amd64, ubuntu-latest, false)	UNKNOWN STEP	2026-10-09T10:00:49.5805598Z  Context:    default
build / build-image (linux/amd64, ubuntu-latest, false)	UNKNOWN STEP	2026-10-09T10:00:49.5805955Z  Debug Mode: false
build / build-image (linux/amd64, ubuntu-latest, false)	UNKNOWN STEP	2026-10-09T10:00:49.5806299Z  Plugins:
build / build-image (linux/amd64, ubuntu-latest, false)	UNKNOWN STEP	2026-10-09T10:00:49.5806645Z   buildx: Docker Buildx (Docker Inc.)
build / build-image (linux/amd64, ubuntu-latest, false)	UNKNOWN STEP	2026-10-09T10:00:49.5807040Z     Version:  v0.37.2
build / build-image (linux/amd64, ubuntu-latest, false)	UNKNOWN STEP	2026-10-09T10:00:49.5807450Z     Path:     /usr/libexec/docker/cli-plugins/docker-buildx
build / build-image (linux/amd64, ubuntu-latest, false)	UNKNOWN STEP	2026-10-09T10:00:49.5807912Z   compose: Docker Compose (Docker Inc.)
build / build-image (linux/amd64, ubuntu-latest, false)	UNKNOWN STEP	2026-10-09T10:00:49.5808302Z     Version:  v2.38.2
build / build-image (linux/amd64, ubuntu-latest, false)	UNKNOWN STEP	2026-10-09T10:00:49.5808702Z     Path:     /usr/libexec/docker/cli-plugins/docker-compose
build / build-image (linux/amd64, ubuntu-latest, false)	UNKNOWN STEP	2026-10-09T10:00:49.5809031Z 
build / build-image (linux/amd64, ubuntu-latest, false)	UNKNOWN STEP	2026-10-09T10:00:49.5809252Z Server:
build / build-image (linux/amd64, ubuntu-latest, false)	UNKNOWN STEP	2026-10-09T10:00:49.5809587Z  Containers: 0
build / build-image (linux/amd64, ubuntu-latest, false)	UNKNOWN STEP	2026-10-09T10:00:49.5809924Z   Running: 0
build / build-image (linux/amd64, ubuntu-latest, false)	UNKNOWN STEP	2026-10-09T10:00:49.5810251Z   Paused: 0
build / build-image (linux/amd64, ubuntu-latest, false)	UNKNOWN STEP	2026-10-09T10:00:49.5810577Z   Stopped: 0
build / build-image (linux/amd64, ubuntu-latest, false)	UNKNOWN STEP	2026-10-09T10:00:49.5811163Z  Images: 7
build / build-image (linux/amd64, ubuntu-latest, false)	UNKNOWN STEP	2026-10-09T10:00:49.5811495Z  Server Version: 28.0.4
build / build-image (linux/amd64, ubuntu-latest, false)	UNKNOWN STEP	2026-10-09T10:00:49.5812254Z  Storage Driver: overlay2
build / build-image (linux/amd64, ubuntu-latest, false)	UNKNOWN STEP	2026-10-09T10:00:49.5813005Z   Backing Filesystem: extfs
build / build-image (linux/amd64, ubuntu-latest, false)	UNKNOWN STEP	2026-10-09T10:00:49.5813457Z   Supports d_type: true
build / build-image (linux/amd64, ubuntu-latest, false)	UNKNOWN STEP	2026-10-09T10:00:49.5813819Z   Using metacopy: false
build / build-image (linux/amd64, ubuntu-latest, false)	UNKNOWN STEP	2026-10-09T10:00:49.5814357Z   Native Overlay Diff: false
build / build-image (linux/amd64, ubuntu-latest, false)	UNKNOWN STEP	2026-10-09T10:00:49.5814724Z   userxattr: false
build / build-image (linux/amd64, ubuntu-latest, false)	UNKNOWN STEP	2026-10-09T10:00:49.5815075Z  Logging Driver: json-file
build / build-image (linux/amd64, ubuntu-latest, false)	UNKNOWN STEP	2026-10-09T10:00:49.5815433Z  Cgroup Driver: systemd
build / build-image (linux/amd64, ubuntu-latest, false)	UNKNOWN STEP	2026-10-09T10:00:49.5815782Z  Cgroup Version: 2
build / build-image (linux/amd64, ubuntu-latest, false)	UNKNOWN STEP	2026-10-09T10:00:49.5816098Z  Plugins:
build / build-image (linux/amd64, ubuntu-latest, false)	UNKNOWN STEP	2026-10-09T10:00:49.5816409Z   Volume: local
build / build-image (linux/amd64, ubuntu-latest, false)	UNKNOWN STEP	2026-10-09T10:00:49.5816762Z   Network: bridge host ipvlan macvlan null overlay
build / build-image (linux/amd64, ubuntu-latest, false)	UNKNOWN STEP	2026-10-09T10:00:49.5817278Z   Log: awslogs fluentd gcplogs gelf journald json-file local splunk syslog
build / build-image (linux/amd64, ubuntu-latest, false)	UNKNOWN STEP	2026-10-09T10:00:49.5817808Z  Swarm: inactive
build / build-image (linux/amd64, ubuntu-latest, false)	UNKNOWN STEP	2026-10-09T10:00:49.5818170Z  Runtimes: io.containerd.runc.v2 runc
build / build-image (linux/amd64, ubuntu-latest, false)	UNKNOWN STEP	2026-10-09T10:00:49.5818557Z  Default Runtime: runc
build / build-image (linux/amd64, ubuntu-latest, false)	UNKNOWN STEP	2026-10-09T10:00:49.5818905Z  Init Binary: docker-init
build / build-image (linux/amd64, ubuntu-latest, false)	UNKNOWN STEP	2026-10-09T10:00:49.5819335Z  containerd version: ee2735368117d2eb259779949d5e75cdafec9761
build / build-image (linux/amd64, ubuntu-latest, false)	UNKNOWN STEP	2026-10-09T10:00:49.5819807Z  runc version: v1.5.1-0-g8f2685a4
build / build-image (linux/amd64, ubuntu-latest, false)	UNKNOWN STEP	2026-10-09T10:00:49.5820188Z  init version: de40ad0
build / build-image (linux/amd64, ubuntu-latest, false)	UNKNOWN STEP	2026-10-09T10:00:49.5820543Z  Security Options:
build / build-image (linux/amd64, ubuntu-latest, false)	UNKNOWN STEP	2026-10-09T10:00:49.5821105Z   apparmor
build / build-image (linux/amd64, ubuntu-latest, false)	UNKNOWN STEP	2026-10-09T10:00:49.5821424Z   seccomp
build / build-image (linux/amd64, ubuntu-latest, false)	UNKNOWN STEP	2026-10-09T10:00:49.5822018Z    Profile: builtin
build / build-image (linux/amd64, ubuntu-latest, false)	UNKNOWN STEP	2026-10-09T10:00:49.5822353Z   cgroupns
build / build-image (linux/amd64, ubuntu-latest, false)	UNKNOWN STEP	2026-10-09T10:00:49.5822693Z  Kernel Version: 6.17.0-1022-azure
build / build-image (linux/amd64, ubuntu-latest, false)	UNKNOWN STEP	2026-10-09T10:00:49.5823255Z  Operating System: Ubuntu 24.04.5 LTS
build / build-image (linux/amd64, ubuntu-latest, false)	UNKNOWN STEP	2026-10-09T10:00:49.5823823Z  OSType: linux
build / build-image (linux/amd64, ubuntu-latest, false)	UNKNOWN STEP	2026-10-09T10:00:49.5824331Z  Architecture: x86_64
build / build-image (linux/amd64, ubuntu-latest, false)	UNKNOWN STEP	2026-10-09T10:00:49.5824689Z  CPUs: 2
build / build-image (linux/amd64, ubuntu-latest, false)	UNKNOWN STEP	2026-10-09T10:00:49.5825024Z  Total Memory: 7.752GiB
build / build-image (linux/amd64, ubuntu-latest, false)	UNKNOWN STEP	2026-10-09T10:00:49.5825505Z  Name: runnervmmprz5
build / build-image (linux/amd64, ubuntu-latest, false)	UNKNOWN STEP	2026-10-09T10:00:49.5825979Z  ID: 07f0e779-c305-4162-b8ec-c48c30f52fbe
build / build-image (linux/amd64, ubuntu-latest, false)	UNKNOWN STEP	2026-10-09T10:00:49.5826403Z  Docker Root Dir: /var/lib/docker
build / build-image (linux/amd64, ubuntu-latest, false)	UNKNOWN STEP	2026-10-09T10:00:49.5826922Z  Debug Mode: false
build / build-image (linux/amd64, ubuntu-latest, false)	UNKNOWN STEP	2026-10-09T10:00:49.5827374Z  Username: githubactions
build / build-image (linux/amd64, ubuntu-latest, false)	UNKNOWN STEP	2026-10-09T10:00:49.5827740Z  Experimental: false
build / build-image (linux/amd64, ubuntu-latest, false)	UNKNOWN STEP	2026-10-09T10:00:49.5828119Z  Insecure Registries:
build / build-image (linux/amd64, ubuntu-latest, false)	UNKNOWN STEP	2026-10-09T10:00:49.5828768Z   ::1/128
build / build-image (linux/amd64, ubuntu-latest, false)	UNKNOWN STEP	2026-10-09T10:00:49.5829110Z   127.0.0.0/8
build / build-image (linux/amd64, ubuntu-latest, false)	UNKNOWN STEP	2026-10-09T10:00:49.5829462Z  Live Restore Enabled: false
build / build-image (linux/amd64, ubuntu-latest, false)	UNKNOWN STEP	2026-10-09T10:00:49.5829729Z 
build / build-image (linux/amd64, ubuntu-latest, false)	UNKNOWN STEP	2026-10-09T10:00:49.5830246Z ##[endgroup]
build / build-image (linux/amd64, ubuntu-latest, false)	UNKNOWN STEP	2026-10-09T10:00:49.6280347Z ##[group]Buildx version
build / build-image (linux/amd64, ubuntu-latest, false)	UNKNOWN STEP	2026-10-09T10:00:49.6301324Z [command]/usr/bin/docker buildx version
build / build-image (linux/amd64, ubuntu-latest, false)	UNKNOWN STEP	2026-10-09T10:00:49.6683299Z github.com/docker/buildx v0.37.2 2d379c0c3f22da0d2759d132a0ec81ca949098f0
build / build-image (linux/amd64, ubuntu-latest, false)	UNKNOWN STEP	2026-10-09T10:00:49.6710875Z ##[endgroup]
build / build-image (linux/amd64, ubuntu-latest, false)	UNKNOWN STEP	2026-10-09T10:00:49.6829638Z ##[group]Inspecting default docker context
build / build-image (linux/amd64, ubuntu-latest, false)	UNKNOWN STEP	2026-10-09T10:00:49.6944736Z [
build / build-image (linux/amd64, ubuntu-latest, false)	UNKNOWN STEP	2026-10-09T10:00:49.6945304Z   ***
build / build-image (linux/amd64, ubuntu-latest, false)	UNKNOWN STEP	2026-10-09T10:00:49.6945703Z     "Name": "default",
build / build-image (linux/amd64, ubuntu-latest, false)	UNKNOWN STEP	2026-10-09T10:00:49.6946201Z     "Metadata": ***,
build / build-image (linux/amd64, ubuntu-latest, false)	UNKNOWN STEP	2026-10-09T10:00:49.6946646Z     "Endpoints": ***
build / build-image (linux/amd64, ubuntu-latest, false)	UNKNOWN STEP	2026-10-09T10:00:49.6947137Z       "docker": ***
build / build-image (linux/amd64, ubuntu-latest, false)	UNKNOWN STEP	2026-10-09T10:00:49.6947983Z         "Host": "unix:///var/run/docker.sock",
build / build-image (linux/amd64, ubuntu-latest, false)	UNKNOWN STEP	2026-10-09T10:00:49.6948873Z         "SkipTLSVerify": false
build / build-image (linux/amd64, ubuntu-latest, false)	UNKNOWN STEP	2026-10-09T10:00:49.6949640Z       ***
build / build-image (linux/amd64, ubuntu-latest, false)	UNKNOWN STEP	2026-10-09T10:00:49.6951216Z     ***,
build / build-image (linux/amd64, ubuntu-latest, false)	UNKNOWN STEP	2026-10-09T10:00:49.6952079Z     "TLSMaterial": ***,
build / build-image (linux/amd64, ubuntu-latest, false)	UNKNOWN STEP	2026-10-09T10:00:49.6952455Z     "Storage": ***
build / build-image (linux/amd64, ubuntu-latest, false)	UNKNOWN STEP	2026-10-09T10:00:49.6953535Z       "MetadataPath": "<IN MEMORY>",
build / build-image (linux/amd64, ubuntu-latest, false)	UNKNOWN STEP	2026-10-09T10:00:49.6954289Z       "TLSPath": "<IN MEMORY>"
build / build-image (linux/amd64, ubuntu-latest, false)	UNKNOWN STEP	2026-10-09T10:00:49.6955313Z     ***
build / build-image (linux/amd64, ubuntu-latest, false)	UNKNOWN STEP	2026-10-09T10:00:49.6955844Z   ***
build / build-image (linux/amd64, ubuntu-latest, false)	UNKNOWN STEP	2026-10-09T10:00:49.6965345Z ]
build / build-image (linux/amd64, ubuntu-latest, false)	UNKNOWN STEP	2026-10-09T10:00:49.6969798Z ##[endgroup]
build / build-image (linux/amd64, ubuntu-latest, false)	UNKNOWN STEP	2026-10-09T10:00:49.6973620Z ##[group]Creating a new builder instance
build / build-image (linux/amd64, ubuntu-latest, false)	UNKNOWN STEP	2026-10-09T10:00:49.7863625Z [command]/usr/bin/docker buildx create --name builder-c6c201ce-aaea-4299-9419-99eea7445d73 --driver docker-container --buildkitd-flags --allow-insecure-entitlement security.insecure --allow-insecure-entitlement network.host --use
build / build-image (linux/amd64, ubuntu-latest, false)	UNKNOWN STEP	2026-10-09T10:00:49.8333119Z builder-c6c201ce-aaea-4299-9419-99eea7445d73
build / build-image (linux/amd64, ubuntu-latest, false)	UNKNOWN STEP	2026-10-09T10:00:49.8352676Z ##[endgroup]
build / build-image (linux/amd64, ubuntu-latest, false)	UNKNOWN STEP	2026-10-09T10:00:49.8365524Z ##[group]Booting builder
build / build-image (linux/amd64, ubuntu-latest, false)	UNKNOWN STEP	2026-10-09T10:00:49.8417533Z [command]/usr/bin/docker buildx inspect --bootstrap --builder builder-c6c201ce-aaea-4299-9419-99eea7445d73
build / build-image (linux/amd64, ubuntu-latest, false)	UNKNOWN STEP	2026-10-09T10:00:49.8811896Z #1 [internal] booting buildkit
build / build-image (linux/amd64, ubuntu-latest, false)	UNKNOWN STEP	2026-10-09T10:00:50.0314383Z #1 pulling image moby/buildkit:buildx-stable-1
build / build-image (linux/amd64, ubuntu-latest, false)	UNKNOWN STEP	2026-10-09T10:00:55.8847606Z #1 pulling image moby/buildkit:buildx-stable-1 6.0s done
build / build-image (linux/amd64, ubuntu-latest, false)	UNKNOWN STEP	2026-10-09T10:00:56.0363753Z #1 creating container buildx_buildkit_builder-c6c201ce-aaea-4299-9419-99eea7445d730
build / build-image (linux/amd64, ubuntu-latest, false)	UNKNOWN STEP	2026-10-09T10:00:56.2330570Z #1 creating container buildx_buildkit_builder-c6c201ce-aaea-4299-9419-99eea7445d730 0.3s done
build / build-image (linux/amd64, ubuntu-latest, false)	UNKNOWN STEP	2026-10-09T10:00:56.2604279Z #1 DONE 6.4s
build / build-image (linux/amd64, ubuntu-latest, false)	UNKNOWN STEP	2026-10-09T10:00:56.2856933Z Name:          builder-c6c201ce-aaea-4299-9419-99eea7445d73
build / build-image (linux/amd64, ubuntu-latest, false)	UNKNOWN STEP	2026-10-09T10:00:56.2869234Z Driver:        docker-container
build / build-image (linux/amd64, ubuntu-latest, false)	UNKNOWN STEP	2026-10-09T10:00:56.2869989Z Last Activity: 2026-10-09 10:00:49 +0000 UTC
build / build-image (linux/amd64, ubuntu-latest, false)	UNKNOWN STEP	2026-10-09T10:00:56.2870486Z 
build / build-image (linux/amd64, ubuntu-latest, false)	UNKNOWN STEP	2026-10-09T10:00:56.2871095Z Nodes:
build / build-image (linux/amd64, ubuntu-latest, false)	UNKNOWN STEP	2026-10-09T10:00:56.2871576Z Name:                  builder-c6c201ce-aaea-4299-9419-99eea7445d730
build / build-image (linux/amd64, ubuntu-latest, false)	UNKNOWN STEP	2026-10-09T10:00:56.2872333Z Endpoint:              unix:///var/run/docker.sock
build / build-image (linux/amd64, ubuntu-latest, false)	UNKNOWN STEP	2026-10-09T10:00:56.2873046Z Status:                running
build / build-image (linux/amd64, ubuntu-latest, false)	UNKNOWN STEP	2026-10-09T10:00:56.2883588Z BuildKit daemon flags: --allow-insecure-entitlement security.insecure --allow-insecure-entitlement network.host
build / build-image (linux/amd64, ubuntu-latest, false)	UNKNOWN STEP	2026-10-09T10:00:56.2910180Z BuildKit version:      v0.33.1
build / build-image (linux/amd64, ubuntu-latest, false)	UNKNOWN STEP	2026-10-09T10:00:56.2912090Z Platforms:             linux/amd64, linux/amd64/v2, linux/amd64/v3, linux/amd64/v4, linux/arm64, linux/riscv64, linux/ppc64le, linux/s390x, linux/386, linux/mips64le, linux/mips64, linux/loong64, linux/arm/v7, linux/arm/v6
build / build-image (linux/amd64, ubuntu-latest, false)	UNKNOWN STEP	2026-10-09T10:00:56.2913158Z Labels:
build / build-image (linux/amd64, ubuntu-latest, false)	UNKNOWN STEP	2026-10-09T10:00:56.2913796Z  org.mobyproject.buildkit.worker.executor:         oci
build / build-image (linux/amd64, ubuntu-latest, false)	UNKNOWN STEP	2026-10-09T10:00:56.2914585Z  org.mobyproject.buildkit.worker.hostname:         4a9dfc27f7de
build / build-image (linux/amd64, ubuntu-latest, false)	UNKNOWN STEP	2026-10-09T10:00:56.2915339Z  org.mobyproject.buildkit.worker.network:          host
build / build-image (linux/amd64, ubuntu-latest, false)	UNKNOWN STEP	2026-10-09T10:00:56.2916076Z  org.mobyproject.buildkit.worker.oci.process-mode: sandbox
build / build-image (linux/amd64, ubuntu-latest, false)	UNKNOWN STEP	2026-10-09T10:00:56.2916862Z  org.mobyproject.buildkit.worker.selinux.enabled:  false
build / build-image (linux/amd64, ubuntu-latest, false)	UNKNOWN STEP	2026-10-09T10:00:56.2917680Z  org.mobyproject.buildkit.worker.snapshotter:      overlayfs
build / build-image (linux/amd64, ubuntu-latest, false)	UNKNOWN STEP	2026-10-09T10:00:56.2918423Z GC Policy rule#0:
build / build-image (linux/amd64, ubuntu-latest, false)	UNKNOWN STEP	2026-10-09T10:00:56.2919071Z  All:            false
build / build-image (linux/amd64, ubuntu-latest, false)	UNKNOWN STEP	2026-10-09T10:00:56.2919629Z  Filters:        type==source.local type==exec.cachemount type==source.git.checkout
build / build-image (linux/amd64, ubuntu-latest, false)	UNKNOWN STEP	2026-10-09T10:00:56.2920416Z  Keep Duration:  48h0m0s
build / build-image (linux/amd64, ubuntu-latest, false)	UNKNOWN STEP	2026-10-09T10:00:56.2921243Z  Max Used Space: 488.3MiB
build / build-image (linux/amd64, ubuntu-latest, false)	UNKNOWN STEP	2026-10-09T10:00:56.2921846Z GC Policy rule#1:
build / build-image (linux/amd64, ubuntu-latest, false)	UNKNOWN STEP	2026-10-09T10:00:56.2922304Z  All:            false
build / build-image (linux/amd64, ubuntu-latest, false)	UNKNOWN STEP	2026-10-09T10:00:56.2922884Z  Keep Duration:  1440h0m0s
build / build-image (linux/amd64, ubuntu-latest, false)	UNKNOWN STEP	2026-10-09T10:00:56.2923992Z  Reserved Space: 7.451GiB
build / build-image (linux/amd64, ubuntu-latest, false)	UNKNOWN STEP	2026-10-09T10:00:56.2926559Z  Max Used Space: 54.02GiB
build / build-image (linux/amd64, ubuntu-latest, false)	UNKNOWN STEP	2026-10-09T10:00:56.2928271Z  Min Free Space: 13.97GiB
build / build-image (linux/amd64, ubuntu-latest, false)	UNKNOWN STEP	2026-10-09T10:00:56.2929153Z GC Policy rule#2:
build / build-image (linux/amd64, ubuntu-latest, false)	UNKNOWN STEP	2026-10-09T10:00:56.2930274Z  All:            false
build / build-image (linux/amd64, ubuntu-latest, false)	UNKNOWN STEP	2026-10-09T10:00:56.2931805Z  Reserved Space: 7.451GiB
build / build-image (linux/amd64, ubuntu-latest, false)	UNKNOWN STEP	2026-10-09T10:00:56.2932301Z  Max Used Space: 54.02GiB
build / build-image (linux/amd64, ubuntu-latest, false)	UNKNOWN STEP	2026-10-09T10:00:56.2933631Z  Min Free Space: 13.97GiB
build / build-image (linux/amd64, ubuntu-latest, false)	UNKNOWN STEP	2026-10-09T10:00:56.2934127Z GC Policy rule#3:
build / build-image (linux/amd64, ubuntu-latest, false)	UNKNOWN STEP	2026-10-09T10:00:56.2934992Z  All:            true
build / build-image (linux/amd64, ubuntu-latest, false)	UNKNOWN STEP	2026-10-09T10:00:56.2936687Z  Reserved Space: 7.451GiB
build / build-image (linux/amd64, ubuntu-latest, false)	UNKNOWN STEP	2026-10-09T10:00:56.2937196Z  Max Used Space: 54.02GiB
build / build-image (linux/amd64, ubuntu-latest, false)	UNKNOWN STEP	2026-10-09T10:00:56.2938425Z  Min Free Space: 13.97GiB
build / build-image (linux/amd64, ubuntu-latest, false)	UNKNOWN STEP	2026-10-09T10:00:56.2939331Z ##[endgroup]
build / build-image (linux/amd64, ubuntu-latest, false)	UNKNOWN STEP	2026-10-09T10:00:56.3725599Z ##[group]Inspect builder
build / build-image (linux/amd64, ubuntu-latest, false)	UNKNOWN STEP	2026-10-09T10:00:56.3731842Z ***
build / build-image (linux/amd64, ubuntu-latest, false)	UNKNOWN STEP	2026-10-09T10:00:56.3732329Z   "nodes": [
build / build-image (linux/amd64, ubuntu-latest, false)	UNKNOWN STEP	2026-10-09T10:00:56.3732892Z     ***
build / build-image (linux/amd64, ubuntu-latest, false)	UNKNOWN STEP	2026-10-09T10:00:56.3733414Z       "name": "builder-c6c201ce-aaea-4299-9419-99eea7445d730",
build / build-image (linux/amd64, ubuntu-latest, false)	UNKNOWN STEP	2026-10-09T10:00:56.3734046Z       "endpoint": "unix:///var/run/docker.sock",
build / build-image (linux/amd64, ubuntu-latest, false)	UNKNOWN STEP	2026-10-09T10:00:56.3734604Z       "status": "running",
build / build-image (linux/amd64, ubuntu-latest, false)	UNKNOWN STEP	2026-10-09T10:00:56.3735388Z       "buildkitd-flags": "--allow-insecure-entitlement security.insecure --allow-insecure-entitlement network.host",
build / build-image (linux/amd64, ubuntu-latest, false)	UNKNOWN STEP	2026-10-09T10:00:56.3736169Z       "buildkit": "v0.33.1",
build / build-image (linux/amd64, ubuntu-latest, false)	UNKNOWN STEP	2026-10-09T10:00:56.3737405Z       "platforms": "linux/amd64,linux/amd64/v2,linux/amd64/v3,linux/amd64/v4,linux/arm64,linux/riscv64,linux/ppc64le,linux/s390x,linux/386,linux/mips64le,linux/mips64,linux/loong64,linux/arm/v7,linux/arm/v6",
build / build-image (linux/amd64, ubuntu-latest, false)	UNKNOWN STEP	2026-10-09T10:00:56.3738385Z       "features": ***
build / build-image (linux/amd64, ubuntu-latest, false)	UNKNOWN STEP	2026-10-09T10:00:56.3738958Z         "Automatically load images to the Docker Engine image store": true,
build / build-image (linux/amd64, ubuntu-latest, false)	UNKNOWN STEP	2026-10-09T10:00:56.3739551Z         "Cache export": true,
build / build-image (linux/amd64, ubuntu-latest, false)	UNKNOWN STEP	2026-10-09T10:00:56.3740008Z         "Direct push": true,
build / build-image (linux/amd64, ubuntu-latest, false)	UNKNOWN STEP	2026-10-09T10:00:56.3740501Z         "Docker exporter": true,
build / build-image (linux/amd64, ubuntu-latest, false)	UNKNOWN STEP	2026-10-09T10:00:56.3741177Z         "Multi-platform build": true,
build / build-image (linux/amd64, ubuntu-latest, false)	UNKNOWN STEP	2026-10-09T10:00:56.3741657Z         "OCI exporter": true
build / build-image (linux/amd64, ubuntu-latest, false)	UNKNOWN STEP	2026-10-09T10:00:56.3742121Z       ***,
build / build-image (linux/amd64, ubuntu-latest, false)	UNKNOWN STEP	2026-10-09T10:00:56.3742533Z       "labels": ***
build / build-image (linux/amd64, ubuntu-latest, false)	UNKNOWN STEP	2026-10-09T10:00:56.3743046Z         "org.mobyproject.buildkit.worker.executor": "oci",
build / build-image (linux/amd64, ubuntu-latest, false)	UNKNOWN STEP	2026-10-09T10:00:56.3743706Z         "org.mobyproject.buildkit.worker.hostname": "4a9dfc27f7de",
build / build-image (linux/amd64, ubuntu-latest, false)	UNKNOWN STEP	2026-10-09T10:00:56.3744355Z         "org.mobyproject.buildkit.worker.network": "host",
build / build-image (linux/amd64, ubuntu-latest, false)	UNKNOWN STEP	2026-10-09T10:00:56.3744983Z         "org.mobyproject.buildkit.worker.oci.process-mode": "sandbox",
build / build-image (linux/amd64, ubuntu-latest, false)	UNKNOWN STEP	2026-10-09T10:00:56.3745738Z         "org.mobyproject.buildkit.worker.selinux.enabled": "false",
build / build-image (linux/amd64, ubuntu-latest, false)	UNKNOWN STEP	2026-10-09T10:00:56.3746489Z         "org.mobyproject.buildkit.worker.snapshotter": "overlayfs"
build / build-image (linux/amd64, ubuntu-latest, false)	UNKNOWN STEP	2026-10-09T10:00:56.3747123Z       ***,
build / build-image (linux/amd64, ubuntu-latest, false)	UNKNOWN STEP	2026-10-09T10:00:56.3747541Z       "gcPolicy": [
build / build-image (linux/amd64, ubuntu-latest, false)	UNKNOWN STEP	2026-10-09T10:00:56.3747988Z         ***
build / build-image (linux/amd64, ubuntu-latest, false)	UNKNOWN STEP	2026-10-09T10:00:56.3748423Z           "all": false,
build / build-image (linux/amd64, ubuntu-latest, false)	UNKNOWN STEP	2026-10-09T10:00:56.3748879Z           "filter": [
build / build-image (linux/amd64, ubuntu-latest, false)	UNKNOWN STEP	2026-10-09T10:00:56.3749492Z             "type==source.local type==exec.cachemount type==source.git.checkout"
build / build-image (linux/amd64, ubuntu-latest, false)	UNKNOWN STEP	2026-10-09T10:00:56.3750100Z           ],
build / build-image (linux/amd64, ubuntu-latest, false)	UNKNOWN STEP	2026-10-09T10:00:56.3750513Z           "keepDuration": "48h0m0s",
build / build-image (linux/amd64, ubuntu-latest, false)	UNKNOWN STEP	2026-10-09T10:00:56.3751195Z           "maxUsedSpace": "488.3MiB"
build / build-image (linux/amd64, ubuntu-latest, false)	UNKNOWN STEP	2026-10-09T10:00:56.3751676Z         ***,
build / build-image (linux/amd64, ubuntu-latest, false)	UNKNOWN STEP	2026-10-09T10:00:56.3752166Z         ***
build / build-image (linux/amd64, ubuntu-latest, false)	UNKNOWN STEP	2026-10-09T10:00:56.3752685Z           "all": false,
build / build-image (linux/amd64, ubuntu-latest, false)	UNKNOWN STEP	2026-10-09T10:00:56.3753185Z           "keepDuration": "1440h0m0s",
build / build-image (linux/amd64, ubuntu-latest, false)	UNKNOWN STEP	2026-10-09T10:00:56.3753732Z           "reservedSpace": "7.451GiB",
build / build-image (linux/amd64, ubuntu-latest, false)	UNKNOWN STEP	2026-10-09T10:00:56.3754268Z           "maxUsedSpace": "54.02GiB",
build / build-image (linux/amd64, ubuntu-latest, false)	UNKNOWN STEP	2026-10-09T10:00:56.3754810Z           "minFreeSpace": "13.97GiB"
build / build-image (linux/amd64, ubuntu-latest, false)	UNKNOWN STEP	2026-10-09T10:00:56.3755342Z         ***,
build / build-image (linux/amd64, ubuntu-latest, false)	UNKNOWN STEP	2026-10-09T10:00:56.3755798Z         ***
build / build-image (linux/amd64, ubuntu-latest, false)	UNKNOWN STEP	2026-10-09T10:00:56.3756265Z           "all": false,
build / build-image (linux/amd64, ubuntu-latest, false)	UNKNOWN STEP	2026-10-09T10:00:56.3756767Z           "reservedSpace": "7.451GiB",
build / build-image (linux/amd64, ubuntu-latest, false)	UNKNOWN STEP	2026-10-09T10:00:56.3757306Z           "maxUsedSpace": "54.02GiB",
build / build-image (linux/amd64, ubuntu-latest, false)	UNKNOWN STEP	2026-10-09T10:00:56.3757842Z           "minFreeSpace": "13.97GiB"
build / build-image (linux/amd64, ubuntu-latest, false)	UNKNOWN STEP	2026-10-09T10:00:56.3758364Z         ***,
build / build-image (linux/amd64, ubuntu-latest, false)	UNKNOWN STEP	2026-10-09T10:00:56.3758831Z         ***
build / build-image (linux/amd64, ubuntu-latest, false)	UNKNOWN STEP	2026-10-09T10:00:56.3759272Z           "all": true,
build / build-image (linux/amd64, ubuntu-latest, false)	UNKNOWN STEP	2026-10-09T10:00:56.3759767Z           "reservedSpace": "7.451GiB",
build / build-image (linux/amd64, ubuntu-latest, false)	UNKNOWN STEP	2026-10-09T10:00:56.3760405Z           "maxUsedSpace": "54.02GiB",
build / build-image (linux/amd64, ubuntu-latest, false)	UNKNOWN STEP	2026-10-09T10:00:56.3761165Z           "minFreeSpace": "13.97GiB"
build / build-image (linux/amd64, ubuntu-latest, false)	UNKNOWN STEP	2026-10-09T10:00:56.3761712Z         ***
build / build-image (linux/amd64, ubuntu-latest, false)	UNKNOWN STEP	2026-10-09T10:00:56.3762171Z       ]
build / build-image (linux/amd64, ubuntu-latest, false)	UNKNOWN STEP	2026-10-09T10:00:56.3762631Z     ***
build / build-image (linux/amd64, ubuntu-latest, false)	UNKNOWN STEP	2026-10-09T10:00:56.3763082Z   ],
build / build-image (linux/amd64, ubuntu-latest, false)	UNKNOWN STEP	2026-10-09T10:00:56.3763658Z   "name": "builder-c6c201ce-aaea-4299-9419-99eea7445d73",
build / build-image (linux/amd64, ubuntu-latest, false)	UNKNOWN STEP	2026-10-09T10:00:56.3764265Z   "driver": "docker-container",
build / build-image (linux/amd64, ubuntu-latest, false)	UNKNOWN STEP	2026-10-09T10:00:56.3764806Z   "lastActivity": "2026-10-09T10:00:49.000Z"
build / build-image (linux/amd64, ubuntu-latest, false)	UNKNOWN STEP	2026-10-09T10:00:56.3765557Z ***
build / build-image (linux/amd64, ubuntu-latest, false)	UNKNOWN STEP	2026-10-09T10:00:56.3766372Z ##[endgroup]
build / build-image (linux/amd64, ubuntu-latest, false)	UNKNOWN STEP	2026-10-09T10:00:56.3767040Z ##[group]BuildKit version
build / build-image (linux/amd64, ubuntu-latest, false)	UNKNOWN STEP	2026-10-09T10:00:56.3767576Z builder-c6c201ce-aaea-4299-9419-99eea7445d730: v0.33.1
build / build-image (linux/amd64, ubuntu-latest, false)	UNKNOWN STEP	2026-10-09T10:00:56.3768348Z ##[endgroup]
build / build-image (linux/amd64, ubuntu-latest, false)	UNKNOWN STEP	2026-10-09T10:00:56.3841878Z ##[end-action id=__consensys-vertical-apps_shared-services-workflows.__docker_setup-buildx-action;outcome=success;conclusion=success;duration_ms=6995]
build / build-image (linux/amd64, ubuntu-latest, false)	UNKNOWN STEP	2026-10-09T10:00:56.3845435Z ##[start-action display=Configure AWS credentials;id=__consensys-vertical-apps_shared-services-workflows.configure-aws-credentials]
build / build-image (linux/amd64, ubuntu-latest, false)	UNKNOWN STEP	2026-10-09T10:00:56.3897880Z ##[group]Run aws-actions/configure-aws-credentials@e7f100cf4c008499ea8adda475de1042d6975c7b
build / build-image (linux/amd64, ubuntu-latest, false)	UNKNOWN STEP	2026-10-09T10:00:56.3898204Z with:
build / build-image (linux/amd64, ubuntu-latest, false)	UNKNOWN STEP	2026-10-09T10:00:56.3898455Z   role-to-assume: arn:aws:iam::471636589850:role/ecr-github-public-cache-pull
build / build-image (linux/amd64, ubuntu-latest, false)	UNKNOWN STEP	2026-10-09T10:00:56.3898746Z   aws-region: us-east-2
build / build-image (linux/amd64, ubuntu-latest, false)	UNKNOWN STEP	2026-10-09T10:00:56.3898949Z   mask-aws-account-id: true
build / build-image (linux/amd64, ubuntu-latest, false)	UNKNOWN STEP	2026-10-09T10:00:56.3899306Z   audience: sts.amazonaws.com
build / build-image (linux/amd64, ubuntu-latest, false)	UNKNOWN STEP	2026-10-09T10:00:56.3899517Z env:
build / build-image (linux/amd64, ubuntu-latest, false)	UNKNOWN STEP	2026-10-09T10:00:56.3899851Z   JFROG_CLI_ENV_EXCLUDE: *password*;*secret*;*key*;*token*;*auth*;JF_ARTIFACTORY_*;JF_ENV_*;JF_URL;JF_USER;JF_PASSWORD;JF_ACCESS_TOKEN
build / build-image (linux/amd64, ubuntu-latest, false)	UNKNOWN STEP	2026-10-09T10:00:56.3900227Z   JFROG_CLI_OFFER_CONFIG: false
build / build-image (linux/amd64, ubuntu-latest, false)	UNKNOWN STEP	2026-10-09T10:00:56.3900441Z   JFROG_CLI_AVOID_NEW_VERSION_WARNING: true
build / build-image (linux/amd64, ubuntu-latest, false)	UNKNOWN STEP	2026-10-09T10:00:56.3900869Z   JFROG_CLI_SOURCECODE_REPOSITORY: consensys-vertical-apps/va-mmcx-terminal
build / build-image (linux/amd64, ubuntu-latest, false)	UNKNOWN STEP	2026-10-09T10:00:56.3901163Z   JFROG_CLI_CI_JOB_ID: Release
build / build-image (linux/amd64, ubuntu-latest, false)	UNKNOWN STEP	2026-10-09T10:00:56.3901370Z   JFROG_CLI_CI_RUN_ID: 37913592023
build / build-image (linux/amd64, ubuntu-latest, false)	UNKNOWN STEP	2026-10-09T10:00:56.3901579Z   JFROG_CLI_GITHUB_TOKEN: 
build / build-image (linux/amd64, ubuntu-latest, false)	UNKNOWN STEP	2026-10-09T10:00:56.3901826Z   JFROG_CLI_CI_VCS_REVISION: a0c70d313b0b14786b9738dec5a9ccba8653d1bf
build / build-image (linux/amd64, ubuntu-latest, false)	UNKNOWN STEP	2026-10-09T10:00:56.3902093Z   JFROG_CLI_CI_BRANCH: main
build / build-image (linux/amd64, ubuntu-latest, false)	UNKNOWN STEP	2026-10-09T10:00:56.3902384Z   JFROG_CLI_CI_VCS_URL: https://github.com/consensys-vertical-apps/va-mmcx-terminal
build / build-image (linux/amd64, ubuntu-latest, false)	UNKNOWN STEP	2026-10-09T10:00:56.3902683Z   JFROG_CLI_BUILD_NAME: Release
build / build-image (linux/amd64, ubuntu-latest, false)	UNKNOWN STEP	2026-10-09T10:00:56.3902885Z   JFROG_CLI_BUILD_NUMBER: 85
build / build-image (linux/amd64, ubuntu-latest, false)	UNKNOWN STEP	2026-10-09T10:00:56.3903222Z   JFROG_CLI_BUILD_URL: https://github.com/consensys-vertical-apps/va-mmcx-terminal/actions/runs/37913592023
build / build-image (linux/amd64, ubuntu-latest, false)	UNKNOWN STEP	2026-10-09T10:00:56.3903605Z   JFROG_CLI_USER_AGENT: setup-jfrog-cli-github-action/5.1.0
build / build-image (linux/amd64, ubuntu-latest, false)	UNKNOWN STEP	2026-10-09T10:00:56.3903902Z   JFROG_CLI_COMMAND_SUMMARY_OUTPUT_DIR: /home/runner/work/_temp
build / build-image (linux/amd64, ubuntu-latest, false)	UNKNOWN STEP	2026-10-09T10:00:56.3904229Z   JFROG_CLI_USAGE_GH_TOKEN_FOR_CODE_SCANNING_ALERTS_PROVIDED: 
build / build-image (linux/amd64, ubuntu-latest, false)	UNKNOWN STEP	2026-10-09T10:00:56.3904523Z   SETUP_JFROG_CLI_SERVER_IDS: setup-jfrog-cli-server
build / build-image (linux/amd64, ubuntu-latest, false)	UNKNOWN STEP	2026-10-09T10:00:56.3904762Z   FILE: ./Dockerfile
build / build-image (linux/amd64, ubuntu-latest, false)	UNKNOWN STEP	2026-10-09T10:00:56.3904944Z ##[endgroup]
build / build-image (linux/amd64, ubuntu-latest, false)	UNKNOWN STEP	2026-10-09T10:00:56.6616055Z Assuming role with OIDC
build / build-image (linux/amd64, ubuntu-latest, false)	UNKNOWN STEP	2026-10-09T10:00:56.8428145Z Authenticated as assumedRoleId AROAW3T53HUNHCUKTKI6Q:GitHubActions
build / build-image (linux/amd64, ubuntu-latest, false)	UNKNOWN STEP	2026-10-09T10:00:56.8937466Z ##[end-action id=__consensys-vertical-apps_shared-services-workflows.configure-aws-credentials;outcome=success;conclusion=success;duration_ms=509]
build / build-image (linux/amd64, ubuntu-latest, false)	UNKNOWN STEP	2026-10-09T10:00:56.8939728Z ##[start-action display=Login to Amazon ECR;id=__consensys-vertical-apps_shared-services-workflows.ecr]
build / build-image (linux/amd64, ubuntu-latest, false)	UNKNOWN STEP	2026-10-09T10:00:56.8974733Z ##[group]Run aws-actions/amazon-ecr-login@d539f0932e70871a027e9d5a9d8fc38589180a64
build / build-image (linux/amd64, ubuntu-latest, false)	UNKNOWN STEP	2026-10-09T10:00:56.8975034Z with:
build / build-image (linux/amd64, ubuntu-latest, false)	UNKNOWN STEP	2026-10-09T10:00:56.8975215Z   mask-password: true
build / build-image (linux/amd64, ubuntu-latest, false)	UNKNOWN STEP	2026-10-09T10:00:56.8975411Z   registry-type: private
build / build-image (linux/amd64, ubuntu-latest, false)	UNKNOWN STEP	2026-10-09T10:00:56.8975602Z   skip-logout: false
build / build-image (linux/amd64, ubuntu-latest, false)	UNKNOWN STEP	2026-10-09T10:00:56.8975777Z env:
build / build-image (linux/amd64, ubuntu-latest, false)	UNKNOWN STEP	2026-10-09T10:00:56.8976100Z   JFROG_CLI_ENV_EXCLUDE: *password*;*secret*;*key*;*token*;*auth*;JF_ARTIFACTORY_*;JF_ENV_*;JF_URL;JF_USER;JF_PASSWORD;JF_ACCESS_TOKEN
build / build-image (linux/amd64, ubuntu-latest, false)	UNKNOWN STEP	2026-10-09T10:00:56.8976464Z   JFROG_CLI_OFFER_CONFIG: false
build / build-image (linux/amd64, ubuntu-latest, false)	UNKNOWN STEP	2026-10-09T10:00:56.8976675Z   JFROG_CLI_AVOID_NEW_VERSION_WARNING: true
build / build-image (linux/amd64, ubuntu-latest, false)	UNKNOWN STEP	2026-10-09T10:00:56.8976957Z   JFROG_CLI_SOURCECODE_REPOSITORY: consensys-vertical-apps/va-mmcx-terminal
build / build-image (linux/amd64, ubuntu-latest, false)	UNKNOWN STEP	2026-10-09T10:00:56.8977244Z   JFROG_CLI_CI_JOB_ID: Release
build / build-image (linux/amd64, ubuntu-latest, false)	UNKNOWN STEP	2026-10-09T10:00:56.8977445Z   JFROG_CLI_CI_RUN_ID: 37913592023
build / build-image (linux/amd64, ubuntu-latest, false)	UNKNOWN STEP	2026-10-09T10:00:56.8977652Z   JFROG_CLI_GITHUB_TOKEN: 
build / build-image (linux/amd64, ubuntu-latest, false)	UNKNOWN STEP	2026-10-09T10:00:56.8977898Z   JFROG_CLI_CI_VCS_REVISION: a0c70d313b0b14786b9738dec5a9ccba8653d1bf
build / build-image (linux/amd64, ubuntu-latest, false)	UNKNOWN STEP	2026-10-09T10:00:56.8978291Z   JFROG_CLI_CI_BRANCH: main
build / build-image (linux/amd64, ubuntu-latest, false)	UNKNOWN STEP	2026-10-09T10:00:56.8978572Z   JFROG_CLI_CI_VCS_URL: https://github.com/consensys-vertical-apps/va-mmcx-terminal
build / build-image (linux/amd64, ubuntu-latest, false)	UNKNOWN STEP	2026-10-09T10:00:56.8978868Z   JFROG_CLI_BUILD_NAME: Release
build / build-image (linux/amd64, ubuntu-latest, false)	UNKNOWN STEP	2026-10-09T10:00:56.8979069Z   JFROG_CLI_BUILD_NUMBER: 85
build / build-image (linux/amd64, ubuntu-latest, false)	UNKNOWN STEP	2026-10-09T10:00:56.8979386Z   JFROG_CLI_BUILD_URL: https://github.com/consensys-vertical-apps/va-mmcx-terminal/actions/runs/37913592023
build / build-image (linux/amd64, ubuntu-latest, false)	UNKNOWN STEP	2026-10-09T10:00:56.8979755Z   JFROG_CLI_USER_AGENT: setup-jfrog-cli-github-action/5.1.0
build / build-image (linux/amd64, ubuntu-latest, false)	UNKNOWN STEP	2026-10-09T10:00:56.8980045Z   JFROG_CLI_COMMAND_SUMMARY_OUTPUT_DIR: /home/runner/work/_temp
build / build-image (linux/amd64, ubuntu-latest, false)	UNKNOWN STEP	2026-10-09T10:00:56.8980332Z   JFROG_CLI_USAGE_GH_TOKEN_FOR_CODE_SCANNING_ALERTS_PROVIDED: 
build / build-image (linux/amd64, ubuntu-latest, false)	UNKNOWN STEP	2026-10-09T10:00:56.8980610Z   SETUP_JFROG_CLI_SERVER_IDS: setup-jfrog-cli-server
build / build-image (linux/amd64, ubuntu-latest, false)	UNKNOWN STEP	2026-10-09T10:00:56.8981078Z   FILE: ./Dockerfile
build / build-image (linux/amd64, ubuntu-latest, false)	UNKNOWN STEP	2026-10-09T10:00:56.8981361Z   AWS_DEFAULT_REGION: us-east-2
build / build-image (linux/amd64, ubuntu-latest, false)	UNKNOWN STEP	2026-10-09T10:00:56.8981575Z   AWS_REGION: us-east-2
build / build-image (linux/amd64, ubuntu-latest, false)	UNKNOWN STEP	2026-10-09T10:00:56.8981791Z   AWS_ACCESS_KEY_ID: ***
build / build-image (linux/amd64, ubuntu-latest, false)	UNKNOWN STEP	2026-10-09T10:00:56.8982137Z   AWS_SECRET_ACCESS_KEY: ***
build / build-image (linux/amd64, ubuntu-latest, false)	UNKNOWN STEP	2026-10-09T10:00:56.8984653Z   AWS_SESSION_TOKEN: ***
build / build-image (linux/amd64, ubuntu-latest, false)	UNKNOWN STEP	2026-10-09T10:00:56.8984839Z ##[endgroup]
build / build-image (linux/amd64, ubuntu-latest, false)	UNKNOWN STEP	2026-10-09T10:00:56.9657862Z Using environment variable credentials.
build / build-image (linux/amd64, ubuntu-latest, false)	UNKNOWN STEP	2026-10-09T10:00:57.2009207Z Logging into registry ***.dkr.ecr.us-east-2.amazonaws.com
build / build-image (linux/amd64, ubuntu-latest, false)	UNKNOWN STEP	2026-10-09T10:00:57.5738365Z ##[end-action id=__consensys-vertical-apps_shared-services-workflows.ecr;outcome=success;conclusion=success;duration_ms=679]
build / build-image (linux/amd64, ubuntu-latest, false)	UNKNOWN STEP	2026-10-09T10:00:57.5742007Z ##[start-action display=Build and export;id=__consensys-vertical-apps_shared-services-workflows.__docker_build-push-action]
build / build-image (linux/amd64, ubuntu-latest, false)	UNKNOWN STEP	2026-10-09T10:00:57.5812071Z ##[group]Run docker/build-push-action@53b7df96c91f9c12dcc8a07bcb9ccacbed38856a
build / build-image (linux/amd64, ubuntu-latest, false)	UNKNOWN STEP	2026-10-09T10:00:57.5812569Z with:
build / build-image (linux/amd64, ubuntu-latest, false)	UNKNOWN STEP	2026-10-09T10:00:57.5812862Z   context: .
build / build-image (linux/amd64, ubuntu-latest, false)	UNKNOWN STEP	2026-10-09T10:00:57.5813164Z   cache-from: type=gha
build / build-image (linux/amd64, ubuntu-latest, false)	UNKNOWN STEP	2026-10-09T10:00:57.5813493Z   cache-to: type=gha,mode=min
build / build-image (linux/amd64, ubuntu-latest, false)	UNKNOWN STEP	2026-10-09T10:00:57.5825435Z   build-args: ***
build / build-image (linux/amd64, ubuntu-latest, false)	UNKNOWN STEP	
build / build-image (linux/amd64, ubuntu-latest, false)	UNKNOWN STEP	JFROG_ACCESS_TOKEN=***
build / build-image (linux/amd64, ubuntu-latest, false)	UNKNOWN STEP	GITHUB_ACCESS_TOKEN=
build / build-image (linux/amd64, ubuntu-latest, false)	UNKNOWN STEP	
build / build-image (linux/amd64, ubuntu-latest, false)	UNKNOWN STEP	2026-10-09T10:00:57.5825968Z   platforms: linux/amd64
build / build-image (linux/amd64, ubuntu-latest, false)	UNKNOWN STEP	2026-10-09T10:00:57.5826312Z   tags: app:latest
build / build-image (linux/amd64, ubuntu-latest, false)	UNKNOWN STEP	2026-10-09T10:00:57.5826626Z   file: ./Dockerfile
build / build-image (linux/amd64, ubuntu-latest, false)	UNKNOWN STEP	2026-10-09T10:00:57.5826977Z   outputs: type=oci,dest=build.tar
build / build-image (linux/amd64, ubuntu-latest, false)	UNKNOWN STEP	2026-10-09T10:00:57.5827348Z   load: false
build / build-image (linux/amd64, ubuntu-latest, false)	UNKNOWN STEP	2026-10-09T10:00:57.5827659Z   no-cache: false
build / build-image (linux/amd64, ubuntu-latest, false)	UNKNOWN STEP	2026-10-09T10:00:57.5827969Z   pull: false
build / build-image (linux/amd64, ubuntu-latest, false)	UNKNOWN STEP	2026-10-09T10:00:57.5828266Z   push: false
build / build-image (linux/amd64, ubuntu-latest, false)	UNKNOWN STEP	2026-10-09T10:00:57.5831221Z   github-token: ***
build / build-image (linux/amd64, ubuntu-latest, false)	UNKNOWN STEP	2026-10-09T10:00:57.5831546Z env:
build / build-image (linux/amd64, ubuntu-latest, false)	UNKNOWN STEP	2026-10-09T10:00:57.5832143Z   JFROG_CLI_ENV_EXCLUDE: *password*;*secret*;*key*;*token*;*auth*;JF_ARTIFACTORY_*;JF_ENV_*;JF_URL;JF_USER;JF_PASSWORD;JF_ACCESS_TOKEN
build / build-image (linux/amd64, ubuntu-latest, false)	UNKNOWN STEP	2026-10-09T10:00:57.5832811Z   JFROG_CLI_OFFER_CONFIG: false
build / build-image (linux/amd64, ubuntu-latest, false)	UNKNOWN STEP	2026-10-09T10:00:57.5833192Z   JFROG_CLI_AVOID_NEW_VERSION_WARNING: true
build / build-image (linux/amd64, ubuntu-latest, false)	UNKNOWN STEP	2026-10-09T10:00:57.5833704Z   JFROG_CLI_SOURCECODE_REPOSITORY: consensys-vertical-apps/va-mmcx-terminal
build / build-image (linux/amd64, ubuntu-latest, false)	UNKNOWN STEP	2026-10-09T10:00:57.5834219Z   JFROG_CLI_CI_JOB_ID: Release
build / build-image (linux/amd64, ubuntu-latest, false)	UNKNOWN STEP	2026-10-09T10:00:57.5834580Z   JFROG_CLI_CI_RUN_ID: 37913592023
build / build-image (linux/amd64, ubuntu-latest, false)	UNKNOWN STEP	2026-10-09T10:00:57.5834965Z   JFROG_CLI_GITHUB_TOKEN: 
build / build-image (linux/amd64, ubuntu-latest, false)	UNKNOWN STEP	2026-10-09T10:00:57.5835421Z   JFROG_CLI_CI_VCS_REVISION: a0c70d313b0b14786b9738dec5a9ccba8653d1bf
build / build-image (linux/amd64, ubuntu-latest, false)	UNKNOWN STEP	2026-10-09T10:00:57.5835877Z   JFROG_CLI_CI_BRANCH: main
build / build-image (linux/amd64, ubuntu-latest, false)	UNKNOWN STEP	2026-10-09T10:00:57.5836360Z   JFROG_CLI_CI_VCS_URL: https://github.com/consensys-vertical-apps/va-mmcx-terminal
build / build-image (linux/amd64, ubuntu-latest, false)	UNKNOWN STEP	2026-10-09T10:00:57.5836877Z   JFROG_CLI_BUILD_NAME: Release
build / build-image (linux/amd64, ubuntu-latest, false)	UNKNOWN STEP	2026-10-09T10:00:57.5837226Z   JFROG_CLI_BUILD_NUMBER: 85
build / build-image (linux/amd64, ubuntu-latest, false)	UNKNOWN STEP	2026-10-09T10:00:57.5837790Z   JFROG_CLI_BUILD_URL: https://github.com/consensys-vertical-apps/va-mmcx-terminal/actions/runs/37913592023
build / build-image (linux/amd64, ubuntu-latest, false)	UNKNOWN STEP	2026-10-09T10:00:57.5838453Z   JFROG_CLI_USER_AGENT: setup-jfrog-cli-github-action/5.1.0
build / build-image (linux/amd64, ubuntu-latest, false)	UNKNOWN STEP	2026-10-09T10:00:57.5838964Z   JFROG_CLI_COMMAND_SUMMARY_OUTPUT_DIR: /home/runner/work/_temp
build / build-image (linux/amd64, ubuntu-latest, false)	UNKNOWN STEP	2026-10-09T10:00:57.5839481Z   JFROG_CLI_USAGE_GH_TOKEN_FOR_CODE_SCANNING_ALERTS_PROVIDED: 
build / build-image (linux/amd64, ubuntu-latest, false)	UNKNOWN STEP	2026-10-09T10:00:57.5839970Z   SETUP_JFROG_CLI_SERVER_IDS: setup-jfrog-cli-server
build / build-image (linux/amd64, ubuntu-latest, false)	UNKNOWN STEP	2026-10-09T10:00:57.5840382Z   FILE: ./Dockerfile
build / build-image (linux/amd64, ubuntu-latest, false)	UNKNOWN STEP	2026-10-09T10:00:57.5840896Z   AWS_DEFAULT_REGION: us-east-2
build / build-image (linux/amd64, ubuntu-latest, false)	UNKNOWN STEP	2026-10-09T10:00:57.5841514Z   AWS_REGION: us-east-2
build / build-image (linux/amd64, ubuntu-latest, false)	UNKNOWN STEP	2026-10-09T10:00:57.5841883Z   AWS_ACCESS_KEY_ID: ***
build / build-image (linux/amd64, ubuntu-latest, false)	UNKNOWN STEP	2026-10-09T10:00:57.5842296Z   AWS_SECRET_ACCESS_KEY: ***
build / build-image (linux/amd64, ubuntu-latest, false)	UNKNOWN STEP	2026-10-09T10:00:57.5847199Z   AWS_SESSION_TOKEN: ***
build / build-image (linux/amd64, ubuntu-latest, false)	UNKNOWN STEP	2026-10-09T10:00:57.5847550Z ##[endgroup]
build / build-image (linux/amd64, ubuntu-latest, false)	UNKNOWN STEP	2026-10-09T10:00:57.7553536Z ##[group]GitHub Actions runtime token ACs
build / build-image (linux/amd64, ubuntu-latest, false)	UNKNOWN STEP	2026-10-09T10:00:57.7561678Z refs/heads/main: read/write
build / build-image (linux/amd64, ubuntu-latest, false)	UNKNOWN STEP	2026-10-09T10:00:57.7562444Z ##[endgroup]
build / build-image (linux/amd64, ubuntu-latest, false)	UNKNOWN STEP	2026-10-09T10:00:57.7563260Z ##[group]Docker info
build / build-image (linux/amd64, ubuntu-latest, false)	UNKNOWN STEP	2026-10-09T10:00:57.7590067Z [command]/usr/bin/docker version
build / build-image (linux/amd64, ubuntu-latest, false)	UNKNOWN STEP	2026-10-09T10:00:57.7765234Z Client: Docker Engine - Community
build / build-image (linux/amd64, ubuntu-latest, false)	UNKNOWN STEP	2026-10-09T10:00:57.7771300Z  Version:           28.0.4
build / build-image (linux/amd64, ubuntu-latest, false)	UNKNOWN STEP	2026-10-09T10:00:57.7771681Z  API version:       1.48
build / build-image (linux/amd64, ubuntu-latest, false)	UNKNOWN STEP	2026-10-09T10:00:57.7777193Z  Go version:        go1.23.7
build / build-image (linux/amd64, ubuntu-latest, false)	UNKNOWN STEP	2026-10-09T10:00:57.7777983Z  Git commit:        b8034c0
build / build-image (linux/amd64, ubuntu-latest, false)	UNKNOWN STEP	2026-10-09T10:00:57.7783502Z  Built:             Tue Mar 25 15:07:16 2025
build / build-image (linux/amd64, ubuntu-latest, false)	UNKNOWN STEP	2026-10-09T10:00:57.7784164Z  OS/Arch:           linux/amd64
build / build-image (linux/amd64, ubuntu-latest, false)	UNKNOWN STEP	2026-10-09T10:00:57.7784908Z  Context:           default
build / build-image (linux/amd64, ubuntu-latest, false)	UNKNOWN STEP	2026-10-09T10:00:57.7785697Z 
build / build-image (linux/amd64, ubuntu-latest, false)	UNKNOWN STEP	2026-10-09T10:00:57.7786237Z Server: Docker Engine - Community
build / build-image (linux/amd64, ubuntu-latest, false)	UNKNOWN STEP	2026-10-09T10:00:57.7786769Z  Engine:
build / build-image (linux/amd64, ubuntu-latest, false)	UNKNOWN STEP	2026-10-09T10:00:57.7787419Z   Version:          28.0.4
build / build-image (linux/amd64, ubuntu-latest, false)	UNKNOWN STEP	2026-10-09T10:00:57.7787988Z   API version:      1.48 (minimum version 1.24)
build / build-image (linux/amd64, ubuntu-latest, false)	UNKNOWN STEP	2026-10-09T10:00:57.7788734Z   Go version:       go1.23.7
build / build-image (linux/amd64, ubuntu-latest, false)	UNKNOWN STEP	2026-10-09T10:00:57.7789273Z   Git commit:       6430e49
build / build-image (linux/amd64, ubuntu-latest, false)	UNKNOWN STEP	2026-10-09T10:00:57.7790626Z   Built:            Tue Mar 25 15:07:16 2025
build / build-image (linux/amd64, ubuntu-latest, false)	UNKNOWN STEP	2026-10-09T10:00:57.7791991Z   OS/Arch:          linux/amd64
build / build-image (linux/amd64, ubuntu-latest, false)	UNKNOWN STEP	2026-10-09T10:00:57.7792455Z   Experimental:     false
build / build-image (linux/amd64, ubuntu-latest, false)	UNKNOWN STEP	2026-10-09T10:00:57.7793465Z  containerd:
build / build-image (linux/amd64, ubuntu-latest, false)	UNKNOWN STEP	2026-10-09T10:00:57.7793826Z   Version:          v2.3.6
build / build-image (linux/amd64, ubuntu-latest, false)	UNKNOWN STEP	2026-10-09T10:00:57.7794699Z   GitCommit:        ee2735368117d2eb259779949d5e75cdafec9761
build / build-image (linux/amd64, ubuntu-latest, false)	UNKNOWN STEP	2026-10-09T10:00:57.7795291Z  runc:
build / build-image (linux/amd64, ubuntu-latest, false)	UNKNOWN STEP	2026-10-09T10:00:57.7796139Z   Version:          1.5.1
build / build-image (linux/amd64, ubuntu-latest, false)	UNKNOWN STEP	2026-10-09T10:00:57.7796737Z   GitCommit:        v1.5.1-0-g8f2685a4
build / build-image (linux/amd64, ubuntu-latest, false)	UNKNOWN STEP	2026-10-09T10:00:57.7798620Z  docker-init:
build / build-image (linux/amd64, ubuntu-latest, false)	UNKNOWN STEP	2026-10-09T10:00:57.7799342Z   Version:          0.19.0
build / build-image (linux/amd64, ubuntu-latest, false)	UNKNOWN STEP	2026-10-09T10:00:57.7800154Z   GitCommit:        de40ad0
build / build-image (linux/amd64, ubuntu-latest, false)	UNKNOWN STEP	2026-10-09T10:00:57.7801813Z [command]/usr/bin/docker info
build / build-image (linux/amd64, ubuntu-latest, false)	UNKNOWN STEP	2026-10-09T10:00:57.8209627Z Client: Docker Engine - Community
build / build-image (linux/amd64, ubuntu-latest, false)	UNKNOWN STEP	2026-10-09T10:00:57.8210021Z  Version:    28.0.4
build / build-image (linux/amd64, ubuntu-latest, false)	UNKNOWN STEP	2026-10-09T10:00:57.8210223Z  Context:    default
build / build-image (linux/amd64, ubuntu-latest, false)	UNKNOWN STEP	2026-10-09T10:00:57.8210421Z  Debug Mode: false
build / build-image (linux/amd64, ubuntu-latest, false)	UNKNOWN STEP	2026-10-09T10:00:57.8210655Z  Plugins:
build / build-image (linux/amd64, ubuntu-latest, false)	UNKNOWN STEP	2026-10-09T10:00:57.8211066Z   buildx: Docker Buildx (Docker Inc.)
build / build-image (linux/amd64, ubuntu-latest, false)	UNKNOWN STEP	2026-10-09T10:00:57.8211296Z     Version:  v0.37.2
build / build-image (linux/amd64, ubuntu-latest, false)	UNKNOWN STEP	2026-10-09T10:00:57.8211610Z     Path:     /usr/libexec/docker/cli-plugins/docker-buildx
build / build-image (linux/amd64, ubuntu-latest, false)	UNKNOWN STEP	2026-10-09T10:00:57.8211894Z   compose: Docker Compose (Docker Inc.)
build / build-image (linux/amd64, ubuntu-latest, false)	UNKNOWN STEP	2026-10-09T10:00:57.8212125Z     Version:  v2.38.2
build / build-image (linux/amd64, ubuntu-latest, false)	UNKNOWN STEP	2026-10-09T10:00:57.8212426Z     Path:     /usr/libexec/docker/cli-plugins/docker-compose
build / build-image (linux/amd64, ubuntu-latest, false)	UNKNOWN STEP	2026-10-09T10:00:57.8212607Z 
build / build-image (linux/amd64, ubuntu-latest, false)	UNKNOWN STEP	2026-10-09T10:00:57.8212692Z Server:
build / build-image (linux/amd64, ubuntu-latest, false)	UNKNOWN STEP	2026-10-09T10:00:57.8212874Z  Containers: 1
build / build-image (linux/amd64, ubuntu-latest, false)	UNKNOWN STEP	2026-10-09T10:00:57.8213125Z   Running: 1
build / build-image (linux/amd64, ubuntu-latest, false)	UNKNOWN STEP	2026-10-09T10:00:57.8213308Z   Paused: 0
build / build-image (linux/amd64, ubuntu-latest, false)	UNKNOWN STEP	2026-10-09T10:00:57.8213485Z   Stopped: 0
build / build-image (linux/amd64, ubuntu-latest, false)	UNKNOWN STEP	2026-10-09T10:00:57.8213690Z  Images: 8
build / build-image (linux/amd64, ubuntu-latest, false)	UNKNOWN STEP	2026-10-09T10:00:57.8213983Z  Server Version: 28.0.4
build / build-image (linux/amd64, ubuntu-latest, false)	UNKNOWN STEP	2026-10-09T10:00:57.8214190Z  Storage Driver: overlay2
build / build-image (linux/amd64, ubuntu-latest, false)	UNKNOWN STEP	2026-10-09T10:00:57.8214396Z   Backing Filesystem: extfs
build / build-image (linux/amd64, ubuntu-latest, false)	UNKNOWN STEP	2026-10-09T10:00:57.8214674Z   Supports d_type: true
build / build-image (linux/amd64, ubuntu-latest, false)	UNKNOWN STEP	2026-10-09T10:00:57.8215070Z   Using metacopy: false
build / build-image (linux/amd64, ubuntu-latest, false)	UNKNOWN STEP	2026-10-09T10:00:57.8216987Z   Native Overlay Diff: false
build / build-image (linux/amd64, ubuntu-latest, false)	UNKNOWN STEP	2026-10-09T10:00:57.8217672Z   userxattr: false
build / build-image (linux/amd64, ubuntu-latest, false)	UNKNOWN STEP	2026-10-09T10:00:57.8222695Z  Logging Driver: json-file
build / build-image (linux/amd64, ubuntu-latest, false)	UNKNOWN STEP	2026-10-09T10:00:57.8223473Z  Cgroup Driver: systemd
build / build-image (linux/amd64, ubuntu-latest, false)	UNKNOWN STEP	2026-10-09T10:00:57.8223963Z  Cgroup Version: 2
build / build-image (linux/amd64, ubuntu-latest, false)	UNKNOWN STEP	2026-10-09T10:00:57.8224596Z  Plugins:
build / build-image (linux/amd64, ubuntu-latest, false)	UNKNOWN STEP	2026-10-09T10:00:57.8226077Z   Volume: local
build / build-image (linux/amd64, ubuntu-latest, false)	UNKNOWN STEP	2026-10-09T10:00:57.8226541Z   Network: bridge host ipvlan macvlan null overlay
build / build-image (linux/amd64, ubuntu-latest, false)	UNKNOWN STEP	2026-10-09T10:00:57.8227422Z   Log: awslogs fluentd gcplogs gelf journald json-file local splunk syslog
build / build-image (linux/amd64, ubuntu-latest, false)	UNKNOWN STEP	2026-10-09T10:00:57.8229239Z  Swarm: inactive
build / build-image (linux/amd64, ubuntu-latest, false)	UNKNOWN STEP	2026-10-09T10:00:57.8229552Z  Runtimes: io.containerd.runc.v2 runc
build / build-image (linux/amd64, ubuntu-latest, false)	UNKNOWN STEP	2026-10-09T10:00:57.8229905Z  Default Runtime: runc
build / build-image (linux/amd64, ubuntu-latest, false)	UNKNOWN STEP	2026-10-09T10:00:57.8230213Z  Init Binary: docker-init
build / build-image (linux/amd64, ubuntu-latest, false)	UNKNOWN STEP	2026-10-09T10:00:57.8231504Z  containerd version: ee2735368117d2eb259779949d5e75cdafec9761
build / build-image (linux/amd64, ubuntu-latest, false)	UNKNOWN STEP	2026-10-09T10:00:57.8231934Z  runc version: v1.5.1-0-g8f2685a4
build / build-image (linux/amd64, ubuntu-latest, false)	UNKNOWN STEP	2026-10-09T10:00:57.8232268Z  init version: de40ad0
build / build-image (linux/amd64, ubuntu-latest, false)	UNKNOWN STEP	2026-10-09T10:00:57.8232572Z  Security Options:
build / build-image (linux/amd64, ubuntu-latest, false)	UNKNOWN STEP	2026-10-09T10:00:57.8232864Z   apparmor
build / build-image (linux/amd64, ubuntu-latest, false)	UNKNOWN STEP	2026-10-09T10:00:57.8233141Z   seccomp
build / build-image (linux/amd64, ubuntu-latest, false)	UNKNOWN STEP	2026-10-09T10:00:57.8233421Z    Profile: builtin
build / build-image (linux/amd64, ubuntu-latest, false)	UNKNOWN STEP	2026-10-09T10:00:57.8233704Z   cgroupns
build / build-image (linux/amd64, ubuntu-latest, false)	UNKNOWN STEP	2026-10-09T10:00:57.8233986Z  Kernel Version: 6.17.0-1022-azure
build / build-image (linux/amd64, ubuntu-latest, false)	UNKNOWN STEP	2026-10-09T10:00:57.8234331Z  Operating System: Ubuntu 24.04.5 LTS
build / build-image (linux/amd64, ubuntu-latest, false)	UNKNOWN STEP	2026-10-09T10:00:57.8234661Z  OSType: linux
build / build-image (linux/amd64, ubuntu-latest, false)	UNKNOWN STEP	2026-10-09T10:00:57.8234941Z  Architecture: x86_64
build / build-image (linux/amd64, ubuntu-latest, false)	UNKNOWN STEP	2026-10-09T10:00:57.8235346Z  CPUs: 2
build / build-image (linux/amd64, ubuntu-latest, false)	UNKNOWN STEP	2026-10-09T10:00:57.8235617Z  Total Memory: 7.752GiB
build / build-image (linux/amd64, ubuntu-latest, false)	UNKNOWN STEP	2026-10-09T10:00:57.8235908Z  Name: runnervmmprz5
build / build-image (linux/amd64, ubuntu-latest, false)	UNKNOWN STEP	2026-10-09T10:00:57.8236213Z  ID: 07f0e779-c305-4162-b8ec-c48c30f52fbe
build / build-image (linux/amd64, ubuntu-latest, false)	UNKNOWN STEP	2026-10-09T10:00:57.8236570Z  Docker Root Dir: /var/lib/docker
build / build-image (linux/amd64, ubuntu-latest, false)	UNKNOWN STEP	2026-10-09T10:00:57.8236881Z  Debug Mode: false
build / build-image (linux/amd64, ubuntu-latest, false)	UNKNOWN STEP	2026-10-09T10:00:57.8237169Z  Username: githubactions
build / build-image (linux/amd64, ubuntu-latest, false)	UNKNOWN STEP	2026-10-09T10:00:57.8237706Z  Experimental: false
build / build-image (linux/amd64, ubuntu-latest, false)	UNKNOWN STEP	2026-10-09T10:00:57.8238009Z  Insecure Registries:
build / build-image (linux/amd64, ubuntu-latest, false)	UNKNOWN STEP	2026-10-09T10:00:57.8238346Z   ::1/128
build / build-image (linux/amd64, ubuntu-latest, false)	UNKNOWN STEP	2026-10-09T10:00:57.8238605Z   127.0.0.0/8
build / build-image (linux/amd64, ubuntu-latest, false)	UNKNOWN STEP	2026-10-09T10:00:57.8238888Z  Live Restore Enabled: false
build / build-image (linux/amd64, ubuntu-latest, false)	UNKNOWN STEP	2026-10-09T10:00:57.8239079Z 
build / build-image (linux/amd64, ubuntu-latest, false)	UNKNOWN STEP	2026-10-09T10:00:57.8240173Z ##[endgroup]
build / build-image (linux/amd64, ubuntu-latest, false)	UNKNOWN STEP	2026-10-09T10:00:57.8242952Z ##[group]Proxy configuration
build / build-image (linux/amd64, ubuntu-latest, false)	UNKNOWN STEP	2026-10-09T10:00:57.8246766Z No proxy configuration found
build / build-image (linux/amd64, ubuntu-latest, false)	UNKNOWN STEP	2026-10-09T10:00:57.8247738Z ##[endgroup]
build / build-image (linux/amd64, ubuntu-latest, false)	UNKNOWN STEP	2026-10-09T10:00:57.8659904Z ##[group]Buildx version
build / build-image (linux/amd64, ubuntu-latest, false)	UNKNOWN STEP	2026-10-09T10:00:57.8678031Z [command]/usr/bin/docker buildx version
build / build-image (linux/amd64, ubuntu-latest, false)	UNKNOWN STEP	2026-10-09T10:00:57.9041883Z github.com/docker/buildx v0.37.2 2d379c0c3f22da0d2759d132a0ec81ca949098f0
build / build-image (linux/amd64, ubuntu-latest, false)	UNKNOWN STEP	2026-10-09T10:00:57.9068983Z ##[endgroup]
build / build-image (linux/amd64, ubuntu-latest, false)	UNKNOWN STEP	2026-10-09T10:00:57.9069726Z ##[group]Builder info
build / build-image (linux/amd64, ubuntu-latest, false)	UNKNOWN STEP	2026-10-09T10:00:57.9793330Z ***
build / build-image (linux/amd64, ubuntu-latest, false)	UNKNOWN STEP	2026-10-09T10:00:57.9794050Z   "nodes": [
build / build-image (linux/amd64, ubuntu-latest, false)	UNKNOWN STEP	2026-10-09T10:00:57.9794898Z     ***
build / build-image (linux/amd64, ubuntu-latest, false)	UNKNOWN STEP	2026-10-09T10:00:57.9796939Z       "name": "builder-c6c201ce-aaea-4299-9419-99eea7445d730",
build / build-image (linux/amd64, ubuntu-latest, false)	UNKNOWN STEP	2026-10-09T10:00:57.9797473Z       "endpoint": "unix:///var/run/docker.sock",
build / build-image (linux/amd64, ubuntu-latest, false)	UNKNOWN STEP	2026-10-09T10:00:57.9797886Z       "status": "running",
build / build-image (linux/amd64, ubuntu-latest, false)	UNKNOWN STEP	2026-10-09T10:00:57.9798546Z       "buildkitd-flags": "--allow-insecure-entitlement security.insecure --allow-insecure-entitlement network.host",
build / build-image (linux/amd64, ubuntu-latest, false)	UNKNOWN STEP	2026-10-09T10:00:57.9811807Z       "buildkit": "v0.33.1",
build / build-image (linux/amd64, ubuntu-latest, false)	UNKNOWN STEP	2026-10-09T10:00:57.9812670Z       "platforms": "linux/amd64,linux/amd64/v2,linux/amd64/v3,linux/amd64/v4,linux/arm64,linux/riscv64,linux/ppc64le,linux/s390x,linux/386,linux/mips64le,linux/mips64,linux/loong64,linux/arm/v7,linux/arm/v6",
build / build-image (linux/amd64, ubuntu-latest, false)	UNKNOWN STEP	2026-10-09T10:00:57.9813550Z       "features": ***
build / build-image (linux/amd64, ubuntu-latest, false)	UNKNOWN STEP	2026-10-09T10:00:57.9813968Z         "Automatically load images to the Docker Engine image store": true,
build / build-image (linux/amd64, ubuntu-latest, false)	UNKNOWN STEP	2026-10-09T10:00:57.9814459Z         "Cache export": true,
build / build-image (linux/amd64, ubuntu-latest, false)	UNKNOWN STEP	2026-10-09T10:00:57.9814798Z         "Direct push": true,
build / build-image (linux/amd64, ubuntu-latest, false)	UNKNOWN STEP	2026-10-09T10:00:57.9815125Z         "Docker exporter": true,
build / build-image (linux/amd64, ubuntu-latest, false)	UNKNOWN STEP	2026-10-09T10:00:57.9815476Z         "Multi-platform build": true,
build / build-image (linux/amd64, ubuntu-latest, false)	UNKNOWN STEP	2026-10-09T10:00:57.9815834Z         "OCI exporter": true
build / build-image (linux/amd64, ubuntu-latest, false)	UNKNOWN STEP	2026-10-09T10:00:57.9816205Z       ***,
build / build-image (linux/amd64, ubuntu-latest, false)	UNKNOWN STEP	2026-10-09T10:00:57.9816492Z       "labels": ***
build / build-image (linux/amd64, ubuntu-latest, false)	UNKNOWN STEP	2026-10-09T10:00:57.9816859Z         "org.mobyproject.buildkit.worker.executor": "oci",
build / build-image (linux/amd64, ubuntu-latest, false)	UNKNOWN STEP	2026-10-09T10:00:57.9817374Z         "org.mobyproject.buildkit.worker.hostname": "4a9dfc27f7de",
build / build-image (linux/amd64, ubuntu-latest, false)	UNKNOWN STEP	2026-10-09T10:00:57.9817879Z         "org.mobyproject.buildkit.worker.network": "host",
build / build-image (linux/amd64, ubuntu-latest, false)	UNKNOWN STEP	2026-10-09T10:00:57.9818395Z         "org.mobyproject.buildkit.worker.oci.process-mode": "sandbox",
build / build-image (linux/amd64, ubuntu-latest, false)	UNKNOWN STEP	2026-10-09T10:00:57.9818933Z         "org.mobyproject.buildkit.worker.selinux.enabled": "false",
build / build-image (linux/amd64, ubuntu-latest, false)	UNKNOWN STEP	2026-10-09T10:00:57.9819448Z         "org.mobyproject.buildkit.worker.snapshotter": "overlayfs"
build / build-image (linux/amd64, ubuntu-latest, false)	UNKNOWN STEP	2026-10-09T10:00:57.9819881Z       ***,
build / build-image (linux/amd64, ubuntu-latest, false)	UNKNOWN STEP	2026-10-09T10:00:57.9820152Z       "gcPolicy": [
build / build-image (linux/amd64, ubuntu-latest, false)	UNKNOWN STEP	2026-10-09T10:00:57.9820440Z         ***
build / build-image (linux/amd64, ubuntu-latest, false)	UNKNOWN STEP	2026-10-09T10:00:57.9820704Z           "all": false,
build / build-image (linux/amd64, ubuntu-latest, false)	UNKNOWN STEP	2026-10-09T10:00:57.9821474Z           "filter": [
build / build-image (linux/amd64, ubuntu-latest, false)	UNKNOWN STEP	2026-10-09T10:00:57.9821856Z             "type==source.local type==exec.cachemount type==source.git.checkout"
build / build-image (linux/amd64, ubuntu-latest, false)	UNKNOWN STEP	2026-10-09T10:00:57.9822269Z           ],
build / build-image (linux/amd64, ubuntu-latest, false)	UNKNOWN STEP	2026-10-09T10:00:57.9822814Z           "keepDuration": "48h0m0s",
build / build-image (linux/amd64, ubuntu-latest, false)	UNKNOWN STEP	2026-10-09T10:00:57.9823135Z           "maxUsedSpace": "488.3MiB"
build / build-image (linux/amd64, ubuntu-latest, false)	UNKNOWN STEP	2026-10-09T10:00:57.9823448Z         ***,
build / build-image (linux/amd64, ubuntu-latest, false)	UNKNOWN STEP	2026-10-09T10:00:57.9823704Z         ***
build / build-image (linux/amd64, ubuntu-latest, false)	UNKNOWN STEP	2026-10-09T10:00:57.9823961Z           "all": false,
build / build-image (linux/amd64, ubuntu-latest, false)	UNKNOWN STEP	2026-10-09T10:00:57.9824252Z           "keepDuration": "1440h0m0s",
build / build-image (linux/amd64, ubuntu-latest, false)	UNKNOWN STEP	2026-10-09T10:00:57.9824574Z           "reservedSpace": "7.451GiB",
build / build-image (linux/amd64, ubuntu-latest, false)	UNKNOWN STEP	2026-10-09T10:00:57.9824903Z           "maxUsedSpace": "54.02GiB",
build / build-image (linux/amd64, ubuntu-latest, false)	UNKNOWN STEP	2026-10-09T10:00:57.9825223Z           "minFreeSpace": "13.97GiB"
build / build-image (linux/amd64, ubuntu-latest, false)	UNKNOWN STEP	2026-10-09T10:00:57.9825533Z         ***,
build / build-image (linux/amd64, ubuntu-latest, false)	UNKNOWN STEP	2026-10-09T10:00:57.9825789Z         ***
build / build-image (linux/amd64, ubuntu-latest, false)	UNKNOWN STEP	2026-10-09T10:00:57.9826047Z           "all": false,
build / build-image (linux/amd64, ubuntu-latest, false)	UNKNOWN STEP	2026-10-09T10:00:57.9826332Z           "reservedSpace": "7.451GiB",
build / build-image (linux/amd64, ubuntu-latest, false)	UNKNOWN STEP	2026-10-09T10:00:57.9826658Z           "maxUsedSpace": "54.02GiB",
build / build-image (linux/amd64, ubuntu-latest, false)	UNKNOWN STEP	2026-10-09T10:00:57.9826985Z           "minFreeSpace": "13.97GiB"
build / build-image (linux/amd64, ubuntu-latest, false)	UNKNOWN STEP	2026-10-09T10:00:57.9827293Z         ***,
build / build-image (linux/amd64, ubuntu-latest, false)	UNKNOWN STEP	2026-10-09T10:00:57.9827554Z         ***
build / build-image (linux/amd64, ubuntu-latest, false)	UNKNOWN STEP	2026-10-09T10:00:57.9827818Z           "all": true,
build / build-image (linux/amd64, ubuntu-latest, false)	UNKNOWN STEP	2026-10-09T10:00:57.9828282Z           "reservedSpace": "7.451GiB",
build / build-image (linux/amd64, ubuntu-latest, false)	UNKNOWN STEP	2026-10-09T10:00:57.9828628Z           "maxUsedSpace": "54.02GiB",
build / build-image (linux/amd64, ubuntu-latest, false)	UNKNOWN STEP	2026-10-09T10:00:57.9828977Z           "minFreeSpace": "13.97GiB"
build / build-image (linux/amd64, ubuntu-latest, false)	UNKNOWN STEP	2026-10-09T10:00:57.9829287Z         ***
build / build-image (linux/amd64, ubuntu-latest, false)	UNKNOWN STEP	2026-10-09T10:00:57.9829542Z       ]
build / build-image (linux/amd64, ubuntu-latest, false)	UNKNOWN STEP	2026-10-09T10:00:57.9829799Z     ***
build / build-image (linux/amd64, ubuntu-latest, false)	UNKNOWN STEP	2026-10-09T10:00:57.9830049Z   ],
build / build-image (linux/amd64, ubuntu-latest, false)	UNKNOWN STEP	2026-10-09T10:00:57.9830374Z   "name": "builder-c6c201ce-aaea-4299-9419-99eea7445d73",
build / build-image (linux/amd64, ubuntu-latest, false)	UNKNOWN STEP	2026-10-09T10:00:57.9841713Z   "driver": "docker-container",
build / build-image (linux/amd64, ubuntu-latest, false)	UNKNOWN STEP	2026-10-09T10:00:57.9842129Z   "lastActivity": "2026-10-09T10:00:49.000Z"
build / build-image (linux/amd64, ubuntu-latest, false)	UNKNOWN STEP	2026-10-09T10:00:57.9842501Z ***
build / build-image (linux/amd64, ubuntu-latest, false)	UNKNOWN STEP	2026-10-09T10:00:57.9843105Z ##[endgroup]
build / build-image (linux/amd64, ubuntu-latest, false)	UNKNOWN STEP	2026-10-09T10:00:58.1000074Z [command]/usr/bin/docker buildx build --build-arg *** --build-arg *** --build-arg *** --build-arg *** --build-arg *** --build-arg *** --build-arg *** --build-arg *** --build-arg *** --build-arg *** --build-arg *** --build-arg JFROG_ACCESS_TOKEN=*** --build-arg GITHUB_ACCESS_TOKEN= --cache-from type=gha --cache-to type=gha,mode=min --file ./Dockerfile --iidfile /home/runner/work/_temp/docker-actions-toolkit-21dn70/build-iidfile-3c28ddc166.txt --output type=oci,dest=build.tar --platform linux/amd64 --attest type=provenance,mode=min,inline-only=true,builder-id=https://github.com/consensys-vertical-apps/va-mmcx-terminal/actions/runs/37913592023/attempts/1 --tag app:latest --metadata-file /home/runner/work/_temp/docker-actions-toolkit-21dn70/build-metadata-cb5a6bbd0f.json .
build / build-image (linux/amd64, ubuntu-latest, false)	UNKNOWN STEP	2026-10-09T10:00:58.3180116Z #0 building with "builder-c6c201ce-aaea-4299-9419-99eea7445d73" instance using docker-container driver
build / build-image (linux/amd64, ubuntu-latest, false)	UNKNOWN STEP	2026-10-09T10:00:58.3183475Z 
build / build-image (linux/amd64, ubuntu-latest, false)	UNKNOWN STEP	2026-10-09T10:00:58.3183905Z #1 [internal] load build definition from Dockerfile
build / build-image (linux/amd64, ubuntu-latest, false)	UNKNOWN STEP	2026-10-09T10:00:58.3184657Z #1 transferring dockerfile: 2.25kB done
build / build-image (linux/amd64, ubuntu-latest, false)	UNKNOWN STEP	2026-10-09T10:00:58.3185271Z #1 DONE 0.0s
build / build-image (linux/amd64, ubuntu-latest, false)	UNKNOWN STEP	2026-10-09T10:00:58.3185851Z 
build / build-image (linux/amd64, ubuntu-latest, false)	UNKNOWN STEP	2026-10-09T10:00:58.3186288Z #2 [auth] sharing credentials for ***.dkr.ecr.us-east-2.amazonaws.com
build / build-image (linux/amd64, ubuntu-latest, false)	UNKNOWN STEP	2026-10-09T10:00:58.4686219Z #2 DONE 0.0s
build / build-image (linux/amd64, ubuntu-latest, false)	UNKNOWN STEP	2026-10-09T10:00:58.4686444Z 
build / build-image (linux/amd64, ubuntu-latest, false)	UNKNOWN STEP	2026-10-09T10:00:58.4686883Z #3 [internal] load metadata for ***.dkr.ecr.us-east-2.amazonaws.com/gcr-io-distroless:nodejs22-debian12
build / build-image (linux/amd64, ubuntu-latest, false)	UNKNOWN STEP	2026-10-09T10:00:58.8499887Z #3 DONE 0.7s
build / build-image (linux/amd64, ubuntu-latest, false)	UNKNOWN STEP	2026-10-09T10:00:58.8500375Z 
build / build-image (linux/amd64, ubuntu-latest, false)	UNKNOWN STEP	2026-10-09T10:00:58.8500989Z #4 [internal] load metadata for ***.dkr.ecr.us-east-2.amazonaws.com/docker-hub/library/node:22.20-alpine3.22
build / build-image (linux/amd64, ubuntu-latest, false)	UNKNOWN STEP	2026-10-09T10:00:59.0398124Z #4 DONE 0.7s
build / build-image (linux/amd64, ubuntu-latest, false)	UNKNOWN STEP	2026-10-09T10:00:59.0398477Z 
build / build-image (linux/amd64, ubuntu-latest, false)	UNKNOWN STEP	2026-10-09T10:00:59.0399431Z #5 [internal] load .dockerignore
build / build-image (linux/amd64, ubuntu-latest, false)	UNKNOWN STEP	2026-10-09T10:00:59.0399949Z #5 transferring context: 2B done
build / build-image (linux/amd64, ubuntu-latest, false)	UNKNOWN STEP	2026-10-09T10:00:59.0401900Z #5 DONE 0.0s
build / build-image (linux/amd64, ubuntu-latest, false)	UNKNOWN STEP	2026-10-09T10:00:59.0402016Z 
build / build-image (linux/amd64, ubuntu-latest, false)	UNKNOWN STEP	2026-10-09T10:00:59.0402107Z #6 [internal] load build context
build / build-image (linux/amd64, ubuntu-latest, false)	UNKNOWN STEP	2026-10-09T10:00:59.0402537Z #6 DONE 0.0s
build / build-image (linux/amd64, ubuntu-latest, false)	UNKNOWN STEP	2026-10-09T10:00:59.0402686Z 
build / build-image (linux/amd64, ubuntu-latest, false)	UNKNOWN STEP	2026-10-09T10:00:59.0403364Z #7 [runner 1/4] FROM ***.dkr.ecr.us-east-2.amazonaws.com/gcr-io-distroless:nodejs22-debian12@sha256:fd90468f47e91d0d3c9bc055c8c09edbf0c225c3c795d0c266e2ca94b3ba17e3
build / build-image (linux/amd64, ubuntu-latest, false)	UNKNOWN STEP	2026-10-09T10:00:59.0404417Z #7 resolve ***.dkr.ecr.us-east-2.amazonaws.com/gcr-io-distroless:nodejs22-debian12@sha256:fd90468f47e91d0d3c9bc055c8c09edbf0c225c3c795d0c266e2ca94b3ba17e3 done
build / build-image (linux/amd64, ubuntu-latest, false)	UNKNOWN STEP	2026-10-09T10:00:59.0405377Z #7 DONE 0.0s
build / build-image (linux/amd64, ubuntu-latest, false)	UNKNOWN STEP	2026-10-09T10:00:59.0405480Z 
build / build-image (linux/amd64, ubuntu-latest, false)	UNKNOWN STEP	2026-10-09T10:00:59.0406067Z #8 [builder 1/8] FROM ***.dkr.ecr.us-east-2.amazonaws.com/docker-hub/library/node:22.20-alpine3.22@sha256:dbcedd8aeab47fbc0f4dd4bffa55b7c3c729a707875968d467aaaea42d6225af
build / build-image (linux/amd64, ubuntu-latest, false)	UNKNOWN STEP	2026-10-09T10:00:59.0407005Z #8 resolve ***.dkr.ecr.us-east-2.amazonaws.com/docker-hub/library/node:22.20-alpine3.22@sha256:dbcedd8aeab47fbc0f4dd4bffa55b7c3c729a707875968d467aaaea42d6225af done
build / build-image (linux/amd64, ubuntu-latest, false)	UNKNOWN STEP	2026-10-09T10:00:59.0409554Z #8 DONE 0.0s
build / build-image (linux/amd64, ubuntu-latest, false)	UNKNOWN STEP	2026-10-09T10:00:59.0409718Z 
build / build-image (linux/amd64, ubuntu-latest, false)	UNKNOWN STEP	2026-10-09T10:00:59.0409971Z #9 importing cache manifest from gha:2806157063426977460
build / build-image (linux/amd64, ubuntu-latest, false)	UNKNOWN STEP	2026-10-09T10:00:59.0410344Z #9 DONE 0.1s
build / build-image (linux/amd64, ubuntu-latest, false)	UNKNOWN STEP	2026-10-09T10:00:59.1465402Z 
build / build-image (linux/amd64, ubuntu-latest, false)	UNKNOWN STEP	2026-10-09T10:00:59.1466518Z #7 [runner 1/4] FROM ***.dkr.ecr.us-east-2.amazonaws.com/gcr-io-distroless:nodejs22-debian12@sha256:fd90468f47e91d0d3c9bc055c8c09edbf0c225c3c795d0c266e2ca94b3ba17e3
build / build-image (linux/amd64, ubuntu-latest, false)	UNKNOWN STEP	2026-10-09T10:00:59.1467804Z #7 DONE 0.1s
build / build-image (linux/amd64, ubuntu-latest, false)	UNKNOWN STEP	2026-10-09T10:00:59.1468184Z 
build / build-image (linux/amd64, ubuntu-latest, false)	UNKNOWN STEP	2026-10-09T10:00:59.1469430Z #8 [builder 1/8] FROM ***.dkr.ecr.us-east-2.amazonaws.com/docker-hub/library/node:22.20-alpine3.22@sha256:dbcedd8aeab47fbc0f4dd4bffa55b7c3c729a707875968d467aaaea42d6225af
build / build-image (linux/amd64, ubuntu-latest, false)	UNKNOWN STEP	2026-10-09T10:00:59.2514566Z #8 sha256:44a43d49c5117bb6048f44499d8980962eb8c429b52ea12441d635c0c1c9a56b 447B / 447B 0.1s done
build / build-image (linux/amd64, ubuntu-latest, false)	UNKNOWN STEP	2026-10-09T10:00:59.3525860Z #8 sha256:b6cd7e47c1da3b1d6d5752f0fe515ebf93bef68421b4748c48302b6b6dddc0dc 0B / 1.26MB 0.2s
build / build-image (linux/amd64, ubuntu-latest, false)	UNKNOWN STEP	2026-10-09T10:00:59.3526773Z #8 sha256:2f385331c129e26191cd1be348031f074d5cef6ae65f0b4c575f5470aeeb5290 0B / 51.49MB 0.2s
build / build-image (linux/amd64, ubuntu-latest, false)	UNKNOWN STEP	2026-10-09T10:00:59.3536228Z #8 sha256:2d35ebdb57d9971fea0cac1582aa78935adf8058b2cc32db163c98822e5dfa1b 0B / 3.80MB 0.2s
build / build-image (linux/amd64, ubuntu-latest, false)	UNKNOWN STEP	2026-10-09T10:00:59.6830880Z #8 ...
build / build-image (linux/amd64, ubuntu-latest, false)	UNKNOWN STEP	2026-10-09T10:00:59.6831084Z 
build / build-image (linux/amd64, ubuntu-latest, false)	UNKNOWN STEP	2026-10-09T10:00:59.6831776Z #6 [internal] load build context
build / build-image (linux/amd64, ubuntu-latest, false)	UNKNOWN STEP	2026-10-09T10:00:59.6832478Z #6 transferring context: 36.67MB 0.5s done
build / build-image (linux/amd64, ubuntu-latest, false)	UNKNOWN STEP	2026-10-09T10:00:59.6833254Z #6 DONE 0.6s
build / build-image (linux/amd64, ubuntu-latest, false)	UNKNOWN STEP	2026-10-09T10:00:59.6833642Z 
build / build-image (linux/amd64, ubuntu-latest, false)	UNKNOWN STEP	2026-10-09T10:00:59.6834316Z #8 [builder 1/8] FROM ***.dkr.ecr.us-east-2.amazonaws.com/docker-hub/library/node:22.20-alpine3.22@sha256:dbcedd8aeab47fbc0f4dd4bffa55b7c3c729a707875968d467aaaea42d6225af
build / build-image (linux/amd64, ubuntu-latest, false)	UNKNOWN STEP	2026-10-09T10:00:59.8327174Z #8 sha256:b6cd7e47c1da3b1d6d5752f0fe515ebf93bef68421b4748c48302b6b6dddc0dc 1.26MB / 1.26MB 0.6s done
build / build-image (linux/amd64, ubuntu-latest, false)	UNKNOWN STEP	2026-10-09T10:00:59.9485417Z #8 sha256:2d35ebdb57d9971fea0cac1582aa78935adf8058b2cc32db163c98822e5dfa1b 3.80MB / 3.80MB 0.8s done
build / build-image (linux/amd64, ubuntu-latest, false)	UNKNOWN STEP	2026-10-09T10:01:00.0487591Z #8 sha256:2f385331c129e26191cd1be348031f074d5cef6ae65f0b4c575f5470aeeb5290 6.29MB / 51.49MB 0.9s
build / build-image (linux/amd64, ubuntu-latest, false)	UNKNOWN STEP	2026-10-09T10:01:00.0488466Z #8 extracting sha256:2d35ebdb57d9971fea0cac1582aa78935adf8058b2cc32db163c98822e5dfa1b 0.1s done
build / build-image (linux/amd64, ubuntu-latest, false)	UNKNOWN STEP	2026-10-09T10:01:00.1538763Z #8 sha256:2f385331c129e26191cd1be348031f074d5cef6ae65f0b4c575f5470aeeb5290 15.73MB / 51.49MB 1.1s
build / build-image (linux/amd64, ubuntu-latest, false)	UNKNOWN STEP	2026-10-09T10:01:00.3925718Z #8 sha256:2f385331c129e26191cd1be348031f074d5cef6ae65f0b4c575f5470aeeb5290 20.97MB / 51.49MB 1.2s
build / build-image (linux/amd64, ubuntu-latest, false)	UNKNOWN STEP	2026-10-09T10:01:00.4948235Z #8 sha256:2f385331c129e26191cd1be348031f074d5cef6ae65f0b4c575f5470aeeb5290 31.46MB / 51.49MB 1.4s
build / build-image (linux/amd64, ubuntu-latest, false)	UNKNOWN STEP	2026-10-09T10:01:00.6037586Z #8 sha256:2f385331c129e26191cd1be348031f074d5cef6ae65f0b4c575f5470aeeb5290 34.60MB / 51.49MB 1.5s
build / build-image (linux/amd64, ubuntu-latest, false)	UNKNOWN STEP	2026-10-09T10:01:00.8834791Z #8 sha256:2f385331c129e26191cd1be348031f074d5cef6ae65f0b4c575f5470aeeb5290 45.09MB / 51.49MB 1.7s
build / build-image (linux/amd64, ubuntu-latest, false)	UNKNOWN STEP	2026-10-09T10:01:01.0332660Z #8 sha256:2f385331c129e26191cd1be348031f074d5cef6ae65f0b4c575f5470aeeb5290 51.49MB / 51.49MB 1.8s
build / build-image (linux/amd64, ubuntu-latest, false)	UNKNOWN STEP	2026-10-09T10:01:01.9849049Z #8 sha256:2f385331c129e26191cd1be348031f074d5cef6ae65f0b4c575f5470aeeb5290 51.49MB / 51.49MB 2.7s done
build / build-image (linux/amd64, ubuntu-latest, false)	UNKNOWN STEP	2026-10-09T10:01:01.9853310Z #8 extracting sha256:2f385331c129e26191cd1be348031f074d5cef6ae65f0b4c575f5470aeeb5290
build / build-image (linux/amd64, ubuntu-latest, false)	UNKNOWN STEP	2026-10-09T10:01:02.3289876Z #8 ...
build / build-image (linux/amd64, ubuntu-latest, false)	UNKNOWN STEP	2026-10-09T10:01:02.3292722Z 
build / build-image (linux/amd64, ubuntu-latest, false)	UNKNOWN STEP	2026-10-09T10:01:02.3293744Z #7 [runner 1/4] FROM ***.dkr.ecr.us-east-2.amazonaws.com/gcr-io-distroless:nodejs22-debian12@sha256:fd90468f47e91d0d3c9bc055c8c09edbf0c225c3c795d0c266e2ca94b3ba17e3
build / build-image (linux/amd64, ubuntu-latest, false)	UNKNOWN STEP	2026-10-09T10:01:02.3296050Z #7 sha256:e432f938f66e1e6c6bb3e97d281a52b79122975cecd589c1ede790a06e015ecc 50.68MB / 50.68MB 2.6s done
build / build-image (linux/amd64, ubuntu-latest, false)	UNKNOWN STEP	2026-10-09T10:01:02.3298088Z #7 sha256:f45e0372ce60322aadbddd367c04e7f2bfc9e6e20523b97e8370b8444a260efe 65.12kB / 65.12kB 0.1s done
build / build-image (linux/amd64, ubuntu-latest, false)	UNKNOWN STEP	2026-10-09T10:01:02.3299511Z #7 sha256:33ce0b1d99fc4503f73b6b587dcb297f1c67cbade50429de5e0517d33e597583 911.81kB / 911.81kB 0.2s done
build / build-image (linux/amd64, ubuntu-latest, false)	UNKNOWN STEP	2026-10-09T10:01:02.3301251Z #7 sha256:5b14f6c9a813108be3fe5634dde0bafbd6e6b35a9929bc6fd2e737f2e618d167 150.81kB / 150.81kB 0.1s done
build / build-image (linux/amd64, ubuntu-latest, false)	UNKNOWN STEP	2026-10-09T10:01:02.3302408Z #7 sha256:7faf0cfa885ce8ddb26aab5406226d134baa65868d7c64f0480cdc08ee0bdcf8 44.98kB / 44.98kB 0.2s done
build / build-image (linux/amd64, ubuntu-latest, false)	UNKNOWN STEP	2026-10-09T10:01:02.3304082Z #7 sha256:c1e595f74d521a729b57807c995939aa172969a3d988f35ce309b8e1b3d09885 2.83MB / 2.83MB 0.4s done
build / build-image (linux/amd64, ubuntu-latest, false)	UNKNOWN STEP	2026-10-09T10:01:02.3304947Z #7 sha256:d00c3209d92970dad10c006c4d7120e5fd276349ce6e57dbad95a3a3f05411fc 5.83MB / 5.83MB 0.4s done
build / build-image (linux/amd64, ubuntu-latest, false)	UNKNOWN STEP	2026-10-09T10:01:02.3306502Z #7 sha256:ddf74a63f7d8b7d157e5db1a45675a58e304b4c1d425b05c28c835b987623395 131.93kB / 131.93kB 0.1s done
build / build-image (linux/amd64, ubuntu-latest, false)	UNKNOWN STEP	2026-10-09T10:01:02.3307598Z #7 sha256:da7816fa955ea24533c388143c78804c28682eef99b4ee3723b548c70148bba6 321B / 321B 0.1s done
build / build-image (linux/amd64, ubuntu-latest, false)	UNKNOWN STEP	2026-10-09T10:01:02.3308824Z #7 sha256:0bab15eea81d0fe6ab56ebf5fba14e02c4c1775a7f7436fbddd3505add4e18fa 93B / 93B 0.1s done
build / build-image (linux/amd64, ubuntu-latest, false)	UNKNOWN STEP	2026-10-09T10:01:02.3310294Z #7 sha256:5664b15f108bf9436ce3312090a767300800edbbfd4511aa1a6d64357024d5dd 168B / 168B 0.9s done
build / build-image (linux/amd64, ubuntu-latest, false)	UNKNOWN STEP	2026-10-09T10:01:02.3311891Z #7 sha256:3214acf345c0cc6bbdb56b698a41ccdefc624a09d6beb0d38b5de0b2303ecaf4 123B / 123B 1.1s done
build / build-image (linux/amd64, ubuntu-latest, false)	UNKNOWN STEP	2026-10-09T10:01:02.3312828Z #7 sha256:4aa0ea1413d37a58615488592a0b827ea4b2e48fa5a77cf707d0e35f025e613f 385B / 385B 0.1s done
build / build-image (linux/amd64, ubuntu-latest, false)	UNKNOWN STEP	2026-10-09T10:01:02.3314286Z #7 sha256:7c12895b777bcaa8ccae0605b4de635b68fc32d60fa08f421dc3818bf55ee212 188B / 188B 0.1s done
build / build-image (linux/amd64, ubuntu-latest, false)	UNKNOWN STEP	2026-10-09T10:01:02.3315632Z #7 sha256:a62778643d563b511190663ef9a77c30d46d282facfdce4f3a7aecc03423c1f3 67B / 67B 0.2s done
build / build-image (linux/amd64, ubuntu-latest, false)	UNKNOWN STEP	2026-10-09T10:01:02.3317445Z #7 sha256:4eff9a62d888790350b2481ff4a4f38f9c94b3674d26b2f2c85ca39cdef43fd9 547.59kB / 547.59kB 0.3s done
build / build-image (linux/amd64, ubuntu-latest, false)	UNKNOWN STEP	2026-10-09T10:01:02.3318365Z #7 sha256:bfb59b82a9b65e47d485e53b3e815bca3b3e21a095bd0cb88ced9ac0b48062bf 13.36kB / 13.36kB 0.1s done
build / build-image (linux/amd64, ubuntu-latest, false)	UNKNOWN STEP	2026-10-09T10:01:02.3320941Z #7 sha256:35d697fe273816c60d20a62a879f8643f79cd4ed85a8e80dba28a17350fc26b6 104.23kB / 104.23kB 0.2s done
build / build-image (linux/amd64, ubuntu-latest, false)	UNKNOWN STEP	2026-10-09T10:01:02.3321673Z #7 extracting sha256:35d697fe273816c60d20a62a879f8643f79cd4ed85a8e80dba28a17350fc26b6 0.0s done
build / build-image (linux/amd64, ubuntu-latest, false)	UNKNOWN STEP	2026-10-09T10:01:02.3322225Z #7 extracting sha256:bfb59b82a9b65e47d485e53b3e815bca3b3e21a095bd0cb88ced9ac0b48062bf done
build / build-image (linux/amd64, ubuntu-latest, false)	UNKNOWN STEP	2026-10-09T10:01:02.3322780Z #7 extracting sha256:4eff9a62d888790350b2481ff4a4f38f9c94b3674d26b2f2c85ca39cdef43fd9 0.2s done
build / build-image (linux/amd64, ubuntu-latest, false)	UNKNOWN STEP	2026-10-09T10:01:02.3323225Z #7 DONE 3.3s
build / build-image (linux/amd64, ubuntu-latest, false)	UNKNOWN STEP	2026-10-09T10:01:02.5073570Z 
build / build-image (linux/amd64, ubuntu-latest, false)	UNKNOWN STEP	2026-10-09T10:01:02.5075045Z #7 [runner 1/4] FROM ***.dkr.ecr.us-east-2.amazonaws.com/gcr-io-distroless:nodejs22-debian12@sha256:fd90468f47e91d0d3c9bc055c8c09edbf0c225c3c795d0c266e2ca94b3ba17e3
build / build-image (linux/amd64, ubuntu-latest, false)	UNKNOWN STEP	2026-10-09T10:01:02.5076191Z #7 extracting sha256:a62778643d563b511190663ef9a77c30d46d282facfdce4f3a7aecc03423c1f3 done
build / build-image (linux/amd64, ubuntu-latest, false)	UNKNOWN STEP	2026-10-09T10:01:02.5077075Z #7 extracting sha256:7c12895b777bcaa8ccae0605b4de635b68fc32d60fa08f421dc3818bf55ee212 done
build / build-image (linux/amd64, ubuntu-latest, false)	UNKNOWN STEP	2026-10-09T10:01:02.5077946Z #7 extracting sha256:3214acf345c0cc6bbdb56b698a41ccdefc624a09d6beb0d38b5de0b2303ecaf4 done
build / build-image (linux/amd64, ubuntu-latest, false)	UNKNOWN STEP	2026-10-09T10:01:02.5078732Z #7 extracting sha256:5664b15f108bf9436ce3312090a767300800edbbfd4511aa1a6d64357024d5dd done
build / build-image (linux/amd64, ubuntu-latest, false)	UNKNOWN STEP	2026-10-09T10:01:02.5079478Z #7 extracting sha256:0bab15eea81d0fe6ab56ebf5fba14e02c4c1775a7f7436fbddd3505add4e18fa done
build / build-image (linux/amd64, ubuntu-latest, false)	UNKNOWN STEP	2026-10-09T10:01:02.5080069Z #7 extracting sha256:4aa0ea1413d37a58615488592a0b827ea4b2e48fa5a77cf707d0e35f025e613f done
build / build-image (linux/amd64, ubuntu-latest, false)	UNKNOWN STEP	2026-10-09T10:01:02.5080599Z #7 extracting sha256:da7816fa955ea24533c388143c78804c28682eef99b4ee3723b548c70148bba6 done
build / build-image (linux/amd64, ubuntu-latest, false)	UNKNOWN STEP	2026-10-09T10:01:02.5081571Z #7 extracting sha256:ddf74a63f7d8b7d157e5db1a45675a58e304b4c1d425b05c28c835b987623395 done
build / build-image (linux/amd64, ubuntu-latest, false)	UNKNOWN STEP	2026-10-09T10:01:02.5082421Z #7 extracting sha256:d00c3209d92970dad10c006c4d7120e5fd276349ce6e57dbad95a3a3f05411fc 0.1s done
build / build-image (linux/amd64, ubuntu-latest, false)	UNKNOWN STEP	2026-10-09T10:01:02.5083256Z #7 extracting sha256:c1e595f74d521a729b57807c995939aa172969a3d988f35ce309b8e1b3d09885
build / build-image (linux/amd64, ubuntu-latest, false)	UNKNOWN STEP	2026-10-09T10:01:02.7494047Z #7 extracting sha256:c1e595f74d521a729b57807c995939aa172969a3d988f35ce309b8e1b3d09885 0.0s done
build / build-image (linux/amd64, ubuntu-latest, false)	UNKNOWN STEP	2026-10-09T10:01:02.7495299Z #7 extracting sha256:7faf0cfa885ce8ddb26aab5406226d134baa65868d7c64f0480cdc08ee0bdcf8 done
build / build-image (linux/amd64, ubuntu-latest, false)	UNKNOWN STEP	2026-10-09T10:01:02.7496207Z #7 extracting sha256:5b14f6c9a813108be3fe5634dde0bafbd6e6b35a9929bc6fd2e737f2e618d167 done
build / build-image (linux/amd64, ubuntu-latest, false)	UNKNOWN STEP	2026-10-09T10:01:02.7497116Z #7 extracting sha256:33ce0b1d99fc4503f73b6b587dcb297f1c67cbade50429de5e0517d33e597583 0.0s done
build / build-image (linux/amd64, ubuntu-latest, false)	UNKNOWN STEP	2026-10-09T10:01:02.7497942Z #7 extracting sha256:f45e0372ce60322aadbddd367c04e7f2bfc9e6e20523b97e8370b8444a260efe done
build / build-image (linux/amd64, ubuntu-latest, false)	UNKNOWN STEP	2026-10-09T10:01:02.7498744Z #7 extracting sha256:e432f938f66e1e6c6bb3e97d281a52b79122975cecd589c1ede790a06e015ecc
build / build-image (linux/amd64, ubuntu-latest, false)	UNKNOWN STEP	2026-10-09T10:01:02.9916989Z #7 ...
build / build-image (linux/amd64, ubuntu-latest, false)	UNKNOWN STEP	2026-10-09T10:01:02.9917242Z 
build / build-image (linux/amd64, ubuntu-latest, false)	UNKNOWN STEP	2026-10-09T10:01:02.9917954Z #8 [builder 1/8] FROM ***.dkr.ecr.us-east-2.amazonaws.com/docker-hub/library/node:22.20-alpine3.22@sha256:dbcedd8aeab47fbc0f4dd4bffa55b7c3c729a707875968d467aaaea42d6225af
build / build-image (linux/amd64, ubuntu-latest, false)	UNKNOWN STEP	2026-10-09T10:01:02.9919129Z #8 extracting sha256:2f385331c129e26191cd1be348031f074d5cef6ae65f0b4c575f5470aeeb5290 1.1s done
build / build-image (linux/amd64, ubuntu-latest, false)	UNKNOWN STEP	2026-10-09T10:01:02.9919734Z #8 DONE 3.9s
build / build-image (linux/amd64, ubuntu-latest, false)	UNKNOWN STEP	2026-10-09T10:01:03.0918477Z 
build / build-image (linux/amd64, ubuntu-latest, false)	UNKNOWN STEP	2026-10-09T10:01:03.0920343Z #8 [builder 1/8] FROM ***.dkr.ecr.us-east-2.amazonaws.com/docker-hub/library/node:22.20-alpine3.22@sha256:dbcedd8aeab47fbc0f4dd4bffa55b7c3c729a707875968d467aaaea42d6225af
build / build-image (linux/amd64, ubuntu-latest, false)	UNKNOWN STEP	2026-10-09T10:01:03.0922175Z #8 extracting sha256:b6cd7e47c1da3b1d6d5752f0fe515ebf93bef68421b4748c48302b6b6dddc0dc 0.1s done
build / build-image (linux/amd64, ubuntu-latest, false)	UNKNOWN STEP	2026-10-09T10:01:03.0923265Z #8 extracting sha256:44a43d49c5117bb6048f44499d8980962eb8c429b52ea12441d635c0c1c9a56b done
build / build-image (linux/amd64, ubuntu-latest, false)	UNKNOWN STEP	2026-10-09T10:01:03.0924172Z #8 DONE 4.0s
build / build-image (linux/amd64, ubuntu-latest, false)	UNKNOWN STEP	2026-10-09T10:01:03.0924596Z 
build / build-image (linux/amd64, ubuntu-latest, false)	UNKNOWN STEP	2026-10-09T10:01:03.0927916Z #10 [builder 2/8] RUN apk add --no-cache   python3   make   g++   pkgconfig   libc6-compat
build / build-image (linux/amd64, ubuntu-latest, false)	UNKNOWN STEP	2026-10-09T10:01:03.0928539Z #10 0.041 fetch https://dl-cdn.alpinelinux.org/alpine/v3.22/main/x86_64/APKINDEX.tar.gz
build / build-image (linux/amd64, ubuntu-latest, false)	UNKNOWN STEP	2026-10-09T10:01:03.2656220Z #10 0.214 fetch https://dl-cdn.alpinelinux.org/alpine/v3.22/community/x86_64/APKINDEX.tar.gz
build / build-image (linux/amd64, ubuntu-latest, false)	UNKNOWN STEP	2026-10-09T10:01:03.4238265Z #10 ...
build / build-image (linux/amd64, ubuntu-latest, false)	UNKNOWN STEP	2026-10-09T10:01:03.4240406Z 
build / build-image (linux/amd64, ubuntu-latest, false)	UNKNOWN STEP	2026-10-09T10:01:03.4241711Z #7 [runner 1/4] FROM ***.dkr.ecr.us-east-2.amazonaws.com/gcr-io-distroless:nodejs22-debian12@sha256:fd90468f47e91d0d3c9bc055c8c09edbf0c225c3c795d0c266e2ca94b3ba17e3
build / build-image (linux/amd64, ubuntu-latest, false)	UNKNOWN STEP	2026-10-09T10:01:03.4242876Z #7 extracting sha256:e432f938f66e1e6c6bb3e97d281a52b79122975cecd589c1ede790a06e015ecc 0.7s done
build / build-image (linux/amd64, ubuntu-latest, false)	UNKNOWN STEP	2026-10-09T10:01:03.4243549Z #7 DONE 4.2s
build / build-image (linux/amd64, ubuntu-latest, false)	UNKNOWN STEP	2026-10-09T10:01:03.4944967Z 
build / build-image (linux/amd64, ubuntu-latest, false)	UNKNOWN STEP	2026-10-09T10:01:03.4946925Z #10 [builder 2/8] RUN apk add --no-cache   python3   make   g++   pkgconfig   libc6-compat
build / build-image (linux/amd64, ubuntu-latest, false)	UNKNOWN STEP	2026-10-09T10:01:03.4947457Z #10 0.443 (1/34) Upgrading musl (1.2.5-r10 -> 1.2.5-r12)
build / build-image (linux/amd64, ubuntu-latest, false)	UNKNOWN STEP	2026-10-09T10:01:03.6653576Z #10 0.464 (2/34) Installing libstdc++-dev (14.2.0-r6)
build / build-image (linux/amd64, ubuntu-latest, false)	UNKNOWN STEP	2026-10-09T10:01:03.7224415Z #10 0.671 (3/34) Installing jansson (2.14.1-r0)
build / build-image (linux/amd64, ubuntu-latest, false)	UNKNOWN STEP	2026-10-09T10:01:03.9070595Z #10 0.686 (4/34) Installing zstd-libs (1.5.7-r0)
build / build-image (linux/amd64, ubuntu-latest, false)	UNKNOWN STEP	2026-10-09T10:01:03.9071382Z #10 0.705 (5/34) Installing binutils (2.44-r3)
build / build-image (linux/amd64, ubuntu-latest, false)	UNKNOWN STEP	2026-10-09T10:01:04.0107255Z #10 0.959 (6/34) Installing libgomp (14.2.0-r6)
build / build-image (linux/amd64, ubuntu-latest, false)	UNKNOWN STEP	2026-10-09T10:01:04.1232997Z #10 0.977 (7/34) Installing libatomic (14.2.0-r6)
build / build-image (linux/amd64, ubuntu-latest, false)	UNKNOWN STEP	2026-10-09T10:01:04.1234276Z #10 0.991 (8/34) Installing gmp (6.3.0-r3)
build / build-image (linux/amd64, ubuntu-latest, false)	UNKNOWN STEP	2026-10-09T10:01:04.1234631Z #10 1.008 (9/34) Installing isl26 (0.26-r1)
build / build-image (linux/amd64, ubuntu-latest, false)	UNKNOWN STEP	2026-10-09T10:01:04.1235072Z #10 1.038 (10/34) Installing mpfr4 (4.2.1_p1-r0)
build / build-image (linux/amd64, ubuntu-latest, false)	UNKNOWN STEP	2026-10-09T10:01:04.1235311Z #10 1.057 (11/34) Installing mpc1 (1.3.1-r1)
build / build-image (linux/amd64, ubuntu-latest, false)	UNKNOWN STEP	2026-10-09T10:01:04.1235539Z #10 1.072 (12/34) Installing gcc (14.2.0-r6)
build / build-image (linux/amd64, ubuntu-latest, false)	UNKNOWN STEP	2026-10-09T10:01:04.7228744Z #10 1.671 (13/34) Installing musl-dev (1.2.5-r12)
build / build-image (linux/amd64, ubuntu-latest, false)	UNKNOWN STEP	2026-10-09T10:01:04.9354481Z #10 1.733 (14/34) Installing g++ (14.2.0-r6)
build / build-image (linux/amd64, ubuntu-latest, false)	UNKNOWN STEP	2026-10-09T10:01:04.9915914Z #10 1.940 (15/34) Installing musl-obstack (1.2.3-r2)
build / build-image (linux/amd64, ubuntu-latest, false)	UNKNOWN STEP	2026-10-09T10:01:05.2045265Z #10 1.955 (16/34) Installing libucontext (1.3.2-r0)
build / build-image (linux/amd64, ubuntu-latest, false)	UNKNOWN STEP	2026-10-09T10:01:05.2045874Z #10 1.969 (17/34) Installing gcompat (1.1.0-r4)
build / build-image (linux/amd64, ubuntu-latest, false)	UNKNOWN STEP	2026-10-09T10:01:05.2046416Z #10 1.986 (18/34) Installing make (4.4.1-r3)
build / build-image (linux/amd64, ubuntu-latest, false)	UNKNOWN STEP	2026-10-09T10:01:05.2046777Z #10 2.003 (19/34) Installing pkgconf (2.4.3-r0)
build / build-image (linux/amd64, ubuntu-latest, false)	UNKNOWN STEP	2026-10-09T10:01:05.3048685Z #10 2.253 (20/34) Installing libexpat (2.8.5-r0)
build / build-image (linux/amd64, ubuntu-latest, false)	UNKNOWN STEP	2026-10-09T10:01:05.4648513Z #10 2.269 (21/34) Installing libbz2 (1.0.8-r6)
build / build-image (linux/amd64, ubuntu-latest, false)	UNKNOWN STEP	2026-10-09T10:01:05.4649028Z #10 2.284 (22/34) Installing libffi (3.4.8-r0)
build / build-image (linux/amd64, ubuntu-latest, false)	UNKNOWN STEP	2026-10-09T10:01:05.4650098Z #10 2.413 (23/34) Installing gdbm (1.24-r0)
build / build-image (linux/amd64, ubuntu-latest, false)	UNKNOWN STEP	2026-10-09T10:01:05.5808447Z #10 2.427 (24/34) Installing xz-libs (5.8.4-r0)
build / build-image (linux/amd64, ubuntu-latest, false)	UNKNOWN STEP	2026-10-09T10:01:05.5809266Z #10 2.445 (25/34) Installing mpdecimal (4.0.1-r0)
build / build-image (linux/amd64, ubuntu-latest, false)	UNKNOWN STEP	2026-10-09T10:01:05.5817652Z #10 2.461 (26/34) Installing ncurses-terminfo-base (6.5_p20250503-r0)
build / build-image (linux/amd64, ubuntu-latest, false)	UNKNOWN STEP	2026-10-09T10:01:05.5818132Z #10 2.478 (27/34) Installing libncursesw (6.5_p20250503-r0)
build / build-image (linux/amd64, ubuntu-latest, false)	UNKNOWN STEP	2026-10-09T10:01:05.5818560Z #10 2.495 (28/34) Installing libpanelw (6.5_p20250503-r0)
build / build-image (linux/amd64, ubuntu-latest, false)	UNKNOWN STEP	2026-10-09T10:01:05.5818962Z #10 2.510 (29/34) Installing readline (8.2.13-r1)
build / build-image (linux/amd64, ubuntu-latest, false)	UNKNOWN STEP	2026-10-09T10:01:05.5819356Z #10 2.529 (30/34) Installing sqlite-libs (3.49.2-r1)
build / build-image (linux/amd64, ubuntu-latest, false)	UNKNOWN STEP	2026-10-09T10:01:05.7570509Z #10 2.555 (31/34) Installing python3 (3.12.15-r0)
build / build-image (linux/amd64, ubuntu-latest, false)	UNKNOWN STEP	2026-10-09T10:01:05.8024469Z #10 2.751 (32/34) Installing python3-pycache-pyc0 (3.12.15-r0)
build / build-image (linux/amd64, ubuntu-latest, false)	UNKNOWN STEP	2026-10-09T10:01:05.9107401Z #10 2.859 (33/34) Installing pyc (3.12.15-r0)
build / build-image (linux/amd64, ubuntu-latest, false)	UNKNOWN STEP	2026-10-09T10:01:05.9108401Z #10 2.859 (34/34) Installing python3-pyc (3.12.15-r0)
build / build-image (linux/amd64, ubuntu-latest, false)	UNKNOWN STEP	2026-10-09T10:01:06.1117770Z #10 2.860 Executing busybox-1.37.0-r19.trigger
build / build-image (linux/amd64, ubuntu-latest, false)	UNKNOWN STEP	2026-10-09T10:01:06.1118415Z #10 2.910 OK: 271 MiB in 51 packages
build / build-image (linux/amd64, ubuntu-latest, false)	UNKNOWN STEP	2026-10-09T10:01:10.3644099Z #10 ...
build / build-image (linux/amd64, ubuntu-latest, false)	UNKNOWN STEP	2026-10-09T10:01:10.3644569Z 
build / build-image (linux/amd64, ubuntu-latest, false)	UNKNOWN STEP	2026-10-09T10:01:10.3649660Z #11 [runner 2/4] WORKDIR /usr/src/app
build / build-image (linux/amd64, ubuntu-latest, false)	UNKNOWN STEP	2026-10-09T10:01:10.3650373Z #11 DONE 7.1s
build / build-image (linux/amd64, ubuntu-latest, false)	UNKNOWN STEP	2026-10-09T10:01:10.5162601Z 
build / build-image (linux/amd64, ubuntu-latest, false)	UNKNOWN STEP	2026-10-09T10:01:10.5163626Z #10 [builder 2/8] RUN apk add --no-cache   python3   make   g++   pkgconfig   libc6-compat
build / build-image (linux/amd64, ubuntu-latest, false)	UNKNOWN STEP	2026-10-09T10:01:10.5164079Z #10 DONE 7.3s
build / build-image (linux/amd64, ubuntu-latest, false)	UNKNOWN STEP	2026-10-09T10:01:10.5164423Z 
build / build-image (linux/amd64, ubuntu-latest, false)	UNKNOWN STEP	2026-10-09T10:01:10.5174751Z #12 [builder 3/8] RUN if [ -n "https://consensys.jfrog.io/artifactory/api/npm/npm/" ]; then npm config set registry https://consensys.jfrog.io/artifactory/api/npm/npm/; fi   && if [ -n "https://consensys.jfrog.io/artifactory/api/npm/npm/" ] && [ -n "***" ]; then npm config set //consensys.jfrog.io/artifactory/api/npm/npm/:_authToken "***"; fi
build / build-image (linux/amd64, ubuntu-latest, false)	UNKNOWN STEP	2026-10-09T10:01:10.8224559Z #12 DONE 0.5s
build / build-image (linux/amd64, ubuntu-latest, false)	UNKNOWN STEP	2026-10-09T10:01:11.0087180Z 
build / build-image (linux/amd64, ubuntu-latest, false)	UNKNOWN STEP	2026-10-09T10:01:11.0088174Z #13 [builder 4/8] WORKDIR /usr/src/app
build / build-image (linux/amd64, ubuntu-latest, false)	UNKNOWN STEP	2026-10-09T10:01:11.0090099Z #13 DONE 0.0s
build / build-image (linux/amd64, ubuntu-latest, false)	UNKNOWN STEP	2026-10-09T10:01:11.0090275Z 
build / build-image (linux/amd64, ubuntu-latest, false)	UNKNOWN STEP	2026-10-09T10:01:11.0090492Z #14 [builder 5/8] COPY package.json package-lock.json* ./
build / build-image (linux/amd64, ubuntu-latest, false)	UNKNOWN STEP	2026-10-09T10:01:11.0091057Z #14 DONE 0.0s
build / build-image (linux/amd64, ubuntu-latest, false)	UNKNOWN STEP	2026-10-09T10:01:11.0091209Z 
build / build-image (linux/amd64, ubuntu-latest, false)	UNKNOWN STEP	2026-10-09T10:01:11.0091346Z #15 [builder 6/8] RUN npm ci
build / build-image (linux/amd64, ubuntu-latest, false)	UNKNOWN STEP	2026-10-09T10:01:13.1549905Z #15 2.294 npm error code ERESOLVE
build / build-image (linux/amd64, ubuntu-latest, false)	UNKNOWN STEP	2026-10-09T10:01:13.2008890Z #15 2.294 npm error ERESOLVE could not resolve
build / build-image (linux/amd64, ubuntu-latest, false)	UNKNOWN STEP	2026-10-09T10:01:13.2017014Z #15 2.294 npm error
build / build-image (linux/amd64, ubuntu-latest, false)	UNKNOWN STEP	2026-10-09T10:01:13.2022872Z #15 2.294 npm error While resolving: @metamask/design-system-react@0.38.1
build / build-image (linux/amd64, ubuntu-latest, false)	UNKNOWN STEP	2026-10-09T10:01:13.2023659Z #15 2.294 npm error Found: tailwindcss@4.1.14
build / build-image (linux/amd64, ubuntu-latest, false)	UNKNOWN STEP	2026-10-09T10:01:13.2024370Z #15 2.294 npm error node_modules/tailwindcss
build / build-image (linux/amd64, ubuntu-latest, false)	UNKNOWN STEP	2026-10-09T10:01:13.2030425Z #15 2.294 npm error   dev tailwindcss@"^4" from the root project
build / build-image (linux/amd64, ubuntu-latest, false)	UNKNOWN STEP	2026-10-09T10:01:13.2049766Z #15 2.294 npm error   tailwindcss@"4.1.14" from @tailwindcss/node@4.1.14
build / build-image (linux/amd64, ubuntu-latest, false)	UNKNOWN STEP	2026-10-09T10:01:13.2050567Z #15 2.294 npm error   node_modules/@tailwindcss/node
build / build-image (linux/amd64, ubuntu-latest, false)	UNKNOWN STEP	2026-10-09T10:01:13.2053934Z #15 2.294 npm error     @tailwindcss/node@"4.1.14" from @tailwindcss/postcss@4.1.14
build / build-image (linux/amd64, ubuntu-latest, false)	UNKNOWN STEP	2026-10-09T10:01:13.2055141Z #15 2.294 npm error     node_modules/@tailwindcss/postcss
build / build-image (linux/amd64, ubuntu-latest, false)	UNKNOWN STEP	2026-10-09T10:01:13.2055711Z #15 2.294 npm error       dev @tailwindcss/postcss@"^4" from the root project
build / build-image (linux/amd64, ubuntu-latest, false)	UNKNOWN STEP	2026-10-09T10:01:13.2056267Z #15 2.294 npm error   1 more (@tailwindcss/postcss)
build / build-image (linux/amd64, ubuntu-latest, false)	UNKNOWN STEP	2026-10-09T10:01:13.2056737Z #15 2.294 npm error
build / build-image (linux/amd64, ubuntu-latest, false)	UNKNOWN STEP	2026-10-09T10:01:13.2057150Z #15 2.294 npm error Could not resolve dependency:
build / build-image (linux/amd64, ubuntu-latest, false)	UNKNOWN STEP	2026-10-09T10:01:13.2057844Z #15 2.294 npm error peer @metamask/design-system-tailwind-preset@"^0.12.0" from @metamask/design-system-react@0.38.1
build / build-image (linux/amd64, ubuntu-latest, false)	UNKNOWN STEP	2026-10-09T10:01:13.2058557Z #15 2.294 npm error node_modules/@metamask/design-system-react
build / build-image (linux/amd64, ubuntu-latest, false)	UNKNOWN STEP	2026-10-09T10:01:13.2059215Z #15 2.294 npm error   @metamask/design-system-react@"^0.38.1" from the root project
build / build-image (linux/amd64, ubuntu-latest, false)	UNKNOWN STEP	2026-10-09T10:01:13.2060018Z #15 2.294 npm error
build / build-image (linux/amd64, ubuntu-latest, false)	UNKNOWN STEP	2026-10-09T10:01:13.2061347Z #15 2.294 npm error Conflicting peer dependency: tailwindcss@3.4.19
build / build-image (linux/amd64, ubuntu-latest, false)	UNKNOWN STEP	2026-10-09T10:01:13.2061902Z #15 2.294 npm error node_modules/tailwindcss
build / build-image (linux/amd64, ubuntu-latest, false)	UNKNOWN STEP	2026-10-09T10:01:13.2062561Z #15 2.294 npm error   peer tailwindcss@"^3.0.0" from @metamask/design-system-tailwind-preset@0.12.0
build / build-image (linux/amd64, ubuntu-latest, false)	UNKNOWN STEP	2026-10-09T10:01:13.2063252Z #15 2.294 npm error   node_modules/@metamask/design-system-tailwind-preset
build / build-image (linux/amd64, ubuntu-latest, false)	UNKNOWN STEP	2026-10-09T10:01:13.2064031Z #15 2.294 npm error     peer @metamask/design-system-tailwind-preset@"^0.12.0" from @metamask/design-system-react@0.38.1
build / build-image (linux/amd64, ubuntu-latest, false)	UNKNOWN STEP	2026-10-09T10:01:13.2064746Z #15 2.294 npm error     node_modules/@metamask/design-system-react
build / build-image (linux/amd64, ubuntu-latest, false)	UNKNOWN STEP	2026-10-09T10:01:13.2065364Z #15 2.294 npm error       @metamask/design-system-react@"^0.38.1" from the root project
build / build-image (linux/amd64, ubuntu-latest, false)	UNKNOWN STEP	2026-10-09T10:01:13.2065920Z #15 2.294 npm error
build / build-image (linux/amd64, ubuntu-latest, false)	UNKNOWN STEP	2026-10-09T10:01:13.2066380Z #15 2.294 npm error Fix the upstream dependency conflict, or retry
build / build-image (linux/amd64, ubuntu-latest, false)	UNKNOWN STEP	2026-10-09T10:01:13.2067132Z #15 2.294 npm error this command with --force or --legacy-peer-deps
build / build-image (linux/amd64, ubuntu-latest, false)	UNKNOWN STEP	2026-10-09T10:01:13.2067785Z #15 2.294 npm error to accept an incorrect (and potentially broken) dependency resolution.
build / build-image (linux/amd64, ubuntu-latest, false)	UNKNOWN STEP	2026-10-09T10:01:13.2068358Z #15 2.296 npm error
build / build-image (linux/amd64, ubuntu-latest, false)	UNKNOWN STEP	2026-10-09T10:01:13.2068749Z #15 2.296 npm error
build / build-image (linux/amd64, ubuntu-latest, false)	UNKNOWN STEP	2026-10-09T10:01:13.2069162Z #15 2.296 npm error For a full report see:
build / build-image (linux/amd64, ubuntu-latest, false)	UNKNOWN STEP	2026-10-09T10:01:13.2069753Z #15 2.296 npm error /root/.npm/_logs/2026-10-09T10_01_10_929Z-eresolve-report.txt
build / build-image (linux/amd64, ubuntu-latest, false)	UNKNOWN STEP	2026-10-09T10:01:13.2070474Z #15 2.296 npm error A complete log of this run can be found in: /root/.npm/_logs/2026-10-09T10_01_10_929Z-debug-0.log
build / build-image (linux/amd64, ubuntu-latest, false)	UNKNOWN STEP	2026-10-09T10:01:13.2087733Z #15 ERROR: process "/bin/sh -c npm ci" did not complete successfully: exit code: 1
build / build-image (linux/amd64, ubuntu-latest, false)	UNKNOWN STEP	2026-10-09T10:01:13.2088505Z ------
build / build-image (linux/amd64, ubuntu-latest, false)	UNKNOWN STEP	2026-10-09T10:01:13.2088917Z  > [builder 6/8] RUN npm ci:
build / build-image (linux/amd64, ubuntu-latest, false)	UNKNOWN STEP	2026-10-09T10:01:13.2089482Z 2.294 npm error       @metamask/design-system-react@"^0.38.1" from the root project
build / build-image (linux/amd64, ubuntu-latest, false)	UNKNOWN STEP	2026-10-09T10:01:13.2090052Z 2.294 npm error
build / build-image (linux/amd64, ubuntu-latest, false)	UNKNOWN STEP	2026-10-09T10:01:13.2090528Z 2.294 npm error Fix the upstream dependency conflict, or retry
build / build-image (linux/amd64, ubuntu-latest, false)	UNKNOWN STEP	2026-10-09T10:01:13.2091298Z 2.294 npm error this command with --force or --legacy-peer-deps
build / build-image (linux/amd64, ubuntu-latest, false)	UNKNOWN STEP	2026-10-09T10:01:13.2091957Z 2.294 npm error to accept an incorrect (and potentially broken) dependency resolution.
build / build-image (linux/amd64, ubuntu-latest, false)	UNKNOWN STEP	2026-10-09T10:01:13.2092538Z 2.296 npm error
build / build-image (linux/amd64, ubuntu-latest, false)	UNKNOWN STEP	2026-10-09T10:01:13.2092926Z 2.296 npm error
build / build-image (linux/amd64, ubuntu-latest, false)	UNKNOWN STEP	2026-10-09T10:01:13.2093339Z 2.296 npm error For a full report see:
build / build-image (linux/amd64, ubuntu-latest, false)	UNKNOWN STEP	2026-10-09T10:01:13.2093908Z 2.296 npm error /root/.npm/_logs/2026-10-09T10_01_10_929Z-eresolve-report.txt
build / build-image (linux/amd64, ubuntu-latest, false)	UNKNOWN STEP	2026-10-09T10:01:13.2094643Z 2.296 npm error A complete log of this run can be found in: /root/.npm/_logs/2026-10-09T10_01_10_929Z-debug-0.log
build / build-image (linux/amd64, ubuntu-latest, false)	UNKNOWN STEP	2026-10-09T10:01:13.2095274Z ------
build / build-image (linux/amd64, ubuntu-latest, false)	UNKNOWN STEP	2026-10-09T10:01:13.2095542Z 
build / build-image (linux/amd64, ubuntu-latest, false)	UNKNOWN STEP	2026-10-09T10:01:13.2096111Z  ^[[33m5 warnings found (use docker --debug to expand):
build / build-image (linux/amd64, ubuntu-latest, false)	UNKNOWN STEP	2026-10-09T10:01:13.2096921Z ^[[0m - SecretsUsedInArgOrEnv: Do not use ARG or ENV instructions for sensitive data (ARG "JFROG_ACCESS_TOKEN") (line 4)
build / build-image (linux/amd64, ubuntu-latest, false)	UNKNOWN STEP	2026-10-09T10:01:13.2097830Z  - SecretsUsedInArgOrEnv: Do not use ARG or ENV instructions for sensitive data (ARG "LAUNCHDARKLY_SDK_KEY") (line 8)
build / build-image (linux/amd64, ubuntu-latest, false)	UNKNOWN STEP	2026-10-09T10:01:13.2098750Z  - SecretsUsedInArgOrEnv: Do not use ARG or ENV instructions for sensitive data (ARG "LAUNCHDARKLY_SDK_KEY_LOCAL") (line 9)
build / build-image (linux/amd64, ubuntu-latest, false)	UNKNOWN STEP	2026-10-09T10:01:13.2099662Z  - SecretsUsedInArgOrEnv: Do not use ARG or ENV instructions for sensitive data (ENV "LAUNCHDARKLY_SDK_KEY") (line 17)
build / build-image (linux/amd64, ubuntu-latest, false)	UNKNOWN STEP	2026-10-09T10:01:13.2100578Z  - SecretsUsedInArgOrEnv: Do not use ARG or ENV instructions for sensitive data (ENV "LAUNCHDARKLY_SDK_KEY_LOCAL") (line 18)
build / build-image (linux/amd64, ubuntu-latest, false)	UNKNOWN STEP	2026-10-09T10:01:13.2101808Z Dockerfile:40
build / build-image (linux/amd64, ubuntu-latest, false)	UNKNOWN STEP	2026-10-09T10:01:13.2102201Z --------------------
build / build-image (linux/amd64, ubuntu-latest, false)	UNKNOWN STEP	2026-10-09T10:01:13.2102596Z   38 |     
build / build-image (linux/amd64, ubuntu-latest, false)	UNKNOWN STEP	2026-10-09T10:01:13.2103014Z   39 |     COPY package.json package-lock.json* ./
build / build-image (linux/amd64, ubuntu-latest, false)	UNKNOWN STEP	2026-10-09T10:01:13.2103493Z   40 | >>> RUN npm ci
build / build-image (linux/amd64, ubuntu-latest, false)	UNKNOWN STEP	2026-10-09T10:01:13.2103876Z   41 |     
build / build-image (linux/amd64, ubuntu-latest, false)	UNKNOWN STEP	2026-10-09T10:01:13.2104242Z   42 |     COPY . .
build / build-image (linux/amd64, ubuntu-latest, false)	UNKNOWN STEP	2026-10-09T10:01:13.2104617Z --------------------
build / build-image (linux/amd64, ubuntu-latest, false)	UNKNOWN STEP	2026-10-09T10:01:13.2105198Z ERROR: failed to build: failed to solve: process "/bin/sh -c npm ci" did not complete successfully: exit code: 1
build / build-image (linux/amd64, ubuntu-latest, false)	UNKNOWN STEP	2026-10-09T10:01:13.2321079Z ##[group]Reference
build / build-image (linux/amd64, ubuntu-latest, false)	UNKNOWN STEP	2026-10-09T10:01:13.3287094Z builder-c6c201ce-aaea-4299-9419-99eea7445d73/builder-c6c201ce-aaea-4299-9419-99eea7445d730/wo63gxoc6ehn448hmbrouz7e9
build / build-image (linux/amd64, ubuntu-latest, false)	UNKNOWN STEP	2026-10-09T10:01:13.3311835Z ##[endgroup]
build / build-image (linux/amd64, ubuntu-latest, false)	UNKNOWN STEP	2026-10-09T10:01:13.3312657Z ##[group]Check build summary support
build / build-image (linux/amd64, ubuntu-latest, false)	UNKNOWN STEP	2026-10-09T10:01:13.3345781Z Build summary supported!
build / build-image (linux/amd64, ubuntu-latest, false)	UNKNOWN STEP	2026-10-09T10:01:13.3356623Z ##[endgroup]
build / build-image (linux/amd64, ubuntu-latest, false)	UNKNOWN STEP	2026-10-09T10:01:13.3374218Z ##[error]buildx failed with: ERROR: failed to build: failed to solve: process "/bin/sh -c npm ci" did not complete successfully: exit code: 1
build / build-image (linux/amd64, ubuntu-latest, false)	UNKNOWN STEP	2026-10-09T10:01:13.3444879Z ##[end-action id=__consensys-vertical-apps_shared-services-workflows.__docker_build-push-action;outcome=failure;conclusion=failure;duration_ms=15770]
build / build-image (linux/amd64, ubuntu-latest, false)	UNKNOWN STEP	2026-10-09T10:01:13.3449065Z ##[start-action display=Upload Docker artifact;id=__consensys-vertical-apps_shared-services-workflows.__actions_upload-artifact]
build / build-image (linux/amd64, ubuntu-latest, false)	UNKNOWN STEP	2026-10-09T10:01:13.3452849Z ##[end-action id=__consensys-vertical-apps_shared-services-workflows.__actions_upload-artifact;outcome=skipped;conclusion=skipped;duration_ms=0]
build / build-image (linux/amd64, ubuntu-latest, false)	UNKNOWN STEP	2026-10-09T10:01:13.3577800Z Post job cleanup.
build / build-image (linux/amd64, ubuntu-latest, false)	UNKNOWN STEP	2026-10-09T10:01:13.3584639Z ##[start-action display=Build and export;id=__01cd523e-6a70-4df9-9a5b-894920fb17e4.__docker_build-push-action]
build / build-image (linux/amd64, ubuntu-latest, false)	UNKNOWN STEP	2026-10-09T10:01:13.3640580Z Post job cleanup.
build / build-image (linux/amd64, ubuntu-latest, false)	UNKNOWN STEP	2026-10-09T10:01:13.5701880Z ##[group]Generating build summary
build / build-image (linux/amd64, ubuntu-latest, false)	UNKNOWN STEP	2026-10-09T10:01:13.6350019Z exporting build record to /home/runner/work/_temp/docker-actions-toolkit-lyJq3n/export
build / build-image (linux/amd64, ubuntu-latest, false)	UNKNOWN STEP	2026-10-09T10:01:13.7472209Z [command]/usr/bin/docker buildx history export --builder builder-c6c201ce-aaea-4299-9419-99eea7445d73 --output /home/runner/work/_temp/docker-actions-toolkit-lyJq3n/export/consensys-vertical-apps~va-mmcx-terminal~WO63GX.dockerbuild wo63gxoc6ehn448hmbrouz7e9 --finalize
build / build-image (linux/amd64, ubuntu-latest, false)	UNKNOWN STEP	2026-10-09T10:01:13.9287688Z Build record written to /home/runner/work/_temp/docker-actions-toolkit-lyJq3n/export/consensys-vertical-apps~va-mmcx-terminal~WO63GX.dockerbuild (39.39 KB)
build / build-image (linux/amd64, ubuntu-latest, false)	UNKNOWN STEP	2026-10-09T10:01:13.9317799Z Uploading consensys-vertical-apps~va-mmcx-terminal~WO63GX.dockerbuild as an artifact
build / build-image (linux/amd64, ubuntu-latest, false)	UNKNOWN STEP	2026-10-09T10:01:13.9332140Z Artifact name is valid!
build / build-image (linux/amd64, ubuntu-latest, false)	UNKNOWN STEP	2026-10-09T10:01:13.9346101Z Root directory input is valid!
build / build-image (linux/amd64, ubuntu-latest, false)	UNKNOWN STEP	2026-10-09T10:01:14.2381893Z Uploading artifact: consensys-vertical-apps~va-mmcx-terminal~WO63GX.dockerbuild
build / build-image (linux/amd64, ubuntu-latest, false)	UNKNOWN STEP	2026-10-09T10:01:14.2382835Z Beginning upload of artifact content to blob storage
build / build-image (linux/amd64, ubuntu-latest, false)	UNKNOWN STEP	2026-10-09T10:01:14.4012277Z Uploaded bytes 40331
build / build-image (linux/amd64, ubuntu-latest, false)	UNKNOWN STEP	2026-10-09T10:01:14.4441983Z Finished uploading artifact content to blob storage!
build / build-image (linux/amd64, ubuntu-latest, false)	UNKNOWN STEP	2026-10-09T10:01:14.4442805Z SHA256 digest of uploaded artifact is 4b8b27a4b7c2ae760b26504834c69c16e3603c186244d220abe2a33ffbf48ee8
build / build-image (linux/amd64, ubuntu-latest, false)	UNKNOWN STEP	2026-10-09T10:01:14.4443928Z Finalizing artifact upload
build / build-image (linux/amd64, ubuntu-latest, false)	UNKNOWN STEP	2026-10-09T10:01:14.8022077Z Artifact consensys-vertical-apps~va-mmcx-terminal~WO63GX.dockerbuild successfully finalized. Artifact ID 11609546355
build / build-image (linux/amd64, ubuntu-latest, false)	UNKNOWN STEP	2026-10-09T10:01:14.8075901Z Artifact download URL: https://github.com/consensys-vertical-apps/va-mmcx-terminal/actions/runs/37913592023/artifacts/11609546355
build / build-image (linux/amd64, ubuntu-latest, false)	UNKNOWN STEP	2026-10-09T10:01:14.8078217Z Writing summary
build / build-image (linux/amd64, ubuntu-latest, false)	UNKNOWN STEP	2026-10-09T10:01:14.8078900Z ##[endgroup]
build / build-image (linux/amd64, ubuntu-latest, false)	UNKNOWN STEP	2026-10-09T10:01:14.8079726Z ##[group]Removing temp folder /home/runner/work/_temp/docker-actions-toolkit-21dn70
build / build-image (linux/amd64, ubuntu-latest, false)	UNKNOWN STEP	2026-10-09T10:01:14.8080545Z ##[endgroup]
build / build-image (linux/amd64, ubuntu-latest, false)	UNKNOWN STEP	2026-10-09T10:01:14.8087811Z ##[group]Post cache
build / build-image (linux/amd64, ubuntu-latest, false)	UNKNOWN STEP	2026-10-09T10:01:14.8088214Z State not set
build / build-image (linux/amd64, ubuntu-latest, false)	UNKNOWN STEP	2026-10-09T10:01:14.8088771Z ##[endgroup]
build / build-image (linux/amd64, ubuntu-latest, false)	UNKNOWN STEP	2026-10-09T10:01:14.8124473Z ##[end-action id=__01cd523e-6a70-4df9-9a5b-894920fb17e4.__docker_build-push-action;outcome=success;conclusion=success;duration_ms=1453]
build / build-image (linux/amd64, ubuntu-latest, false)	UNKNOWN STEP	2026-10-09T10:01:14.8127689Z ##[start-action display=Login to Amazon ECR;id=__01cd523e-6a70-4df9-9a5b-894920fb17e4.ecr]
build / build-image (linux/amd64, ubuntu-latest, false)	UNKNOWN STEP	2026-10-09T10:01:14.8163061Z Post job cleanup.
build / build-image (linux/amd64, ubuntu-latest, false)	UNKNOWN STEP	2026-10-09T10:01:14.8778207Z Logging out of registry ***.dkr.ecr.us-east-2.amazonaws.com
build / build-image (linux/amd64, ubuntu-latest, false)	UNKNOWN STEP	2026-10-09T10:01:14.9074962Z ##[end-action id=__01cd523e-6a70-4df9-9a5b-894920fb17e4.ecr;outcome=success;conclusion=success;duration_ms=94]
build / build-image (linux/amd64, ubuntu-latest, false)	UNKNOWN STEP	2026-10-09T10:01:14.9078262Z ##[start-action display=Configure AWS credentials;id=__01cd523e-6a70-4df9-9a5b-894920fb17e4.configure-aws-credentials]
build / build-image (linux/amd64, ubuntu-latest, false)	UNKNOWN STEP	2026-10-09T10:01:14.9145574Z Post job cleanup.
build / build-image (linux/amd64, ubuntu-latest, false)	UNKNOWN STEP	2026-10-09T10:01:14.9835930Z ##[end-action id=__01cd523e-6a70-4df9-9a5b-894920fb17e4.configure-aws-credentials;outcome=success;conclusion=success;duration_ms=75]
build / build-image (linux/amd64, ubuntu-latest, false)	UNKNOWN STEP	2026-10-09T10:01:14.9839079Z ##[start-action display=Set up Docker Buildx;id=__01cd523e-6a70-4df9-9a5b-894920fb17e4.__docker_setup-buildx-action]
build / build-image (linux/amd64, ubuntu-latest, false)	UNKNOWN STEP	2026-10-09T10:01:14.9883227Z Post job cleanup.
build / build-image (linux/amd64, ubuntu-latest, false)	UNKNOWN STEP	2026-10-09T10:01:15.1632992Z ##[group]Removing builder
build / build-image (linux/amd64, ubuntu-latest, false)	UNKNOWN STEP	2026-10-09T10:01:15.2734173Z [command]/usr/bin/docker buildx rm builder-c6c201ce-aaea-4299-9419-99eea7445d73
build / build-image (linux/amd64, ubuntu-latest, false)	UNKNOWN STEP	2026-10-09T10:01:17.0480398Z builder-c6c201ce-aaea-4299-9419-99eea7445d73 removed
build / build-image (linux/amd64, ubuntu-latest, false)	UNKNOWN STEP	2026-10-09T10:01:17.0482169Z ##[endgroup]
build / build-image (linux/amd64, ubuntu-latest, false)	UNKNOWN STEP	2026-10-09T10:01:17.0482872Z ##[group]Cleaning up certificates
build / build-image (linux/amd64, ubuntu-latest, false)	UNKNOWN STEP	2026-10-09T10:01:17.0483843Z ##[endgroup]
build / build-image (linux/amd64, ubuntu-latest, false)	UNKNOWN STEP	2026-10-09T10:01:17.0484556Z ##[group]Post cache
build / build-image (linux/amd64, ubuntu-latest, false)	UNKNOWN STEP	2026-10-09T10:01:17.0485163Z State not set
build / build-image (linux/amd64, ubuntu-latest, false)	UNKNOWN STEP	2026-10-09T10:01:17.0485764Z ##[endgroup]
build / build-image (linux/amd64, ubuntu-latest, false)	UNKNOWN STEP	2026-10-09T10:01:17.0561166Z ##[end-action id=__01cd523e-6a70-4df9-9a5b-894920fb17e4.__docker_setup-buildx-action;outcome=success;conclusion=success;duration_ms=2072]
build / build-image (linux/amd64, ubuntu-latest, false)	UNKNOWN STEP	2026-10-09T10:01:17.0563684Z ##[start-action display=Set up QEMU;id=__01cd523e-6a70-4df9-9a5b-894920fb17e4.__docker_setup-qemu-action]
build / build-image (linux/amd64, ubuntu-latest, false)	UNKNOWN STEP	2026-10-09T10:01:17.0586611Z Post job cleanup.
build / build-image (linux/amd64, ubuntu-latest, false)	UNKNOWN STEP	2026-10-09T10:01:17.1437091Z ##[group]Post cache
build / build-image (linux/amd64, ubuntu-latest, false)	UNKNOWN STEP	2026-10-09T10:01:17.1449399Z Caching docker.io--tonistiigi--binfmt-latest-linux-x64 to GitHub Actions cache
build / build-image (linux/amd64, ubuntu-latest, false)	UNKNOWN STEP	2026-10-09T10:01:17.1551445Z [command]/usr/bin/tar --posix -cf cache.tzst --exclude cache.tzst -P -C /home/runner/work/va-mmcx-terminal/va-mmcx-terminal --files-from manifest.txt --use-compress-program zstdmt
build / build-image (linux/amd64, ubuntu-latest, false)	UNKNOWN STEP	2026-10-09T10:01:18.4404336Z Sent 32265058 of 32265058 (100.0%), 35.9 MBs/sec
build / build-image (linux/amd64, ubuntu-latest, false)	UNKNOWN STEP	2026-10-09T10:01:18.6243457Z ##[endgroup]
build / build-image (linux/amd64, ubuntu-latest, false)	UNKNOWN STEP	2026-10-09T10:01:18.6337514Z ##[end-action id=__01cd523e-6a70-4df9-9a5b-894920fb17e4.__docker_setup-qemu-action;outcome=success;conclusion=success;duration_ms=1577]
build / build-image (linux/amd64, ubuntu-latest, false)	UNKNOWN STEP	2026-10-09T10:01:18.6339770Z ##[start-action display=Checkout;id=__01cd523e-6a70-4df9-9a5b-894920fb17e4.__actions_checkout]
build / build-image (linux/amd64, ubuntu-latest, false)	UNKNOWN STEP	2026-10-09T10:01:18.6404739Z Post job cleanup.
build / build-image (linux/amd64, ubuntu-latest, false)	UNKNOWN STEP	2026-10-09T10:01:18.6993219Z [command]/usr/bin/git version
build / build-image (linux/amd64, ubuntu-latest, false)	UNKNOWN STEP	2026-10-09T10:01:18.7031635Z git version 2.55.0
build / build-image (linux/amd64, ubuntu-latest, false)	UNKNOWN STEP	2026-10-09T10:01:18.7048728Z Temporarily overriding HOME='/home/runner/work/_temp/93d85720-13a4-43e8-8b7a-3cebcab2e77a' before making global git config changes
build / build-image (linux/amd64, ubuntu-latest, false)	UNKNOWN STEP	2026-10-09T10:01:18.7050055Z Adding repository directory to the temporary git global config as a safe directory
build / build-image (linux/amd64, ubuntu-latest, false)	UNKNOWN STEP	2026-10-09T10:01:18.7053091Z [command]/usr/bin/git config --global --add safe.directory /home/runner/work/va-mmcx-terminal/va-mmcx-terminal
build / build-image (linux/amd64, ubuntu-latest, false)	UNKNOWN STEP	2026-10-09T10:01:18.7082001Z Removing SSH command configuration
build / build-image (linux/amd64, ubuntu-latest, false)	UNKNOWN STEP	2026-10-09T10:01:18.7083260Z [command]/usr/bin/git config --local --name-only --get-regexp core\.sshCommand
build / build-image (linux/amd64, ubuntu-latest, false)	UNKNOWN STEP	2026-10-09T10:01:18.7112216Z [command]/usr/bin/git submodule foreach --recursive sh -c "git config --local --name-only --get-regexp 'core\.sshCommand' && git config --local --unset-all 'core.sshCommand' || :"
build / build-image (linux/amd64, ubuntu-latest, false)	UNKNOWN STEP	2026-10-09T10:01:18.7290237Z Removing HTTP extra header
build / build-image (linux/amd64, ubuntu-latest, false)	UNKNOWN STEP	2026-10-09T10:01:18.7291128Z [command]/usr/bin/git config --local --name-only --get-regexp http\.https\:\/\/github\.com\/\.extraheader
build / build-image (linux/amd64, ubuntu-latest, false)	UNKNOWN STEP	2026-10-09T10:01:18.7318681Z [command]/usr/bin/git submodule foreach --recursive sh -c "git config --local --name-only --get-regexp 'http\.https\:\/\/github\.com\/\.extraheader' && git config --local --unset-all 'http.https://github.com/.extraheader' || :"
build / build-image (linux/amd64, ubuntu-latest, false)	UNKNOWN STEP	2026-10-09T10:01:18.7496863Z Removing includeIf entries pointing to credentials config files
build / build-image (linux/amd64, ubuntu-latest, false)	UNKNOWN STEP	2026-10-09T10:01:18.7497864Z [command]/usr/bin/git config --local --name-only --get-regexp ^includeIf\.gitdir:
build / build-image (linux/amd64, ubuntu-latest, false)	UNKNOWN STEP	2026-10-09T10:01:18.7513118Z includeif.gitdir:/home/runner/work/va-mmcx-terminal/va-mmcx-terminal/.git.path
build / build-image (linux/amd64, ubuntu-latest, false)	UNKNOWN STEP	2026-10-09T10:01:18.7519015Z includeif.gitdir:/home/runner/work/va-mmcx-terminal/va-mmcx-terminal/.git/worktrees/*.path
build / build-image (linux/amd64, ubuntu-latest, false)	UNKNOWN STEP	2026-10-09T10:01:18.7519725Z includeif.gitdir:/github/workspace/.git.path
build / build-image (linux/amd64, ubuntu-latest, false)	UNKNOWN STEP	2026-10-09T10:01:18.7520141Z includeif.gitdir:/github/workspace/.git/worktrees/*.path
build / build-image (linux/amd64, ubuntu-latest, false)	UNKNOWN STEP	2026-10-09T10:01:18.7527158Z [command]/usr/bin/git config --local --get-all includeif.gitdir:/home/runner/work/va-mmcx-terminal/va-mmcx-terminal/.git.path
build / build-image (linux/amd64, ubuntu-latest, false)	UNKNOWN STEP	2026-10-09T10:01:18.7539524Z /home/runner/work/_temp/git-credentials-77fb38ed-bf09-48b1-9ff5-f5535e85e3d1.config
build / build-image (linux/amd64, ubuntu-latest, false)	UNKNOWN STEP	2026-10-09T10:01:18.7552924Z [command]/usr/bin/git config --local --unset includeif.gitdir:/home/runner/work/va-mmcx-terminal/va-mmcx-terminal/.git.path /home/runner/work/_temp/git-credentials-77fb38ed-bf09-48b1-9ff5-f5535e85e3d1.config
build / build-image (linux/amd64, ubuntu-latest, false)	UNKNOWN STEP	2026-10-09T10:01:18.7575529Z [command]/usr/bin/git config --local --get-all includeif.gitdir:/home/runner/work/va-mmcx-terminal/va-mmcx-terminal/.git/worktrees/*.path
build / build-image (linux/amd64, ubuntu-latest, false)	UNKNOWN STEP	2026-10-09T10:01:18.7593591Z /home/runner/work/_temp/git-credentials-77fb38ed-bf09-48b1-9ff5-f5535e85e3d1.config
build / build-image (linux/amd64, ubuntu-latest, false)	UNKNOWN STEP	2026-10-09T10:01:18.7608971Z [command]/usr/bin/git config --local --unset includeif.gitdir:/home/runner/work/va-mmcx-terminal/va-mmcx-terminal/.git/worktrees/*.path /home/runner/work/_temp/git-credentials-77fb38ed-bf09-48b1-9ff5-f5535e85e3d1.config
build / build-image (linux/amd64, ubuntu-latest, false)	UNKNOWN STEP	2026-10-09T10:01:18.7637512Z [command]/usr/bin/git config --local --get-all includeif.gitdir:/github/workspace/.git.path
build / build-image (linux/amd64, ubuntu-latest, false)	UNKNOWN STEP	2026-10-09T10:01:18.7655209Z /github/runner_temp/git-credentials-77fb38ed-bf09-48b1-9ff5-f5535e85e3d1.config
build / build-image (linux/amd64, ubuntu-latest, false)	UNKNOWN STEP	2026-10-09T10:01:18.7659834Z [command]/usr/bin/git config --local --unset includeif.gitdir:/github/workspace/.git.path /github/runner_temp/git-credentials-77fb38ed-bf09-48b1-9ff5-f5535e85e3d1.config
build / build-image (linux/amd64, ubuntu-latest, false)	UNKNOWN STEP	2026-10-09T10:01:18.7686035Z [command]/usr/bin/git config --local --get-all includeif.gitdir:/github/workspace/.git/worktrees/*.path
build / build-image (linux/amd64, ubuntu-latest, false)	UNKNOWN STEP	2026-10-09T10:01:18.7709227Z /github/runner_temp/git-credentials-77fb38ed-bf09-48b1-9ff5-f5535e85e3d1.config
build / build-image (linux/amd64, ubuntu-latest, false)	UNKNOWN STEP	2026-10-09T10:01:18.7713961Z [command]/usr/bin/git config --local --unset includeif.gitdir:/github/workspace/.git/worktrees/*.path /github/runner_temp/git-credentials-77fb38ed-bf09-48b1-9ff5-f5535e85e3d1.config
build / build-image (linux/amd64, ubuntu-latest, false)	UNKNOWN STEP	2026-10-09T10:01:18.7740996Z [command]/usr/bin/git submodule foreach --recursive git config --local --show-origin --name-only --get-regexp remote.origin.url
build / build-image (linux/amd64, ubuntu-latest, false)	UNKNOWN STEP	2026-10-09T10:01:18.7906188Z Removing credentials config '/home/runner/work/_temp/git-credentials-77fb38ed-bf09-48b1-9ff5-f5535e85e3d1.config'
build / build-image (linux/amd64, ubuntu-latest, false)	UNKNOWN STEP	2026-10-09T10:01:18.7978490Z ##[end-action id=__01cd523e-6a70-4df9-9a5b-894920fb17e4.__actions_checkout;outcome=success;conclusion=success;duration_ms=163]
build / build-image (linux/amd64, ubuntu-latest, false)	UNKNOWN STEP	2026-10-09T10:01:18.8031719Z Post job cleanup.
build / build-image (linux/amd64, ubuntu-latest, false)	UNKNOWN STEP	2026-10-09T10:01:18.8862467Z ##[group]Checking connection to JFrog Artifactory
build / build-image (linux/amd64, ubuntu-latest, false)	UNKNOWN STEP	2026-10-09T10:01:18.8891708Z [command]/opt/hostedtoolcache/jf/2.91.0/x64/jf rt ping
build / build-image (linux/amd64, ubuntu-latest, false)	UNKNOWN STEP	2026-10-09T10:01:19.7298358Z OK
build / build-image (linux/amd64, ubuntu-latest, false)	UNKNOWN STEP	2026-10-09T10:01:19.7317701Z ##[endgroup]
build / build-image (linux/amd64, ubuntu-latest, false)	UNKNOWN STEP	2026-10-09T10:01:19.7319224Z ##[group]Check for unpublished modules
build / build-image (linux/amd64, ubuntu-latest, false)	UNKNOWN STEP	2026-10-09T10:01:19.7333704Z [command]/opt/hostedtoolcache/jf/2.91.0/x64/jf rt build-publish --dry-run
build / build-image (linux/amd64, ubuntu-latest, false)	UNKNOWN STEP	2026-10-09T10:01:19.7521251Z 10:01:19 [Info] [Dry run] Logging Build info preview...
build / build-image (linux/amd64, ubuntu-latest, false)	UNKNOWN STEP	2026-10-09T10:01:19.7522122Z ***
build / build-image (linux/amd64, ubuntu-latest, false)	UNKNOWN STEP	2026-10-09T10:01:19.7522520Z   "name": "Release",
build / build-image (linux/amd64, ubuntu-latest, false)	UNKNOWN STEP	2026-10-09T10:01:19.7522904Z   "number": "85",
build / build-image (linux/amd64, ubuntu-latest, false)	UNKNOWN STEP	2026-10-09T10:01:19.7523940Z   "agent": ***
build / build-image (linux/amd64, ubuntu-latest, false)	UNKNOWN STEP	2026-10-09T10:01:19.7524305Z     "name": "setup-jfrog-cli-github-action",
build / build-image (linux/amd64, ubuntu-latest, false)	UNKNOWN STEP	2026-10-09T10:01:19.7524788Z     "version": "5.1.0"
build / build-image (linux/amd64, ubuntu-latest, false)	UNKNOWN STEP	2026-10-09T10:01:19.7525104Z   ***,
build / build-image (linux/amd64, ubuntu-latest, false)	UNKNOWN STEP	2026-10-09T10:01:19.7525396Z   "buildAgent": ***
build / build-image (linux/amd64, ubuntu-latest, false)	UNKNOWN STEP	2026-10-09T10:01:19.7525703Z     "name": "GENERIC",
build / build-image (linux/amd64, ubuntu-latest, false)	UNKNOWN STEP	2026-10-09T10:01:19.7526052Z     "version": "2.91.0"
build / build-image (linux/amd64, ubuntu-latest, false)	UNKNOWN STEP	2026-10-09T10:01:19.7526364Z   ***,
build / build-image (linux/amd64, ubuntu-latest, false)	UNKNOWN STEP	2026-10-09T10:01:19.7526565Z   "started": "2026-10-09T10:01:19.751+0000",
build / build-image (linux/amd64, ubuntu-latest, false)	UNKNOWN STEP	2026-10-09T10:01:19.7526875Z   "artifactoryPrincipal": "***",
build / build-image (linux/amd64, ubuntu-latest, false)	UNKNOWN STEP	2026-10-09T10:01:19.7527242Z   "url": "https://github.com/consensys-vertical-apps/va-mmcx-terminal/actions/runs/37913592023"
build / build-image (linux/amd64, ubuntu-latest, false)	UNKNOWN STEP	2026-10-09T10:01:19.7527588Z ***
build / build-image (linux/amd64, ubuntu-latest, false)	UNKNOWN STEP	2026-10-09T10:01:20.1064954Z ##[endgroup]
build / build-image (linux/amd64, ubuntu-latest, false)	UNKNOWN STEP	2026-10-09T10:01:20.1066397Z ##[group]Collecting evidence
build / build-image (linux/amd64, ubuntu-latest, false)	UNKNOWN STEP	2026-10-09T10:01:20.1070387Z No attestation paths file found. Skipping evidence creation. Searched for: /home/runner/work/_temp/created_attestation_paths.txt. Error: Error: ENOENT: no such file or directory, access '/home/runner/work/_temp/created_attestation_paths.txt'
build / build-image (linux/amd64, ubuntu-latest, false)	UNKNOWN STEP	2026-10-09T10:01:20.1072431Z ##[endgroup]
build / build-image (linux/amd64, ubuntu-latest, false)	UNKNOWN STEP	2026-10-09T10:01:20.1073319Z ##[group]Generating Job Summary
build / build-image (linux/amd64, ubuntu-latest, false)	UNKNOWN STEP	2026-10-09T10:01:20.1078441Z [command]/opt/hostedtoolcache/jf/2.91.0/x64/jf generate-summary-markdown
build / build-image (linux/amd64, ubuntu-latest, false)	UNKNOWN STEP	2026-10-09T10:01:20.5547925Z No code scanning sarif file was found.
build / build-image (linux/amd64, ubuntu-latest, false)	UNKNOWN STEP	2026-10-09T10:01:20.5569525Z ##[endgroup]
build / build-image (linux/amd64, ubuntu-latest, false)	UNKNOWN STEP	2026-10-09T10:01:20.5570449Z ##[group]Cleanup JFrog CLI servers configuration
build / build-image (linux/amd64, ubuntu-latest, false)	UNKNOWN STEP	2026-10-09T10:01:20.5571398Z The value of custom is: 'undefined'
build / build-image (linux/amd64, ubuntu-latest, false)	UNKNOWN STEP	2026-10-09T10:01:20.5577352Z [command]/opt/hostedtoolcache/jf/2.91.0/x64/jf c rm setup-jfrog-cli-server --quiet
build / build-image (linux/amd64, ubuntu-latest, false)	UNKNOWN STEP	2026-10-09T10:01:20.5705797Z ##[endgroup]
build / build-image (linux/amd64, ubuntu-latest, false)	UNKNOWN STEP	2026-10-09T10:01:20.5834419Z Post job cleanup.
build / build-image (linux/amd64, ubuntu-latest, false)	UNKNOWN STEP	2026-10-09T10:01:20.5871286Z Evaluate and set job outputs
build / build-image (linux/amd64, ubuntu-latest, false)	UNKNOWN STEP	2026-10-09T10:01:20.5874481Z Set output 'artifact_name'
build / build-image (linux/amd64, ubuntu-latest, false)	UNKNOWN STEP	2026-10-09T10:01:20.5875584Z Set output 'artifact_path'
build / build-image (linux/amd64, ubuntu-latest, false)	UNKNOWN STEP	2026-10-09T10:01:20.5876173Z Set output 'upload_name'
build / build-image (linux/amd64, ubuntu-latest, false)	UNKNOWN STEP	2026-10-09T10:01:20.5876455Z Set output 'native_build'
build / build-image (linux/amd64, ubuntu-latest, false)	UNKNOWN STEP	2026-10-09T10:01:20.5876881Z Cleaning up orphan processes
